iter,linear_loss,nonlinear_loss
0,1182.4525387587457,0.10996404199158413
1,293691.9476171292,507959.41519329447
2,1181.7255568455269,0.10848241630156763
3,694.8540251107788,5070.5126783826245
4,691.6703416123185,0.10722894738566678
5,443.9695336273276,50.12522813829544
6,442.6809683136718,0.10620083684464394
7,276.5739728220186,0.551664923581812
8,275.96790685123364,0.1053530445804613
9,172.32228070323458,0.34035097425114635
10,172.04290108122356,0.10465954150844878
11,115.81093959547607,0.10346227913562707
12,142.95727157410707,0.10274607475000194
13,115.16111464271376,0.10206533482457925
14,102.87484742872722,0.09596263528890148
15,102.61829590140741,0.07240985107566594
16,94.51455061364184,0.07271720757213124
17,1505.9966572464684,0.061740010836783446
18,94.42690493722888,0.05482766505684891
19,82.43507909246789,0.04897304655415082
20,76.29411917092229,0.037137184687659364
21,76.23839506261183,0.03100414387379447
22,76.23783839007783,0.024915926627243224
23,76.23783282340935,0.02077307431250586
24,76.23783276774267,0.0159394770431829
25,76.237832767186,0.01300541046134582
26,76.23783276718044,0.008342741903112587
27,76.23783276718038,0.006198005527445774
28,76.23783276718038,0.0067255695997383924
29,70.61817316947297,0.0017911364016958838
30,70.56612749373868,0.0015489830876432918
31,70.56560745207334,0.0013864229222736617
32,70.56560225169822,0.0013086122340144122
33,70.56560219969448,0.0011889475531113606
34,70.56560219917442,0.0010296954146482875
35,70.56560219916922,0.0010035308884011073
36,70.56560219916918,0.0009911220705922002
37,70.56560219916918,0.000986017482270704
38,47570.38292751358,0.0009829624950170321
39,70.37314909905034,0.0009786215849156598
40,380.9829880499341,0.0009709167618327173
41,70.08178195664942,0.0009587663047442039
42,56.920124344525384,0.000937193558380945
43,57.15394479962909,0.0008975886453591482
44,53.40927487350532,0.000856356700400931
45,49.02225726667916,0.0008142435621735713
46,41.838470145540484,0.0007712818832569077
47,49.4861034079183,0.0007224465187718625
48,41.570451443159804,0.0006164341617425537
49,39.450664783195855,0.00039050190693121786
50,25.97624986350669,0.00023347174103572848
51,19.93632571836096,0.00013191303934409503
52,48.22113939628793,7.849626931734162e-05
53,19.811766019826514,6.58710100098596e-05
54,17.7425549466492,6.361784441196345e-05
55,18.15008616243729,6.224913445896061e-05
56,16.64269632620484,5.977328435981891e-05
57,21.508240689979353,5.549131830091516e-05
58,16.432871795801088,4.938590635955271e-05
59,15.491619674303871,4.548733437423013e-05
60,15.890426380803106,4.4553028456638696e-05
61,14.833431662217745,4.436616158589362e-05
62,13.249350296729489,4.4293992988287215e-05
63,12.7345141596495,4.420107478382952e-05
64,12.729568652525625,4.4136931900562996e-05
65,12.729519217739814,4.412019483585059e-05
66,12.729518723393983,4.411283797374691e-05
67,12.729518718450525,4.410221836732122e-05
68,12.729518718401092,4.407863828626798e-05
69,12.729518718400595,4.402482059905654e-05
70,12.729518718400591,4.390658486615602e-05
71,12.729518718400591,4.366754839936897e-05
72,9.544150797148363,4.326002386100295e-05
73,6.567716512798294,4.2751148139123626e-05
74,5.555209650007229,4.2304829349898246e-05
75,4.838254675542259,4.2068712334901085e-05
76,4.827951637523566,4.2007608103220915e-05
77,4.827615946424437,4.197903146587466e-05
78,4.827604770851109,4.193831914508465e-05
79,4.827604398537094,4.184814554554575e-05
80,4.827604386133165,4.165216033797443e-05
81,4.8276043857199165,4.125668702317712e-05
82,4.8276043857061515,4.058226683845016e-05
83,4.827604385705691,3.974235792109383e-05
84,4.827604385705676,3.9196387156535e-05
85,4.827604385705675,3.892412189386837e-05
86,4.827604385705675,3.882191799570283e-05
87,6585.136363538166,3.88132704579162e-05
88,4.795518552623451,3.881171329963074e-05
89,63.197463834688676,3.8810334112995296e-05
90,4.762371005032806,3.880702304151674e-05
91,4.659483649812905,3.8799457673570224e-05
92,4.5162164471360775,3.878279519580899e-05
93,4.6632584032707936,3.874922917718839e-05
94,4.496963138449811,3.868270661574858e-05
95,4.471410744712331,3.856410700537493e-05
96,4.88842828055132,3.8388266289537844e-05
97,4.455090653463586,3.8190647020276846e-05
98,4.4204360898840385,3.796197862625072e-05
99,4.333373286370037,3.7802244458550037e-05
100,4.246040188744015,3.759529011305711e-05
101,4.066720444289517,3.723003300073564e-05
102,3.655440565556008,3.649399785067681e-05
103,3.1304956997107203,3.523137086104761e-05
104,1.551248008269435,3.3195759365335765e-05
105,0.9267772481673341,3.0922722692160164e-05
106,1.9591285898145496,2.9674000698068235e-05
107,0.8907675870493594,2.9331913213231093e-05
108,0.7970497405279814,2.9280892514626815e-05
109,2.099846284129752,2.9274686048474748e-05
110,0.7763308208209198,2.9273332218051963e-05
111,0.7158620670219715,2.927251554141793e-05
112,12.111834301893769,2.9271439550538604e-05
113,0.7080102807938422,2.9269945093706183e-05
114,0.7289157332051581,2.9268309335810542e-05
115,0.6919069626152201,2.926739799402833e-05
116,0.6615720431422266,2.926703533754168e-05
117,0.6414077602231779,2.9266948581927976e-05
118,0.6399866683989179,2.9266931422717448e-05
119,0.6398815234911703,2.9266920364961778e-05
120,0.6398737163972363,2.9266862108360544e-05
121,0.6398731365622818,2.926682762687089e-05
122,0.6398730934969465,2.926681330210923e-05
123,0.6398730902984058,2.9266802455736453e-05
124,0.6398730900608443,2.926673565206837e-05
125,0.6398730900432001,2.926670892888556e-05
126,0.6398730900418896,2.9266695342567204e-05
127,0.6398730900417924,2.9266684569867153e-05
128,0.639873090041785,2.9266614634151437e-05
129,0.6398730900417846,2.926659070519932e-05
130,0.6398730900417845,2.9266577453071204e-05
131,0.6398730900417845,2.9266566701066936e-05
132,18.183560896860293,2.9266495173859064e-05
133,0.5671904585906072,2.926647272228093e-05
134,0.3524986610262086,2.9266459613835134e-05
135,0.3275224859837392,2.9266448847295923e-05
136,0.3247857787516771,2.9266376592678354e-05
137,0.32418062748507515,2.9266354910744644e-05
138,0.32403128491800065,2.926634181716652e-05
139,0.32399350707595836,2.926633100787236e-05
140,0.3239838921884447,2.926625863090938e-05
141,0.3239814413047723,2.9266237239285868e-05
142,0.3239808163161853,2.9266224060207932e-05
143,0.3239806569247291,2.9266213182989918e-05
144,0.323980616273929,2.926614115974368e-05
145,0.3239806059063826,2.9266119694729887e-05
146,0.32398060326224765,2.926610634313472e-05
147,0.32398060258788824,2.9266095373367712e-05
148,0.32398060241589977,2.9266024118937734e-05
149,0.3239806023720359,2.9266002274825863e-05
150,0.3239806023608489,2.9265988668071397e-05
151,0.3239806023579957,2.9265977580169946e-05
152,0.32398060235726805,2.9265907489965283e-05
153,0.32398060235708254,2.9265884984711736e-05
154,0.3239806023570353,2.9265871038743752e-05
155,0.32398060235702303,2.9265859804997326e-05
156,0.3239806023570201,2.9265791281490447e-05
157,0.32398060235701925,2.926576783495542e-05
158,0.3239806023570189,2.9265753460157664e-05
159,0.32398060235701903,2.926574204985099e-05
160,0.29786109423264784,2.9265675521762187e-05
161,0.2604011888841664,2.926565084067391e-05
162,44.976126889969,2.9265635938660115e-05
163,0.2529467493894954,2.926562431713275e-05
164,0.24505200511476133,2.92655602546814e-05
165,0.21948564748925303,2.9265534021285707e-05
166,0.18603993688328502,2.9265518481970023e-05
167,0.14937608193346083,2.926550660974542e-05
168,0.1214616756066577,2.9265445538386226e-05
169,0.0893403243614481,2.926537853836249e-05
170,0.07458942694809434,2.9264920724612203e-05
171,0.06756062115404161,2.9263632858048356e-05
172,0.06304178418452963,2.925661941641171e-05
173,0.060330001238408336,2.9242392182861824e-05
174,0.059209730454799145,2.9208695698843225e-05
175,0.05765500455235385,2.913164015374002e-05
176,0.0559455052331584,2.8956955442367115e-05
177,0.05587122737669994,2.857482950313896e-05
178,0.05529178488504269,2.7799200063609203e-05
179,0.054892202814379225,2.6454361885534934e-05
180,0.054553612504825884,2.4719906387508314e-05
181,0.05335002419083114,2.3316937238245836e-05
182,0.05293184379032428,2.2668575975513896e-05
183,0.052632740268486015,2.248868956009836e-05
184,0.052092072905978094,2.243946591598426e-05
185,0.05115156691259793,2.2382004033785333e-05
186,0.0499037386992516,2.2053067650371135e-05
187,0.04814860547613605,2.1415615404035156e-05
188,0.046267252101542776,1.9982746363500083e-05
189,0.04359311031766018,1.7125625483237296e-05
190,0.04212720535170532,1.2298014998561585e-05
191,0.040649094583949365,6.390653348872605e-06
192,0.03600716370941547,2.0968395342400005e-06
193,0.028671269720058765,3.638329567831363e-07
194,0.018274030338821586,3.6826565560108676e-08
195,0.014194212275557685,6.130880142352433e-09
196,0.012862361405411459,3.6985743196585946e-09
197,0.01251064532468654,3.486904282802383e-09
198,0.012313902341048288,3.4616926204729702e-09
199,0.011613966241422188,3.4569400712107248e-09
200,0.01031659037849804,3.454259576702625e-09
201,0.010409028949705778,3.4521719180679836e-09
202,0.009670725575675602,3.4422961799939123e-09
203,0.008953538896195783,3.4403818983513544e-09
204,0.00863911876974297,3.439591051936401e-09
205,0.008492686899735664,3.4390818575088075e-09
206,0.008319791820148113,3.4386523966501326e-09
207,0.00800411588820931,3.4357161713037904e-09
208,0.007626575940051202,3.4349898253204294e-09
209,0.007376458983057398,3.434532725190552e-09
210,0.007246022470920286,3.4341475644178816e-09
211,0.0072118416894774405,3.4314485673513472e-09
212,0.007189324583587613,3.4307216436067926e-09
213,0.007151509104877806,3.4302659979775057e-09
214,0.007089190372055064,3.42988295254465e-09
215,0.006959611389197434,3.4272062011438256e-09
216,0.006714344669086678,3.4264726133209377e-09
217,0.0063104403277204684,3.426015603712304e-09
218,0.005864599724648148,3.425632869424677e-09
219,0.005424380289305969,3.4229761020380974e-09
220,0.005214317618606084,3.422232290153378e-09
221,0.0051152415455114515,3.4217728080197645e-09
222,0.00510037704558799,3.4213899535971375e-09
223,0.00508956748115824,3.418757220764598e-09
224,0.005071568459988269,3.4180001287991893e-09
225,0.005037868298826858,3.4175372164258967e-09
226,0.005003430110276075,3.4171538984557464e-09
227,0.004973761598287238,3.414549324379173e-09
228,0.004955477058106363,3.4137759717783186e-09
229,0.004933730653472337,3.4133087290173735e-09
230,0.004885248493349084,3.4129246392360832e-09
231,0.004799837295031867,3.4103522136337817e-09
232,0.004667929403359999,3.4095597441054993e-09
233,0.004979588258860724,3.4090872908121085e-09
234,0.0046354070033078395,3.40870213539607e-09
235,0.004510030148874227,3.406165981241014e-09
236,0.0044285626648704075,3.4053514091155097e-09
237,0.0043880610214220295,3.4048728595423247e-09
238,0.004364454869499824,3.40448635415259e-09
239,0.004328751446771119,3.4019906643984355e-09
240,0.004259119063989656,3.401150980672079e-09
241,0.004139693418616509,3.400665420502252e-09
242,0.0039914221754614124,3.400277274764435e-09
243,0.0039075988204544075,3.3978265587241215e-09
244,0.0038860472536972838,3.3969584939855385e-09
245,0.003882396665795531,3.3964649619954647e-09
246,0.0038818557573814146,3.3960748790496754e-09
247,0.003881560242206501,3.3936738722415904e-09
248,0.0038809537251301434,3.3927740272426083e-09
249,0.003879596911901877,3.3922714960773767e-09
250,0.00387645464304265,3.391879158793711e-09
251,0.00386957463664024,3.3895330745051426e-09
252,0.003854146801425915,3.3885976733474298e-09
253,0.003822111098287552,3.3880850333043024e-09
254,0.003763707233532577,3.3876901054831796e-09
255,0.0036831257706431975,3.385404526595487e-09
256,0.0037285401816902685,3.384429566253284e-09
257,0.003662588684888641,3.3839056071753683e-09
258,0.0036067498937194685,3.383507719741017e-09
259,0.0035730145150761955,3.38128887584517e-09
260,0.0035669062360564364,3.380269852197362e-09
261,0.003565560316456322,3.3797332466343523e-09
262,0.0035647773640165555,3.3793320004528557e-09
263,0.0035631572379266844,3.37718664150921e-09
264,0.0035594116555197953,3.3761187218903106e-09
265,0.00355071668766559,3.375568005131996e-09
266,0.003530968971361736,3.3751629552552214e-09
267,0.0034872529666867746,3.3730986719122025e-09
268,0.0033965546647183316,3.3719763782040715e-09
269,0.0032323876392471042,3.3714099294087594e-09
270,0.0030054310953309448,3.3710005894223417e-09
271,0.008886944934392342,3.3690256661060603e-09
272,0.002999741201263287,3.3678430752126896e-09
273,0.0028045086348245573,3.3672590949336647e-09
274,0.0027119044482411506,3.3668449183399754e-09
275,0.0026904597473382938,3.3649687120060028e-09
276,0.002687691068653752,3.3637190816505554e-09
277,0.002687426395172097,3.3631155674233053e-09
278,0.0026873395562479066,3.3626959532686728e-09
279,0.002687057798470679,3.3623290176997092e-09
280,0.0026861713625710975,3.359604716659416e-09
281,0.002684241567939623,3.3589794445168676e-09
282,0.0026801899291776306,3.3585537170544063e-09
283,0.0026730062633503423,3.3581853307254126e-09
284,0.002662932267584796,3.355500358729266e-09
285,0.002654235032072229,3.354850823731768e-09
286,0.002648715512896201,3.3544182301723032e-09
287,0.002647534193183872,3.3540481654663198e-09
288,0.002647352845277193,3.3514063863239688e-09
289,0.0026473335631027307,3.350729824115636e-09
290,0.002647329014759883,3.3502895231474015e-09
291,0.002647323922736396,3.3499175237691552e-09
292,0.002647296659218249,3.3473232930512236e-09
293,0.0026472326167885675,3.346616574923535e-09
294,0.0026470948430184016,3.3461676258184736e-09
295,0.0026467586682970483,3.345793407213621e-09
296,0.0026459872781419602,3.343251562477116e-09
297,0.00264419576424888,3.3425112303292416e-09
298,0.0026399976779327046,3.3420525797001383e-09
299,0.0026302925964572462,3.341675821019615e-09
300,0.0026079604375658224,3.3391918220730136e-09
301,0.0025574516983423025,3.338413958010598e-09
302,0.002447163256589374,3.3379444259897496e-09
303,0.0022247359667158517,3.337564770101781e-09
304,0.001844736907803917,3.3351446862963883e-09
305,0.0013709024276084719,3.3343249548034077e-09
306,0.0010129769407123924,3.333843220026073e-09
307,0.0008706949592635903,3.3334602645586963e-09
308,0.0008418116797027043,3.3311109514340495e-09
309,0.0008381641884124306,3.3302444360432157e-09
310,0.000837902023711574,3.3297490170183296e-09
311,0.000837881598732984,3.32936231315844e-09
312,0.0008378650370490078,3.3270913959496543e-09
313,0.0008377788630253748,3.3261726539016438e-09
314,0.0008375695924034343,3.3256618893626236e-09
315,0.0008369102680403361,3.3252709312531814e-09
316,0.0008355326508544103,3.323087029754588e-09
317,0.0008322435440356756,3.322109882281573e-09
318,0.0008247416145352064,3.3215819096159368e-09
319,0.0008076432541246544,3.3211861330959837e-09
320,0.0007696857973437567,3.3190988370160316e-09
321,0.0006913583394569844,3.318056443011194e-09
322,0.0005428535565115477,3.3175091727528652e-09
323,0.0003304803546260921,3.3171079408975272e-09
324,0.0001396801955314769,3.3151280983376926e-09
325,3.97164420864025e-05,3.314012684649231e-09
326,4.39642061594966e-06,3.313443772494079e-09
327,3.4250573375631264e-07,3.3130363752445725e-09
328,2.101234373188581e-08,3.3111760558358445e-09
329,1.6886940900399757e-09,3.309979016382328e-09
330,7.330257947545941e-10,3.3093858319126547e-09
331,7.188842853075308e-10,3.308971467320936e-09
332,6.873878302865361e-10,3.3086102511270963e-09
333,6.857408856130971e-10,3.305955889186956e-09
334,6.856084975657109e-10,3.305335474281613e-09
335,6.855875637552815e-10,3.3049132462918756e-09
336,6.855825476302802e-10,3.304550016654871e-09
337,6.855811860980152e-10,3.301943798151531e-09
338,6.855808054510279e-10,3.301292851051857e-09
339,6.855806982522042e-10,3.300861752024501e-09
340,,3.3004962019672638e-09
341,,3.2979433406013056e-09
342,,3.297258127523544e-09
343,,3.2968170268421685e-09
344,,3.296448812087928e-09
345,,3.2939551352945503e-09
346,,3.2932314955029986e-09
347,,3.292779122848195e-09
348,,3.292407856349963e-09
349,,3.2899799405934032e-09
350,,3.289213166518898e-09
351,,3.288748095877175e-09
352,,3.2883733443383566e-09
353,,3.2860185384299714e-09
354,,3.285203385163646e-09
355,,3.2847240154002293e-09
356,,3.284345290204529e-09
357,,3.2820718920393877e-09
358,,3.281202421407445e-09
359,,3.280706953759734e-09
360,,3.28032370850619e-09
361,,3.2781409883082693e-09
362,,3.2772105873368528e-09
363,,3.276697001909626e-09
364,,3.276308620180788e-09
365,,3.274227050927245e-09
366,,3.2732282263559245e-09
367,,3.272694253495541e-09
368,,3.272300046276687e-09
369,,3.270331323928098e-09
370,,3.2692557357268916e-09
371,,3.2686988268568113e-09
372,,3.268298016137585e-09
373,,3.266455360634543e-09
374,,3.265293551240732e-09
375,,3.264710842470637e-09
376,,3.2643025586767594e-09
377,,3.2639469087160227e-09
378,,3.2613421712548005e-09
379,,3.260730450636534e-09
380,,3.2603137139310812e-09
381,,3.259955853792583e-09
382,,3.25740216878478e-09
383,,3.2567578124123658e-09
384,,3.256331522072519e-09
385,,3.255971117298599e-09
386,,3.2534741556099704e-09
387,,3.252793114439878e-09
388,,3.2523560345138543e-09
389,,3.25199270764239e-09
390,,3.249558866285907e-09
391,,3.248836564165438e-09
392,,3.2483873058496965e-09
393,,3.248020634434075e-09
394,,3.2456570739883424e-09
395,,3.2448884007500575e-09
396,,3.2444254037118563e-09
397,,3.2440549114882815e-09
398,,3.241769711952607e-09
399,,3.240948888941638e-09
400,,3.2404703995983763e-09
401,,3.2400955530588372e-09
402,,3.2378977567156704e-09
403,,3.2370183333918705e-09
404,,3.236522381541276e-09
405,,3.2361425795356715e-09
406,,3.23404239343474e-09
407,,3.2330970709364838e-09
408,,3.232581442422805e-09
409,,3.2321960116719676e-09
410,,3.2302048537925145e-09
411,,3.2291854897697386e-09
412,,3.2286476966966026e-09
413,,3.2282558779990208e-09
414,,3.2263866431271187e-09
415,,3.2252840172324455e-09
416,,3.2247212636209974e-09
417,,3.2243222073055568e-09
418,,3.222589314048196e-09
419,,3.2213931471240154e-09
420,,3.220802291198512e-09
421,,3.2203950381285068e-09
422,,3.2200435254535943e-09
423,,3.2175134281181775e-09
424,,3.2168909341703575e-09
425,,3.2164744099690438e-09
426,,3.216120428455248e-09
427,,3.213645467487557e-09
428,,3.212987376817133e-09
429,,3.212560373034319e-09
430,,3.2122035539704835e-09
431,,3.2097899806803195e-09
432,,3.209091822669342e-09
433,,3.208652981190565e-09
434,,3.208292911169044e-09
435,,3.205947729768869e-09
436,,3.20520450550122e-09
437,,3.2047523001841834e-09
438,,3.204388513135851e-09
439,,3.202119623613206e-09
440,,3.2013256848544512e-09
441,,3.200858400455666e-09
442,,3.200490374526537e-09
443,,3.19830662450455e-09
444,,3.1974556588976296e-09
445,,3.196971367887102e-09
446,,3.1965985148183276e-09
447,,3.1945098871812113e-09
448,,3.1935947584041896e-09
449,,3.193091293957281e-09
450,,3.192712954714638e-09
451,,3.190730625495816e-09
452,,3.1897433625932272e-09
453,,3.1892182900412626e-09
454,,3.1888337214342134e-09
455,,3.186970306019428e-09
456,,3.18590189124959e-09
457,,3.1853524739021927e-09
458,,3.184960843895519e-09
459,,3.1832304590312755e-09
460,,3.1820708273655287e-09
461,,3.181493989455519e-09
462,,3.181094359232765e-09
463,,3.1807486429034874e-09
464,,3.1782507082245705e-09
465,,3.17764298919841e-09
466,,3.177234306884446e-09
467,,3.1768861810279763e-09
468,,3.174442130384178e-09
469,,3.1737996534438075e-09
470,,3.173380735328253e-09
471,,3.1730298389707378e-09
472,,3.170645793158809e-09
473,,3.16996418141733e-09
474,,3.169533697876837e-09
475,,3.1691796257171465e-09
476,,3.166862445166061e-09
477,,3.1661368023136293e-09
478,,3.16569325841278e-09
479,,3.165335554531274e-09
480,,3.163092974833214e-09
481,,3.1623177707365544e-09
482,,3.16185948626481e-09
483,,3.1614976391825703e-09
484,,3.159338327800187e-09
485,,3.1585073784215367e-09
486,,3.158032465295739e-09
487,,3.157665898935288e-09
488,,3.1555996324514506e-09
489,,3.1547059496956642e-09
490,,3.154212285704076e-09
491,,3.1538403539690844e-09
492,,3.1518780823009698e-09
493,,3.1509138560830083e-09
494,,3.150399056059451e-09
495,,3.1500210313358926e-09
496,,3.1481751097240787e-09
497,,3.1471315093406965e-09
498,,3.1465928921886383e-09
499,,3.1462079589160163e-09
500,,3.1444922202341936e-09
501,,3.1433593820287906e-09
502,,3.142793934489984e-09
503,,3.1424011732498763e-09
504,,3.1420609929492776e-09
505,,3.1395980016338434e-09
506,,3.1390023331988036e-09
507,,3.1386007128430375e-09
508,,3.1382581758855776e-09
509,,3.135847952833414e-09
510,,3.1352182643701424e-09
511,,3.1348066256147586e-09
512,,3.1344613778321857e-09
513,,3.1321099197914367e-09
514,,3.131441923836303e-09
515,,3.13101896322109e-09
516,,3.130670607904344e-09
517,,3.1283846378162894e-09
518,,3.127673535582974e-09
519,,3.127237788537657e-09
520,,3.1268858785711026e-09
521,,3.1246729758063496e-09
522,,3.1239133494945104e-09
523,,3.1234631695522903e-09
524,,3.1231072038212745e-09
525,,3.1209758629349533e-09
526,,3.1201616515221466e-09
527,,3.119695188327591e-09
528,,3.1193346022965425e-09
529,,3.1172944023017676e-09
530,,3.116418759359081e-09
531,,3.1159339332785915e-09
532,,3.1155680938002e-09
533,,3.1136297666267775e-09
534,,3.1126850372160833e-09
535,,3.1121795107473606e-09
536,,3.1118077045476896e-09
537,,3.1099833570584896e-09
538,,3.108960888761525e-09
539,,3.1084320343961766e-09
540,,3.1080534622461307e-09
541,,3.1063566522672807e-09
542,,3.105246777062575e-09
543,,3.1046916418499984e-09
544,,3.1043054027406286e-09
545,,3.1039706063874326e-09
546,,3.1015432187462687e-09
547,,3.100958480022639e-09
548,,3.1005635633622514e-09
549,,3.100226459899853e-09
550,,3.0978507876385e-09
551,,3.097232721584041e-09
552,,3.096827991208167e-09
553,,3.096488233566662e-09
554,,3.094170153561861e-09
555,,3.0935145586316704e-09
556,,3.0930987370992937e-09
557,,3.092755936285839e-09
558,,3.090502038029325e-09
559,,3.0898042106408145e-09
560,,3.089375862378941e-09
561,,3.089029580385121e-09
562,,3.0868472918555333e-09
563,,3.086101922386101e-09
564,,3.0856594338668465e-09
565,,3.0853091791426277e-09
566,,3.0832068264358614e-09
567,,3.0824079742480805e-09
568,,3.0819495318576506e-09
569,,3.0815947514159522e-09
570,,3.0795817223077483e-09
571,,3.0787226776475995e-09
572,,3.0782462428923317e-09
573,,3.0778863161886484e-09
574,,3.075973130205459e-09
575,,3.0750463893950116e-09
576,,3.074549671438473e-09
577,,3.0741838992896477e-09
578,,3.0723824214106677e-09
579,,3.071379505287852e-09
580,,3.0708599286761766e-09
581,,3.0704875278910647e-09
582,,3.0688110475993165e-09
583,,3.0677224790009124e-09
584,,3.067177149439347e-09
585,,3.0667972367202234e-09
586,,3.0664677128955077e-09
587,,3.0640758169550063e-09
588,,3.0635014781607048e-09
589,,3.063113063051839e-09
590,,3.0627812795817783e-09
591,,3.0604400820266473e-09
592,,3.059833083561079e-09
593,,3.059435052186758e-09
594,,3.0591006694622596e-09
595,,3.056815930281317e-09
596,,3.0561721541542405e-09
597,,3.0557632545585336e-09
598,,3.055425890966256e-09
599,,3.0532040691281937e-09
600,,3.052518905029526e-09
601,,3.052097730050077e-09
602,,3.0517569562975668e-09
603,,3.049605332152178e-09
604,,3.04887357603798e-09
605,,3.0484385442016734e-09
606,,3.0480938786232723e-09
607,,3.046020613391023e-09
608,,3.0452364417260914e-09
609,,3.0447857756409844e-09
610,,3.0444366759570017e-09
611,,3.0424509710252345e-09
612,,3.0416078079299145e-09
613,,3.0411395091814165e-09
614,,3.0407853673933567e-09
615,,3.038897533967451e-09
616,,3.0379880239378e-09
617,,3.03749984711806e-09
618,,3.037139977876042e-09
619,,3.0353616454803396e-09
620,,3.034377477878479e-09
621,,3.0338668986567412e-09
622,,3.033500534131886e-09
623,,3.031844729365363e-09
624,,3.0307766142885023e-09
625,,3.030240795945769e-09
626,,3.029867070064607e-09
627,,3.0295427230785793e-09
628,,3.0271859297807885e-09
629,,3.0266216798863314e-09
630,,3.026239622431755e-09
631,,3.0259130623868523e-09
632,,3.0236059758366308e-09
633,,3.023009716707182e-09
634,,3.0226182355709334e-09
635,,3.0222891293175106e-09
636,,3.0200373953723677e-09
637,,3.0194050906724936e-09
638,,3.019002958638691e-09
639,,3.0186709325077375e-09
640,,3.0164808821757635e-09
641,,3.0158080125589595e-09
642,,3.0153938505656433e-09
643,,3.0150584835905487e-09
644,,3.0129372529321775e-09
645,,3.012218717798367e-09
646,,3.0117909756749148e-09
647,,3.011451795666728e-09
648,,3.0094073844769415e-09
649,,3.0086374755501583e-09
650,,3.0081944104433276e-09
651,,3.007850886186613e-09
652,,3.005892313290441e-09
653,,3.0050645849788606e-09
654,,3.0046042387876146e-09
655,,3.0042557738787062e-09
656,,3.002393146665864e-09
657,,3.00150038901547e-09
658,,3.0010205602958164e-09
659,,3.000666483094615e-09
660,,2.9989112007369215e-09
661,,2.9979452677579346e-09
662,,2.997443482527483e-09
663,,2.997083040200607e-09
664,,2.9954478716773927e-09
665,,2.99439965689242e-09
666,,2.993873134359411e-09
667,,2.993505478588931e-09
668,,2.993186219601627e-09
669,,2.9908640432448814e-09
670,,2.9903096545541616e-09
671,,2.989933833725594e-09
672,,2.989612407242562e-09
673,,2.9873389676452537e-09
674,,2.9867532055634353e-09
675,,2.9863681493413514e-09
676,,2.9860442289490577e-09
677,,2.983825059859201e-09
678,,2.9832039680149658e-09
679,,2.9828084736983373e-09
680,,2.9824816928045713e-09
681,,2.980323000489735e-09
682,,2.979662148993014e-09
683,,2.9792548644766425e-09
684,,2.9789248102667372e-09
685,,2.9768335892230115e-09
686,,2.9761279786861947e-09
687,,2.975707384541384e-09
688,,2.97537359460021e-09
689,,2.9733576863497285e-09
690,,2.9726017210351484e-09
691,,2.972166109259038e-09
692,,2.971828062491972e-09
693,,2.9698963072275406e-09
694,,2.9690836695354643e-09
695,,2.96863112029113e-09
696,,2.9682882323472686e-09
697,,2.9664505377857365e-09
698,,2.9655741598489383e-09
699,,2.965102515756709e-09
700,,2.9647541282974523e-09
701,,2.9630216671763108e-09
702,,2.9620735648304126e-09
703,,2.9615804005908474e-09
704,,2.9612257757440606e-09
705,,2.959611064974848e-09
706,,2.958582311757174e-09
707,,2.9580649013912317e-09
708,,2.9577032075227312e-09
709,,2.9573889512458303e-09
710,,2.955100877160487e-09
711,,2.9545561540485753e-09
712,,2.95418645840869e-09
713,,2.9538700791911536e-09
714,,2.9516297918090855e-09
715,,2.951054317964443e-09
716,,2.9506755714885714e-09
717,,2.950356749127506e-09
718,,2.9481696725493993e-09
719,,2.9475595701721773e-09
720,,2.9471705937417778e-09
721,,2.9468489691295895e-09
722,,2.9447211868589387e-09
723,,2.944072113345037e-09
724,,2.9436715816221475e-09
725,,2.9433467503555276e-09
726,,2.941285118112236e-09
727,,2.9405921732242603e-09
728,,2.940178596867404e-09
729,,2.939850105395178e-09
730,,2.93786231000861e-09
731,,2.9371200086763242e-09
732,,2.9366917136059835e-09
733,,2.936359051021308e-09
734,,2.934453757378326e-09
735,,2.9336559070206466e-09
736,,2.933211011493868e-09
737,,2.9328736051767865e-09
738,,2.9310605252318556e-09
739,,2.9302001974983375e-09
740,,2.929736586666854e-09
741,,2.929393791180442e-09
742,,2.9276838764302006e-09
743,,2.9267532459329612e-09
744,,2.926268542170353e-09
745,,2.9259196343798655e-09
746,,2.92432515446728e-09
747,,2.9233154701890745e-09
748,,2.9228070019753144e-09
749,,2.9224511667781638e-09
750,,2.9221418298374636e-09
751,,2.9198873383029766e-09
752,,2.9193520995018595e-09
753,,2.918988422233587e-09
754,,2.9186770061663477e-09
755,,2.9164693700436597e-09
756,,2.915903990464229e-09
757,,2.9155314433226534e-09
758,,2.9152176338286813e-09
759,,2.913062169941868e-09
760,,2.912462848858278e-09
761,,2.9120802756250146e-09
762,,2.911763721038275e-09
763,,2.9096663925356975e-09
764,,2.9090288729242824e-09
765,,2.9086349749257982e-09
766,,2.9083152786920076e-09
767,,2.9062828056628215e-09
768,,2.9056022844630962e-09
769,,2.9051956014127956e-09
770,,2.9048723190204868e-09
771,,2.9029122362655814e-09
772,,2.9021833367485557e-09
773,,2.9017622275880376e-09
774,,2.9014348583706057e-09
775,,2.899555659181723e-09
776,,2.8987723112712886e-09
777,,2.898334932004792e-09
778,,2.898002914423301e-09
779,,2.8962141187140865e-09
780,,2.8953695314279154e-09
781,,2.89491380861483e-09
782,,2.8945765100182452e-09
783,,2.892888852461227e-09
784,,2.8919753550931896e-09
785,,2.891498958364631e-09
786,,2.8911556701105574e-09
787,,2.8895811776999384e-09
788,,2.888590192293576e-09
789,,2.888090502777113e-09
790,,2.887740425577249e-09
791,,2.8874359267688944e-09
792,,2.8852145012834687e-09
793,,2.8846885724491895e-09
794,,2.8843308102459384e-09
795,,2.8840242748472936e-09
796,,2.881848792195694e-09
797,,2.881293320490279e-09
798,,2.8809268651773855e-09
799,,2.880617985552746e-09
800,,2.8784936570191776e-09
801,,2.8779049168538733e-09
802,,2.8775286355962003e-09
803,,2.8772170665650466e-09
804,,2.875149737686437e-09
805,,2.87452355635542e-09
806,,2.8741361757746366e-09
807,,2.87382152882383e-09
808,,2.8718177864753387e-09
809,,2.8711494560017787e-09
810,,2.8707495449209134e-09
811,,2.8704313842966134e-09
812,,2.8684986142688537e-09
813,,2.867782863927535e-09
814,,2.867368813959678e-09
815,,2.867046648932948e-09
816,,2.865193176452157e-09
817,,2.864424056859782e-09
818,,2.863994059858524e-09
819,,2.8636673400557855e-09
820,,2.8619024967784216e-09
821,,2.8610733505706646e-09
822,,2.860625374589185e-09
823,,2.8602934800424965e-09
824,,2.8586277879557356e-09
825,,2.8577310966530003e-09
826,,2.8572628574218754e-09
827,,2.856925093111234e-09
828,,2.8553703418786915e-09
829,,2.854397697017416e-09
830,,2.853906627292957e-09
831,,2.8535622099487797e-09
832,,2.853262469169064e-09
833,,2.8510736005399348e-09
834,,2.8505568121794474e-09
835,,2.8502048632352296e-09
836,,2.8499031278797057e-09
837,,2.847759307135205e-09
838,,2.8472135618853823e-09
839,,2.846853093503043e-09
840,,2.8465490617431485e-09
841,,2.844455397401283e-09
842,,2.8438770434639052e-09
843,,2.843506945019854e-09
844,,2.8432002786105896e-09
845,,2.841162500289576e-09
846,,2.8405474474141297e-09
847,,2.840166470845141e-09
848,,2.8398567890496126e-09
849,,2.837881353486145e-09
850,,2.837224986697384e-09
851,,2.836831729112668e-09
852,,2.8365186046814183e-09
853,,2.834612751628559e-09
854,,2.8339099046280178e-09
855,,2.8335027892655513e-09
856,,2.833185741341749e-09
857,,2.8313576310684837e-09
858,,2.8306024721297566e-09
859,,2.8301797267647296e-09
860,,2.8298582156018823e-09
861,,2.8281169957116862e-09
862,,2.82730299898196e-09
863,,2.826862631755718e-09
864,,2.826536049784487e-09
865,,2.824892033573797e-09
866,,2.8240118295732883e-09
867,,2.8235516014683365e-09
868,,2.823219267450816e-09
869,,2.821684011533185e-09
870,,2.820729357902946e-09
871,,2.820246752540773e-09
872,,2.8199078985410405e-09
873,,2.819612837503032e-09
874,,2.817456023886988e-09
875,,2.816948210357214e-09
876,,2.8166019752704667e-09
877,,2.8163049605452105e-09
878,,2.8141923179142084e-09
879,,2.81365612177261e-09
880,,2.813301537278219e-09
881,,2.8130022732465066e-09
882,,2.810938808576783e-09
883,,2.8103706502965144e-09
884,,2.8100066278823473e-09
885,,2.809704782802877e-09
886,,2.807696112788689e-09
887,,2.8070919829482138e-09
888,,2.8067172990227762e-09
889,,2.8064124997355144e-09
890,,2.804464953320591e-09
891,,2.803820328324943e-09
892,,2.8034336078688327e-09
893,,2.8031254355994822e-09
894,,2.801246109211612e-09
895,,2.8005559248443958e-09
896,,2.800155622366169e-09
897,,2.7998436054506504e-09
898,,2.798040498146832e-09
899,,2.797299038168635e-09
900,,2.796883416303696e-09
901,,2.796567026196743e-09
902,,2.794849104162597e-09
903,,2.7940499718993105e-09
904,,2.793617078148176e-09
905,,2.7932957191158314e-09
906,,2.7916730921200867e-09
907,,2.790809063581097e-09
908,,2.790356703511441e-09
909,,2.790029707530187e-09
910,,2.788513703594465e-09
911,,2.787576699271727e-09
912,,2.7871024060749165e-09
913,,2.786769020810208e-09
914,,2.786478562434365e-09
915,,2.7843533104586264e-09
916,,2.783854309083307e-09
917,,2.783513690363302e-09
918,,2.7832213183299537e-09
919,,2.781139377619151e-09
920,,2.7806125565120236e-09
921,,2.7802637549326927e-09
922,,2.779969179628697e-09
923,,2.777935458209939e-09
924,,2.7773773084839e-09
925,,2.77701925733502e-09
926,,2.7767221535637565e-09
927,,2.7747421567977125e-09
928,,2.7741487485071536e-09
929,,2.7737802481779436e-09
930,,2.773480250344339e-09
931,,2.771560181616724e-09
932,,2.770927080881712e-09
933,,2.7705467835154872e-09
934,,2.7702434808851076e-09
935,,2.768390296800242e-09
936,,2.7677125392481142e-09
937,,2.767318929935672e-09
938,,2.76701186036124e-09
939,,2.765233401337794e-09
940,,2.7645053839724126e-09
941,,2.7640967598933103e-09
942,,2.7637854049297725e-09
943,,2.762090460565098e-09
944,,2.7613059127413332e-09
945,,2.760880359978257e-09
946,,2.760564135851634e-09
947,,2.7589626153267693e-09
948,,2.7581144564219166e-09
949,,2.7576698236483604e-09
950,,2.7573480756796633e-09
951,,2.755851083241619e-09
952,,2.754931393215497e-09
953,,2.7544652626908544e-09
954,,2.7541372533919965e-09
955,,2.7538513219651558e-09
956,,2.75175714652836e-09
957,,2.751266797882735e-09
958,,2.7509316994912213e-09
959,,2.750643893915339e-09
960,,2.748592186727366e-09
961,,2.748074569983236e-09
962,,2.747731452295137e-09
963,,2.747441488333776e-09
964,,2.745437060222022e-09
965,,2.7448887365088852e-09
966,,2.744536553351385e-09
967,,2.744244112539889e-09
968,,2.7422923603484687e-09
969,,2.741709476634489e-09
970,,2.741347052523179e-09
971,,2.7410517763523277e-09
972,,2.739158780670407e-09
973,,2.738536990884881e-09
974,,2.7381630047190663e-09
975,,2.737864490639835e-09
976,,2.7360370703890813e-09
977,,2.7353715084087594e-09
978,,2.734984474973367e-09
979,,2.7346822699778637e-09
980,,2.7329281108077845e-09
981,,2.73221328428866e-09
982,,2.7318115346989673e-09
983,,2.731505130459288e-09
984,,2.7298328477550376e-09
985,,2.7290626103951586e-09
986,,2.7286442683720453e-09
987,,2.7283330927525743e-09
988,,2.7267523996292228e-09
989,,2.725919810786734e-09
990,,2.7254827675311944e-09
991,,2.7251661789324117e-09
992,,2.7236879605242792e-09
993,,2.7227852566366926e-09
994,,2.7223271421833793e-09
995,,2.7220044173213523e-09
996,,2.7217229385222103e-09
997,,2.7196593622531434e-09
998,,2.7191775102975563e-09
999,,2.7188478382769314e-09
1000,,2.718564523662356e-09
1001,,2.716542589270034e-09
1002,,2.7160340100651178e-09
1003,,2.7156964786102026e-09
1004,,2.7154110501309052e-09
1005,,2.7134354733565496e-09
1006,,2.7128967955714026e-09
1007,,2.712550379532577e-09
1008,,2.712262524698378e-09
1009,,2.7103385955197275e-09
1010,,2.7097660427461685e-09
1011,,2.7094095899026033e-09
1012,,2.709118956963264e-09
1013,,2.707252635971217e-09
1014,,2.706641948016023e-09
1015,,2.706274163096111e-09
1016,,2.7059803577922067e-09
1017,,2.704178329005193e-09
1018,,2.7035247359479373e-09
1019,,2.7031441634224488e-09
1020,,2.702846741600492e-09
1021,,2.7011165383745195e-09
1022,,2.7004146567333635e-09
1023,,2.7000196601179904e-09
1024,,2.6997181239094857e-09
1025,,2.6980681916459405e-09
1026,,2.697311996052351e-09
1027,,2.6969007368109983e-09
1028,,2.696594524947768e-09
1029,,2.695034384541084e-09
1030,,2.6942170720551362e-09
1031,,2.6937874829567348e-09
1032,,2.693475966404569e-09
1033,,2.6920162877273723e-09
1034,,2.6911302480010077e-09
1035,,2.690680005799888e-09
1036,,2.69036247603125e-09
1037,,2.690085376789065e-09
1038,,2.6880519303439365e-09
1039,,2.687578421536667e-09
1040,,2.687254083490576e-09
1041,,2.6869751862939683e-09
1042,,2.6849825715672e-09
1043,,2.6844828655313606e-09
1044,,2.6841508249339156e-09
1045,,2.6838698570300712e-09
1046,,2.681922696717245e-09
1047,,2.6813934886140676e-09
1048,,2.681052740747526e-09
1049,,2.68076939575181e-09
1050,,2.6788728753013203e-09
1051,,2.6783104635656204e-09
1052,,2.6779598785835765e-09
1053,,2.6776738120742564e-09
1054,,2.6758337737743105e-09
1055,,2.6752339824477205e-09
1056,,2.6748722911225965e-09
1057,,2.67458311645432e-09
1058,,2.6728061124015272e-09
1059,,2.6721642657814147e-09
1060,,2.6717900409402687e-09
1061,,2.671497322931186e-09
1062,,2.6697907374189873e-09
1063,,2.6691015584453874e-09
1064,,2.668713196444735e-09
1065,,2.6684164466281602e-09
1066,,2.6667885580502652e-09
1067,,2.666046140704439e-09
1068,,2.6656418389742777e-09
1069,,2.6653405075089806e-09
1070,,2.6638006485072496e-09
1071,,2.6629983241384586e-09
1072,,2.662576056429059e-09
1073,,2.6622695268468267e-09
1074,,2.6608281564624164e-09
1075,,2.6599584653151704e-09
1076,,2.6595159542361e-09
1077,,2.659203531734629e-09
1078,,2.6589307401400367e-09
1079,,2.6569269621761186e-09
1080,,2.6564616459021107e-09
1081,,2.6561425510964394e-09
1082,,2.6558679986591527e-09
1083,,2.653904258353228e-09
1084,,2.653413264268818e-09
1085,,2.6530866205579803e-09
1086,,2.6528100399788666e-09
1087,,2.6508908682530844e-09
1088,,2.650370957211966e-09
1089,,2.650035779701531e-09
1090,,2.6497568705375393e-09
1091,,2.6478873505426615e-09
1092,,2.647334893613906e-09
1093,,2.6469900751985893e-09
1094,,2.646708499746762e-09
1095,,2.6448943581885186e-09
1096,,2.6443052624184738e-09
1097,,2.643949558457913e-09
1098,,2.6436649377780593e-09
1099,,2.6419125975919565e-09
1100,,2.641282279379729e-09
1101,,2.640914291344724e-09
1102,,2.6406261984681883e-09
1103,,2.638942897630616e-09
1104,,2.638266184419242e-09
1105,,2.637884340159073e-09
1106,,2.637592296907857e-09
1107,,2.635986150124104e-09
1108,,2.6352572525547244e-09
1109,,2.6348597851003803e-09
1110,,2.6345632521739815e-09
1111,,2.633043407726625e-09
1112,,2.6322557889094958e-09
1113,,2.6318407122868276e-09
1114,,2.631539085377384e-09
1115,,2.6301157953903664e-09
1116,,2.629262142955845e-09
1117,,2.6288272246573543e-09
1118,,2.628519822847949e-09
1119,,2.6272046489906536e-09
1120,,2.6262767022535625e-09
1121,,2.625819433173312e-09
1122,,2.6255054929426098e-09
1123,,2.6252352142746158e-09
1124,,2.6232999067609345e-09
1125,,2.622817469006534e-09
1126,,2.6224961309507927e-09
1127,,2.622223865501424e-09
1128,,2.620332258319068e-09
1129,,2.6198214768625665e-09
1130,,2.619491775131419e-09
1131,,2.619217228853776e-09
1132,,2.6173743041246457e-09
1133,,2.61683162214246e-09
1134,,2.616492471594249e-09
1135,,2.616215313123903e-09
1136,,2.614426684573784e-09
1137,,2.6138480900198887e-09
1138,,2.6134982706066506e-09
1139,,2.613218128605811e-09
1140,,2.611490091948587e-09
1141,,2.6108710915193097e-09
1142,,2.610509232532146e-09
1143,,2.610225688613236e-09
1144,,2.608565338618338e-09
1145,,2.607900862509424e-09
1146,,2.6075254227241687e-09
1147,,2.6072380080231858e-09
1148,,2.6056532993023346e-09
1149,,2.6049376721015806e-09
1150,,2.604546919651444e-09
1151,,2.6042551052945523e-09
1152,,2.602755004685062e-09
1153,,2.601981819687754e-09
1154,,2.601573807589243e-09
1155,,2.6012770015762603e-09
1156,,2.599871558703144e-09
1157,,2.599033647398387e-09
1158,,2.5986061877005245e-09
1159,,2.5983037222153142e-09
1160,,2.5970042701030475e-09
1161,,2.5960935353433362e-09
1162,,2.595644168274186e-09
1163,,2.5953352952417796e-09
1164,,2.595069220366495e-09
1165,,2.593161914799135e-09
1166,,2.5926878784161916e-09
1167,,2.5923717552517316e-09
1168,,2.5921037341281735e-09
1169,,2.5902392774000523e-09
1170,,2.589737459404082e-09
1171,,2.589413139456196e-09
1172,,2.5891428840461155e-09
1173,,2.587326159965775e-09
1174,,2.586793073670823e-09
1175,,2.5864594932431988e-09
1176,,2.5861866787681364e-09
1177,,2.584423189812458e-09
1178,,2.583854902599229e-09
1179,,2.5835108657900583e-09
1180,,2.5832351282874118e-09
1181,,2.5815310456577387e-09
1182,,2.580923153139226e-09
1183,,2.580567316294524e-09
1184,,2.580288245654958e-09
1185,,2.578650523834913e-09
1186,,2.5779980565391744e-09
1187,,2.5776289089101852e-09
1188,,2.577346045243848e-09
1189,,2.5757824816082594e-09
1190,,2.575079876240604e-09
1191,,2.5746957201812057e-09
1192,,2.5744085456147975e-09
1193,,2.572927929585667e-09
1194,,2.5721689060310626e-09
1195,,2.571767833080391e-09
1196,,2.5714757668188237e-09
1197,,2.5700879493266972e-09
1198,,2.5692654810894435e-09
1199,,2.568845346541182e-09
1200,,2.5685477342243152e-09
1201,,2.567263823842671e-09
1202,,2.5663699739049614e-09
1203,,2.5659283667891095e-09
1204,,2.5656244750520353e-09
1205,,2.5653625350728284e-09
1206,,2.5634828075884536e-09
1207,,2.563017020341218e-09
1208,,2.56270602310805e-09
1209,,2.562442176926839e-09
1210,,2.5606044635386808e-09
1211,,2.5601114456489313e-09
1212,,2.559792415211446e-09
1213,,2.5595263803137307e-09
1214,,2.5577354683488455e-09
1215,,2.5572118018704095e-09
1216,,2.5568836954416172e-09
1217,,2.5566151534546184e-09
1218,,2.554876436649381e-09
1219,,2.554318266674985e-09
1220,,2.553979912332671e-09
1221,,2.5537085064311822e-09
1222,,2.552028033925437e-09
1223,,2.5514310433943508e-09
1224,,2.551081123537239e-09
1225,,2.55080645183582e-09
1226,,2.549191040484444e-09
1227,,2.548550358110676e-09
1228,,2.5481873921360796e-09
1229,,2.5479090038491173e-09
1230,,2.5463662967752995e-09
1231,,2.5456764692350366e-09
1232,,2.545298793053529e-09
1233,,2.5450161806389585e-09
1234,,2.543554793269954e-09
1235,,2.542809664766793e-09
1236,,2.5424154077372892e-09
1237,,2.5421280016401064e-09
1238,,2.5407575906104523e-09
1239,,2.539950273278789e-09
1240,,2.539537332956965e-09
1241,,2.5392444918848158e-09
1242,,2.5379759456958036e-09
1243,,2.537098659955245e-09
1244,,2.5366646730287443e-09
1245,,2.5363656780893474e-09
1246,,2.536107805459162e-09
1247,,2.534255239219358e-09
1248,,2.5337975516827043e-09
1249,,2.5334915932441428e-09
1250,,2.533231853659716e-09
1251,,2.531420483163721e-09
1252,,2.5309361048170006e-09
1253,,2.530622273399461e-09
1254,,2.5303603896146784e-09
1255,,2.5285949078578235e-09
1256,,2.528080488473421e-09
1257,,2.5277577618449204e-09
1258,,2.5274934220669774e-09
1259,,2.5257791157226922e-09
1260,,2.5252308766732125e-09
1261,,2.5248981061735013e-09
1262,,2.5246309604547747e-09
1263,,2.5229737592201476e-09
1264,,2.5223874685929944e-09
1265,,2.5220433627673424e-09
1266,,2.5217730171318735e-09
1267,,2.520179603120689e-09
1268,,2.5195504860381167e-09
1269,,2.5191935935783026e-09
1270,,2.5189196062522526e-09
1271,,2.517397471268726e-09
1272,,2.5167201823309196e-09
1273,,2.516348871717637e-09
1274,,2.5160707451318157e-09
1275,,2.514628334576409e-09
1276,,2.5138968393991763e-09
1277,,2.5135092772921234e-09
1278,,2.513226453351602e-09
1279,,2.5118732325150357e-09
1280,,2.5110807797678027e-09
1281,,2.510674905146e-09
1282,,2.5103867551245124e-09
1283,,2.5091333973131232e-09
1284,,2.5082723610237305e-09
1285,,2.5078458574623343e-09
1286,,2.5075516765681485e-09
1287,,2.507297804811275e-09
1288,,2.5054719894764824e-09
1289,,2.505022255380308e-09
1290,,2.5047212501028206e-09
1291,,2.504465549545897e-09
1292,,2.5026801280923224e-09
1293,,2.5022042322092835e-09
1294,,2.5018955110510275e-09
1295,,2.501637710313445e-09
1296,,2.4998972823440664e-09
1297,,2.4993919409055e-09
1298,,2.4990745017630767e-09
1299,,2.498814294909845e-09
1300,,2.4971240430056807e-09
1301,,2.4965855520442927e-09
1302,,2.4962582689930372e-09
1303,,2.495995312893034e-09
1304,,2.4943610496370087e-09
1305,,2.493785260754133e-09
1306,,2.493446867810133e-09
1307,,2.4931807766397583e-09
1308,,2.4916090515048586e-09
1309,,2.4909912843224433e-09
1310,,2.490640358890118e-09
1311,,2.4903706995511447e-09
1312,,2.4888688566736245e-09
1313,,2.4882038712730994e-09
1314,,2.487838814399027e-09
1315,,2.4875650988070736e-09
1316,,2.486141416235834e-09
1317,,2.4854232982039325e-09
1318,,2.485042312297325e-09
1319,,2.4847639935859047e-09
1320,,2.4834277497422585e-09
1321,,2.4826498804986e-09
1322,,2.4822509457010763e-09
1323,,2.481967407594705e-09
1324,,2.480729064386356e-09
1325,,2.4798839691630765e-09
1326,,2.4794648146276224e-09
1327,,2.4791753663418247e-09
1328,,2.478925430238274e-09
1329,,2.4771259625873e-09
1330,,2.4766840380231024e-09
1331,,2.4763879015957626e-09
1332,,2.4761361743692464e-09
1333,,2.474376313956962e-09
1334,,2.473908746527754e-09
1335,,2.473605048092901e-09
1336,,2.473351263371741e-09
1337,,2.471635519647572e-09
1338,,2.4711390897777987e-09
1339,,2.4708268472226407e-09
1340,,2.470570705423449e-09
1341,,2.468904157856874e-09
1342,,2.4683752354069667e-09
1343,,2.468053344807835e-09
1344,,2.4677945096646377e-09
1345,,2.4661828558010635e-09
1346,,2.465617374183651e-09
1347,,2.4652845949071972e-09
1348,,2.465022687918377e-09
1349,,2.463472348083483e-09
1350,,2.462865719662348e-09
1351,,2.4625206570037636e-09
1352,,2.462255253458615e-09
1353,,2.4607734266215443e-09
1354,,2.460120514880843e-09
1355,,2.459761601378553e-09
1356,,2.4594922233531116e-09
1357,,2.4580870235878038e-09
1358,,2.4573820310872232e-09
1359,,2.457007504874706e-09
1360,,2.4567336161481136e-09
1361,,2.4554141386204945e-09
1362,,2.454650577566965e-09
1363,,2.454258458561517e-09
1364,,2.4539794550393225e-09
1365,,2.452755954874853e-09
1366,,2.451926498267293e-09
1367,,2.4515145606157437e-09
1368,,2.451229765113758e-09
1369,,2.4509837005504086e-09
1370,,2.4492101836180533e-09
1371,,2.4487759277179197e-09
1372,,2.4484845775721876e-09
1373,,2.448236758680192e-09
1374,,2.4465020782247095e-09
1375,,2.4460426875359267e-09
1376,,2.4457439262251383e-09
1377,,2.445494091987453e-09
1378,,2.4438026679892686e-09
1379,,2.4433149870515164e-09
1380,,2.4430078519371432e-09
1381,,2.4427557084232338e-09
1382,,2.4411125200436202e-09
1383,,2.4405929901844733e-09
1384,,2.4402763990843415e-09
1385,,2.440021616771848e-09
1386,,2.43843224935746e-09
1387,,2.437876884419474e-09
1388,,2.4375496211372357e-09
1389,,2.4372918290707383e-09
1390,,2.4357625755082742e-09
1391,,2.435166878655988e-09
1392,,2.4348275761484294e-09
1393,,2.4345663582188573e-09
1394,,2.433104275159586e-09
1395,,2.432463211326301e-09
1396,,2.4321103331917333e-09
1397,,2.4318452205728013e-09
1398,,2.4304582618334065e-09
1399,,2.4297661481250826e-09
1400,,2.429397967487453e-09
1401,,2.4291284344910106e-09
1402,,2.427825515738362e-09
1403,,2.4270759924796745e-09
1404,,2.426690568071184e-09
1405,,2.426416022862327e-09
1406,,2.425207195842216e-09
1407,,2.424393081460964e-09
1408,,2.4239882314512336e-09
1409,,2.4237080100725526e-09
1410,,2.4234657541672243e-09
1411,,2.4217177975993878e-09
1412,,2.4212910716408695e-09
1413,,2.4210044266408794e-09
1414,,2.4207604523609624e-09
1415,,2.41905057648435e-09
1416,,2.418599214244855e-09
1417,,2.4183053059117013e-09
1418,,2.418059357388257e-09
1419,,2.4163918948814675e-09
1420,,2.4159128029087246e-09
1421,,2.4156106875420453e-09
1422,,2.415362476780921e-09
1423,,2.413742308402164e-09
1424,,2.4132319986388674e-09
1425,,2.4129206154905586e-09
1426,,2.412669819512862e-09
1427,,2.4111024199895954e-09
1428,,2.410556984745562e-09
1429,,2.4102351418614645e-09
1430,,2.4099813967843333e-09
1431,,2.40847293490505e-09
1432,,2.407887966314537e-09
1433,,2.407554323509263e-09
1434,,2.4072972218101654e-09
1435,,2.405854614581216e-09
1436,,2.4052251770223686e-09
1437,,2.4048782283579475e-09
1438,,2.4046173101958562e-09
1439,,2.40324835403133e-09
1440,,2.4025688773055256e-09
1441,,2.402206929733021e-09
1442,,2.4019416800539443e-09
1443,,2.4006551146125123e-09
1444,,2.3999193643901963e-09
1445,,2.399540515462884e-09
1446,,2.3992703538411474e-09
1447,,2.3980760320366543e-09
1448,,2.3972769688396163e-09
1449,,2.396879079597229e-09
1450,,2.396603355267715e-09
1451,,2.3963648461050523e-09
1452,,2.3946420656026713e-09
1453,,2.394222734241758e-09
1454,,2.3939407145462704e-09
1455,,2.393700522130546e-09
1456,,2.3920150816398097e-09
1457,,2.391571602162832e-09
1458,,2.3912824639926708e-09
1459,,2.3910403377851262e-09
1460,,2.3893964842254467e-09
1461,,2.388925824464801e-09
1462,,2.388628642822521e-09
1463,,2.3883843004271036e-09
1464,,2.3867868179527942e-09
1465,,2.386285558595354e-09
1466,,2.3859792938309915e-09
1467,,2.3857324186392794e-09
1468,,2.384186673757954e-09
1469,,2.3836509847347503e-09
1470,,2.383334468177143e-09
1471,,2.3830847036380254e-09
1472,,2.381596743154473e-09
1473,,2.3810223035172667e-09
1474,,2.3806942215908294e-09
1475,,2.3804411677479786e-09
1476,,2.3790177722794013e-09
1477,,2.378399744060158e-09
1478,,2.3780586206691403e-09
1479,,2.3778018272350742e-09
1480,,2.3764506387317923e-09
1481,,2.3757835616257714e-09
1482,,2.375427737086667e-09
1483,,2.3751666991619994e-09
1484,,2.3738962846396844e-09
1485,,2.3731740476279736e-09
1486,,2.3728016571760433e-09
1487,,2.3725358055773725e-09
1488,,2.3713558231844385e-09
1489,,2.3705715260302775e-09
1490,,2.370180472858924e-09
1491,,2.3699091698659475e-09
1492,,2.369674346589397e-09
1493,,2.3679763643765082e-09
1494,,2.3675642941310524e-09
1495,,2.3672868215608736e-09
1496,,2.3670503497026146e-09
1497,,2.3653889809549033e-09
1498,,2.3649532413744745e-09
1499,,2.3646687923662796e-09
1500,,2.36443042603907e-09
1501,,2.3628098342156064e-09
1502,,2.3623474526040678e-09
1503,,2.3620551204961717e-09
1504,,2.3618145832727863e-09
1505,,2.360239457608211e-09
1506,,2.359747082745501e-09
1507,,2.359445848319696e-09
1508,,2.359202829429068e-09
1509,,2.35767843053124e-09
1510,,2.3571523076519656e-09
1511,,2.3568410254029915e-09
1512,,2.3565951756821796e-09
1513,,2.355127430792833e-09
1514,,2.354563324619254e-09
1515,,2.3542407067572444e-09
1516,,2.3539916341816868e-09
1517,,2.3525871898643032e-09
1518,,2.351980357835403e-09
1519,,2.351644957431614e-09
1520,,2.3513922204392317e-09
1521,,2.350058567694488e-09
1522,,2.3494036576337286e-09
1523,,2.3490538480652976e-09
1524,,2.3487969515458023e-09
1525,,2.347542488051792e-09
1526,,2.346833509605693e-09
1527,,2.34646746268142e-09
1528,,2.3462058491415712e-09
1529,,2.3450400419555503e-09
1530,,2.3442702312845757e-09
1531,,2.343885891838043e-09
1532,,2.3436189359137435e-09
1533,,2.343387738754478e-09
1534,,2.3417141828093715e-09
1535,,2.3413092430752714e-09
1536,,2.341036240842214e-09
1537,,2.34080342885562e-09
1538,,2.3391657746239275e-09
1539,,2.338737634577484e-09
1540,,2.3384577950830973e-09
1541,,2.338223127390459e-09
1542,,2.3366254555186784e-09
1543,,2.3361712015183415e-09
1544,,2.335883635850458e-09
1545,,2.335646841495508e-09
1546,,2.334093748947363e-09
1547,,2.333610095525537e-09
1548,,2.333313804721381e-09
1549,,2.3330745791053126e-09
1550,,2.3315712225192424e-09
1551,,2.3310544893174574e-09
1552,,2.3307483505946257e-09
1553,,2.3305063511851506e-09
1554,,2.329058540422677e-09
1555,,2.328504575899779e-09
1556,,2.3281873269948014e-09
1557,,2.3279421698330035e-09
1558,,2.3265564201500494e-09
1559,,2.32596057546944e-09
1560,,2.3256307978612288e-09
1561,,2.325382050023205e-09
1562,,2.3240657042468244e-09
1563,,2.323422733098756e-09
1564,,2.3230788324130055e-09
1565,,2.322826008514824e-09
1566,,2.321587298556476e-09
1567,,2.3208913287517912e-09
1568,,2.3205315128257358e-09
1569,,2.320274066304739e-09
1570,,2.3191222721158293e-09
1571,,2.3183666735511265e-09
1572,,2.3179889280253823e-09
1573,,2.317726245989679e-09
1574,,2.3174986162355146e-09
1575,,2.3158491210096887e-09
1576,,2.315451183473084e-09
1577,,2.3151825757899577e-09
1578,,2.3149533643904475e-09
1579,,2.3133390726475636e-09
1580,,2.3129183946341185e-09
1581,,2.31264308620747e-09
1582,,2.312412057063354e-09
1583,,2.310836969171451e-09
1584,,2.3103906944189977e-09
1585,,2.3101078137165092e-09
1586,,2.309874701216466e-09
1587,,2.3083433231539857e-09
1588,,2.3078682312608834e-09
1589,,2.3075767990892483e-09
1590,,2.3073413047117796e-09
1591,,2.305858691059136e-09
1592,,2.30535117445318e-09
1593,,2.3050500902531878e-09
1594,,2.304811878287671e-09
1595,,2.303383724107443e-09
1596,,2.3028397132523315e-09
1597,,2.302527739721727e-09
1598,,2.3022864333900983e-09
1599,,2.30091912548518e-09
1600,,2.3003340631411133e-09
1601,,2.300009809956426e-09
1602,,2.299764985198097e-09
1603,,2.2984657209114167e-09
1604,,2.297834464812222e-09
1605,,2.2974963686881484e-09
1606,,2.2972475497608825e-09
1607,,2.296024398595657e-09
1608,,2.2953411924749006e-09
1609,,2.2949874969691294e-09
1610,,2.2947341479225025e-09
1611,,2.293596206137733e-09
1612,,2.2928545509531823e-09
1613,,2.292483281612896e-09
1614,,2.2922248016920704e-09
1615,,2.292000681534003e-09
1616,,2.2903748869039605e-09
1617,,2.2899838256537026e-09
1618,,2.2897195386167466e-09
1619,,2.289493869346586e-09
1620,,2.2879025940609217e-09
1621,,2.287489242757572e-09
1622,,2.287218388651501e-09
1623,,2.2869909388842647e-09
1624,,2.2854381040261272e-09
1625,,2.2849996633068902e-09
1626,,2.284721387727471e-09
1627,,2.2844918969279956e-09
1628,,2.282981919436069e-09
1629,,2.282515232255931e-09
1630,,2.2822285755249833e-09
1631,,2.2819967512079914e-09
1632,,2.280534585885129e-09
1633,,2.2800361158682907e-09
1634,,2.2797399990862337e-09
1635,,2.2795055120462825e-09
1636,,2.2780967414197767e-09
1637,,2.277562499592028e-09
1638,,2.277255709814134e-09
1639,,2.2770181909553155e-09
1640,,2.275669075333817e-09
1641,,2.2750945944949506e-09
1642,,2.274775769056444e-09
1643,,2.274534802454102e-09
1644,,2.273252397351409e-09
1645,,2.2726326366892634e-09
1646,,2.272300243180536e-09
1647,,2.2720553626490295e-09
1648,,2.270847577795119e-09
1649,,2.2701768949871353e-09
1650,,2.2698292113515426e-09
1651,,2.26957989157897e-09
1652,,2.2684556436155174e-09
1653,,2.2677276680440543e-09
1654,,2.2673627590242638e-09
1655,,2.2671084109479417e-09
1656,,2.2668877436658147e-09
1657,,2.26528529567402e-09
1658,,2.2649009871256263e-09
1659,,2.2646409478256326e-09
1660,,2.264418763260456e-09
1661,,2.2628501636684933e-09
1662,,2.2624440070332234e-09
1663,,2.2621775315507127e-09
1664,,2.2619536028871804e-09
1665,,2.260422695306859e-09
1666,,2.2599919459079218e-09
1667,,2.2597181971975613e-09
1668,,2.259492269084968e-09
1669,,2.258003383143465e-09
1670,,2.2575449468737486e-09
1671,,2.2572629836901526e-09
1672,,2.2570347693012615e-09
1673,,2.2555927621206383e-09
1674,,2.255103172237367e-09
1675,,2.254811937107966e-09
1676,,2.254581113971809e-09
1677,,2.253191457453065e-09
1678,,2.2526668037632516e-09
1679,,2.252365107890705e-09
1680,,2.252131313976269e-09
1681,,2.2508001451953055e-09
1682,,2.250236048796722e-09
1683,,2.249922556099429e-09
1684,,2.249685383964268e-09
1685,,2.248419618431847e-09
1686,,2.2478111383167553e-09
1687,,2.2474843468856815e-09
1688,,2.247243339243546e-09
1689,,2.246050730921373e-09
1690,,2.245392335703159e-09
1691,,2.2450505576625706e-09
1692,,2.244805199713582e-09
1693,,2.243694488869436e-09
1694,,2.2429799342675533e-09
1695,,2.242621272214835e-09
1696,,2.242370986732879e-09
1697,,2.2421537166330968e-09
1698,,2.240574266575603e-09
1699,,2.240196589550632e-09
1700,,2.2399407264857953e-09
1701,,2.239721970312763e-09
1702,,2.2381757110119822e-09
1703,,2.2377766188271637e-09
1704,,2.237514447895487e-09
1705,,2.237293983346082e-09
1706,,2.2357846824714954e-09
1707,,2.235361484766966e-09
1708,,2.2350921854577937e-09
1709,,2.234869762137378e-09
1710,,2.2334016637630983e-09
1711,,2.2329513273104964e-09
1712,,2.232673977135481e-09
1713,,2.2324493139306495e-09
1714,,2.231027179184519e-09
1715,,2.23054630584193e-09
1716,,2.230259868081092e-09
1717,,2.2300326488864234e-09
1718,,2.228661841432118e-09
1719,,2.2281465982776302e-09
1720,,2.2278499079271285e-09
1721,,2.2276197778553226e-09
1722,,2.226306313627088e-09
1723,,2.225752408290651e-09
1724,,2.2254441551132676e-09
1725,,2.225210714790599e-09
1726,,2.2239613727052366e-09
1727,,2.2233639617102992e-09
1728,,2.2230426739319603e-09
1729,,2.2228054750391363e-09
1730,,2.2216278557506784e-09
1731,,2.220981517068759e-09
1732,,2.220645540114813e-09
1733,,2.2204040782229004e-09
1734,,2.2193067489555865e-09
1735,,2.218605361844191e-09
1736,,2.218252835550832e-09
1737,,2.218006544596428e-09
1738,,2.2177926167885914e-09
1739,,2.216235821883411e-09
1740,,2.2158646574700883e-09
1741,,2.2156129004106154e-09
1742,,2.2153975171855835e-09
1743,,2.2138732681867587e-09
1744,,2.2134811127834697e-09
1745,,2.2132231737028577e-09
1746,,2.2130061171265703e-09
1747,,2.2115181073121406e-09
1748,,2.211102323999351e-09
1749,,2.210837398422787e-09
1750,,2.2106184229998164e-09
1751,,2.209170812463129e-09
1752,,2.2087284278708742e-09
1753,,2.208455611854179e-09
1754,,2.2082344420179558e-09
1755,,2.206831897958083e-09
1756,,2.2063595808840112e-09
1757,,2.2060778578990455e-09
1758,,2.2058541837506232e-09
1759,,2.2045019641378242e-09
1760,,2.2039959574443664e-09
1761,,2.203704185477158e-09
1762,,2.2034776592001596e-09
1763,,2.202181660759232e-09
1764,,2.201637756884041e-09
1765,,2.201334652017326e-09
1766,,2.2011048820013246e-09
1767,,2.1998717495900562e-09
1768,,2.1992852008751706e-09
1769,,2.1989693199179265e-09
1770,,2.198735866953819e-09
1771,,2.1975730515086116e-09
1772,,2.1969385427393626e-09
1773,,2.1966082639505026e-09
1774,,2.1963706331941993e-09
1775,,2.195286532597031e-09
1776,,2.194598064101318e-09
1777,,2.194251564217547e-09
1778,,2.1940092011388206e-09
1779,,2.1937985616794966e-09
1780,,2.192264084697747e-09
1781,,2.1918993160344086e-09
1782,,2.1916515958290126e-09
1783,,2.1914395311579484e-09
1784,,2.189936967652775e-09
1785,,2.1895516240852005e-09
1786,,2.1892978452549053e-09
1787,,2.1890841414085086e-09
1788,,2.187617112109867e-09
1789,,2.1872086083538826e-09
1790,,2.186947982321421e-09
1791,,2.186732398598619e-09
1792,,2.1853049812957244e-09
1793,,2.184870403134478e-09
1794,,2.184602043748042e-09
1795,,2.184384310160995e-09
1796,,2.1830010798656082e-09
1797,,2.1825371616220486e-09
1798,,2.1822600725410244e-09
1799,,2.1820398853872064e-09
1800,,2.180705995833648e-09
1801,,2.1802090549120143e-09
1802,,2.179922116416858e-09
1803,,2.179699134621151e-09
1804,,2.178420366515594e-09
1805,,2.177886278130558e-09
1806,,2.177588231775869e-09
1807,,2.1773620715823505e-09
1808,,2.1761449386446277e-09
1809,,2.1755690488989203e-09
1810,,2.1752584801836697e-09
1811,,2.1750287108126573e-09
1812,,2.1738805163578574e-09
1813,,2.1732576152707137e-09
1814,,2.172932934210601e-09
1815,,2.1726990708811123e-09
1816,,2.171628046983704e-09
1817,,2.1709522533838546e-09
1818,,2.1706116728037316e-09
1819,,2.170373171825314e-09
1820,,2.170165768005878e-09
1821,,2.1686532764492314e-09
1822,,2.1682947892761274e-09
1823,,2.1680510383114426e-09
1824,,2.167842238530502e-09
1825,,2.166361040827366e-09
1826,,2.1659823861952394e-09
1827,,2.165732697481685e-09
1828,,2.1655222920389835e-09
1829,,2.1640759373928842e-09
1830,,2.1636745811841665e-09
1831,,2.1634181818146024e-09
1832,,2.1632059348113803e-09
1833,,2.161798420414515e-09
1834,,2.1613715060678963e-09
1835,,2.161107527049744e-09
1836,,2.1608931739527924e-09
1837,,2.1595289842384138e-09
1838,,2.159073310639588e-09
1839,,2.1588007755256194e-09
1840,,2.1585840184351128e-09
1841,,2.157268205658397e-09
1842,,2.156780162729098e-09
1843,,2.1564979741048573e-09
1844,,2.156278478832051e-09
1845,,2.1550167092555386e-09
1846,,2.154492253785493e-09
1847,,2.1541991779266084e-09
1848,,2.1539765680395884e-09
1849,,2.1527752265385582e-09
1850,,2.152209796843996e-09
1851,,2.1519044469368937e-09
1852,,2.1516783005663805e-09
1853,,2.1505445466337456e-09
1854,,2.1499330351722213e-09
1855,,2.149613852886813e-09
1856,,2.1493836946146057e-09
1857,,2.148325597456095e-09
1858,,2.1476622394086792e-09
1859,,2.1473274729361863e-09
1860,,2.147092769599381e-09
1861,,2.14688854948832e-09
1862,,2.145397716666234e-09
1863,,2.1450453984713925e-09
1864,,2.1448055499970527e-09
1865,,2.144599962554023e-09
1866,,2.1431398160750343e-09
1867,,2.1427677299200377e-09
1868,,2.1425220623469383e-09
1869,,2.1423149019230842e-09
1870,,2.1408889208715764e-09
1871,,2.140494582788467e-09
1872,,2.140242337977116e-09
1873,,2.140033373839889e-09
1874,,2.1386454763182356e-09
1875,,2.138226085932368e-09
1876,,2.13796641266046e-09
1877,,2.1377553849278606e-09
1878,,2.136409967174604e-09
1879,,2.1359623866737904e-09
1880,,2.135694327391105e-09
1881,,2.135480944510654e-09
1882,,2.1341829584365783e-09
1883,,2.133703649298258e-09
1884,,2.1334261281427554e-09
1885,,2.133210062243325e-09
1886,,2.13196506256761e-09
1887,,2.1314500612192952e-09
1888,,2.131161869057521e-09
1889,,2.1309427513282983e-09
1890,,2.129756996678685e-09
1891,,2.1292018314249234e-09
1892,,2.1289016089866553e-09
1893,,2.1286790257235624e-09
1894,,2.127559533992981e-09
1895,,2.1269591984546707e-09
1896,,2.1266454179831374e-09
1897,,2.1264189032415594e-09
1898,,2.1253735843836994e-09
1899,,2.1247224274454098e-09
1900,,2.1243933717936657e-09
1901,,2.124162402848261e-09
1902,,2.123961315162547e-09
1903,,2.122491819661107e-09
1904,,2.1221455599267116e-09
1905,,2.121909548708274e-09
1906,,2.1217071217996862e-09
1907,,2.120267716984016e-09
1908,,2.1199020810575635e-09
1909,,2.1196603666213732e-09
1910,,2.1194563991108897e-09
1911,,2.1180504952430505e-09
1912,,2.11766304792799e-09
1913,,2.1174148876410717e-09
1914,,2.11720915305167e-09
1915,,2.115840590967296e-09
1916,,2.115428587323475e-09
1917,,2.1151731461878484e-09
1918,,2.114965389888371e-09
1919,,2.113638479096523e-09
1920,,2.1131988433345225e-09
1921,,2.112935182970197e-09
1922,,2.1127251191783116e-09
1923,,2.1114447135225168e-09
1924,,2.1109739769639764e-09
1925,,2.1107010429139007e-09
1926,,2.1104883503635663e-09
1927,,2.109259894980271e-09
1928,,2.1087541721159267e-09
1929,,2.1084707788676402e-09
1930,,2.108255095977171e-09
1931,,2.1070847259439094e-09
1932,,2.106539633603468e-09
1933,,2.1062444488227203e-09
1934,,2.1060253699037136e-09
1935,,2.1049199645275177e-09
1936,,2.1043305951162476e-09
1937,,2.1040221212469147e-09
1938,,2.103799189502447e-09
1939,,2.1027665025063315e-09
1940,,2.102127316763091e-09
1941,,2.1018038704681925e-09
1942,,2.1015765737042437e-09
1943,,2.101378568115205e-09
1944,,2.0999300933254575e-09
1945,,2.099589783878606e-09
1946,,2.0993575457137723e-09
1947,,2.099158228488434e-09
1948,,2.0977392605046714e-09
1949,,2.0973799586724656e-09
1950,,2.0971421308879067e-09
1951,,2.0969413047286685e-09
1952,,2.0955551863321794e-09
1953,,2.0951745051932385e-09
1954,,2.0949303598675207e-09
1955,,2.0947278026867298e-09
1956,,2.0933782988562035e-09
1957,,2.0929735474731663e-09
1958,,2.0927222663721035e-09
1959,,2.0925177286475255e-09
1960,,2.0912090637402893e-09
1961,,2.090777226831542e-09
1962,,2.09051789005432e-09
1963,,2.0903110914638848e-09
1964,,2.0890480236805863e-09
1965,,2.088585701463313e-09
1966,,2.0883172751414744e-09
1967,,2.0881079007727826e-09
1968,,2.0868957674903848e-09
1969,,2.086399150995315e-09
1970,,2.08612047327385e-09
1971,,2.085908168758067e-09
1972,,2.0847529839501947e-09
1973,,2.0842177767576527e-09
1974,,2.0839275414513753e-09
1975,,2.0837119091527243e-09
1976,,2.0826204162736024e-09
1977,,2.0820418074126245e-09
1978,,2.081738546501127e-09
1979,,2.0815191387353425e-09
1980,,2.080498938262278e-09
1981,,2.0798714980246747e-09
1982,,2.079553561601156e-09
1983,,2.079329876052953e-09
1984,,2.0791349031306697e-09
1985,,2.0777071377360413e-09
1986,,2.077372672435774e-09
1987,,2.077144143892796e-09
1988,,2.076947886511864e-09
1989,,2.0755490552889466e-09
1990,,2.0751959737075187e-09
1991,,2.0749619673111348e-09
1992,,2.07476423194024e-09
1993,,2.0733976117859952e-09
1994,,2.073023573990295e-09
1995,,2.0727833760481634e-09
1996,,2.072583944835298e-09
1997,,2.0712532263673126e-09
1998,,2.0708555950437805e-09
1999,,2.070608403090215e-09
2000,,2.0704070318181636e-09
2001,,2.069116355810589e-09
2002,,2.0686921749678434e-09
2003,,2.0684370877382024e-09
2004,,2.068233501139982e-09
2005,,2.0669875320607196e-09
2006,,2.0665334689593363e-09
2007,,2.066269472715813e-09
2008,,2.066063362356423e-09
2009,,2.064867332151089e-09
2010,,2.064379653345092e-09
2011,,2.0641056091086677e-09
2012,,2.063896627633351e-09
2013,,2.062756431305279e-09
2014,,2.0622309248739978e-09
2015,,2.061945552552865e-09
2016,,2.0617333100702365e-09
2017,,2.0606555582491067e-09
2018,,2.0600875081562867e-09
2019,,2.0597893686628347e-09
2020,,2.0595734263016746e-09
2021,,2.0585655690958223e-09
2022,,2.0579496530913714e-09
2023,,2.057637128920171e-09
2024,,2.0574169944236632e-09
2025,,2.0572250058404547e-09
2026,,2.0558176430456896e-09
2027,,2.055488917482375e-09
2028,,2.0552640368520277e-09
2029,,2.0550707902725796e-09
2030,,2.053691800324505e-09
2031,,2.0533448272364707e-09
2032,,2.053114577931696e-09
2033,,2.052919883609635e-09
2034,,2.051572478938161e-09
2035,,2.0512049645902455e-09
2036,,2.0509686469862638e-09
2037,,2.0507722914194204e-09
2038,,2.049460089521255e-09
2039,,2.0490694485211215e-09
2040,,2.048826276369013e-09
2041,,2.0486280200135447e-09
2042,,2.0473550799571118e-09
2043,,2.0469384148716013e-09
2044,,2.046687504398581e-09
2045,,2.0464870776849873e-09
2046,,2.0452579715771244e-09
2047,,2.0448120154773817e-09
2048,,2.0445523730313104e-09
2049,,2.0443494734509055e-09
2050,,2.0431693304008097e-09
2051,,2.0426904232139647e-09
2052,,2.042420932431792e-09
2053,,2.0422152194422435e-09
2054,,2.041089817593222e-09
2055,,2.0405738310274005e-09
2056,,2.040293236804014e-09
2057,,2.0400843283623308e-09
2058,,2.039020148038957e-09
2059,,2.0384624590529053e-09
2060,,2.0381693507265814e-09
2061,,2.0379568166418772e-09
2062,,2.036961160864419e-09
2063,,2.0363565521187995e-09
2064,,2.0360493443822707e-09
2065,,2.0358327021083883e-09
2066,,2.0356436498192496e-09
2067,,2.0342563881575526e-09
2068,,2.033933299960088e-09
2069,,2.0337120063165797e-09
2070,,2.0335217219934e-09
2071,,2.0321622829185608e-09
2072,,2.031821308571044e-09
2073,,2.031594753447307e-09
2074,,2.0314030510798413e-09
2075,,2.030074583413142e-09
2076,,2.029713474485745e-09
2077,,2.02948097202942e-09
2078,,2.029287642445456e-09
2079,,2.02799369237328e-09
2080,,2.0276099145697e-09
2081,,2.0273706939042654e-09
2082,,2.027175502098881e-09
2083,,2.0259200486362745e-09
2084,,2.025510761666818e-09
2085,,2.025263956509841e-09
2086,,2.02506663826828e-09
2087,,2.0238541631873938e-09
2088,,2.0234161646771508e-09
2089,,2.0231608011310005e-09
2090,,2.0229610600784692e-09
2091,,2.021796590956314e-09
2092,,2.0213262931051884e-09
2093,,2.021061276656446e-09
2094,,2.020858778797555e-09
2095,,2.019747980060314e-09
2096,,2.0192413360537222e-09
2097,,2.0189654364894906e-09
2098,,2.0187598074425337e-09
2099,,2.017709031214298e-09
2100,,2.0171615091696773e-09
2101,,2.01687334378644e-09
2102,,2.0166641618293842e-09
2103,,2.0156805667578305e-09
2104,,2.0150870527399727e-09
2105,,2.014785067351445e-09
2106,,2.0145718591823117e-09
2107,,2.0143856965438007e-09
2108,,2.013018238840668e-09
2109,,2.0127006876051e-09
2110,,2.0124829210275054e-09
2111,,2.0122955517076875e-09
2112,,2.010955377229581e-09
2113,,2.010620294031347e-09
2114,,2.0103973710239463e-09
2115,,2.0102086126876745e-09
2116,,2.008898807876911e-09
2117,,2.008543988813118e-09
2118,,2.0083152369247586e-09
2119,,2.0081248846007646e-09
2120,,2.00684892554408e-09
2121,,2.006471886235482e-09
2122,,2.0062365499469252e-09
2123,,2.006044373324676e-09
2124,,2.0048061606731725e-09
2125,,2.004404116899591e-09
2126,,2.004161346910715e-09
2127,,2.003967086857835e-09
2128,,2.0027710138507163e-09
2129,,2.0023408264617007e-09
2130,,2.0020896681612396e-09
2131,,2.0018930341813505e-09
2132,,2.000744029030217e-09
2133,,2.000282181150723e-09
2134,,2.0000215616685778e-09
2135,,1.9998222264319023e-09
2136,,1.9987258417380585e-09
2137,,1.998228366282679e-09
2138,,1.9979570796358493e-09
2139,,1.9977546760541216e-09
2140,,1.9967171389959684e-09
2141,,1.996179593456738e-09
2142,,1.995896284149941e-09
2143,,1.995690398914824e-09
2144,,1.994718726257193e-09
2145,,1.994136097727231e-09
2146,,1.993839242381657e-09
2147,,1.9936294117424067e-09
2148,,1.9927314706317593e-09
2149,,1.9920981480546218e-09
2150,,1.9917860340362457e-09
2151,,1.9915717355417176e-09
2152,,1.9913872345301625e-09
2153,,1.9900660444094026e-09
2154,,1.9897367455249967e-09
2155,,1.9895173934019156e-09
2156,,1.9893315317873857e-09
2157,,1.9880401218478754e-09
2158,,1.987691477626371e-09
2159,,1.987466412761795e-09
2160,,1.98727898951191e-09
2161,,1.9860207672214338e-09
2162,,1.985650342376511e-09
2163,,1.9854188239636217e-09
2164,,1.9852296136012775e-09
2165,,1.984008402417543e-09
2166,,1.9836134675460387e-09
2167,,1.983374663322597e-09
2168,,1.9831834118395097e-09
2169,,1.982003518162238e-09
2170,,1.981580996192101e-09
2171,,1.9813339701638086e-09
2172,,1.981140392668867e-09
2173,,1.9800066477834387e-09
2174,,1.9795530910684694e-09
2175,,1.979296791626584e-09
2176,,1.9791005672205182e-09
2177,,1.978018413996471e-09
2178,,1.977529934047032e-09
2179,,1.977263179016319e-09
2180,,1.9770639478187688e-09
2181,,1.976039490328233e-09
2182,,1.9755117321343915e-09
2183,,1.9752331928599637e-09
2184,,1.9750305496135124e-09
2185,,1.9740706664258922e-09
2186,,1.9734987160759606e-09
2187,,1.9732068990059836e-09
2188,,1.9730003892926795e-09
2189,,1.972112792541405e-09
2190,,1.9714911493093924e-09
2191,,1.971184375790795e-09
2192,,1.9709734876105187e-09
2193,,1.9707918087954893e-09
2194,,1.9694893259213764e-09
2195,,1.9691657078461613e-09
2196,,1.968949866723244e-09
2197,,1.9687668554304435e-09
2198,,1.967493574529743e-09
2199,,1.967150993815038e-09
2200,,1.9669295537451907e-09
2201,,1.9667450127359954e-09
2202,,1.965504274091728e-09
2203,,1.9651403436834675e-09
2204,,1.964912578581882e-09
2205,,1.9647262866944605e-09
2206,,1.963521838295348e-09
2207,,1.9631338825967358e-09
2208,,1.9628989763034344e-09
2209,,1.9627106847573658e-09
2210,,1.961546748044123e-09
2211,,1.96113175058606e-09
2212,,1.9608887860233135e-09
2213,,1.9606982151652306e-09
2214,,1.959579526345503e-09
2215,,1.9591341075999586e-09
2216,,1.958882053603213e-09
2217,,1.958688889193093e-09
2218,,1.9576207833998094e-09
2219,,1.9571411314823366e-09
2220,,1.956878829409687e-09
2221,,1.9566827185271156e-09
2222,,1.9556711794731414e-09
2223,,1.9551530255181335e-09
2224,,1.954879172608625e-09
2225,,1.9546797182179917e-09
2226,,1.9537314886454047e-09
2227,,1.9531700157260557e-09
2228,,1.9528831480184725e-09
2229,,1.9526799045530737e-09
2230,,1.9518025444625947e-09
2231,,1.9511923600789713e-09
2232,,1.9508908323368992e-09
2233,,1.9506832976506676e-09
2234,,1.95050439631566e-09
2235,,1.949220347287782e-09
2236,,1.9489023082734622e-09
2237,,1.9486899195217046e-09
2238,,1.9485097128805023e-09
2239,,1.947254299136457e-09
2240,,1.946917672778641e-09
2241,,1.946699796659739e-09
2242,,1.946518091449409e-09
2243,,1.945294587248938e-09
2244,,1.9449370335210137e-09
2245,,1.944712958086386e-09
2246,,1.944529537641303e-09
2247,,1.9433416170546797e-09
2248,,1.942960513052789e-09
2249,,1.94272943858861e-09
2250,,1.9425440588536498e-09
2251,,1.9413958600794806e-09
2252,,1.9409882490818918e-09
2253,,1.9407492761991543e-09
2254,,1.940561663342741e-09
2255,,1.9394578290174e-09
2256,,1.9390203978283613e-09
2257,,1.9387725159627618e-09
2258,,1.9385823618044775e-09
2259,,1.937528121780078e-09
2260,,1.9370571339799913e-09
2261,,1.936799207152309e-09
2262,,1.9366061657189136e-09
2263,,1.935607385673173e-09
2264,,1.9350986565739125e-09
2265,,1.9348294079883874e-09
2266,,1.9346330899987885e-09
2267,,1.9336963796136215e-09
2268,,1.9331451872911204e-09
2269,,1.9328631817613777e-09
2270,,1.9326631503854976e-09
2271,,1.9317959205999656e-09
2272,,1.9311969790396453e-09
2273,,1.930900603567346e-09
2274,,1.9306963669295793e-09
2275,,1.930520198474144e-09
2276,,1.9292543146231084e-09
2277,,1.928941754911947e-09
2278,,1.9287327608007804e-09
2279,,1.9285553138557446e-09
2280,,1.9273175098211865e-09
2281,,1.9269867302656473e-09
2282,,1.9267723581795286e-09
2283,,1.926593443444021e-09
2284,,1.9253869284170545e-09
2285,,1.925035635586932e-09
2286,,1.92481518747795e-09
2287,,1.9246345923304794e-09
2288,,1.9234629681264095e-09
2289,,1.923088590816533e-09
2290,,1.9228612828365045e-09
2291,,1.9226787680614153e-09
2292,,1.92154609122666e-09
2293,,1.9211457307978272e-09
2294,,1.920910681405836e-09
2295,,1.920725978545388e-09
2296,,1.9196368000304138e-09
2297,,1.9192072088457644e-09
2298,,1.9189634271857177e-09
2299,,1.918776234219842e-09
2300,,1.917735680628345e-09
2301,,1.9172731962664476e-09
2302,,1.917019568809118e-09
2303,,1.9168295465669223e-09
2304,,1.9158433681960057e-09
2305,,1.915343887821276e-09
2306,,1.9150791630751138e-09
2307,,1.914885929921434e-09
2308,,1.913960605781318e-09
2309,,1.9134195012092752e-09
2310,,1.9131422721752566e-09
2311,,1.912945399944489e-09
2312,,1.912088194741917e-09
2313,,1.911500283990211e-09
2314,,1.911208969666063e-09
2315,,1.911007976031773e-09
2316,,1.910834497016937e-09
2317,,1.9095865136132107e-09
2318,,1.9092793352839536e-09
2319,,1.909073679188703e-09
2320,,1.908898947905256e-09
2321,,1.907678499427152e-09
2322,,1.9073534617451395e-09
2323,,1.9071425346776997e-09
2324,,1.906966365682202e-09
2325,,1.9057765980432296e-09
2326,,1.9054314528107628e-09
2327,,1.905214570872921e-09
2328,,1.9050367555006e-09
2329,,1.9038811996112865e-09
2330,,1.903513426303111e-09
2331,,1.903289820650506e-09
2332,,1.903110124682895e-09
2333,,1.9019927567832127e-09
2334,,1.9015995141034195e-09
2335,,1.9013683206098335e-09
2336,,1.901186480964392e-09
2337,,1.9001117623876043e-09
2338,,1.899689866605813e-09
2339,,1.899450114413917e-09
2340,,1.8992658344616514e-09
2341,,1.8982387908088532e-09
2342,,1.8977846517765998e-09
2343,,1.8975352489848606e-09
2344,,1.897348196533269e-09
2345,,1.896374464418419e-09
2346,,1.895884060430094e-09
2347,,1.8956237802767833e-09
2348,,1.895433581376212e-09
2349,,1.8945195119287836e-09
2350,,1.8939883059679798e-09
2351,,1.8937157691466126e-09
2352,,1.893522004098037e-09
2353,,1.8926747187900215e-09
2354,,1.8920976310256164e-09
2355,,1.891811287894622e-09
2356,,1.891613483610991e-09
2357,,1.891442651183604e-09
2358,,1.8902123074567587e-09
2359,,1.8899104144298575e-09
2360,,1.8897080407406514e-09
2361,,1.8895359817834514e-09
2362,,1.8883326387927096e-09
2363,,1.888013239749756e-09
2364,,1.8878057002236955e-09
2365,,1.887632232779531e-09
2366,,1.8864589746235e-09
2367,,1.8861198656798703e-09
2368,,1.8859064895299964e-09
2369,,1.8857314092412828e-09
2370,,1.884591697040971e-09
2371,,1.8842304074161365e-09
2372,,1.8840104412027585e-09
2373,,1.8838335184611827e-09
2374,,1.8827312499067856e-09
2375,,1.8823449944537464e-09
2376,,1.88211759120392e-09
2377,,1.881938567849832e-09
2378,,1.8808781164087376e-09
2379,,1.880463774069169e-09
2380,,1.8802279818556026e-09
2381,,1.880046567603569e-09
2382,,1.879032859359686e-09
2383,,1.8785869108859186e-09
2384,,1.878341659356125e-09
2385,,1.8781575284178463e-09
2386,,1.8771960891288587e-09
2387,,1.8767145920323776e-09
2388,,1.87645867892297e-09
2389,,1.876271464524974e-09
2390,,1.8753685197953985e-09
2391,,1.8748470266026317e-09
2392,,1.874579099707792e-09
2393,,1.8743883904629025e-09
2394,,1.873550921486836e-09
2395,,1.8729844525403722e-09
2396,,1.8727029926298647e-09
2397,,1.8725083249720765e-09
2398,,1.872340097037343e-09
2399,,1.871127136537006e-09
2400,,1.8708304342050387e-09
2401,,1.8706312882202725e-09
2402,,1.8704618590853866e-09
2403,,1.8692753755317578e-09
2404,,1.8689615137164195e-09
2405,,1.8687573047195e-09
2406,,1.8685864957725274e-09
2407,,1.86742951249652e-09
2408,,1.867096330630294e-09
2409,,1.8668864011731485e-09
2410,,1.8667140124162706e-09
2411,,1.8655899221543712e-09
2412,,1.8652349981465663e-09
2413,,1.865018609720442e-09
2414,,1.864844415597017e-09
2415,,1.863757039490164e-09
2416,,1.8633776430984904e-09
2417,,1.8631539653259517e-09
2418,,1.862977713022408e-09
2419,,1.8619313380187446e-09
2420,,1.8615244098333645e-09
2421,,1.86129250953485e-09
2422,,1.8611139143907014e-09
2423,,1.860113369510611e-09
2424,,1.8596754596472794e-09
2425,,1.8594342878103933e-09
2426,,1.8592530306121009e-09
2427,,1.8583037323834373e-09
2428,,1.8578309761469267e-09
2429,,1.8575793536910355e-09
2430,,1.8573950749034011e-09
2431,,1.856503126446952e-09
2432,,1.8559911640117496e-09
2433,,1.8557277657894823e-09
2434,,1.8555400620914685e-09
2435,,1.8547123067536526e-09
2436,,1.8541562568250813e-09
2437,,1.8538795934401936e-09
2438,,1.8536880103937112e-09
2439,,1.8535223456144693e-09
2440,,1.8523265154415137e-09
2441,,1.8520349116087768e-09
2442,,1.851838939618187e-09
2443,,1.851672098129027e-09
2444,,1.850502231673414e-09
2445,,1.8501938077469993e-09
2446,,1.8499928735406096e-09
2447,,1.8498246806053286e-09
2448,,1.848683741266633e-09
2449,,1.848356379241378e-09
2450,,1.8481498384612106e-09
2451,,1.8479800978066281e-09
2452,,1.8468714117076214e-09
2453,,1.846522737257733e-09
2454,,1.8463098659041586e-09
2455,,1.846138356483963e-09
2456,,1.845065668984182e-09
2457,,1.8446930060369042e-09
2458,,1.844472990093154e-09
2459,,1.8442994640480929e-09
2460,,1.8432669778430775e-09
2461,,1.84286732714316e-09
2462,,1.8426392516629715e-09
2463,,1.8424634302089392e-09
2464,,1.8414758786579582e-09
2465,,1.841045858487502e-09
2466,,1.8408086953184898e-09
2467,,1.8406302652597493e-09
2468,,1.8396929585040917e-09
2469,,1.839228780081455e-09
2470,,1.8389813735811148e-09
2471,,1.838799982467951e-09
2472,,1.8379189028025699e-09
2473,,1.8374162928656929e-09
2474,,1.8371573438888555e-09
2475,,1.8369725962015382e-09
2476,,1.836154452431489e-09
2477,,1.8356086253114776e-09
2478,,1.8353366737422476e-09
2479,,1.83514812429374e-09
2480,,1.8349849819346177e-09
2481,,1.8338060334648433e-09
2482,,1.833519437164449e-09
2483,,1.8333265863389328e-09
2484,,1.8331622913778202e-09
2485,,1.8320088032635292e-09
2486,,1.8317057195616834e-09
2487,,1.831508005241237e-09
2488,,1.8313423865836608e-09
2489,,1.8302172638398788e-09
2490,,1.8298956165499885e-09
2491,,1.8296924072956102e-09
2492,,1.8295252723094868e-09
2493,,1.828431775286644e-09
2494,,1.8280892369192655e-09
2495,,1.8278798229162494e-09
2496,,1.8277109549699968e-09
2497,,1.8266527553737368e-09
2498,,1.8262867026624356e-09
2499,,1.8260702859248735e-09
2500,,1.8258994422536756e-09
2501,,1.8248806594201454e-09
2502,,1.8244881523370963e-09
2503,,1.8242638361645395e-09
2504,,1.824090743028006e-09
2505,,1.8231160176063559e-09
2506,,1.8226937407934806e-09
2507,,1.8224605171065017e-09
2508,,1.8222848680000812e-09
2509,,1.8213594047584748e-09
2510,,1.820903644600185e-09
2511,,1.8206603805379261e-09
2512,,1.8204818296930215e-09
2513,,1.81961149339419e-09
2514,,1.8191180605369803e-09
2515,,1.8188634825721732e-09
2516,,1.8186816423552438e-09
2517,,1.8178730092410246e-09
2518,,1.8173372126397722e-09
2519,,1.8170698895709798e-09
2520,,1.816884323644539e-09
2521,,1.8167236637078864e-09
2522,,1.8155613519441372e-09
2523,,1.8152796739135225e-09
2524,,1.8150898922074335e-09
2525,,1.8149281034889327e-09
2526,,1.813790758618068e-09
2527,,1.8134929192744206e-09
2528,,1.8132983712134598e-09
2529,,1.8131352856595444e-09
2530,,1.8120257553490913e-09
2531,,1.8117097195090982e-09
2532,,1.8115097858540767e-09
2533,,1.8113452148893115e-09
2534,,1.8102666951314612e-09
2535,,1.809930181361297e-09
2536,,1.8097241660665672e-09
2537,,1.8095578974564625e-09
2538,,1.8085139874521218e-09
2539,,1.8081544239558429e-09
2540,,1.8079415449852907e-09
2541,,1.8077733406172637e-09
2542,,1.8067680786499727e-09
2543,,1.8063825834960125e-09
2544,,1.8061619619412123e-09
2545,,1.8059915533400988e-09
2546,,1.8050294884476613e-09
2547,,1.8046148116351038e-09
2548,,1.804385459392662e-09
2549,,1.8042125459583557e-09
2550,,1.803298780337659e-09
2551,,1.80285128144743e-09
2552,,1.8026120877119298e-09
2553,,1.8024363308628435e-09
2554,,1.801576613367891e-09
2555,,1.8010921858184588e-09
2556,,1.8008419022545845e-09
2557,,1.8006629219070703e-09
2558,,1.799863699276274e-09
2559,,1.799337744506479e-09
2560,,1.7990749680825714e-09
2561,,1.7988923363850864e-09
2562,,1.798734119561065e-09
2563,,1.797588203301067e-09
2564,,1.7973113559497913e-09
2565,,1.7971245926724734e-09
2566,,1.7969652702565059e-09
2567,,1.795843837075963e-09
2568,,1.7955511481242212e-09
2569,,1.795359713316091e-09
2570,,1.7951991205652716e-09
2571,,1.7941049618171582e-09
2572,,1.7937944364682459e-09
2573,,1.793597723035426e-09
2574,,1.7934356751378565e-09
2575,,1.7923719240215323e-09
2576,,1.7920413253259569e-09
2577,,1.7918386513960938e-09
2578,,1.7916749402251509e-09
2579,,1.7906451246624726e-09
2580,,1.7902919318791601e-09
2581,,1.7900825306146907e-09
2582,,1.7899169227299197e-09
2583,,1.7889250015871119e-09
2584,,1.7885463892610713e-09
2585,,1.7883293990365966e-09
2586,,1.7881616314582625e-09
2587,,1.7872120639063242e-09
2588,,1.7868048465335342e-09
2589,,1.7865792986522635e-09
2590,,1.7864090766061916e-09
2591,,1.7855068643171065e-09
2592,,1.7850674731323506e-09
2593,,1.7848322788284068e-09
2594,,1.7846592703335876e-09
2595,,1.7838100485795132e-09
2596,,1.7833344580838054e-09
2597,,1.7830883936273598e-09
2598,,1.7829122260739252e-09
2599,,1.7821223147604168e-09
2600,,1.781606016667355e-09
2601,,1.781347706650377e-09
2602,,1.7811679608525783e-09
2603,,1.7810121483577238e-09
2604,,1.7798823903190826e-09
2605,,1.779610287720504e-09
2606,,1.7794264926273492e-09
2607,,1.7792695973506992e-09
2608,,1.7781638478464013e-09
2609,,1.777876217149733e-09
2610,,1.7776878435440255e-09
2611,,1.7775297039714712e-09
2612,,1.7764506994618018e-09
2613,,1.776145584783457e-09
2614,,1.7759520377851063e-09
2615,,1.7757924727441801e-09
2616,,1.7747432844382824e-09
2617,,1.774418493360635e-09
2618,,1.7742191042578847e-09
2619,,1.774057909631929e-09
2620,,1.7730419961851408e-09
2621,,1.7726950574739689e-09
2622,,1.7724890746279686e-09
2623,,1.7723260216409678e-09
2624,,1.7713472637700058e-09
2625,,1.7709754078369343e-09
2626,,1.7707619866290775e-09
2627,,1.7705968173853271e-09
2628,,1.7696595860521485e-09
2629,,1.769259690214328e-09
2630,,1.7690378809568172e-09
2631,,1.76887030665398e-09
2632,,1.7679795052932294e-09
2633,,1.7675480708388253e-09
2634,,1.7673168063786915e-09
2635,,1.7671465014957871e-09
2636,,1.7663076540087017e-09
2637,,1.7658407351051833e-09
2638,,1.7655988157397451e-09
2639,,1.7654254150509917e-09
2640,,1.7646447166117559e-09
2641,,1.7641378939346407e-09
2642,,1.7638839714852595e-09
2643,,1.7637070638686737e-09
2644,,1.7635536176977138e-09
2645,,1.7624397838422306e-09
2646,,1.7621723417461307e-09
2647,,1.761991465741716e-09
2648,,1.7618369591901318e-09
2649,,1.7607466686112121e-09
2650,,1.7604640055319544e-09
2651,,1.7602786421585627e-09
2652,,1.7601229167685754e-09
2653,,1.7590588522250418e-09
2654,,1.7587590509440595e-09
2655,,1.7585686171424472e-09
2656,,1.7584114951698347e-09
2657,,1.757376667182564e-09
2658,,1.757057578449365e-09
2659,,1.7568614187082503e-09
2660,,1.7567027002207199e-09
2661,,1.755700499207229e-09
2662,,1.7553597004869291e-09
2663,,1.7551570779099935e-09
2664,,1.7549965386430713e-09
2665,,1.754030768779533e-09
2666,,1.7536655450173138e-09
2667,,1.7534556315956347e-09
2668,,1.7532930189145807e-09
2669,,1.7523679650309371e-09
2670,,1.7519752552436841e-09
2671,,1.7517571201539228e-09
2672,,1.751592150638193e-09
2673,,1.7507126193159904e-09
2674,,1.7502889938479607e-09
2675,,1.7500615909610405e-09
2676,,1.74989394547733e-09
2677,,1.7490653520364647e-09
2678,,1.7486069425456283e-09
2679,,1.7483690958456102e-09
2680,,1.7481984166543183e-09
2681,,1.7474268337282356e-09
2682,,1.7469293083542368e-09
2683,,1.7466796960902941e-09
2684,,1.7465055800915587e-09
2685,,1.7463544629688251e-09
2686,,1.7452563228216868e-09
2687,,1.7449934585646033e-09
2688,,1.7448154532047706e-09
2689,,1.7446632973663465e-09
2690,,1.7435882447067253e-09
2691,,1.743310460410101e-09
2692,,1.7431280572182518e-09
2693,,1.74297470747003e-09
2694,,1.7419253718152696e-09
2695,,1.7416307881393434e-09
2696,,1.7414434154261793e-09
2697,,1.7412886975759432e-09
2698,,1.74026803031399e-09
2699,,1.739954540296083e-09
2700,,1.7397615554637052e-09
2701,,1.7396052735198706e-09
2702,,1.7386165979256383e-09
2703,,1.7382818271419297e-09
2704,,1.7380825077494881e-09
2705,,1.7379244418944964e-09
2706,,1.7369714873357326e-09
2707,,1.7366127738987462e-09
2708,,1.73640630843195e-09
2709,,1.7362462107722748e-09
2710,,1.735333177596112e-09
2711,,1.7349475210634997e-09
2712,,1.7347329968024605e-09
2713,,1.7345705897876496e-09
2714,,1.7337021897017687e-09
2715,,1.7332862280304202e-09
2716,,1.7330626195396189e-09
2717,,1.7328975903855955e-09
2718,,1.732079131842829e-09
2719,,1.7316290729493707e-09
2720,,1.731395227560103e-09
2721,,1.731227225315171e-09
2722,,1.7304646613495215e-09
2723,,1.729976258696204e-09
2724,,1.729730880649993e-09
2725,,1.7295595102833996e-09
2726,,1.7294106853044117e-09
2727,,1.728328012404734e-09
2728,,1.728069644504758e-09
2729,,1.7278944623538278e-09
2730,,1.727744620157764e-09
2731,,1.7266845874627985e-09
2732,,1.7264115945527718e-09
2733,,1.726232102263542e-09
2734,,1.726081090591861e-09
2735,,1.7250462759891095e-09
2736,,1.7247568159254237e-09
2737,,1.7245724529675693e-09
2738,,1.7244201010794657e-09
2739,,1.7234133975171084e-09
2740,,1.7231054049221017e-09
2741,,1.722915541389061e-09
2742,,1.7227616570659187e-09
2743,,1.7217863227429523e-09
2744,,1.7214574697128435e-09
2745,,1.7212613974399252e-09
2746,,1.721105765190566e-09
2747,,1.7201654555973286e-09
2748,,1.7198131330235285e-09
2749,,1.7196100563932345e-09
2750,,1.7194524335245404e-09
2751,,1.718551266048165e-09
2752,,1.7181725324751593e-09
2753,,1.71796155694961e-09
2754,,1.7178016710681786e-09
2755,,1.7169442648486391e-09
2756,,1.716535824471909e-09
2757,,1.7163159448037249e-09
2758,,1.7161534893069241e-09
2759,,1.7153450478611996e-09
2760,,1.7149031837570509e-09
2761,,1.7146732696955025e-09
2762,,1.7145079006668696e-09
2763,,1.7137542599824486e-09
2764,,1.713274808800011e-09
2765,,1.7130335904034442e-09
2766,,1.712864920625301e-09
2767,,1.7127183516768752e-09
2768,,1.711650922363471e-09
2769,,1.7113969712678826e-09
2770,,1.7112245656842258e-09
2771,,1.7110770005055597e-09
2772,,1.7100317731088834e-09
2773,,1.709763486150276e-09
2774,,1.7095868563054356e-09
2775,,1.7094381456399664e-09
2776,,1.708417647071041e-09
2777,,1.7081332186479065e-09
2778,,1.7079518149248682e-09
2779,,1.7078017912709874e-09
2780,,1.7068088577477867e-09
2781,,1.7065062629068436e-09
2782,,1.7063194679747333e-09
2783,,1.7061679431517749e-09
2784,,1.705205768133891e-09
2785,,1.7048827250857886e-09
2786,,1.7046898447893027e-09
2787,,1.7045366072451173e-09
2788,,1.7036087745582031e-09
2789,,1.7032627255180283e-09
2790,,1.703062979798968e-09
2791,,1.702907791863945e-09
2792,,1.7020183374965415e-09
2793,,1.7016463991436374e-09
2794,,1.7014389111200327e-09
2795,,1.7012815055125097e-09
2796,,1.7004349576770488e-09
2797,,1.7000338991486423e-09
2798,,1.699817683387147e-09
2799,,1.6996577598488324e-09
2800,,1.6988592192201018e-09
2801,,1.6984253965409123e-09
2802,,1.6981993453633197e-09
2803,,1.698036566480532e-09
2804,,1.6972917542033116e-09
2805,,1.696821086546287e-09
2806,,1.6965839547783022e-09
2807,,1.6964179409676319e-09
2808,,1.696273592581612e-09
2809,,1.695221187076182e-09
2810,,1.6949715743615432e-09
2811,,1.6948018995658757e-09
2812,,1.6946565753161341e-09
2813,,1.6936259420218674e-09
2814,,1.6933622769681602e-09
2815,,1.6931884619072494e-09
2816,,1.6930420156813418e-09
2817,,1.6920356315324923e-09
2818,,1.691756144036142e-09
2819,,1.691577650241224e-09
2820,,1.6914299178131283e-09
2821,,1.6904505631356747e-09
2822,,1.6901532684114074e-09
2823,,1.6899694904902473e-09
2824,,1.6898202872859157e-09
2825,,1.6888710925468952e-09
2826,,1.6885537536075773e-09
2827,,1.6883640111596251e-09
2828,,1.6882131301512512e-09
2829,,1.6872976084314605e-09
2830,,1.6869577180167235e-09
2831,,1.6867612462877779e-09
2832,,1.6866084539853448e-09
2833,,1.685730561907945e-09
2834,,1.6853652934602237e-09
2835,,1.6851612330783079e-09
2836,,1.6850062678727296e-09
2837,,1.6841704442710159e-09
2838,,1.6837766304407887e-09
2839,,1.6835640151793196e-09
2840,,1.683406582459781e-09
2841,,1.6826178275529472e-09
2842,,1.6821918964821735e-09
2843,,1.6819696406403037e-09
2844,,1.6818094097688033e-09
2845,,1.6810733317213443e-09
2846,,1.6806112829857754e-09
2847,,1.6803781657739167e-09
2848,,1.6802147645820256e-09
2849,,1.680072601857859e-09
2850,,1.6790350033897552e-09
2851,,1.6787896522189426e-09
2852,,1.6786226630441735e-09
2853,,1.678479544536406e-09
2854,,1.67746329688121e-09
2855,,1.6772041714187501e-09
2856,,1.677033124464653e-09
2857,,1.6768889068689678e-09
2858,,1.675896438203804e-09
2859,,1.6756218029542745e-09
2860,,1.6754461704916804e-09
2861,,1.675300692918968e-09
2862,,1.6743347285984977e-09
2863,,1.6740426380193556e-09
2864,,1.6738618263577785e-09
2865,,1.6737149080592918e-09
2866,,1.6727785169901306e-09
2867,,1.672466778143944e-09
2868,,1.6722801203615127e-09
2869,,1.6721315579492662e-09
2870,,1.6712281839543743e-09
2871,,1.6708943390971453e-09
2872,,1.670701085766011e-09
2873,,1.670550650704916e-09
2874,,1.6696841720979674e-09
2875,,1.66932545045917e-09
2876,,1.6691247587596479e-09
2877,,1.6689721943977623e-09
2878,,1.6681469628958547e-09
2879,,1.6677602593994683e-09
2880,,1.6675511824541683e-09
2881,,1.6673962000817712e-09
2882,,1.66661711706943e-09
2883,,1.6661989304796881e-09
2884,,1.6659804036775493e-09
2885,,1.6658226792159836e-09
2886,,1.6650952424203692e-09
2887,,1.6646416508815254e-09
2888,,1.6644124777091946e-09
2889,,1.6642516463822793e-09
2890,,1.6641116346868446e-09
2891,,1.6630886301609931e-09
2892,,1.6628474651836917e-09
2893,,1.6626831173400936e-09
2894,,1.6625421695993758e-09
2895,,1.6615401027689917e-09
2896,,1.6612854356256364e-09
2897,,1.6611171109346102e-09
2898,,1.6609750867021283e-09
2899,,1.659996337724385e-09
2900,,1.6597264676141772e-09
2901,,1.6595536485756335e-09
2902,,1.659410390022613e-09
2903,,1.6584576306439192e-09
2904,,1.6581706501206423e-09
2905,,1.6579927548166897e-09
2906,,1.6578480847410284e-09
2907,,1.6569243232763296e-09
2908,,1.6566180827383981e-09
2909,,1.6564344575708103e-09
2910,,1.6562881766592535e-09
2911,,1.65539678916546e-09
2912,,1.6550688791452707e-09
2913,,1.6548787891707839e-09
2914,,1.6547306733475166e-09
2915,,1.6538754617350871e-09
2916,,1.6535231660572888e-09
2917,,1.6533257852364573e-09
2918,,1.6531755830539604e-09
2919,,1.6523608129357541e-09
2920,,1.6519810880076048e-09
2921,,1.6517754879920902e-09
2922,,1.6516229162912147e-09
2923,,1.6508533925573045e-09
2924,,1.650442806044173e-09
2925,,1.6502279434407392e-09
2926,,1.6500726844875196e-09
2927,,1.6493537966570317e-09
2928,,1.6489085037952814e-09
2929,,1.6486832055109077e-09
2930,,1.648524901856666e-09
2931,,1.648387007518896e-09
2932,,1.6473783866368832e-09
2933,,1.6471413337585343e-09
2934,,1.64697958375266e-09
2935,,1.6468407726746335e-09
2936,,1.645852684492626e-09
2937,,1.645602396450617e-09
2938,,1.6454367488242867e-09
2939,,1.64529688337326e-09
2940,,1.6443316610317364e-09
2941,,1.6440664704488914e-09
2942,,1.6438964179007249e-09
2943,,1.6437553433233785e-09
2944,,1.6428156057842155e-09
2945,,1.642533643003763e-09
2946,,1.6423586151494437e-09
2947,,1.6422161576844545e-09
2948,,1.6413048540339878e-09
2949,,1.6410040118679642e-09
2950,,1.6408233678053532e-09
2951,,1.6406793319937024e-09
2952,,1.6397997718378988e-09
2953,,1.639477688060345e-09
2954,,1.6392907076115355e-09
2955,,1.639144873916778e-09
2956,,1.6383007840235998e-09
2957,,1.637954796214021e-09
2958,,1.637760669461001e-09
2959,,1.6376127914008158e-09
2960,,1.6368083535224032e-09
2961,,1.6364354778158812e-09
2962,,1.6362332948096074e-09
2963,,1.6360830947350063e-09
2964,,1.635323018861167e-09
2965,,1.6349198907649573e-09
2966,,1.6347086284912295e-09
2967,,1.634555795097997e-09
2968,,1.6338453646565005e-09
2969,,1.633408215008782e-09
2970,,1.633186723669439e-09
2971,,1.6330309063139763e-09
2972,,1.6328950960701711e-09
2973,,1.6319006521183592e-09
2974,,1.631667638483282e-09
2975,,1.6315084435474298e-09
2976,,1.6313717355115193e-09
2977,,1.6303974269741725e-09
2978,,1.6301514401163649e-09
2979,,1.6299884251909418e-09
2980,,1.629850684221224e-09
2981,,1.628898798359521e-09
2982,,1.6286382035675602e-09
2983,,1.6284708713887093e-09
2984,,1.6283319460870321e-09
2985,,1.6274050501916676e-09
2986,,1.627128014484741e-09
2987,,1.6269558059494453e-09
2988,,1.6268155258258735e-09
2989,,1.6259165109984207e-09
2990,,1.6256209687577004e-09
2991,,1.6254432556026175e-09
2992,,1.6253014291005157e-09
2993,,1.6244335394471286e-09
2994,,1.6241171752052577e-09
2995,,1.6239332512647937e-09
2996,,1.623789663181431e-09
2997,,1.622956552268679e-09
2998,,1.6226167559585245e-09
2999,,1.622425827449159e-09
3000,,1.6222802360149852e-09
3001,,1.6214860030071964e-09
3002,,1.6211198496341713e-09
3003,,1.6209210244263442e-09
3004,,1.6207731576685263e-09
3005,,1.6200224197844375e-09
3006,,1.6196266111542664e-09
3007,,1.6194188863628157e-09
3008,,1.6192684389456049e-09
3009,,1.6185663753299164e-09
3010,,1.6181372166815077e-09
3011,,1.6179194654155062e-09
3012,,1.6177660937138226e-09
3013,,1.6176323348466104e-09
3014,,1.6166518639581893e-09
3015,,1.616422818359678e-09
3016,,1.616266136438057e-09
3017,,1.61613149830294e-09
3018,,1.6151707734680077e-09
3019,,1.6149290110333842e-09
3020,,1.6147685854263446e-09
3021,,1.614632935540672e-09
3022,,1.6136941987211233e-09
3023,,1.6134381172036792e-09
3024,,1.613273460156628e-09
3025,,1.6131366500344788e-09
3026,,1.6122224181965205e-09
3027,,1.6119502205938083e-09
3028,,1.6117807841705584e-09
3029,,1.6116426467468503e-09
3030,,1.6107557537469028e-09
3031,,1.6104654152508835e-09
3032,,1.6102905834361049e-09
3033,,1.6101509310487935e-09
3034,,1.60929455719639e-09
3035,,1.6089838079411737e-09
3036,,1.6088028884871912e-09
3037,,1.6086615100345112e-09
3038,,1.6078392367927135e-09
3039,,1.6075055180723096e-09
3040,,1.6073177330110927e-09
3041,,1.6071743916182402e-09
3042,,1.6063902373812937e-09
3043,,1.6060306818757642e-09
3044,,1.6058351565936072e-09
3045,,1.6056895854241416e-09
3046,,1.6049480763733654e-09
3047,,1.604559451050159e-09
3048,,1.604355202344755e-09
3049,,1.6042071022864026e-09
3050,,1.6035133157013035e-09
3051,,1.60309199824323e-09
3052,,1.6028779214809461e-09
3053,,1.6027269555104516e-09
3054,,1.6025952158937646e-09
3055,,1.6016285172552437e-09
3056,,1.6014033697192464e-09
3057,,1.6012491596645779e-09
3058,,1.6011165589812133e-09
3059,,1.6001692243671957e-09
3060,,1.599931611497791e-09
3061,,1.5997737321591416e-09
3062,,1.599640140532073e-09
3063,,1.5987143680905123e-09
3064,,1.598462718996704e-09
3065,,1.5983006924940349e-09
3066,,1.5981659643047882e-09
3067,,1.5972642213167414e-09
3068,,1.5969967746078527e-09
3069,,1.596830063623536e-09
3070,,1.5966940350692707e-09
3071,,1.5958190993170484e-09
3072,,1.5955338701273377e-09
3073,,1.5953618710796428e-09
3074,,1.5952243580539503e-09
3075,,1.5943793473386231e-09
3076,,1.5940741103471685e-09
3077,,1.5938961446233517e-09
3078,,1.5937569403803169e-09
3079,,1.5929453654242641e-09
3080,,1.5926176125257107e-09
3081,,1.5924329170784856e-09
3082,,1.592291789464224e-09
3083,,1.591517589688921e-09
3084,,1.5911645098704939e-09
3085,,1.5909722276324376e-09
3086,,1.5908289150634162e-09
3087,,1.5900965272502053e-09
3088,,1.5897149513544014e-09
3089,,1.5895141184967109e-09
3090,,1.589368327504509e-09
3091,,1.5886827288949532e-09
3092,,1.5882691061696681e-09
3093,,1.5880586395402106e-09
3094,,1.5879100400177289e-09
3095,,1.5877802879996313e-09
3096,,1.5868271640217972e-09
3097,,1.5866058455765517e-09
3098,,1.5864540667789653e-09
3099,,1.5863234714290818e-09
3100,,1.5853893371559913e-09
3101,,1.5851557998621082e-09
3102,,1.5850004248944773e-09
3103,,1.5848688588806255e-09
3104,,1.5839558689765567e-09
3105,,1.5837085731053658e-09
3106,,1.5835491333690715e-09
3107,,1.5834164541024858e-09
3108,,1.5825270272572338e-09
3109,,1.5822642457259243e-09
3110,,1.5821002148436972e-09
3111,,1.5819662615363502e-09
3112,,1.5811031209890378e-09
3113,,1.5808229082415094e-09
3114,,1.5806536941647365e-09
3115,,1.5805182866097728e-09
3116,,1.5796844884806971e-09
3117,,1.579384663053644e-09
3118,,1.5792096005408817e-09
3119,,1.5790725359125426e-09
3120,,1.5782715218821183e-09
3121,,1.5779496250766253e-09
3122,,1.5777679664567345e-09
3123,,1.5776290170082067e-09
3124,,1.5768646486825543e-09
3125,,1.5765179250247009e-09
3126,,1.576328829824444e-09
3127,,1.576187739261319e-09
3128,,1.57546436612668e-09
3129,,1.57508970866578e-09
3130,,1.5748922322222897e-09
3131,,1.5747487129888885e-09
3132,,1.5740712141521625e-09
3133,,1.573665142145143e-09
3134,,1.573458222578229e-09
3135,,1.5733119509693564e-09
3136,,1.5726858230690418e-09
3137,,1.572244410428795e-09
3138,,1.5720268543311345e-09
3139,,1.5718774669962415e-09
3140,,1.571748845566997e-09
3141,,1.5708277231288361e-09
3142,,1.5705981899563657e-09
3143,,1.5704452780646324e-09
3144,,1.5703157059974816e-09
3145,,1.5694153182747454e-09
3146,,1.5691722982965594e-09
3147,,1.5690154028514518e-09
3148,,1.5688847400493118e-09
3149,,1.5680074580875095e-09
3150,,1.5677492586998093e-09
3151,,1.567587863239156e-09
3152,,1.5674559523760675e-09
3153,,1.566604445559709e-09
3154,,1.5663291592940107e-09
3155,,1.5661626837449155e-09
3156,,1.5660293480473238e-09
3157,,1.5652066123578e-09
3158,,1.5649121008252909e-09
3159,,1.5647398928654718e-09
3160,,1.564604933711952e-09
3161,,1.563814342897129e-09
3162,,1.5634981959509845e-09
3163,,1.563319522642033e-09
3164,,1.5631827166475024e-09
3165,,1.5624280562933069e-09
3166,,1.562087572559468e-09
3167,,1.561901610037728e-09
3168,,1.5617627059433442e-09
3169,,1.5610482397858886e-09
3170,,1.5606803737635604e-09
3171,,1.5604861959979925e-09
3172,,1.5603449118104328e-09
3173,,1.5596754227642536e-09
3174,,1.5592767620978918e-09
3175,,1.5590733281926083e-09
3176,,1.5589293467405154e-09
3177,,1.558310223108665e-09
3178,,1.5578769192390215e-09
3179,,1.5576630592667294e-09
3180,,1.5575160242677857e-09
3181,,1.5573893458512627e-09
3182,,1.556481050621228e-09
3183,,1.556255450240937e-09
3184,,1.5561049610760021e-09
3185,,1.5559773515232165e-09
3186,,1.5550893893429306e-09
3187,,1.5548505689350657e-09
3188,,1.5546961752768702e-09
3189,,1.5545674973883488e-09
3190,,1.5537021925786693e-09
3191,,1.553448492689773e-09
3192,,1.5532896884495196e-09
3193,,1.5531597879743905e-09
3194,,1.5523197572086203e-09
3195,,1.5520493081828942e-09
3196,,1.5518855247283468e-09
3197,,1.5517542283645243e-09
3198,,1.550942408632366e-09
3199,,1.5506531140502283e-09
3200,,1.5504837119584812e-09
3201,,1.5503508247316332e-09
3202,,1.5495705233045838e-09
3203,,1.5492600205485692e-09
3204,,1.5490842814733016e-09
3205,,1.5489495845178656e-09
3206,,1.5482045122980102e-09
3207,,1.5478701533121929e-09
3208,,1.5476872694401332e-09
3209,,1.5475505165650065e-09
3210,,1.546844853287425e-09
3211,,1.5464836525009824e-09
3212,,1.546292716133251e-09
3213,,1.5461536308732812e-09
3214,,1.5454920652215833e-09
3215,,1.5451006776186985e-09
3216,,1.5449006682915447e-09
3217,,1.5447589395447622e-09
3218,,1.544146753615359e-09
3219,,1.5437214063197647e-09
3220,,1.5435111773144544e-09
3221,,1.543366456061223e-09
3222,,1.5432416902527202e-09
3223,,1.5423460402702572e-09
3224,,1.5421243030489596e-09
3225,,1.5419761965015996e-09
3226,,1.5418505186898686e-09
3227,,1.540974807943397e-09
3228,,1.5407401121448351e-09
3229,,1.5405881788546643e-09
3230,,1.5404614545269272e-09
3231,,1.5396079615777976e-09
3232,,1.5393586802519897e-09
3233,,1.539202424127419e-09
3234,,1.5390745020351825e-09
3235,,1.53824579193399e-09
3236,,1.5379800923598692e-09
3237,,1.537818955898883e-09
3238,,1.5376896661742217e-09
3239,,1.536888618111311e-09
3240,,1.5366044451438857e-09
3241,,1.5364378016780091e-09
3242,,1.536306953164802e-09
3243,,1.5355368091666245e-09
3244,,1.535231846832304e-09
3245,,1.5350589919154028e-09
3246,,1.5349263701655233e-09
3247,,1.5341907678923593e-09
3248,,1.5338624203266515e-09
3249,,1.533682562281057e-09
3250,,1.5335479259320763e-09
3251,,1.5328509626842283e-09
3252,,1.5324963030916826e-09
3253,,1.5323085520473796e-09
3254,,1.5321716300178581e-09
3255,,1.5315179021532198e-09
3256,,1.5311336515181415e-09
3257,,1.5309370070835032e-09
3258,,1.5307974945256258e-09
3259,,1.530192179975984e-09
3260,,1.5297746398790734e-09
3261,,1.5295679777950138e-09
3262,,1.5294255324689661e-09
3263,,1.5293026492890952e-09
3264,,1.5284194656055777e-09
3265,,1.5282015230306172e-09
3266,,1.5280557597825447e-09
3267,,1.5279319833483645e-09
3268,,1.527068352752647e-09
3269,,1.526837707675942e-09
3270,,1.5266881940307993e-09
3271,,1.526563392453975e-09
3272,,1.5257215484997757e-09
3273,,1.5254766061792085e-09
3274,,1.525322855703517e-09
3275,,1.5251968807374404e-09
3276,,1.5243793380304168e-09
3277,,1.5241183018369127e-09
3278,,1.523959767939109e-09
3279,,1.5238324531102192e-09
3280,,1.5230420340741227e-09
3281,,1.5227628894069562e-09
3282,,1.5225989577051119e-09
3283,,1.5224701155597674e-09
3284,,1.5217099983161108e-09
3285,,1.521410474797168e-09
3286,,1.5212404549018493e-09
3287,,1.5211098752501525e-09
3288,,1.5203836257899724e-09
3289,,1.5200611787284936e-09
3290,,1.5198842943978906e-09
3291,,1.5197517404485264e-09
3292,,1.5190633753761552e-09
3293,,1.5187151357127065e-09
3294,,1.5185305146721317e-09
3295,,1.5183957209949242e-09
3296,,1.5177497460779926e-09
3297,,1.5173724991987648e-09
3298,,1.5171791608654494e-09
3299,,1.5170418284404846e-09
3300,,1.5164433193520782e-09
3301,,1.5160334399698627e-09
3302,,1.5158302822507867e-09
3303,,1.5156900755754077e-09
3304,,1.515569045569689e-09
3305,,1.5146981514651606e-09
3306,,1.5144839362952823e-09
3307,,1.5143404779602289e-09
3308,,1.5142185730648727e-09
3309,,1.5133668536002504e-09
3310,,1.5131401870084817e-09
3311,,1.5129930527674007e-09
3312,,1.5128701437775159e-09
3313,,1.5120397882227877e-09
3314,,1.5117991069804546e-09
3315,,1.5116478201754234e-09
3316,,1.5115237617270834e-09
3317,,1.5107172353148162e-09
3318,,1.5104607781011539e-09
3319,,1.5103048029821415e-09
3320,,1.5101794316933264e-09
3321,,1.5093995011814815e-09
3322,,1.5091252931452406e-09
3323,,1.5089640273388364e-09
3324,,1.5088371596674226e-09
3325,,1.5080869404912447e-09
3326,,1.507792755971727e-09
3327,,1.5076255226846238e-09
3328,,1.5074969523708703e-09
3329,,1.506779940381716e-09
3330,,1.5064632848292458e-09
3331,,1.506289323195505e-09
3332,,1.5061588183409735e-09
3333,,1.5054789507491106e-09
3334,,1.5051370116787816e-09
3335,,1.5049554665409557e-09
3336,,1.504822766830408e-09
3337,,1.504184460618873e-09
3338,,1.5038140867607444e-09
3339,,1.503623996964949e-09
3340,,1.503488809247534e-09
3341,,1.5028970400493524e-09
3342,,1.5024946777453708e-09
3343,,1.502294962647819e-09
3344,,1.5021569581611872e-09
3345,,1.5020377524528023e-09
3346,,1.5011789740210926e-09
3347,,1.5009684202482514e-09
3348,,1.5008272288581991e-09
3349,,1.5007071661712492e-09
3350,,1.499867191156861e-09
3351,,1.4996444321434629e-09
3352,,1.4994996380620785e-09
3353,,1.4993785917359775e-09
3354,,1.4985595665802623e-09
3355,,1.4983230697810026e-09
3356,,1.4981742057052447e-09
3357,,1.4980520332412528e-09
3358,,1.4972563742122035e-09
3359,,1.4970044130728698e-09
3360,,1.496850953741384e-09
3361,,1.4967274952304333e-09
3362,,1.495957914656373e-09
3363,,1.4956885532204046e-09
3364,,1.495529908367195e-09
3365,,1.4954049835871397e-09
3366,,1.494664535391614e-09
3367,,1.4943755920244788e-09
3368,,1.4942110978712092e-09
3369,,1.494084504952114e-09
3370,,1.493376616227236e-09
3371,,1.493065645167121e-09
3372,,1.4928945561961136e-09
3373,,1.4927660674490876e-09
3374,,1.4920945977353645e-09
3375,,1.4917588423911815e-09
3376,,1.491580319930041e-09
3377,,1.4914496804483924e-09
3378,,1.4908189596971013e-09
3379,,1.4904553306690087e-09
3380,,1.4902684326590921e-09
3381,,1.4901353549029472e-09
3382,,1.4895502607277674e-09
3383,,1.4891552742342115e-09
3384,,1.4889589415299907e-09
3385,,1.4888231032262738e-09
3386,,1.488705693124002e-09
3387,,1.4878588591226124e-09
3388,,1.4876519019679732e-09
3389,,1.487512940267783e-09
3390,,1.4873946910048646e-09
3391,,1.4865662963639744e-09
3392,,1.486347375282529e-09
3393,,1.4862048825542807e-09
3394,,1.486085669745082e-09
3395,,1.4852778187829887e-09
3396,,1.4850454312530203e-09
3397,,1.4848989495476205e-09
3398,,1.4847786336183076e-09
3399,,1.4839936948768626e-09
3400,,1.483746148568665e-09
3401,,1.4835951628593132e-09
3402,,1.4834735868827348e-09
3403,,1.4827142192672755e-09
3404,,1.4824496162536816e-09
3405,,1.4822935478534704e-09
3406,,1.4821705353127558e-09
3407,,1.4814397326914766e-09
3408,,1.4811559343069013e-09
3409,,1.4809941327941378e-09
3410,,1.480869485485488e-09
3411,,1.480170607354434e-09
3412,,1.479865216132644e-09
3413,,1.4796969503744564e-09
3414,,1.4795704455739805e-09
3415,,1.4789072751900933e-09
3416,,1.478577588811282e-09
3417,,1.4784020368020492e-09
3418,,1.4782734241889744e-09
3419,,1.4776502064336621e-09
3420,,1.4772931963877992e-09
3421,,1.477109434630688e-09
3422,,1.4769784325418764e-09
3423,,1.4763999488317765e-09
3424,,1.476012200022772e-09
3425,,1.475819190127312e-09
3426,,1.4756854825752651e-09
3427,,1.4755698403390562e-09
3428,,1.474734781882186e-09
3429,,1.4745313576106922e-09
3430,,1.4743945890568705e-09
3431,,1.474278124831881e-09
3432,,1.4734611488935313e-09
3433,,1.473245997185976e-09
3434,,1.4731057679152497e-09
3435,,1.4729883599439718e-09
3436,,1.4721915292032795e-09
3437,,1.471963177361906e-09
3438,,1.4718190383425011e-09
3439,,1.4717005495398485e-09
3440,,1.4709261862658439e-09
3441,,1.4706829748706474e-09
3442,,1.470534421527249e-09
3443,,1.4704146981669036e-09
3444,,1.469665408685209e-09
3445,,1.4694054775476735e-09
3446,,1.4692519422937334e-09
3447,,1.4691308114163307e-09
3448,,1.468409530514735e-09
3449,,1.4681307829095732e-09
3450,,1.4679716281688718e-09
3451,,1.4678488955323095e-09
3452,,1.4671589164462355e-09
3453,,1.4668590023489259e-09
3454,,1.4666935114330736e-09
3455,,1.4665689585629918e-09
3456,,1.4659139902121397e-09
3457,,1.4655902602643686e-09
3458,,1.4654176275363706e-09
3459,,1.4652910091072225e-09
3460,,1.4646752126545747e-09
3461,,1.4643246981098539e-09
3462,,1.464144017977381e-09
3463,,1.4640150579561724e-09
3464,,1.4634431205590549e-09
3465,,1.4630624736992135e-09
3466,,1.462872728380163e-09
3467,,1.4627411169928638e-09
3468,,1.4626272148589186e-09
3469,,1.4618037655821327e-09
3470,,1.4616038118863744e-09
3471,,1.461469200385286e-09
3472,,1.461354493146313e-09
3473,,1.4605487765846135e-09
3474,,1.4603373272308097e-09
3475,,1.4601993240908286e-09
3476,,1.4600836923715275e-09
3477,,1.4592977306295954e-09
3478,,1.4590733418513758e-09
3479,,1.4589315065470271e-09
3480,,1.4588148162941488e-09
3481,,1.458050885552855e-09
3482,,1.4578119308005389e-09
3483,,1.4576657689514946e-09
3484,,1.4575478690051855e-09
3485,,1.4568085244829722e-09
3486,,1.4565531800864433e-09
3487,,1.4564021352339014e-09
3488,,1.4562828562798083e-09
3489,,1.455570974787116e-09
3490,,1.455297185515143e-09
3491,,1.4551406326297132e-09
3492,,1.4550197842012955e-09
3493,,1.4543385942826415e-09
3494,,1.4540440561330396e-09
3495,,1.453881292477408e-09
3496,,1.4537586604903547e-09
3497,,1.4531117977952993e-09
3498,,1.4527939139474618e-09
3499,,1.4526241499044492e-09
3500,,1.452499493641195e-09
3501,,1.4518910374214523e-09
3502,,1.451546897442651e-09
3503,,1.4513692453954287e-09
3504,,1.4512422944332184e-09
3505,,1.4506768393216736e-09
3506,,1.4503031614225028e-09
3507,,1.4501166236261067e-09
3508,,1.4499870741686944e-09
3509,,1.4498748850696455e-09
3510,,1.449062881135213e-09
3511,,1.4488663365871752e-09
3512,,1.4487338468545417e-09
3513,,1.4486208693188927e-09
3514,,1.4478262550162929e-09
3515,,1.4476184421662997e-09
3516,,1.4474826282379076e-09
3517,,1.4473687450754749e-09
3518,,1.4465935027137223e-09
3519,,1.446373005984315e-09
3520,,1.4462334362956208e-09
3521,,1.4461185160674043e-09
3522,,1.4453648769650353e-09
3523,,1.4451301020918746e-09
3524,,1.4449862916214601e-09
3525,,1.4448701864320768e-09
3526,,1.4441406554078758e-09
3527,,1.4438898145033795e-09
3528,,1.4437412179724948e-09
3529,,1.4436237615025684e-09
3530,,1.442921158870358e-09
3531,,1.4426522372266593e-09
3532,,1.4424982419078842e-09
3533,,1.4423792475658179e-09
3534,,1.4417067380863478e-09
3535,,1.4414174770359585e-09
3536,,1.4412573941757167e-09
3537,,1.4411366521028503e-09
3538,,1.440497799796587e-09
3539,,1.4401856536308467e-09
3540,,1.4400187090067945e-09
3541,,1.4398959834245698e-09
3542,,1.439294787129247e-09
3543,,1.4389569028686417e-09
3544,,1.438782226310161e-09
3545,,1.4386572517808082e-09
3546,,1.4380982157616148e-09
3547,,1.4377313763391727e-09
3548,,1.437547989685869e-09
3549,,1.437420468529523e-09
3550,,1.4373099659917573e-09
3551,,1.436509245739977e-09
3552,,1.4363160503818353e-09
3553,,1.4361856475882863e-09
3554,,1.436074372669739e-09
3555,,1.43529070583511e-09
3556,,1.435086464718532e-09
3557,,1.4349528040410256e-09
3558,,1.4348406420525667e-09
3559,,1.434075971710749e-09
3560,,1.433859297382763e-09
3561,,1.4337219556790307e-09
3562,,1.433608777619576e-09
3563,,1.4328652912790296e-09
3564,,1.4326346208633019e-09
3565,,1.4324931224237361e-09
3566,,1.4323787836083789e-09
3567,,1.4316589366141244e-09
3568,,1.431412517232931e-09
3569,,1.431266327948637e-09
3570,,1.4311506651063636e-09
3571,,1.4304572221656917e-09
3572,,1.4301930790214e-09
3573,,1.430041597839859e-09
3574,,1.4299244282671466e-09
3575,,1.4292604917909139e-09
3576,,1.4289764107072887e-09
3577,,1.4288189626468592e-09
3578,,1.4287000802970757e-09
3579,,1.4280691443401775e-09
3580,,1.427762629604006e-09
3581,,1.4275984556509896e-09
3582,,1.4274776295953415e-09
3583,,1.426883613916322e-09
3584,,1.4265518689596442e-09
3585,,1.4263801161216035e-09
3586,,1.4262570860766487e-09
3587,,1.4257044063028006e-09
3588,,1.425344277294009e-09
3589,,1.4251639866643858e-09
3590,,1.4250384610502065e-09
3591,,1.4249296186090291e-09
3592,,1.4241400229311808e-09
3593,,1.4239501174621234e-09
3594,,1.4238217676845279e-09
3595,,1.4237121687569965e-09
3596,,1.4229392967610468e-09
3597,,1.422738563998458e-09
3598,,1.4226070210316107e-09
3599,,1.4224965533403575e-09
3600,,1.421742309820545e-09
3601,,1.4215293893052284e-09
3602,,1.421394238567658e-09
3603,,1.421282775508047e-09
3604,,1.4205493047871604e-09
3605,,1.4203226646520511e-09
3606,,1.4201834398472578e-09
3607,,1.4200708394894834e-09
3608,,1.419360548595582e-09
3609,,1.4191184705011995e-09
3610,,1.4189746478334675e-09
3611,,1.4188607504032177e-09
3612,,1.4181763494333129e-09
3613,,1.4179168974531744e-09
3614,,1.4177678878859886e-09
3615,,1.4176525139913265e-09
3616,,1.4169970444476703e-09
3617,,1.4167180479877424e-09
3618,,1.4165631897709895e-09
3619,,1.4164461374985076e-09
3620,,1.4158230244475988e-09
3621,,1.4155220371040457e-09
3622,,1.4153605861722545e-09
3623,,1.415241629168387e-09
3624,,1.4146547152320774e-09
3625,,1.4143289952761236e-09
3626,,1.4141601154706879e-09
3627,,1.4140389986623643e-09
3628,,1.4134926122805792e-09
3629,,1.413139068232259e-09
3630,,1.4129618195256559e-09
3631,,1.41283825687844e-09
3632,,1.4127310487915504e-09
3633,,1.4119524209404484e-09
3634,,1.4117657473759745e-09
3635,,1.411639416977405e-09
3636,,1.4115314681265686e-09
3637,,1.4107692405229978e-09
3638,,1.4105719536252566e-09
3639,,1.410442493598543e-09
3640,,1.4103336936833907e-09
3641,,1.4095897337373132e-09
3642,,1.409380500008879e-09
3643,,1.4092475038883489e-09
3644,,1.4091377289414185e-09
3645,,1.408414138761669e-09
3646,,1.408191456253686e-09
3647,,1.408054467049186e-09
3648,,1.4079435778709711e-09
3649,,1.4072427168882436e-09
3650,,1.407004901300144e-09
3651,,1.4068634054672458e-09
3652,,1.4067512453871193e-09
3653,,1.4060757703954864e-09
3654,,1.4058209238699339e-09
3655,,1.4056743440687247e-09
3656,,1.4055607372481139e-09
3657,,1.404913629847188e-09
3658,,1.404639624497989e-09
3659,,1.404487311956567e-09
3660,,1.4043720606271496e-09
3661,,1.403756678301895e-09
3662,,1.4034611160143099e-09
3663,,1.403302341203289e-09
3664,,1.4031852232272046e-09
3665,,1.4026053331256995e-09
3666,,1.4022855261369826e-09
3667,,1.4021194693983593e-09
3668,,1.4020002347686943e-09
3669,,1.4014600799470854e-09
3670,,1.4011129975644383e-09
3671,,1.4009387375946608e-09
3672,,1.4008171061238696e-09
3673,,1.400711507035664e-09
3674,,1.399943692453606e-09
3675,,1.3997601939770033e-09
3676,,1.3996358499323348e-09
3677,,1.3995295252760032e-09
3678,,1.398777793925685e-09
3679,,1.3985838917368122e-09
3680,,1.3984564804888404e-09
3681,,1.398349322229076e-09
3682,,1.3976155046426841e-09
3683,,1.3974098917974045e-09
3684,,1.397279014635889e-09
3685,,1.3971709012376367e-09
3686,,1.3964570582238485e-09
3687,,1.3962382621396696e-09
3688,,1.3961034712926154e-09
3689,,1.3959942663169395e-09
3690,,1.3953027108778796e-09
3691,,1.3950690804429476e-09
3692,,1.3949298722953206e-09
3693,,1.3948194221794107e-09
3694,,1.3941527586855915e-09
3695,,1.3939024333665484e-09
3696,,1.3937582421543391e-09
3697,,1.3936463743220425e-09
3698,,1.3930075256347674e-09
3699,,1.3927384197264095e-09
3700,,1.392588609215806e-09
3701,,1.3924751299938935e-09
3702,,1.391867387398664e-09
3703,,1.3915771498472898e-09
3704,,1.3914210051494781e-09
3705,,1.3913056967530226e-09
3706,,1.3907327531724455e-09
3707,,1.3904187490704546e-09
3708,,1.3902554666580102e-09
3709,,1.3901380840428953e-09
3710,,1.3896040989842473e-09
3711,,1.3892633575556936e-09
3712,,1.389092033993222e-09
3713,,1.3889723023449368e-09
3714,,1.3888682872804167e-09
3715,,1.3881111337724113e-09
3716,,1.3879307543980755e-09
3717,,1.3878083641468058e-09
3718,,1.387703638591151e-09
3719,,1.3869622574895561e-09
3720,,1.3867716800441816e-09
3721,,1.3866462835565498e-09
3722,,1.3865407414773465e-09
3723,,1.3858169272856586e-09
3724,,1.385614870367175e-09
3725,,1.3854860771674125e-09
3726,,1.3853795992588215e-09
3727,,1.384675371946942e-09
3728,,1.384460392343144e-09
3729,,1.3843277631848392e-09
3730,,1.3842202158213343e-09
3731,,1.3835378431041008e-09
3732,,1.38330832196885e-09
3733,,1.3831713632185725e-09
3734,,1.383062595907683e-09
3735,,1.382404630678943e-09
3736,,1.3821587443038955e-09
3737,,1.3820169012230976e-09
3738,,1.3819067449159218e-09
3739,,1.3812760525721105e-09
3740,,1.3810117560445052e-09
3741,,1.380864405081991e-09
3742,,1.3807526696901292e-09
3743,,1.380152476614573e-09
3744,,1.3798674653276027e-09
3745,,1.379713905585536e-09
3746,,1.3796003776998484e-09
3747,,1.3790343042589607e-09
3748,,1.3787259951764446e-09
3749,,1.3785654389471778e-09
3750,,1.3784498784148438e-09
3751,,1.3779220018817035e-09
3752,,1.3775874829136138e-09
3753,,1.377419044597944e-09
3754,,1.377301181852985e-09
3755,,1.3771987262961978e-09
3756,,1.376452083732264e-09
3757,,1.3762747687122349e-09
3758,,1.3761543004777855e-09
3759,,1.376051148932947e-09
3760,,1.3753199740012515e-09
3761,,1.375132662447839e-09
3762,,1.3750092479118923e-09
3763,,1.3749052966590828e-09
3764,,1.3741913484444283e-09
3765,,1.3739927841834549e-09
3766,,1.3738660403965773e-09
3767,,1.3737611724695288e-09
3768,,1.3730664311980075e-09
3769,,1.3728551993854903e-09
3770,,1.372724695831851e-09
3771,,1.3726187801456439e-09
3772,,1.3719454689476713e-09
3773,,1.371719982715553e-09
3774,,1.3715852355347191e-09
3775,,1.3714781244886069e-09
3776,,1.3708287460355772e-09
3777,,1.3705872174199343e-09
3778,,1.3704476827306466e-09
3779,,1.370339210800258e-09
3780,,1.3697165737753978e-09
3781,,1.3694569983549299e-09
3782,,1.3693120649201788e-09
3783,,1.3692020456437054e-09
3784,,1.3686093129597123e-09
3785,,1.368329431535606e-09
3786,,1.3681784122235058e-09
3787,,1.3680666364775088e-09
3788,,1.3675073571941097e-09
3789,,1.3672046374706843e-09
3790,,1.36704676009217e-09
3791,,1.3669329923050983e-09
3792,,1.3664111635200036e-09
3793,,1.3660827507540545e-09
3794,,1.3659171472902656e-09
3795,,1.3658011232931239e-09
3796,,1.3657002030970275e-09
3797,,1.3649639236823755e-09
3798,,1.3647896189886954e-09
3799,,1.3646710414353071e-09
3800,,1.3645694396213822e-09
3801,,1.363848328904203e-09
3802,,1.3636642251957555e-09
3803,,1.363542760111415e-09
3804,,1.3634403748539002e-09
3805,,1.3627361575173291e-09
3806,,1.3625410233927451e-09
3807,,1.3624162952227654e-09
3808,,1.3623130120539862e-09
3809,,1.361627629143897e-09
3810,,1.3614200775858783e-09
3811,,1.3612916644120702e-09
3812,,1.361187354726869e-09
3813,,1.3605229855528161e-09
3814,,1.3603014609565041e-09
3815,,1.3601688882695647e-09
3816,,1.3600634075691247e-09
3817,,1.3594225053823784e-09
3818,,1.3591852551075771e-09
3819,,1.359047989937814e-09
3820,,1.3589411756905213e-09
3821,,1.3583264941574444e-09
3822,,1.3580715530957558e-09
3823,,1.3579289961213205e-09
3824,,1.3578206656678116e-09
3825,,1.3572353052193148e-09
3826,,1.3569604587729117e-09
3827,,1.356811936455936e-09
3828,,1.356701884807891e-09
3829,,1.3561493246049963e-09
3830,,1.3558520903094624e-09
3831,,1.355696845746747e-09
3832,,1.355584841810385e-09
3833,,1.3550690001590452e-09
3834,,1.3547465795716083e-09
3835,,1.3545837616388854e-09
3836,,1.3544695466727123e-09
3837,,1.354370137955709e-09
3838,,1.3536440758662586e-09
3839,,1.353472728611665e-09
3840,,1.3533560110726264e-09
3841,,1.3532559348035212e-09
3842,,1.3525447485301768e-09
3843,,1.352363795924977e-09
3844,,1.3522442482668688e-09
3845,,1.3521434047007263e-09
3846,,1.3514487846759294e-09
3847,,1.3512570195648251e-09
3848,,1.3511342736296787e-09
3849,,1.3510325505307785e-09
3850,,1.3503563998895163e-09
3851,,1.3501524624977272e-09
3852,,1.3500261047465478e-09
3853,,1.3499233760694714e-09
3854,,1.3492678308881369e-09
3855,,1.3490501962713635e-09
3856,,1.3489197617088785e-09
3857,,1.348815885529724e-09
3858,,1.3481833509573088e-09
3859,,1.3479503009912504e-09
3860,,1.3478152669010524e-09
3861,,1.3477100841673744e-09
3862,,1.3471032595045445e-09
3863,,1.3468528678461676e-09
3864,,1.3467126468605628e-09
3865,,1.346605978355984e-09
3866,,1.3460279029955177e-09
3867,,1.3457579985580653e-09
3868,,1.3456119304914441e-09
3869,,1.3455035752168337e-09
3870,,1.3449576598293144e-09
3871,,1.3446658091256166e-09
3872,,1.3445131515606079e-09
3873,,1.344402883363749e-09
3874,,1.343892968950284e-09
3875,,1.343576428659939e-09
3876,,1.343416347699358e-09
3877,,1.343303912411186e-09
3878,,1.3432059917732549e-09
3879,,1.3424900035898865e-09
3880,,1.3423215618841606e-09
3881,,1.342206673949667e-09
3882,,1.342108099662149e-09
3883,,1.3414066998885432e-09
3884,,1.3412288426192047e-09
3885,,1.3411111809499284e-09
3886,,1.3410118551050035e-09
3887,,1.3403267010534317e-09
3888,,1.3401382448199586e-09
3889,,1.3400174485204226e-09
3890,,1.339917261048872e-09
3891,,1.3392502181450355e-09
3892,,1.3390498300729841e-09
3893,,1.3389254937105718e-09
3894,,1.3388243209815265e-09
3895,,1.338177483507387e-09
3896,,1.3379636684992634e-09
3897,,1.3378353363321388e-09
3898,,1.3377330393312518e-09
3899,,1.3371087648810576e-09
3900,,1.3368798388408122e-09
3901,,1.3367469983311758e-09
3902,,1.3366434211744682e-09
3903,,1.3360443558408352e-09
3904,,1.3357984302779345e-09
3905,,1.3356605055888657e-09
3906,,1.3355554726382576e-09
3907,,1.3349845960364165e-09
3908,,1.334719542656383e-09
3909,,1.3345758864508203e-09
3910,,1.3344692005882505e-09
3911,,1.3339298563484128e-09
3912,,1.3336432894443215e-09
3913,,1.3334931743482291e-09
3914,,1.333384613712027e-09
3915,,1.332880567082292e-09
3916,,1.3325697974303653e-09
3917,,1.3324124056007244e-09
3918,,1.332301721284584e-09
3919,,1.3322052659251128e-09
3920,,1.3314992100898759e-09
3921,,1.3313336228608242e-09
3922,,1.3312205347448854e-09
3923,,1.3311234391601566e-09
3924,,1.3304316899993401e-09
3925,,1.3302568733473276e-09
3926,,1.3301410667947787e-09
3927,,1.3300432349761035e-09
3928,,1.3293674171603589e-09
3929,,1.3291822108333233e-09
3930,,1.3290633320820116e-09
3931,,1.3289646562457643e-09
3932,,1.328306598526155e-09
3933,,1.3281096959802072e-09
3934,,1.3279873474257135e-09
3935,,1.327887706440309e-09
3936,,1.3272494617795035e-09
3937,,1.3270393974207162e-09
3938,,1.32691313228863e-09
3939,,1.3268123897630264e-09
3940,,1.3261962693115634e-09
3941,,1.3259713921525824e-09
3942,,1.3258407080776553e-09
3943,,1.325738711244992e-09
3944,,1.3251473090414802e-09
3945,,1.3249057676095462e-09
3946,,1.3247701001430218e-09
3947,,1.324666676781794e-09
3948,,1.3241029138612538e-09
3949,,1.3238426218794068e-09
3950,,1.3237013365078081e-09
3951,,1.323596293322764e-09
3952,,1.3230634472105262e-09
3953,,1.3227820660341346e-09
3954,,1.3226344495730275e-09
3955,,1.3225275691163508e-09
3956,,1.322029331112581e-09
3957,,1.3217242244213966e-09
3958,,1.3215694751372684e-09
3959,,1.3214605134625972e-09
3960,,1.321365500712014e-09
3961,,1.3206692375981774e-09
3962,,1.3205064549030433e-09
3963,,1.3203951374825291e-09
3964,,1.3202994976002296e-09
3965,,1.3196172650938914e-09
3966,,1.3194454352620054e-09
3967,,1.3193314534747974e-09
3968,,1.3192350925823145e-09
3969,,1.3185684832166128e-09
3970,,1.3183864688583123e-09
3971,,1.3182694760308177e-09
3972,,1.3181722883470705e-09
3973,,1.317523094822614e-09
3974,,1.3173296151780852e-09
3975,,1.3172092214746402e-09
3976,,1.3171110881923292e-09
3977,,1.3164813230909064e-09
3978,,1.3162749414280673e-09
3979,,1.3161507089090165e-09
3980,,1.3160514964690264e-09
3981,,1.3154434253570583e-09
3982,,1.3152225231980105e-09
3983,,1.3150939593428357e-09
3984,,1.3149935177605747e-09
3985,,1.3144096838066786e-09
3986,,1.3141724461786441e-09
3987,,1.3140389976282275e-09
3988,,1.3139371583079473e-09
3989,,1.3133804245628049e-09
3990,,1.3131248063666355e-09
3991,,1.312985851136735e-09
3992,,1.312882424527534e-09
3993,,1.3123560043761537e-09
3994,,1.3120797127425533e-09
3995,,1.311934551707447e-09
3996,,1.3118293246612776e-09
3997,,1.3113368365038969e-09
3998,,1.3110372871534496e-09
3999,,1.3108851343698864e-09
4000,,1.3107778676600604e-09
4001,,1.3106842751270768e-09
4002,,1.309997667529107e-09
4003,,1.3098376401062035e-09
4004,,1.309728064604564e-09
4005,,1.309633857860107e-09
4006,,1.308961010005532e-09
4007,,1.3087921142087986e-09
4008,,1.3086799274043353e-09
4009,,1.3085850145099842e-09
4010,,1.3079274875816724e-09
4011,,1.3077486084907225e-09
4012,,1.3076334704992104e-09
4013,,1.3075377476298491e-09
4014,,1.306897299035202e-09
4015,,1.3067071810042423e-09
4016,,1.306588709751697e-09
4017,,1.3064920606231869e-09
4018,,1.3058706631908503e-09
4019,,1.3056678977858855e-09
4020,,1.3055456638128828e-09
4021,,1.3054479573720971e-09
4022,,1.3048478323210179e-09
4023,,1.3046308328454025e-09
4024,,1.304504353612563e-09
4025,,1.3044054427710778e-09
4026,,1.3038290829422275e-09
4027,,1.303596070285094e-09
4028,,1.3034648031720212e-09
4029,,1.3033645226612752e-09
4030,,1.3028147348608009e-09
4031,,1.3025637041595733e-09
4032,,1.302427039313626e-09
4033,,1.302325203443639e-09
4034,,1.3018051377148407e-09
4035,,1.3015338413036676e-09
4036,,1.3013910934515723e-09
4037,,1.3012874932083482e-09
4038,,1.3008006966782572e-09
4039,,1.3005066011411002e-09
4040,,1.3003569997696022e-09
4041,,1.300251400646555e-09
4042,,1.3001592064500375e-09
4043,,1.2994821188034854e-09
4044,,1.2993247984770318e-09
4045,,1.299216936579809e-09
4046,,1.299124140981338e-09
4047,,1.2984605474382078e-09
4048,,1.29829453394526e-09
4049,,1.2981841127612005e-09
4050,,1.298090625501278e-09
4051,,1.297442056587187e-09
4052,,1.2972662569413093e-09
4053,,1.297152943361756e-09
4054,,1.2970586626099714e-09
4055,,1.2964268412310423e-09
4056,,1.2962400244775197e-09
4057,,1.2961234437578704e-09
4058,,1.296028255573738e-09
4059,,1.2954151157187748e-09
4060,,1.2952159011644275e-09
4061,,1.2950956325393088e-09
4062,,1.2949994084305915e-09
4063,,1.294407127260448e-09
4064,,1.29419395957458e-09
4065,,1.2940695297736933e-09
4066,,1.2939721256600034e-09
4067,,1.2934031471498572e-09
4068,,1.2931742821580865e-09
4069,,1.2930451593540629e-09
4070,,1.2929464130404046e-09
4071,,1.2924034887224214e-09
4072,,1.2921569610986041e-09
4073,,1.292022547470781e-09
4074,,1.2919222770240313e-09
4075,,1.2914084947937316e-09
4076,,1.2911421010803215e-09
4077,,1.2910017248383304e-09
4078,,1.2908997253090072e-09
4079,,1.2904185626458745e-09
4080,,1.2901298193662645e-09
4081,,1.2899827249718686e-09
4082,,1.2898787665801001e-09
4083,,1.2894341248924996e-09
4084,,1.2891202486078028e-09
4085,,1.2889655875495049e-09
4086,,1.2888594113412966e-09
4087,,1.2887680050031334e-09
4088,,1.2881135381565838e-09
4089,,1.2879503556786185e-09
4090,,1.287841671258474e-09
4091,,1.2877495872875774e-09
4092,,1.2871098547712056e-09
4093,,1.286937079315174e-09
4094,,1.2868255599038815e-09
4095,,1.2867326987282733e-09
4096,,1.2861093891867621e-09
4097,,1.2859258141612467e-09
4098,,1.2858110926301285e-09
4099,,1.285717342395238e-09
4100,,1.2851123519678563e-09
4101,,1.2849166238200669e-09
4102,,1.2847982873961322e-09
4103,,1.2847035223541253e-09
4104,,1.284118985228465e-09
4105,,1.2839095791987744e-09
4106,,1.283787164127474e-09
4107,,1.2836912429345058e-09
4108,,1.2831295550795277e-09
4109,,1.2829047612226229e-09
4110,,1.2827777461050574e-09
4111,,1.2826805096741617e-09
4112,,1.2821443685142884e-09
4113,,1.2819022601049564e-09
4114,,1.281770058989951e-09
4115,,1.2816713290086345e-09
4116,,1.2811637616545502e-09
4117,,1.2809021788436319e-09
4118,,1.2807641329139466e-09
4119,,1.2806637084971458e-09
4120,,1.2801881236996166e-09
4121,,1.2799046318774647e-09
4122,,1.2797600007887346e-09
4123,,1.2796576565873899e-09
4124,,1.2792178792967601e-09
4125,,1.2789097496805701e-09
4126,,1.278757701326343e-09
4127,,1.2786531836214784e-09
4128,,1.2785631450056728e-09
4129,,1.2779176784770994e-09
4130,,1.277757276884185e-09
4131,,1.2776503008289765e-09
4132,,1.2775595986290778e-09
4133,,1.276928581595059e-09
4134,,1.2767587764759918e-09
4135,,1.2766490218215757e-09
4136,,1.2765575582380928e-09
4137,,1.2759426461392665e-09
4138,,1.275762254643275e-09
4139,,1.2756493615236324e-09
4140,,1.2755570269345382e-09
4141,,1.2749600784482462e-09
4142,,1.2747677736453965e-09
4143,,1.2746513374123496e-09
4144,,1.274558008549647e-09
4145,,1.273981116118142e-09
4146,,1.2737754032116978e-09
4147,,1.2736549690724868e-09
4148,,1.2735605073946086e-09
4149,,1.2730060196781684e-09
4150,,1.2727852224409106e-09
4151,,1.2726602794589069e-09
4152,,1.2725645289310586e-09
4153,,1.272035090242469e-09
4154,,1.2717973199612128e-09
4155,,1.2716672934870768e-09
4156,,1.2715700793995324e-09
4157,,1.2710686573637395e-09
4158,,1.2708117964358597e-09
4159,,1.270676040868568e-09
4160,,1.270577166235065e-09
4161,,1.2701071024069237e-09
4162,,1.2698287642777536e-09
4163,,1.2696865537470402e-09
4164,,1.2695857977698444e-09
4165,,1.2691508416473822e-09
4166,,1.2688483513697103e-09
4167,,1.2686988700535596e-09
4168,,1.268595983961817e-09
4169,,1.2685072919375245e-09
4170,,1.2678707008552348e-09
4171,,1.2677130315477393e-09
4172,,1.2676077359623509e-09
4173,,1.2675183939602315e-09
4174,,1.2668959731206748e-09
4175,,1.266729085846759e-09
4176,,1.266621067021529e-09
4177,,1.2665309792435195e-09
4178,,1.2659243515771688e-09
4179,,1.2657470867675233e-09
4180,,1.265635991723846e-09
4181,,1.2655450507311974e-09
4182,,1.264956038270702e-09
4183,,1.2647670952331375e-09
4184,,1.2646525273382148e-09
4185,,1.264560612071571e-09
4186,,1.2639912661695377e-09
4187,,1.2637891794596779e-09
4188,,1.2636706930606719e-09
4189,,1.2635776678224074e-09
4190,,1.263030290763741e-09
4191,,1.2628134171253385e-09
4192,,1.2626905111688131e-09
4193,,1.2625962231415843e-09
4194,,1.2620734070510873e-09
4195,,1.2618398951160238e-09
4196,,1.261712006239801e-09
4197,,1.2616162840314566e-09
4198,,1.261120938338633e-09
4199,,1.2608687120129135e-09
4200,,1.260735207323272e-09
4201,,1.2606378578765751e-09
4202,,1.2601732582585572e-09
4203,,1.2598999780833482e-09
4204,,1.2597601460880683e-09
4205,,1.2596609527576188e-09
4206,,1.2592307751366211e-09
4207,,1.2589338186505286e-09
4208,,1.2587868596496572e-09
4209,,1.2586855785846806e-09
4210,,1.2585982124982053e-09
4211,,1.2579703740490364e-09
4212,,1.2578153885264338e-09
4213,,1.257711746187795e-09
4214,,1.2576237434844615e-09
4215,,1.257009801344239e-09
4216,,1.2568457801140666e-09
4217,,1.2567394685618777e-09
4218,,1.256650735235848e-09
4219,,1.2560522805989655e-09
4220,,1.2558780865889623e-09
4221,,1.2557687599328314e-09
4222,,1.2556791908028603e-09
4223,,1.2550980098087025e-09
4224,,1.2549123678798246e-09
4225,,1.254799637349051e-09
4226,,1.2547091136979267e-09
4227,,1.2541472171284134e-09
4228,,1.2539486907969628e-09
4229,,1.2538321194710516e-09
4230,,1.2537405082567699e-09
4231,,1.2532001532460017e-09
4232,,1.2529871315972412e-09
4233,,1.2528662281790384e-09
4234,,1.2527733796392833e-09
4235,,1.252257107322702e-09
4236,,1.2520277753503904e-09
4237,,1.251901987715593e-09
4238,,1.2518077337017272e-09
4239,,1.2513183961074531e-09
4240,,1.2510707186677948e-09
4241,,1.2509394263482172e-09
4242,,1.2508435776229183e-09
4243,,1.2503843861156673e-09
4244,,1.2501160696805673e-09
4245,,1.2499785751052387e-09
4246,,1.2498809194082794e-09
4247,,1.2494554774441886e-09
4248,,1.249163951203311e-09
4249,,1.2490194704452914e-09
4250,,1.2489197687269027e-09
4251,,1.2488337081245079e-09
4252,,1.2482145009648904e-09
4253,,1.2480621522500464e-09
4254,,1.2479601362056397e-09
4255,,1.2478734519893851e-09
4256,,1.2472678728056442e-09
4257,,1.2471066666209785e-09
4258,,1.2470020344713547e-09
4259,,1.2469146346229966e-09
4260,,1.2463242430638346e-09
4261,,1.2461530649200792e-09
4262,,1.2460454776237775e-09
4263,,1.2459572588989687e-09
4264,,1.245383806068606e-09
4265,,1.2452014058511727e-09
4266,,1.2450904821885772e-09
4267,,1.2450013283515668e-09
4268,,1.2444467853618413e-09
4269,,1.244251754947032e-09
4270,,1.2441370665762802e-09
4271,,1.244046847134107e-09
4272,,1.243513426784406e-09
4273,,1.2433041868387666e-09
4274,,1.2431852521836984e-09
4275,,1.2430938203004191e-09
4276,,1.242584013721792e-09
4277,,1.2423587850055083e-09
4278,,1.2422350628341296e-09
4279,,1.2421422535888797e-09
4280,,1.24165885673176e-09
4281,,1.2414156441778983e-09
4282,,1.241286526104813e-09
4283,,1.2411921543155177e-09
4284,,1.2407383150578754e-09
4285,,1.2404748702149463e-09
4286,,1.2403396726075606e-09
4287,,1.2402435297910979e-09
4288,,1.2398227809550188e-09
4289,,1.2395365835918779e-09
4290,,1.2393945378515948e-09
4291,,1.2392963898592417e-09
4292,,1.2392116145161688e-09
4293,,1.2386009192832002e-09
4294,,1.2384511610168666e-09
4295,,1.2383507447743363e-09
4296,,1.2382653586491652e-09
4297,,1.237668028164629e-09
4298,,1.2375095872195583e-09
4299,,1.237406606966351e-09
4300,,1.2373205199049084e-09
4301,,1.2367380830731693e-09
4302,,1.2365698669507584e-09
4303,,1.2364639902558849e-09
4304,,1.2363771009555823e-09
4305,,1.2358112744407788e-09
4306,,1.235632057673731e-09
4307,,1.235522910786003e-09
4308,,1.2354351053046188e-09
4309,,1.234887821537408e-09
4310,,1.2346962236210344e-09
4311,,1.23458338666786e-09
4312,,1.234494537086284e-09
4313,,1.2339679651068903e-09
4314,,1.2337624378837711e-09
4315,,1.2336454387553022e-09
4316,,1.2335554011936421e-09
4317,,1.2330519831990943e-09
4318,,1.2328307823807233e-09
4319,,1.2327090905213846e-09
4320,,1.2326177033406532e-09
4321,,1.232140180132584e-09
4322,,1.2319013499299885e-09
4323,,1.231774368888597e-09
4324,,1.231681450316473e-09
4325,,1.2312329081671887e-09
4326,,1.2309742444279758e-09
4327,,1.230841303927944e-09
4328,,1.2307466497691859e-09
4329,,1.230330551734107e-09
4330,,1.230049583755278e-09
4331,,1.2299099303998881e-09
4332,,1.2298133111000582e-09
4333,,1.2297298013051142e-09
4334,,1.2291275002495851e-09
4335,,1.2289802867887813e-09
4336,,1.2288814443709462e-09
4337,,1.228797336428511e-09
4338,,1.228208141943242e-09
4339,,1.228052417242451e-09
4340,,1.2279510618582268e-09
4341,,1.2278662672492489e-09
4342,,1.227291678198104e-09
4343,,1.2271263713011305e-09
4344,,1.2270221768830043e-09
4345,,1.2269365964225618e-09
4346,,1.2263782957059995e-09
4347,,1.2262022051243176e-09
4348,,1.2260948055110196e-09
4349,,1.2260083274580589e-09
4350,,1.2254682093244832e-09
4351,,1.2252799819014294e-09
4352,,1.2251689652750056e-09
4353,,1.2250814642344554e-09
4354,,1.2245616553075402e-09
4355,,1.2243597731398168e-09
4356,,1.2242446767915383e-09
4357,,1.224156011596962e-09
4358,,1.2236589059547996e-09
4359,,1.223441659074184e-09
4360,,1.2233219629714829e-09
4361,,1.2232319752688452e-09
4362,,1.2227602596380187e-09
4363,,1.2225257308065298e-09
4364,,1.2224008502791037e-09
4365,,1.2223093617314732e-09
4366,,1.2218660616869876e-09
4367,,1.2216120901895283e-09
4368,,1.221481367953347e-09
4369,,1.2213881786178546e-09
4370,,1.220976689009959e-09
4371,,1.2207008527903842e-09
4372,,1.2205635502752506e-09
4373,,1.2204684349939469e-09
4374,,1.2203861713627425e-09
4375,,1.2197921482665936e-09
4376,,1.2196474349532793e-09
4377,,1.2195501408974266e-09
4378,,1.2194672913007139e-09
4379,,1.2188861217390172e-09
4380,,1.218733065171298e-09
4381,,1.2186333080526469e-09
4382,,1.218549785880431e-09
4383,,1.2179829392320387e-09
4384,,1.2178204895066713e-09
4385,,1.2177179498765189e-09
4386,,1.217633657842784e-09
4387,,1.2170827837510967e-09
4388,,1.2169097631394261e-09
4389,,1.2168040818754045e-09
4390,,1.2167189103956587e-09
4391,,1.216185865932222e-09
4392,,1.2160009478025676e-09
4393,,1.2158917213229313e-09
4394,,1.2158055474771868e-09
4395,,1.2152924173574699e-09
4396,,1.215094113820536e-09
4397,,1.2149808883027076e-09
4398,,1.2148935738500407e-09
4399,,1.2144027049492558e-09
4400,,1.21418933964056e-09
4401,,1.214071605333677e-09
4402,,1.2139829949350808e-09
4403,,1.2135170212983157e-09
4404,,1.2132867145440568e-09
4405,,1.2131638983606074e-09
4406,,1.2130738172789026e-09
4407,,1.2126357047972105e-09
4408,,1.212386338524666e-09
4409,,1.2122577961340244e-09
4410,,1.2121660482515593e-09
4411,,1.2117591250552264e-09
4412,,1.2114883247836023e-09
4413,,1.2113533321981739e-09
4414,,1.2112596966874321e-09
4415,,1.2111786599265052e-09
4416,,1.2105928003796826e-09
4417,,1.2104505433536603e-09
4418,,1.2103547724444101e-09
4419,,1.2102731619350664e-09
4420,,1.209699907701548e-09
4421,,1.2095494720970345e-09
4422,,1.2094512871726867e-09
4423,,1.2093690178385823e-09
4424,,1.2088098094057426e-09
4425,,1.2086501660557227e-09
4426,,1.2085492538182943e-09
4427,,1.2084662302489682e-09
4428,,1.207922684906579e-09
4429,,1.2077526791159547e-09
4430,,1.2076486876763134e-09
4431,,1.2075648024831495e-09
4432,,1.2070387406877963e-09
4433,,1.2068570720200566e-09
4434,,1.2067496055816864e-09
4435,,1.2066647383263238e-09
4436,,1.2061582037664533e-09
4437,,1.2059634135440158e-09
4438,,1.2058520273914583e-09
4439,,1.2057660423881676e-09
4440,,1.20528133573532e-09
4441,,1.2050717807128913e-09
4442,,1.2049559749909584e-09
4443,,1.2048687200165737e-09
4444,,1.2044084234940043e-09
4445,,1.204182260977067e-09
4446,,1.2040614738929603e-09
4447,,1.2039727777387727e-09
4448,,1.2035397988959005e-09
4449,,1.2032949522843565e-09
4450,,1.2031685522478088e-09
4451,,1.203078222538441e-09
4452,,1.2026758239820427e-09
4453,,1.2024099657573338e-09
4454,,1.2022772428739067e-09
4455,,1.2021850632596945e-09
4456,,1.2021052346059308e-09
4457,,1.2015274258485294e-09
4458,,1.2013875819896176e-09
4459,,1.2012933095498266e-09
4460,,1.201212918894828e-09
4461,,1.2006474720827656e-09
4462,,1.2004996111121227e-09
4463,,1.2004029726954442e-09
4464,,1.2003219367197948e-09
4465,,1.1997702639759435e-09
4466,,1.1996133769292098e-09
4467,,1.199514065479187e-09
4468,,1.1994322905085233e-09
4469,,1.1988959774170048e-09
4470,,1.1987289323437783e-09
4471,,1.1986266026904597e-09
4472,,1.1985439837472155e-09
4473,,1.198024814759299e-09
4474,,1.1978463369051486e-09
4475,,1.1977406011181143e-09
4476,,1.1976570198401496e-09
4477,,1.1971569986652455e-09
4478,,1.1969656579499137e-09
4479,,1.196856080123324e-09
4480,,1.196771403672393e-09
4481,,1.1962927854882216e-09
4482,,1.1960869709607489e-09
4483,,1.1959730611218421e-09
4484,,1.1958871401735348e-09
4485,,1.1954324565291602e-09
4486,,1.1952103616775605e-09
4487,,1.1950915689632755e-09
4488,,1.1950042357283892e-09
4489,,1.1945763368915178e-09
4490,,1.1943359262220024e-09
4491,,1.194211631548138e-09
4492,,1.1941226974337415e-09
4493,,1.1937247817959267e-09
4494,,1.1934637733677759e-09
4495,,1.193333280717558e-09
4496,,1.1932425337602053e-09
4497,,1.1931638946208127e-09
4498,,1.1925940252680334e-09
4499,,1.192456552277602e-09
4500,,1.1923637540280877e-09
4501,,1.1922845645109687e-09
4502,,1.1917268186165513e-09
4503,,1.191581486657856e-09
4504,,1.1914863695610386e-09
4505,,1.1914065478830366e-09
4506,,1.190862309635648e-09
4507,,1.1907081298799315e-09
4508,,1.190610392766312e-09
4509,,1.190529847239649e-09
4510,,1.190000671028606e-09
4511,,1.1898365335973892e-09
4512,,1.1897358381951222e-09
4513,,1.189654465681609e-09
4514,,1.1891421009842886e-09
4515,,1.1889667561024936e-09
4516,,1.1888627222116025e-09
4517,,1.1887804068786196e-09
4518,,1.1882868176793305e-09
4519,,1.1880988635734775e-09
4520,,1.1879910637370042e-09
4521,,1.1879076753220718e-09
4522,,1.187435072748726e-09
4523,,1.187232930076028e-09
4524,,1.1871208837978134e-09
4525,,1.18703627605827e-09
4526,,1.1865871416492739e-09
4527,,1.186369039519277e-09
4528,,1.1862522070531805e-09
4529,,1.1861662151322594e-09
4530,,1.185743343136234e-09
4531,,1.1855072861004089e-09
4532,,1.185385060286497e-09
4533,,1.1852974996314423e-09
4534,,1.1849040255223831e-09
4535,,1.1846477764815236e-09
4536,,1.1845194753543832e-09
4537,,1.1844301378548717e-09
4538,,1.184352670024174e-09
4539,,1.1837906304573546e-09
4540,,1.18365548673318e-09
4541,,1.183564138865654e-09
4542,,1.1834861319721267e-09
4543,,1.1829359818851826e-09
4544,,1.182793134422236e-09
4545,,1.1826995137626907e-09
4546,,1.18262088768843e-09
4547,,1.1820839840940102e-09
4548,,1.181932463324264e-09
4549,,1.1818362747204806e-09
4550,,1.1817569395857224e-09
4551,,1.1812348063001843e-09
4552,,1.1810735242309915e-09
4553,,1.1809744360923575e-09
4554,,1.180894290761047e-09
4555,,1.180388642635268e-09
4556,,1.180216374277258e-09
4557,,1.1801140137554267e-09
4558,,1.180032944700237e-09
4559,,1.1795457072889702e-09
4560,,1.179361078203548e-09
4561,,1.1792550263716507e-09
4562,,1.1791729057617887e-09
4563,,1.1787062465949757e-09
4564,,1.1785077086634532e-09
4565,,1.1783974945007412e-09
4566,,1.178314178949508e-09
4567,,1.1778705308596279e-09
4568,,1.177656348050975e-09
4569,,1.1775414422326199e-09
4570,,1.177456770358474e-09
4571,,1.1770388723841083e-09
4572,,1.1768070883266796e-09
4573,,1.1766868959895693e-09
4574,,1.1766006866093952e-09
4575,,1.1762116127832245e-09
4576,,1.1759600344264375e-09
4577,,1.1758338867213375e-09
4578,,1.175745935974815e-09
4579,,1.1756696214963376e-09
4580,,1.175115303592647e-09
4581,,1.1749824484292969e-09
4582,,1.1748925274487301e-09
4583,,1.1748156850101026e-09
4584,,1.1742730271166444e-09
4585,,1.1741326202609445e-09
4586,,1.1740404717571866e-09
4587,,1.1739630227969212e-09
4588,,1.1734333553731328e-09
4589,,1.1732844463075314e-09
4590,,1.1731897808818705e-09
4591,,1.1731116373473213e-09
4592,,1.1725964539883166e-09
4593,,1.1724379763042123e-09
4594,,1.1723404688470553e-09
4595,,1.172261531474534e-09
4596,,1.1717625136179758e-09
4597,,1.1715932661395239e-09
4598,,1.1714925511766111e-09
4599,,1.1714127088017419e-09
4600,,1.1709317439694165e-09
4601,,1.1707503794288332e-09
4602,,1.170646046317817e-09
4603,,1.1705651735432966e-09
4604,,1.170104386499469e-09
4605,,1.1699093873453095e-09
4606,,1.1698009742541672e-09
4607,,1.1697189305579263e-09
4608,,1.1692807063424025e-09
4609,,1.1690703705242706e-09
4610,,1.1689573586663298e-09
4611,,1.1688739858478504e-09
4612,,1.16846100968606e-09
4613,,1.1682334194349688e-09
4614,,1.1681152254177829e-09
4615,,1.1680303458137236e-09
4616,,1.167645631246505e-09
4617,,1.1673986365953375e-09
4618,,1.1672746048766523e-09
4619,,1.167188018738087e-09
4620,,1.1671128399396455e-09
4621,,1.166566137047535e-09
4622,,1.166435530313065e-09
4623,,1.1663470132005133e-09
4624,,1.1662713173569495e-09
4625,,1.1657360495511936e-09
4626,,1.1655980403675868e-09
4627,,1.1655073398388298e-09
4628,,1.1654310499684777e-09
4629,,1.1649085214729401e-09
4630,,1.1647621776899648e-09
4631,,1.164669010365421e-09
4632,,1.1645920400329485e-09
4633,,1.1640837151740761e-09
4634,,1.163927991473769e-09
4635,,1.163832038626485e-09
4636,,1.1637542904796367e-09
4637,,1.1632618175735463e-09
4638,,1.1630955365059982e-09
4639,,1.1629964396927248e-09
4640,,1.1629178048096994e-09
4641,,1.162443034175965e-09
4642,,1.1622648749399237e-09
4643,,1.162162231565376e-09
4644,,1.1620825871944196e-09
4645,,1.1616276017759383e-09
4646,,1.1614360765224272e-09
4647,,1.1613294340957355e-09
4648,,1.161248642287171e-09
4649,,1.1608157802864882e-09
4650,,1.1606092205765474e-09
4651,,1.1604980701414253e-09
4652,,1.1604159758498234e-09
4653,,1.1600078696095429e-09
4654,,1.1597843954975919e-09
4655,,1.1596681654385176e-09
4656,,1.1595845945329574e-09
4657,,1.1592041982647436e-09
4658,,1.1589617019669218e-09
4659,,1.1588397495508711e-09
4660,,1.1587545060600924e-09
4661,,1.1586804455568007e-09
4662,,1.1581412526274448e-09
4663,,1.1580128550509732e-09
4664,,1.1579257191240063e-09
4665,,1.157851152122876e-09
4666,,1.157323173842101e-09
4667,,1.1571875197692538e-09
4668,,1.1570982439287147e-09
4669,,1.1570230950849682e-09
4670,,1.15650760980487e-09
4671,,1.1563637857160809e-09
4672,,1.1562720920799483e-09
4673,,1.1561962766654722e-09
4674,,1.155694719972623e-09
4675,,1.155541700965789e-09
4676,,1.1554472770428385e-09
4677,,1.1553706997384578e-09
4678,,1.1548846874440078e-09
4679,,1.1547213192435136e-09
4680,,1.1546238136493464e-09
4681,,1.1545463674578908e-09
4682,,1.1540777136682854e-09
4683,,1.1539027014551608e-09
4684,,1.1538017195503427e-09
4685,,1.153723284202248e-09
4686,,1.1532740307796132e-09
4687,,1.1530859160086414e-09
4688,,1.152981014168351e-09
4689,,1.1529014544763148e-09
4690,,1.152473893535228e-09
4691,,1.1522710405525133e-09
4692,,1.1521617200109793e-09
4693,,1.1520808838915723e-09
4694,,1.1516775960714496e-09
4695,,1.1514581619745857e-09
4696,,1.1513438620642397e-09
4697,,1.1512615789066581e-09
4698,,1.150885460332374e-09
4699,,1.1506473786168056e-09
4700,,1.1505274694435956e-09
4701,,1.150443547137101e-09
4702,,1.1503705877975582e-09
4703,,1.1498388012654861e-09
4704,,1.149712574153297e-09
4705,,1.1496267970445719e-09
4706,,1.1495533417629084e-09
4707,,1.1490325534769732e-09
4708,,1.148899213170557e-09
4709,,1.148811338798345e-09
4710,,1.1487373134902614e-09
4711,,1.1482287768296878e-09
4712,,1.148087427719278e-09
4713,,1.1479971835734873e-09
4714,,1.1479225052445644e-09
4715,,1.1474276275776403e-09
4716,,1.1472772648219352e-09
4717,,1.1471843445050254e-09
4718,,1.1471089199029557e-09
4719,,1.1466292851021639e-09
4720,,1.1464687772798195e-09
4721,,1.1463728364544587e-09
4722,,1.1462965604747879e-09
4723,,1.1458339470115817e-09
4724,,1.1456620246691281e-09
4725,,1.1455626763522874e-09
4726,,1.145485431189245e-09
4727,,1.145041840770979e-09
4728,,1.1448570740826317e-09
4729,,1.144753883474004e-09
4730,,1.1446755364709094e-09
4731,,1.1442532162149228e-09
4732,,1.144054001752785e-09
4733,,1.143946479772812e-09
4734,,1.143866881987826e-09
4735,,1.1434683615147639e-09
4736,,1.143252892659651e-09
4737,,1.1431404897896545e-09
4738,,1.143059473904388e-09
4739,,1.1426875925411467e-09
4740,,1.1424538433216083e-09
4741,,1.142335941998158e-09
4742,,1.142253319614568e-09
4743,,1.1421814447077757e-09
4744,,1.1416569622270395e-09
4745,,1.1415328678728472e-09
4746,,1.141448427653226e-09
4747,,1.1413760668882654e-09
4748,,1.140862370707448e-09
4749,,1.1407313034388368e-09
4750,,1.1406448077443103e-09
4751,,1.1405718887445759e-09
4752,,1.1400702074052993e-09
4753,,1.139931289381256e-09
4754,,1.139842470919696e-09
4755,,1.1397689121731474e-09
4756,,1.139280625381772e-09
4757,,1.139132871516562e-09
4758,,1.1390414299947623e-09
4759,,1.1389671401826278e-09
4760,,1.1384938007360177e-09
4761,,1.1383361017253708e-09
4762,,1.138241699668852e-09
4763,,1.138166575678462e-09
4764,,1.1377099269910243e-09
4765,,1.13754103854438e-09
4766,,1.1374432965082746e-09
4767,,1.1373672227959178e-09
4768,,1.1369292272262918e-09
4769,,1.1367477476353468e-09
4770,,1.1366462392628022e-09
4771,,1.1687310745635602
4772,,94021.52021069088
4773,,1.1367828360388788
4774,,784.0104721539428
4775,,1.0991279605835662
4776,,3.8584221716006937
4777,,0.9988401216819632
4778,,0.5614555114384389
4779,,0.5196334590389163
4780,,0.2831124555948808
4781,,13.500284913213084
4782,,0.26690344129056587
4783,,0.1219116946342463
4784,,0.10638288193257764
4785,,0.09249754727248838
4786,,0.10767540288977934
4787,,0.08341016286448494
4788,,0.3658194465156602
4789,,0.07867352903352028
4790,,0.06336794343680922
4791,,0.05752590686457631
4792,,0.05699530257607241
4793,,0.056940807740228326
4794,,0.056935141894768275
4795,,0.0569345520657378
4796,,0.05693449065490098
4797,,0.05693448426094078
4798,,0.05693448359521537
4799,,0.056934483525901323
4800,,0.05693448351868436
4801,,0.056934483517933204
4802,,0.056934483517854594
4803,,0.05693448351784728
4804,,0.05693448351784614
4805,,0.05693448351784622
4806,,0.042896370507514096
4807,,0.03506201932583851
4808,,0.020502137703781106
4809,,5.416960900097283
4810,,0.019873427757196027
4811,,0.01867057403636955
4812,,0.017097540221430854
4813,,0.014279925494149071
4814,,0.010765623440636536
4815,,0.00862027350508445
4816,,0.006081768394955785
4817,,0.005457743070052961
4818,,0.005207581275099639
4819,,0.005099593177595163
4820,,0.004791024215338036
4821,,0.003687602612275082
4822,,0.0028047792286014384
4823,,0.0024249526547170473
4824,,0.002241336513560881
4825,,0.0020586581327106473
4826,,0.0018449371498926645
4827,,0.0015123399041714165
4828,,0.0011008976555044255
4829,,0.0008082627879109932
4830,,0.0006841942839427878
4831,,0.0006278009550818513
4832,,0.0005621167543635926
4833,,0.00046723702969231806
4834,,0.00034269540180447035
4835,,0.0002758516722326924
4836,,0.00025779477567327956
4837,,0.00025097238353334703
4838,,0.00024333923820081974
4839,,0.00022874010499541116
4840,,0.0002039912396464343
4841,,0.0001689756644347125
4842,,0.0001368489455354815
4843,,0.00012150264874968722
4844,,0.00011568448910210829
4845,,0.00011091090944508809
4846,,0.00010351218050827529
4847,,8.958458633936721e-05
4848,,5.539413903751108e-05
4849,,3.5616277573216235e-05
4850,,3.1087234769453195e-05
4851,,3.034317473514452e-05
4852,,3.017039535969741e-05
4853,,2.9877470436773645e-05
4854,,2.9059112386114843e-05
4855,,2.8208014495995064e-05
4856,,2.777020985519446e-05
4857,,2.7249537295805147e-05
4858,,2.692512159272235e-05
4859,,2.6101470459610176e-05
4860,,2.484348350725347e-05
4861,,2.2504339809194546e-05
4862,,1.892436452898337e-05
4863,,1.3710068037264707e-05
4864,,1.1483674461932552e-05
4865,,1.0123271972436323e-05
4866,,9.496861465974594e-06
4867,,9.366757948226217e-06
4868,,9.31745211928448e-06
4869,,9.279854649510507e-06
4870,,9.208082144380208e-06
4871,,9.074310874068951e-06
4872,,8.841578405147615e-06
4873,,8.788390087716885e-06
4874,,8.49273965669556e-06
4875,,8.357974474438344e-06
4876,,8.26316085302849e-06
4877,,8.137086993480258e-06
4878,,7.887760770373277e-06
4879,,7.372647193190713e-06
4880,,6.853384638540019e-06
4881,,6.543856895209642e-06
4882,,6.370331334371747e-06
4883,,6.296299539399073e-06
4884,,6.1840388784753915e-06
4885,,5.900219598602489e-06
4886,,5.396634911239642e-06
4887,,4.6940734089234e-06
4888,,4.357927225063783e-06
4889,,4.243847570003412e-06
4890,,4.217700878692291e-06
4891,,4.211021865217234e-06
4892,,4.207048502981926e-06
4893,,4.197174355071432e-06
4894,,4.168966268255139e-06
4895,,4.115577581559659e-06
4896,,3.9824867391237785e-06
4897,,3.7249673162306673e-06
4898,,3.282460023206766e-06
4899,,2.766070812878873e-06
4900,,2.377038898412023e-06
4901,,2.1656836889299113e-06
4902,,2.120104006290948e-06
4903,,2.107853829557146e-06
4904,,2.0952721929913483e-06
4905,,2.0691954656110597e-06
4906,,2.021948317608721e-06
4907,,1.930180102969127e-06
4908,,1.7598706561840515e-06
4909,,1.4947385069414388e-06
4910,,1.3047498552525567e-06
4911,,1.1907080617479356e-06
4912,,1.1412481785626089e-06
4913,,1.1323550577587428e-06
4914,,1.128568678470385e-06
4915,,1.121706366900663e-06
4916,,1.1029358330876145e-06
4917,,1.0549348339400555e-06
4918,,9.534413797976197e-07
4919,,7.670269160314015e-07
4920,,5.100952653758001e-07
4921,,2.8604881665348935e-07
4922,,1.8038469828010223e-07
4923,,1.5540753985857365e-07
4924,,1.5223049718693248e-07
4925,,1.519526802953647e-07
4926,,1.5190415884393204e-07
4927,,1.5187674956591e-07
4928,,1.5168575727878482e-07
4929,,1.5112782395934565e-07
4930,,1.4851947219528085e-07
4931,,1.43614705122032e-07
4932,,1.3435506872158443e-07
4933,,1.209872037922279e-07
4934,,1.0800870968987475e-07
4935,,1.0159908638440873e-07
4936,,9.951770514253633e-08
4937,,9.89102775619054e-08
4938,,9.883329347573967e-08
4939,,9.881460934147939e-08
4940,,9.880046253003782e-08
4941,,9.870453903750995e-08
4942,,9.867445538082912e-08
4943,,9.865777261806765e-08
4944,,9.864368508716603e-08
4945,,9.85435841603365e-08
4946,,9.851792139186146e-08
4947,,9.850131830158642e-08
4948,,9.848717837262759e-08
4949,,9.838753155450611e-08
4950,,9.836198517972193e-08
4951,,9.834516615619915e-08
4952,,9.8330938004837e-08
4953,,9.823274408072601e-08
4954,,9.820645700840584e-08
4955,,9.818930488437749e-08
4956,,9.817496345302419e-08
4957,,9.807872775909424e-08
4958,,9.805130313268081e-08
4959,,9.80337333815018e-08
4960,,9.801925517711595e-08
4961,,9.792537087100746e-08
4962,,9.7896519460011e-08
4963,,9.787845381716657e-08
4964,,9.786381414911025e-08
4965,,9.777265525067575e-08
4966,,9.774211312611288e-08
4967,,9.7723470122808e-08
4968,,9.770864171295969e-08
4969,,9.762060226726095e-08
4970,,9.751173405729148e-08
4971,,9.741603501452344e-08
4972,,9.659383824444915e-08
4973,,9.22422469856762e-08
4974,,8.498867877595728e-08
4975,,4.3130307649993805e-08
4976,,9.260532116384121e-09
4977,,3.021329350780143e-09
4978,,2.709304261869825e-09
4979,,2.6949347511888965e-09
4980,,2.694213094265783e-09
4981,,2.6941455226089464e-09
4982,,2.69412763899555e-09
4983,,2.6941171420357493e-09
4984,,2.6941082633665685e-09
4985,,2.694044321206593e-09
4986,,2.69402759330974e-09
4987,,2.6940171329768783e-09
4988,,2.6940082448287395e-09
4989,,2.6939442991432283e-09
4990,,2.6939276418076108e-09
4991,,2.693917139256053e-09
4992,,2.6939082331390785e-09
4993,,2.693844564000487e-09
4994,,2.693827730898657e-09
4995,,2.6938171563846594e-09
4996,,2.6938082277435638e-09
4997,,2.693744964047811e-09
4998,,2.693727845977086e-09
4999,,2.6937171823835076e-09
5000,,2.6937082284900777e-09
5001,,2.693645448625077e-09
5002,,2.6936279810613484e-09
5003,,2.693617217070053e-09
5004,,2.693608235280514e-09
5005,,2.6935459955550036e-09
5006,,2.6935281335119248e-09
5007,,2.6935172594946892e-09
5008,,2.6935082483194287e-09
5009,,2.693446594257199e-09
5010,,2.6934283016812294e-09
5011,,2.6934173101546474e-09
5012,,2.693408267108254e-09
5013,,2.693347239718474e-09
5014,,2.6933284853280524e-09
5015,,2.693317368590517e-09
5016,,2.69330829204635e-09
5017,,2.6932479299808554e-09
5018,,2.6932286844270757e-09
5019,,2.693217435014875e-09
5020,,2.6932083230769754e-09
5021,,2.6931486648948787e-09
5022,,2.6931288988517172e-09
5023,,2.6931175094935225e-09
5024,,2.693108360085294e-09
5025,,2.6930494447244908e-09
5026,,2.6930291290268677e-09
5027,,2.6930175919254545e-09
5028,,2.6930084031921395e-09
5029,,2.6929502703692547e-09
5030,,2.6929293751645758e-09
5031,,2.692917682707843e-09
5032,,2.692908452489181e-09
5033,,2.692851142904615e-09
5034,,2.692829637538047e-09
5035,,2.6928177815766714e-09
5036,,2.6928085078545256e-09
5037,,2.6927520639257776e-09
5038,,2.6927299168053707e-09
5039,,2.6927178889090332e-09
5040,,2.692708569388192e-09
5041,,2.6926530351499875e-09
5042,,2.6926302132956136e-09
5043,,2.6926180048077048e-09
5044,,2.6926086372962808e-09
5045,,2.692554058427365e-09
5046,,2.6925305276646178e-09
5047,,2.692518129375129e-09
5048,,2.6925087113486937e-09
5049,,2.69245513590099e-09
5050,,2.69243086039035e-09
5051,,2.692418262868573e-09
5052,,2.6924087916614096e-09
5053,,2.6923562694821933e-09
5054,,2.6923312120528437e-09
5055,,2.6923184051907994e-09
5056,,2.6923088783461663e-09
5057,,2.6922574618579012e-09
5058,,2.692231583284571e-09
5059,,2.6922185568370043e-09
5060,,2.6922089715371802e-09
5061,,2.692158715186322e-09
5062,,2.6921319748460945e-09
5063,,2.6921187177577066e-09
5064,,2.6921090709921195e-09
5065,,2.6920600322776735e-09
5066,,2.692032387354606e-09
5067,,2.6920188884050516e-09
5068,,2.6920091771785884e-09
5069,,2.6919614161657792e-09
5070,,2.69193282153562e-09
5071,,2.691919068561216e-09
5072,,2.6919092896136947e-09
5073,,2.691862869286452e-09
5074,,2.6918332782017775e-09
5075,,2.6918192588274172e-09
5076,,2.6918094087405394e-09
5077,,2.6917643950754956e-09
5078,,2.6917337584229905e-09
5079,,2.6917194592949323e-09
5080,,2.691709534595863e-09
5081,,2.691665996800997e-09
5082,,2.69163426288701e-09
5083,,2.691619670052945e-09
5084,,2.6916096671800643e-09
5085,,2.6916008934916966e-09
5086,,2.691534792404706e-09
5087,,2.6915198916321625e-09
5088,,2.69150980660246e-09
5089,,2.691501011122049e-09
5090,,2.6914353479953457e-09
5091,,2.6914201239834366e-09
5092,,2.6914099528050558e-09
5093,,2.6914011345900483e-09
5094,,2.6913359309068528e-09
5095,,2.6913203676116727e-09
5096,,2.6913101059029183e-09
5097,,2.6913012637802285e-09
5098,,2.6912365418853057e-09
5099,,2.6912206227083585e-09
5100,,2.6912102660664944e-09
5101,,2.6912013987806456e-09
5102,,2.69113718220498e-09
5103,,2.6911208897272634e-09
5104,,2.691110433252577e-09
5105,,2.6911015396479637e-09
5106,,2.6910378530046608e-09
5107,,2.691021168701012e-09
5108,,2.69101060770648e-09
5109,,2.6910016863872984e-09
5110,,2.690938555786322e-09
5111,,2.6909214601398758e-09
5112,,2.6909107893629e-09
5113,,2.690901839010249e-09
5114,,2.6908392913915024e-09
5115,,2.6908217644263895e-09
5116,,2.6908109783786867e-09
5117,,2.690801997463031e-09
5118,,2.6907400614759785e-09
5119,,2.690722081834293e-09
5120,,2.69071117485562e-09
5121,,2.690702161952808e-09
5122,,2.6906408672927794e-09
5123,,2.690622412736623e-09
5124,,2.6906113788452724e-09
5125,,2.6906023323669054e-09
5126,,2.690541710688265e-09
5127,,2.6905227574760596e-09
5128,,2.690511590698007e-09
5129,,2.6905025087654395e-09
5130,,2.6904425927967756e-09
5131,,2.6904231166693446e-09
5132,,2.6904118100656e-09
5133,,2.690402691079316e-09
5134,,2.6903435155072554e-09
5135,,2.6903234907786072e-09
5136,,2.6903120374250504e-09
5137,,2.690302879590664e-09
5138,,2.6902444805670887e-09
5139,,2.69022387993153e-09
5140,,2.69021227284061e-09
5141,,2.69020307402762e-09
5142,,2.6901454896989235e-09
5143,,2.6901242849412517e-09
5144,,2.6901125163184122e-09
5145,,2.6901032746614605e-09
5146,,2.6900465447513384e-09
5147,,2.690024706093354e-09
5148,,2.690012768187734e-09
5149,,2.6900034814879083e-09
5150,,2.689947647950295e-09
5151,,2.6899251441622425e-09
5152,,2.689913028405685e-09
5153,,2.6899036943888326e-09
5154,,2.6898488012401516e-09
5155,,2.6898255993956422e-09
5156,,2.6898132972897717e-09
5157,,2.6898039135719286e-09
5158,,2.689750006735783e-09
5159,,2.6897260727715295e-09
5160,,2.6897135747893507e-09
5161,,2.6897041390686825e-09
5162,,2.68965126692107e-09
5163,,2.689626564573698e-09
5164,,2.6896138611938206e-09
5165,,2.6896043707686623e-09
5166,,2.6895525841468264e-09
5167,,2.689527075655964e-09
5168,,2.6895141566755707e-09
5169,,2.689504608913966e-09
5170,,2.6894539610888033e-09
5171,,2.6894276066771243e-09
5172,,2.689414461471081e-09
5173,,2.6894048534719712e-09
5174,,2.689355400061511e-09
5175,,2.6893281581962573e-09
5176,,2.689314775634167e-09
5177,,2.689305104516315e-09
5178,,2.6892569043658242e-09
5179,,2.6892287311434525e-09
5180,,2.6892150995381268e-09
5181,,2.689205361948036e-09
5182,,2.6891584763726816e-09
5183,,2.689129326096242e-09
5184,,2.6891154333184654e-09
5185,,2.6891056259714276e-09
5186,,2.689060119757745e-09
5187,,2.689029943968204e-09
5188,,2.689015777026067e-09
5189,,2.6890058966995456e-09
5190,,2.6889618373298247e-09
5191,,2.688930585955744e-09
5192,,2.6889161310960513e-09
5193,,2.688906174136879e-09
5194,,2.6888636325479276e-09
5195,,2.6888312524156967e-09
5196,,2.6888164958913074e-09
5197,,2.6888064583364334e-09
5198,,2.688797684397085e-09
5199,,2.688731944745913e-09
5200,,2.688716871148937e-09
5201,,2.6887067491719952e-09
5202,,2.6886979530184493e-09
5203,,2.6886326636942113e-09
5204,,2.688617257858622e-09
5205,,2.6886070470482525e-09
5206,,2.6885982273892838e-09
5207,,2.688533410365657e-09
5208,,2.6885176557038308e-09
5209,,2.6885073518411227e-09
5210,,2.688498507675684e-09
5211,,2.6884341859671833e-09
5212,,2.688418065146517e-09
5213,,2.6884076637054455e-09
5214,,2.688398793612712e-09
5215,,2.6883349913928225e-09
5216,,2.68831848681581e-09
5217,,2.6883079827379425e-09
5218,,2.6882990855418193e-09
5219,,2.6882358282081465e-09
5220,,2.688218920469362e-09
5221,,2.688208308934396e-09
5222,,2.6881993833072753e-09
5223,,2.6881366973019527e-09
5224,,2.6881193669102665e-09
5225,,2.6881086424635844e-09
5226,,2.6880996869902028e-09
5227,,2.688037600445347e-09
5228,,2.6880198263386234e-09
5229,,2.6880089833343432e-09
5230,,2.687999996474134e-09
5231,,2.687938538602996e-09
5232,,2.6879202991848404e-09
5233,,2.687909331835981e-09
5234,,2.6879003118293766e-09
5235,,2.6878395135829094e-09
5236,,2.6878207856026027e-09
5237,,2.6878096876816862e-09
5238,,2.6878006332903395e-09
5239,,2.6877405267065896e-09
5240,,2.6877212862115497e-09
5241,,2.687710051428695e-09
5242,,2.6877009606739287e-09
5243,,2.687641579770829e-09
5244,,2.6876218014942782e-09
5245,,2.68761042315519e-09
5246,,2.687601293998066e-09
5247,,2.6875426742890077e-09
5248,,2.687522331683281e-09
5249,,2.6875108027193056e-09
5250,,2.687501633677854e-09
5251,,2.687443812217929e-09
5252,,2.6874228775349677e-09
5253,,2.6874111902654857e-09
5254,,2.687401979211245e-09
5255,,2.687344995128894e-09
5256,,2.687323439445086e-09
5257,,2.6873115860601496e-09
5258,,2.687302330892157e-09
5259,,2.6872462253306008e-09
5260,,2.687224017821234e-09
5261,,2.687211990239141e-09
5262,,2.6872026888807367e-09
5263,,2.687147504790956e-09
5264,,2.6871246132454466e-09
5265,,2.687112402937581e-09
5266,,2.6871030527569538e-09
5267,,2.6870488355109673e-09
5268,,2.687025226537981e-09
5269,,2.6870128243100957e-09
5270,,2.687003423218686e-09
5271,,2.6869502199450254e-09
5272,,2.68692585799294e-09
5273,,2.6869132545674357e-09
5274,,2.6869037998036346e-09
5275,,2.6868516603958858e-09
5276,,2.6868265082708073e-09
5277,,2.6868136937727396e-09
5278,,2.686804182695439e-09
5279,,2.6867531593143612e-09
5280,,2.6867271783993837e-09
5281,,2.6867141421153775e-09
5282,,2.6867045720933883e-09
5283,,2.6866547193186844e-09
5284,,2.686627868590823e-09
5285,,2.686614599695246e-09
5286,,2.6866049677581948e-09
5287,,2.6865563432724734e-09
5288,,2.6865285797692597e-09
5289,,2.686515066889933e-09
5290,,2.686505369917308e-09
5291,,2.6864580338091675e-09
5292,,2.686429312922473e-09
5293,,2.686415543910229e-09
5294,,2.6864057787961286e-09
5295,,2.6863597942135446e-09
5296,,2.6863300686792398e-09
5297,,2.686316030894637e-09
5298,,2.6863061940559298e-09
5299,,2.6862616275083593e-09
5300,,2.68623084772927e-09
5301,,2.686216528180074e-09
5302,,2.6862066159909867e-09
5303,,2.686163537139023e-09
5304,,2.6861316513100847e-09
5305,,2.686117035689949e-09
5306,,2.6861070448232777e-09
5307,,2.6860982921611468e-09
5308,,2.686032479856707e-09
5309,,2.686017553997456e-09
5310,,2.6860074803475985e-09
5311,,2.6859987058826343e-09
5312,,2.685933334925995e-09
5313,,2.6859180831639368e-09
5314,,2.6859079226467394e-09
5315,,2.6858991253350298e-09
5316,,2.685834217230866e-09
5317,,2.6858186236484395e-09
5318,,2.685808371957209e-09
5319,,2.685799550426444e-09
5320,,2.6857351278899147e-09
5321,,2.6857191757062314e-09
5322,,2.6857088282828473e-09
5323,,2.68569998151968e-09
5324,,2.6856360678908444e-09
5325,,2.6856197395785256e-09
5326,,2.685609291650271e-09
5327,,2.685600418339867e-09
5328,,2.6855370388926693e-09
5329,,2.6855203154628463e-09
5330,,2.685509762068393e-09
5331,,2.6855008609723214e-09
5332,,2.685438041592875e-09
5333,,2.6854209039680266e-09
5334,,2.6854102399647447e-09
5335,,2.6854013094681507e-09
5336,,2.6853390775098354e-09
5337,,2.6853215052376564e-09
5338,,2.685310725061238e-09
5339,,2.685301763817321e-09
5340,,2.685240148118657e-09
5341,,2.685222119525587e-09
5342,,2.6852112177729764e-09
5343,,2.685202224126603e-09
5344,,2.6851412548595493e-09
5345,,2.6851227476942373e-09
5346,,2.6851117179075096e-09
5347,,2.685102690395648e-09
5348,,2.6850423990069196e-09
5349,,2.685023389608517e-09
5350,,2.685012225721758e-09
5351,,2.6850031626530517e-09
5352,,2.684943582376411e-09
5353,,2.6849240460073294e-09
5354,,2.684912741284653e-09
5355,,2.6849036408506405e-09
5356,,2.6848448066025092e-09
5357,,2.684824717097262e-09
5358,,2.684813264739996e-09
5359,,2.6848041251001118e-09
5360,,2.6847460732732326e-09
5361,,2.6847254037636386e-09
5362,,2.6847137963947286e-09
5363,,2.6847046155537768e-09
5364,,2.6846473843549377e-09
5365,,2.6846261060573262e-09
5366,,2.6846143359568936e-09
5367,,2.6846051118929783e-09
5368,,2.6845487418693343e-09
5369,,2.684526824812017e-09
5370,,2.6845148839522476e-09
5371,,2.6845056145081136e-09
5372,,2.6844501475550115e-09
5373,,2.684427560315945e-09
5374,,2.6844154403045692e-09
5375,,2.684406123360558e-09
5376,,2.6843516037851915e-09
5377,,2.684328313292161e-09
5378,,2.684316005227396e-09
5379,,2.684306638363134e-09
5380,,2.6842531126129574e-09
5381,,2.6842290842033927e-09
5382,,2.684216579057543e-09
5383,,2.684207159419827e-09
5384,,2.684154676417032e-09
5385,,2.6841298738130486e-09
5386,,2.6841171616268866e-09
5387,,2.684107687005027e-09
5388,,2.6840562976730896e-09
5389,,2.6840306828532843e-09
5390,,2.6840177533311185e-09
5391,,2.6840082207861343e-09
5392,,2.6839579788288206e-09
5393,,2.6839315117654224e-09
5394,,2.6839183544410813e-09
5395,,2.683908761123887e-09
5396,,2.6838597228126327e-09
5397,,2.6838323612538366e-09
5398,,2.683818964801017e-09
5399,,2.6838093078380523e-09
5400,,2.6837615321881676e-09
5401,,2.683733232235038e-09
5402,,2.683719584877141e-09
5403,,2.6837098610240006e-09
5404,,2.683663409998859e-09
5405,,2.683634125647782e-09
5406,,2.683620214873e-09
5407,,2.683610420810317e-09
5408,,2.6835653594947433e-09
5409,,2.683535041943409e-09
5410,,2.6835208549412756e-09
5411,,2.683510987325027e-09
5412,,2.6834673837601413e-09
5413,,2.6834359823807344e-09
5414,,2.6834215054233384e-09
5415,,2.6834115604357698e-09
5416,,2.6834028290888747e-09
5417,,2.6833369473765597e-09
5418,,2.683322166422049e-09
5419,,2.6833121402714322e-09
5420,,2.68330338743456e-09
5421,,2.683237938524416e-09
5422,,2.6832228381670315e-09
5423,,2.6832127269458393e-09
5424,,2.683203951608238e-09
5425,,2.6831389563102263e-09
5426,,2.683123521107772e-09
5427,,2.6831133205760107e-09
5428,,2.6831045215392167e-09
5429,,2.6830400021447994e-09
5430,,2.6830242153572605e-09
5431,,2.6830139210360957e-09
5432,,2.683005097366839e-09
5433,,2.6829410769643825e-09
5434,,2.682924921326552e-09
5435,,2.682914528524927e-09
5436,,2.6829056788832987e-09
5437,,2.682842181896049e-09
5438,,2.6828256393628244e-09
5439,,2.6828151431689557e-09
5440,,2.6828062662129565e-09
5441,,2.6827433181824634e-09
5442,,2.682726369700015e-09
5443,,2.6827157651214707e-09
5444,,2.6827068594556364e-09
5445,,2.6826444871827028e-09
5446,,2.6826271124817635e-09
5447,,2.6826163943359433e-09
5448,,2.68260745848666e-09
5449,,2.6825456901228694e-09
5450,,2.68252786867609e-09
5451,,2.6825170309161974e-09
5452,,2.6825080634436874e-09
5453,,2.6824469285571656e-09
5454,,2.682428638005555e-09
5455,,2.682417675070073e-09
5456,,2.682408674386744e-09
5457,,2.682348203969431e-09
5458,,2.682329421095693e-09
5459,,2.6823183267917793e-09
5460,,2.6823092912157396e-09
5461,,2.682249517773052e-09
5462,,2.682230218646625e-09
5463,,2.6822189862317354e-09
5464,,2.6822099140956444e-09
5465,,2.6821508716825187e-09
5466,,2.6821310305922216e-09
5467,,2.6821196535213576e-09
5468,,2.682110542828537e-09
5469,,2.6820522672856753e-09
5470,,2.6820318577941328e-09
5471,,2.6820203287191044e-09
5472,,2.6820111777159043e-09
5473,,2.6819537065929618e-09
5474,,2.681932700460876e-09
5475,,2.6819210120260465e-09
5476,,2.6819118187390167e-09
5477,,2.6818551914021935e-09
5478,,2.6818335592924712e-09
5479,,2.6818217035817606e-09
5480,,2.6818124658035013e-09
5481,,2.6817567236301792e-09
5482,,2.6817344346495807e-09
5483,,2.681722403541452e-09
5484,,2.681713119040787e-09
5485,,2.6816583053715243e-09
5486,,2.681635327366631e-09
5487,,2.6816231118823257e-09
5488,,2.6816137784509448e-09
5489,,2.681559938837016e-09
5490,,2.681536237683536e-09
5491,,2.6815238289698983e-09
5492,,2.681514444039474e-09
5493,,2.6814616263636185e-09
5494,,2.6814371665154216e-09
5495,,2.681424555013043e-09
5496,,2.6814151160143764e-09
5497,,2.68136337002707e-09
5498,,2.6813381141191483e-09
5499,,2.6813252897347134e-09
5500,,2.681315794268678e-09
5501,,2.6812651727182213e-09
5502,,2.6812390816918993e-09
5503,,2.6812260339307645e-09
5504,,2.681216478848792e-09
5505,,2.6811670369819354e-09
5506,,2.681140069520027e-09
5507,,2.6811267874444406e-09
5508,,2.6811171700336348e-09
5509,,2.6810689653841414e-09
5510,,2.681041078491538e-09
5511,,2.6810275505047454e-09
5512,,2.681017867378657e-09
5513,,2.680970961161732e-09
5514,,2.6809421092581833e-09
5515,,2.680928323253426e-09
5516,,2.680918571441397e-09
5517,,2.6808730271190144e-09
5518,,2.680843162804915e-09
5519,,2.680829106141683e-09
5520,,2.6808192821229578e-09
5521,,2.6807751664641103e-09
5522,,2.6807442400696964e-09
5523,,2.6807298991276963e-09
5524,,2.680719999399961e-09
5525,,2.680677382565683e-09
5526,,2.680645341537153e-09
5527,,2.6806307026388756e-09
5528,,2.680620723384987e-09
5529,,2.6806119919084693e-09
5530,,2.6805464686422103e-09
5531,,2.680531516796004e-09
5532,,2.680521454155312e-09
5533,,2.6805127006887903e-09
5534,,2.6804476220121875e-09
5535,,2.680432342041301e-09
5536,,2.6804221918137905e-09
5537,,2.680413415213138e-09
5538,,2.6803488029146166e-09
5539,,2.680333178515519e-09
5540,,2.6803229363292454e-09
5541,,2.6803141355529406e-09
5542,,2.680250012253946e-09
5543,,2.680234026481079e-09
5544,,2.6802236878742817e-09
5545,,2.6802148615992494e-09
5546,,2.6801512512614232e-09
5547,,2.6801348863173956e-09
5548,,2.6801244464415524e-09
5549,,2.6801155933315452e-09
5550,,2.680052521148857e-09
5551,,2.6800357582841146e-09
5552,,2.680025212290211e-09
5553,,2.6800163310993284e-09
5554,,2.679953823183828e-09
5555,,2.6799366427634653e-09
5556,,2.679925985297689e-09
5557,,2.679917074589279e-09
5558,,2.679855158696962e-09
5559,,2.679837540138277e-09
5560,,2.6798267656646928e-09
5561,,2.6798178240134917e-09
5562,,2.6797565289666904e-09
5563,,2.6797384508960442e-09
5564,,2.6797275536524766e-09
5565,,2.6797185793695058e-09
5566,,2.679657935535699e-09
5567,,2.679639374978766e-09
5568,,2.6796283491381627e-09
5569,,2.679619340645948e-09
5570,,2.679559379752406e-09
5571,,2.6795403133763726e-09
5572,,2.679529152142173e-09
5573,,2.6795201077347433e-09
5574,,2.6794608635126554e-09
5575,,2.6794412660028557e-09
5576,,2.6794299630685724e-09
5577,,2.6794208809759714e-09
5578,,2.679362388302601e-09
5579,,2.6793422336848003e-09
5580,,2.7456452279539842
5581,,114157.24096200305
5582,,2.6932871476138374
5583,,906.0759578859011
5584,,2.6279205689378844
5585,,2.56716144537091
5586,,0.23115347872208122
5587,,0.33443651244717876
5588,,0.17874451859042584
5589,,0.1363909472913013
5590,,0.1241579674364551
5591,,0.10199179940231606
5592,,129.59142125322492
5593,,0.09807546564638583
5594,,1.094369408383253
5595,,0.09370994290821313
5596,,0.07714808796917934
5597,,0.062258946606747696
5598,,0.16553176089955507
5599,,0.05630199418745364
5600,,0.05007972171511219
5601,,0.1717376557324346
5602,,0.047579947028750284
5603,,0.06599272441752475
5604,,0.043860031747736374
5605,,0.03927118134256977
5606,,0.0363295595458432
5607,,0.03562746751603162
5608,,0.035440523770850205
5609,,0.035389314012303795
5610,,0.03537517726135291
5611,,0.035371266411567834
5612,,0.03537018386062042
5613,,0.035369884154009976
5614,,0.03536980117583261
5615,,0.03536977820181895
5616,,0.03536977184102496
5617,,0.03536977007991569
5618,,0.03536976959231975
5619,,0.0353697694573173
5620,,0.03536976941993943
5621,,0.035369769409591724
5622,,0.03536976940672617
5623,,0.03536976940593248
5624,,0.035369769405713514
5625,,0.03536976940565152
5626,,0.035369769405635416
5627,,0.035369769405631454
5628,,0.03536976940562924
5629,,0.03536976940562891
5630,,0.023651464301607663
5631,,0.025019128691809358
5632,,0.018945228860872916
5633,,0.01486337315904949
5634,,0.012650375213844073
5635,,0.011409524085450302
5636,,0.00982203095563336
5637,,0.0075326832240582816
5638,,0.00616091004988306
5639,,0.003842380042177652
5640,,0.0032491387797184417
5641,,0.0031048470072392036
5642,,0.002923421785699487
5643,,0.002588792321333963
5644,,0.00209924260440684
5645,,0.0014842659836641788
5646,,0.0009000734151922722
5647,,0.0006697714075708562
5648,,0.0006082438609804956
5649,,0.0005769049406920757
5650,,0.0005420810027462103
5651,,0.0004863348454638503
5652,,0.0004102062518996089
5653,,0.0003576317599198579
5654,,0.0002997349141979625
5655,,0.0002310845170719606
5656,,0.00018629267564982508
5657,,0.00016872822791251543
5658,,0.00016151409047786495
5659,,0.0001539932037589804
5660,,0.00014334231163114293
5661,,0.0001262790655560467
5662,,0.00012012767460159919
5663,,0.0001180937384359679
5664,,0.00011556374445225564
5665,,0.00011303720030695618
5666,,0.00011044807880562168
5667,,0.00010614835296247179
5668,,9.888009365402106e-05
5669,,9.103933811948381e-05
5670,,8.30337758508379e-05
5671,,7.491524664090965e-05
5672,,6.627899578872796e-05
5673,,5.69902946351772e-05
5674,,4.6470720501744164e-05
5675,,3.5985299220972864e-05
5676,,2.756491898237535e-05
5677,,2.200440589391939e-05
5678,,2.1171310160446427e-05
5679,,2.1020114884618283e-05
5680,,2.0893976244445165e-05
5681,,2.0515358768020483e-05
5682,,1.9762745531927234e-05
5683,,1.8743783481714263e-05
5684,,1.765554858592138e-05
5685,,1.5974291898101742e-05
5686,,1.483438038747764e-05
5687,,1.4339734300650718e-05
5688,,1.3980770560597375e-05
5689,,1.3413677278305245e-05
5690,,1.2383836952094408e-05
5691,,1.0813877704440431e-05
5692,,8.365346321221115e-06
5693,,7.083146445192466e-06
5694,,6.161009660840665e-06
5695,,5.8929196354143974e-06
5696,,5.8356789015826455e-06
5697,,5.809169377263129e-06
5698,,5.7906123376918974e-06
5699,,5.779014894705955e-06
5700,,5.762568713028145e-06
5701,,5.726969546038727e-06
5702,,5.641704162163129e-06
5703,,5.47961522924192e-06
5704,,5.2122794448243854e-06
5705,,4.9167635551894365e-06
5706,,4.7117128263142576e-06
5707,,4.608450695383991e-06
5708,,4.5693463146195145e-06
5709,,4.53020622529419e-06
5710,,4.4515420083157065e-06
5711,,4.274148615095976e-06
5712,,3.885726050413775e-06
5713,,3.21957360475056e-06
5714,,2.3189854446622848e-06
5715,,1.7903110254177625e-06
5716,,1.2089859230938865e-06
5717,,9.999692318090342e-07
5718,,9.725222300895352e-07
5719,,9.659489328941832e-07
5720,,9.607425874766633e-07
5721,,9.549647033344348e-07
5722,,9.437360310589494e-07
5723,,9.242926885602062e-07
5724,,8.862500520658388e-07
5725,,8.134041933151933e-07
5726,,6.920900369751113e-07
5727,,5.454228752408174e-07
5728,,4.477651073977238e-07
5729,,4.1232707734909015e-07
5730,,4.060320568970973e-07
5731,,4.051703993474944e-07
5732,,4.050259430717272e-07
5733,,4.0489235367613953e-07
5734,,4.048033304292079e-07
5735,,4.041251931683279e-07
5736,,4.0121965694410976e-07
5737,,3.9263574369518844e-07
5738,,3.7770704584232084e-07
5739,,3.556707028681636e-07
5740,,3.3436411351259673e-07
5741,,3.2538823395816915e-07
5742,,3.20554712011317e-07
5743,,3.192572623121837e-07
5744,,3.190744391158355e-07
5745,,3.1898427099555667e-07
5746,,3.189267685724434e-07
5747,,3.1851667540507337e-07
5748,,3.1736145688626875e-07
5749,,3.1352063459829123e-07
5750,,3.0552263879857317e-07
5751,,2.890310707252461e-07
5752,,2.598950280502808e-07
5753,,2.2247832145155124e-07
5754,,2.49431053330629e-07
5755,,2.1502696520632626e-07
5756,,1.9144820781613392e-07
5757,,1.8072328229569972e-07
5758,,1.7906508071441948e-07
5759,,1.7888766646172612e-07
5760,,1.7887282255551635e-07
5761,,1.7887060429018087e-07
5762,,1.7886904821348118e-07
5763,,1.788575633348368e-07
5764,,1.7885418086640728e-07
5765,,1.7885251480938964e-07
5766,,1.7884504859771682e-07
5767,,1.788380682431173e-07
5768,,1.788360205452437e-07
5769,,1.788344537115687e-07
5770,,1.788230844397996e-07
5771,,1.7881966740125742e-07
5772,,1.7881793337661586e-07
5773,,1.788164007807724e-07
5774,,1.7880383614283173e-07
5775,,1.7880148033176947e-07
5776,,1.7879986953391596e-07
5777,,1.787899506522355e-07
5778,,1.787852750338869e-07
5779,,1.7878337121825748e-07
5780,,1.7878181670836835e-07
5781,,1.7876999364900867e-07
5782,,1.7876699216691914e-07
5783,,1.7876529796558e-07
5784,,1.7876376997295653e-07
5785,,1.787510562961401e-07
5786,,1.7874883782082644e-07
5787,,1.7874724245455542e-07
5788,,1.787367791402249e-07
5789,,1.7873259365204763e-07
5790,,1.7873074482243343e-07
5791,,1.787291962852443e-07
5792,,1.7871715711313892e-07
5793,,1.7871435554605867e-07
5794,,1.7871268176548872e-07
5795,,1.7870475335590023e-07
5796,,1.7869837052347647e-07
5797,,1.7869622453601986e-07
5798,,1.7869463385458106e-07
5799,,1.7868390610323337e-07
5800,,1.7867997998084008e-07
5801,,1.7867814523632003e-07
5802,,1.7867659410285496e-07
5803,,1.786645371667708e-07
5804,,1.7866177816551935e-07
5805,,1.7866009149008932e-07
5806,,1.786521310088147e-07
5807,,1.7864587042073336e-07
5808,,1.786436671220354e-07
5809,,1.7864205092435434e-07
5810,,1.7863171222446288e-07
5811,,1.7862753903983495e-07
5812,,1.786256005104179e-07
5813,,1.7862401767765148e-07
5814,,1.7861254625391616e-07
5815,,1.7860936941440475e-07
5816,,1.7860755636114418e-07
5817,,1.7860598896566215e-07
5818,,1.7859398265545522e-07
5819,,1.785912792223441e-07
5820,,1.7858952423960866e-07
5821,,1.7858186225989086e-07
5822,,1.7857571285778538e-07
5823,,1.7857322931816448e-07
5824,,1.7857149916792373e-07
5825,,1.7856290444054655e-07
5826,,1.7855759002913396e-07
5827,,1.7855520102299386e-07
5828,,1.7855347876412352e-07
5829,,1.785444965396045e-07
5830,,1.7853954402289315e-07
5831,,1.7853718537574015e-07
5832,,1.7853546188407492e-07
5833,,1.785263750378233e-07
5834,,1.7852154113285666e-07
5835,,1.7851917805486597e-07
5836,,1.7851744796799308e-07
5837,,1.7850841311783514e-07
5838,,1.785035650564447e-07
5839,,1.785011769600374e-07
5840,,1.7849943675143144e-07
5841,,1.784905492482779e-07
5842,,1.7848560785052135e-07
5843,,1.7848318107651941e-07
5844,,1.7848142810869168e-07
5845,,1.7847275333345574e-07
5846,,1.784676656439968e-07
5847,,1.784651899194647e-07
5848,,1.7846342198244977e-07
5849,,1.7845501059500637e-07
5850,,1.784497365753192e-07
5851,,1.784472032776251e-07
5852,,1.7844541835794388e-07
5853,,1.7843731387009095e-07
5854,,1.7843181981614163e-07
5855,,1.78429221083891e-07
5856,,1.784274172412813e-07
5857,,1.7841965991359561e-07
5858,,1.7841391509666936e-07
5859,,1.7841124335626254e-07
5860,,1.7840941865197714e-07
5861,,1.784078282309539e-07
5862,,1.7839602246674494e-07
5863,,1.783932701662662e-07
5864,,1.7839142261753863e-07
5865,,1.7838982583852352e-07
5866,,1.7837814218830778e-07
5867,,1.7837530162387358e-07
5868,,1.7837342917366388e-07
5869,,1.7837182548431155e-07
5870,,1.7836027466830307e-07
5871,,1.783573378659414e-07
5872,,1.7835543836778031e-07
5873,,1.7835382717781076e-07
5874,,1.7834242043623304e-07
5875,,1.7833937905994904e-07
5876,,1.7833745024692205e-07
5877,,1.7833583093942715e-07
5878,,1.7832458012213833e-07
5879,,1.7832142539828006e-07
5880,,1.7831946486679966e-07
5881,,1.7831783677931532e-07
5882,,1.7830675445554172e-07
5883,,1.783034770943768e-07
5884,,1.7830148229156878e-07
5885,,1.7829984471940548e-07
5886,,1.7828894425558105e-07
5887,,1.7828553438269503e-07
5888,,1.7828350258461576e-07
5889,,1.7828185477518444e-07
5890,,1.7827115043171682e-07
5891,,1.7826759752637387e-07
5892,,1.7826552582467254e-07
5893,,1.7826386696814493e-07
5894,,1.7825337398827808e-07
5895,,1.7824966681277682e-07
5896,,1.7824755208901894e-07
5897,,1.7824588132343438e-07
5898,,1.782356160252218e-07
5899,,1.782317425493636e-07
5900,,1.7822958146731278e-07
5901,,1.7822789786316442e-07
5902,,1.7821787773972625e-07
5903,,1.7821382507765287e-07
5904,,1.7821161405493608e-07
5905,,1.7820991661536374e-07
5906,,1.7820016043296395e-07
5907,,1.7819591476135267e-07
5908,,1.781936499522099e-07
5909,,1.7819193760670818e-07
5910,,1.78182465512912e-07
5911,,1.7817801199553554e-07
5912,,1.781756892712047e-07
5913,,1.7817396086957586e-07
5914,,1.7816479450825715e-07
5915,,1.7816011721168404e-07
5916,,1.7815773212965396e-07
5917,,1.78155986436797e-07
5918,,1.781471490631529e-07
5919,,1.781422308671897e-07
5920,,1.7813977866069324e-07
5921,,1.7813801434482696e-07
5922,,1.7812953096191286e-07
5923,,1.7812435345925306e-07
5924,,1.7812182900102772e-07
5925,,1.7812004463122037e-07
5926,,1.7811194211635332e-07
5927,,1.7810648552849057e-07
5928,,1.781038832985241e-07
5929,,1.7810207733797263e-07
5930,,1.781004935215527e-07
5931,,1.780886276473862e-07
5932,,1.7808594171539743e-07
5933,,1.7808411251162469e-07
5934,,1.7808252232043985e-07
5935,,1.7807078044119543e-07
5936,,1.7806800442685102e-07
5937,,1.7806615019857633e-07
5938,,1.7806455313558262e-07
5939,,1.7805294457863914e-07
5940,,1.7805007161842567e-07
5941,,1.7804819045057196e-07
5942,,1.780465859808783e-07
5943,,1.7803512078184334e-07
5944,,1.78032143491991e-07
5945,,1.780302333249685e-07
5946,,1.7802862087417848e-07
5947,,1.780173098271164e-07
5948,,1.7801422026185256e-07
5949,,1.7801227888107676e-07
5950,,1.780106578319773e-07
5951,,1.7799951254901633e-07
5952,,1.77996302163771e-07
5953,,1.7799432718527066e-07
5954,,1.7799269687147983e-07
5955,,1.779817298473829e-07
5956,,1.7797838944885932e-07
5957,,1.77976378306277e-07
5958,,1.7797473801269684e-07
5959,,1.7796396269058897e-07
5960,,1.7796048238455228e-07
5961,,1.7795843231857697e-07
5962,,1.7795678127583348e-07
5963,,1.7794621212139681e-07
5964,,1.7794258126393886e-07
5965,,1.779404893046914e-07
5966,,1.7793882668464428e-07
5967,,1.7792847925777772e-07
5968,,1.7792468639711538e-07
5969,,1.7792254935125911e-07
5970,,1.7792087426059314e-07
5971,,1.7791076530853734e-07
5972,,1.7790679812298001e-07
5973,,1.7790461255133086e-07
5974,,1.7790292403276058e-07
5975,,1.778930715685962e-07
5976,,1.7788891680159786e-07
5977,,1.7788667900578e-07
5978,,1.778849760279601e-07
5979,,1.7787539943891174e-07
5980,,1.7787104282227315e-07
5981,,1.7786874882420231e-07
5982,,1.7786703027473465e-07
5983,,1.7785775041850664e-07
5984,,1.778531766061518e-07
5985,,1.7785082212337092e-07
5986,,1.7784908680795896e-07
5987,,1.778401261263117e-07
5988,,1.77835318602424e-07
5989,,1.7783289902653138e-07
5990,,1.7783114566203068e-07
5991,,1.7782252830114112e-07
5992,,1.778174692977136e-07
5993,,1.7781497967149226e-07
5994,,1.7781320687303803e-07
5995,,1.7780495881591796e-07
5996,,1.7779962921298609e-07
5997,,1.77797064202908e-07
5998,,1.7779527048334144e-07
5999,,1.7778741968509728e-07
6000,,1.7778179891096364e-07
6001,,1.7777915277742086e-07
6002,,1.777773365352431e-07
6003,,1.7777575182959435e-07
6004,,1.7776397899494153e-07
6005,,1.7776124556419572e-07
6006,,1.7775940507657587e-07
6007,,1.777578137165891e-07
6008,,1.7774617011748314e-07
6009,,1.777433427431209e-07
6010,,1.7774147615684912e-07
6011,,1.7773987762464824e-07
6012,,1.7772837297649464e-07
6013,,1.7772544451054748e-07
6014,,1.77723549830352e-07
6015,,1.7772194357031505e-07
6016,,1.7771058832781703e-07
6017,,1.777075510767424e-07
6018,,1.7770562615676553e-07
6019,,1.777040115688509e-07
6020,,1.7769281698010963e-07
6021,,1.7768966266680484e-07
6022,,1.776877051976712e-07
6023,,1.776860816396226e-07
6024,,1.7767505980393312e-07
6025,,1.776717795246396e-07
6026,,1.776697870229138e-07
6027,,1.7766815379942824e-07
6028,,1.7765731773952448e-07
6029,,1.776539019115896e-07
6030,,1.7765187170158465e-07
6031,,1.776502280686088e-07
6032,,1.7763959179600376e-07
6033,,1.7763603010818434e-07
6034,,1.7763395931534393e-07
6035,,1.7763230446879184e-07
6036,,1.7762188306055806e-07
6037,,1.7761816441859932e-07
6038,,1.7761604994756648e-07
6039,,1.7761438302511824e-07
6040,,1.7760419270041804e-07
6041,,1.7760030516853536e-07
6042,,1.7759814368922458e-07
6043,,1.775964637619379e-07
6044,,1.7758652197357022e-07
6045,,1.7758245270830307e-07
6046,,1.7758024063597058e-07
6047,,1.7757854670362532e-07
6048,,1.7756887223413127e-07
6049,,1.775646074157605e-07
6050,,1.775623408967053e-07
6051,,1.7756063188217854e-07
6052,,1.7755124493808778e-07
6053,,1.7754676969515026e-07
6054,,1.775444445814514e-07
6055,,1.7754271933168474e-07
6056,,1.775336416507537e-07
6057,,1.775289399876082e-07
6058,,1.7752655181389375e-07
6059,,1.7752480908031788e-07
6060,,1.7751606405835888e-07
6061,,1.775111187597217e-07
6062,,1.7750866272517458e-07
6063,,1.7750690116709097e-07
6064,,1.7749851397726212e-07
6065,,1.7749330651869032e-07
6066,,1.7749077745406686e-07
6067,,1.7748899563239969e-07
6068,,1.7748099335659163e-07
6069,,1.774755038080575e-07
6070,,1.774728961542895e-07
6071,,1.77471092516308e-07
6072,,1.7746951319576095e-07
6073,,1.7745771121533106e-07
6074,,1.774550189888106e-07
6075,,1.7745319186518055e-07
6076,,1.7745160610192683e-07
6077,,1.7743992936840185e-07
6078,,1.7743714613288923e-07
6079,,1.7743529372865785e-07
6080,,1.7743370102163796e-07
6081,,1.7742215894718912e-07
6082,,1.774192777754508e-07
6083,,1.7741739815703246e-07
6084,,1.7741579796802868e-07
6085,,1.7740440068035e-07
6086,,1.7740141412030775e-07
6087,,1.7739950521049903e-07
6088,,1.7739789695763092e-07
6089,,1.7738665535231495e-07
6090,,1.7738355538700567e-07
6091,,1.7738161494781213e-07
6092,,1.7737999800844104e-07
6093,,1.7736892381090923e-07
6094,,1.773657018103545e-07
6095,,1.7736372743337794e-07
6096,,1.773621011344798e-07
6097,,1.773512069620971e-07
6098,,1.7734785364304344e-07
6099,,1.7734584273960933e-07
6100,,1.773442063607536e-07
6101,,1.7733350578562986e-07
6102,,1.7733001115925773e-07
6103,,1.7732796094179372e-07
6104,,1.7732631370359645e-07
6105,,1.77315821333354e-07
6106,,1.7731217465188504e-07
6107,,1.7731008212201718e-07
6108,,1.7730842319025447e-07
6109,,1.7729815473815735e-07
6110,,1.7729434443641213e-07
6111,,1.7729220636935854e-07
6112,,1.7729053483962792e-07
6113,,1.7728050721679998e-07
6114,,1.7727652085216815e-07
6115,,1.7727433377645895e-07
6116,,1.772726486835273e-07
6117,,1.7726288008327383e-07
6118,,1.7725870426764147e-07
6119,,1.7725646444485617e-07
6120,,1.7725476474698822e-07
6121,,1.7724527474565728e-07
6122,,1.7724089507161085e-07
6123,,1.7723859848687161e-07
6124,,1.7723688306154567e-07
6125,,1.7722769272280074e-07
6126,,1.7722309369190425e-07
6127,,1.772207360182229e-07
6128,,1.7721900365926126e-07
6129,,1.7721013564662233e-07
6130,,1.7720530058175436e-07
6131,,1.7720287716690856e-07
6132,,1.772011265750556e-07
6133,,1.7719260527685027e-07
6134,,1.7718751623140705e-07
6135,,1.7718502206845422e-07
6136,,1.7718325184833967e-07
6137,,1.7717510350183523e-07
6138,,1.7716974116794964e-07
6139,,1.7716717086978864e-07
6140,,1.771653795199245e-07
6141,,1.7715763235868303e-07
6142,,1.7715197595946806e-07
6143,,1.771493237318877e-07
6144,,1.7714750963299062e-07
6145,,1.7714592936807647e-07
6146,,1.7713422121650224e-07
6147,,1.7713148082134164e-07
6148,,1.7712964223434635e-07
6149,,1.7712805524706475e-07
6150,,1.771164775952788e-07
6151,,1.771136423229388e-07
6152,,1.771117773755331e-07
6153,,1.7711018314326284e-07
6154,,1.770987458045373e-07
6155,,1.7709580843418028e-07
6156,,1.7709391511200274e-07
6157,,1.770923130731108e-07
6158,,1.770810266030348e-07
6159,,1.7707797936625776e-07
6160,,1.770760555034183e-07
6161,,1.77074445051757e-07
6162,,1.770633208113087e-07
6163,,1.770601553482924e-07
6164,,1.77058198610632e-07
6165,,1.7705657909704152e-07
6166,,1.7704562930616674e-07
6167,,1.7704233662522584e-07
6168,,1.7704034450443806e-07
6169,,1.7703871522849164e-07
6170,,1.7702795304010945e-07
6171,,1.7702452346172415e-07
6172,,1.7702249325732792e-07
6173,,1.770208534657755e-07
6174,,1.77010293029248e-07
6175,,1.7700671614096451e-07
6176,,1.7700464494881126e-07
6177,,1.7700299383195556e-07
6178,,1.7699265037164751e-07
6179,,1.7698891497124806e-07
6180,,1.7698679966476872e-07
6181,,1.769851363481895e-07
6182,,1.7697502624847865e-07
6183,,1.7697112027924735e-07
6184,,1.7696895749539921e-07
6185,,1.7696728104272864e-07
6186,,1.7695742192721894e-07
6187,,1.769533324197108e-07
6188,,1.7695111853951275e-07
6189,,1.7694942794205516e-07
6190,,1.769398387787159e-07
6191,,1.769355517747928e-07
6192,,1.7693328290431035e-07
6193,,1.769315770747516e-07
6194,,1.7692227827091343e-07
6195,,1.7691777875351785e-07
6196,,1.7691545070564789e-07
6197,,1.7691372847505624e-07
6198,,1.7690474198619762e-07
6199,,1.7690001379818646e-07
6200,,1.7689762206388003e-07
6201,,1.7689588217297519e-07
6202,,1.7688723162681397e-07
6203,,1.768822573834963e-07
6204,,1.7687979711065557e-07
6205,,1.7687803820918962e-07
6206,,1.768697490253553e-07
6207,,1.7686451001960644e-07
6208,,1.7686197599052824e-07
6209,,1.768601966215009e-07
6210,,1.7685229615291408e-07
6211,,1.768467722574184e-07
6212,,1.7684415885696018e-07
6213,,1.768423574526882e-07
6214,,1.768407825923526e-07
6215,,1.7682904468586818e-07
6216,,1.7682634587318785e-07
6217,,1.7682452074852664e-07
6218,,1.7682293938057517e-07
6219,,1.7681132794502969e-07
6220,,1.768085372169292e-07
6221,,1.7680668655921227e-07
6222,,1.768050981750597e-07
6223,,1.76793622717391e-07
6224,,1.7679073307988298e-07
6225,,1.7678885493682046e-07
6226,,1.7678725899397042e-07
6227,,1.7677592974078648e-07
6228,,1.7677293366768504e-07
6229,,1.7677102593830196e-07
6230,,1.7676942185220044e-07
6231,,1.7675824980738093e-07
6232,,1.7675513920147663e-07
6233,,1.7675319962842875e-07
6234,,1.7675158676414156e-07
6235,,1.7674058377234537e-07
6236,,1.7673734991811852e-07
6237,,1.767353760690554e-07
6238,,1.7673375375256204e-07
6239,,1.7672293255001571e-07
6240,,1.7671956607233566e-07
6241,,1.7671755533261441e-07
6242,,1.7671592283336084e-07
6243,,1.767052971325408e-07
6244,,1.7670178794264254e-07
6245,,1.7669973749775607e-07
6246,,1.7669809403017987e-07
6247,,1.7668767857996483e-07
6248,,1.7668401582498804e-07
6249,,1.7668192264547402e-07
6250,,1.7668026736424395e-07
6251,,1.766700780368399e-07
6252,,1.766662500368132e-07
6253,,1.7666411086535403e-07
6254,,1.7666244286202761e-07
6255,,1.7665249673293942e-07
6256,,1.7664849092122786e-07
6257,,1.7664630225135988e-07
6258,,1.7664462054756204e-07
6259,,1.7663493599353436e-07
6260,,1.7663073884862388e-07
6261,,1.766284969092038e-07
6262,,1.766268004521044e-07
6263,,1.7661739724265647e-07
6264,,1.7661299421652828e-07
6265,,1.7661069494679714e-07
6266,,1.766089826042677e-07
6267,,1.7659988201179104e-07
6268,,1.7659525745106257e-07
6269,,1.7659289648593554e-07
6270,,1.7659116703939097e-07
6271,,1.7658239195318261e-07
6272,,1.7657752901298363e-07
6273,,1.7657510165208908e-07
6274,,1.765733537920203e-07
6275,,1.7656492883887033e-07
6276,,1.7655980939742138e-07
6277,,1.765573105854873e-07
6278,,1.7655554289970287e-07
6279,,1.7654749458037704e-07
6280,,1.765420991369215e-07
6281,,1.7653952343223862e-07
6282,,1.7653773440354987e-07
6283,,1.765300912309745e-07
6284,,1.7652439880370071e-07
6285,,1.7652174035480292e-07
6286,,1.7651992834928036e-07
6287,,1.76518352499883e-07
6288,,1.7650670901607386e-07
6289,,1.765039615239777e-07
6290,,1.7650212478534044e-07
6291,,1.7650054214270108e-07
6292,,1.764890304357881e-07
6293,,1.7648618712173356e-07
6294,,1.7648432376118787e-07
6295,,1.764827338004663e-07
6296,,1.7647136377886886e-07
6297,,1.764684173523689e-07
6298,,1.764665253338104e-07
6299,,1.764649274863195e-07
6300,,1.764537098128325e-07
6301,,1.7645065242704183e-07
6302,,1.764487295611528e-07
6303,,1.764471232157244e-07
6304,,1.7643606936106046e-07
6305,,1.7643289257808676e-07
6306,,1.7643093650827052e-07
6307,,1.764293210107839e-07
6308,,1.7641844331742242e-07
6309,,1.7641513805025127e-07
6310,,1.7641314624534673e-07
6311,,1.7641152088507522e-07
6312,,1.7640083263701562e-07
6313,,1.763973891131124e-07
6314,,1.7639535884517965e-07
6315,,1.7639372286424922e-07
6316,,1.763832383483854e-07
6317,,1.7637964605264528e-07
6318,,1.7637757438780624e-07
6319,,1.7637592696607823e-07
6320,,1.7636566156327007e-07
6321,,1.763619091792018e-07
6322,,1.7635979296100707e-07
6323,,1.763581332176931e-07
6324,,1.7634810346892778e-07
6325,,1.7634417882291045e-07
6326,,1.7634201465557283e-07
6327,,1.7634034164351435e-07
6328,,1.763305653512672e-07
6329,,1.7632645534351116e-07
6330,,1.7632423957126454e-07
6331,,1.7632255227135055e-07
6332,,1.7631304858913742e-07
6333,,1.7630873912460945e-07
6334,,1.7630646781563337e-07
6335,,1.7630476513004006e-07
6336,,1.7629555466933817e-07
6337,,1.7629103058280052e-07
6338,,1.7628869950512965e-07
6339,,1.7628698025370183e-07
6340,,1.7627808518622403e-07
6341,,1.7627333016101192e-07
6342,,1.7627093476162196e-07
6343,,1.762691976750694e-07
6344,,1.7626064186397148e-07
6345,,1.7625563833898422e-07
6346,,1.7625317372216063e-07
6347,,1.762514174321171e-07
6348,,1.7624322654980443e-07
6349,,1.7623795563487156e-07
6350,,1.7623541652794424e-07
6351,,1.7623363956459257e-07
6352,,1.7622584123359865e-07
6353,,1.7622028260061017e-07
6354,,1.7621766333391613e-07
6355,,1.76215864116556e-07
6356,,1.762142936894575e-07
6357,,1.76202619836737e-07
6358,,1.7619991430664933e-07
6359,,1.761980911324676e-07
6360,,3.166621809138806
6361,,104761.02689839038
6362,,3.108566576654758
6363,,876.6517281781096
6364,,3.0397746846583518
6365,,2.440919382611875
6366,,1.7427939640847425
6367,,1.1346657819860217
6368,,1.032092113711812
6369,,0.6616572717320436
6370,,0.34367515240420154
6371,,0.23673636391949268
6372,,0.22689023746530684
6373,,0.17495850058576146
6374,,0.17273470673888436
6375,,0.17247360281015098
6376,,0.17244031201682497
6377,,0.17243602433057034
6378,,0.17243547138255025
6379,,0.1724354000614377
6380,,0.17243539086200027
6381,,0.17243538967539648
6382,,0.17243538952234141
6383,,0.17243538950259876
6384,,0.17243538950005208
6385,,0.17243538949972317
6386,,0.17243538949968001
6387,,0.1724353894996752
6388,,0.17243538949967493
6389,,0.4224584688348715
6390,,0.16637975619836484
6391,,19.199532129307148
6392,,0.16141543515544046
6393,,0.14076059731294868
6394,,0.12017268386507603
6395,,0.08231436991969537
6396,,0.10407384138099315
6397,,0.07745483591476053
6398,,0.04975059357294353
6399,,0.03741328393422656
6400,,0.02332897645884132
6401,,0.01300550695810615
6402,,0.015376457427635345
6403,,0.011348556548505084
6404,,0.010142480855273243
6405,,0.009780417286058543
6406,,0.009531936720042947
6407,,0.009068941909096115
6408,,0.008184009061579962
6409,,0.007005479841840523
6410,,0.0057364978250114005
6411,,0.004621969201701207
6412,,0.0040484575254494705
6413,,0.003833683419380543
6414,,0.003653398196835731
6415,,0.0032593026962953464
6416,,0.002605084127370468
6417,,0.0019054154102241183
6418,,0.001508947389465733
6419,,0.0012453560250548013
6420,,0.0010214317084651417
6421,,0.0008220978171853373
6422,,0.0007200215541655648
6423,,0.0006639836689693423
6424,,0.0006118076582304119
6425,,0.0005348617305917746
6426,,0.00042294157482104686
6427,,0.0003202183611716582
6428,,0.0002651644227534739
6429,,0.00024203839385259082
6430,,0.00022489048207560626
6431,,0.00020893324839653822
6432,,0.0002005918538935082
6433,,0.00019868242157043288
6434,,0.0001973308027573798
6435,,0.00019515656036783516
6436,,0.00019058211694106326
6437,,0.00018072593841419524
6438,,0.00016198811158806714
6439,,0.00012990387505178402
6440,,8.047859268825897e-05
6441,,7.04247762269575e-05
6442,,3.898675603283311e-05
6443,,3.0425559382682736e-05
6444,,2.874215911982788e-05
6445,,2.8415925956552693e-05
6446,,2.828270388957466e-05
6447,,2.8152353678421942e-05
6448,,2.7991494512783475e-05
6449,,2.7766652923562108e-05
6450,,2.7236822274529853e-05
6451,,2.620896045584238e-05
6452,,2.5102304320302198e-05
6453,,2.3901961383739033e-05
6454,,2.3062607651258484e-05
6455,,2.2456465128610056e-05
6456,,2.1617211176622772e-05
6457,,2.0921698039722092e-05
6458,,1.9929325814834773e-05
6459,,1.9440923673185406e-05
6460,,1.870467631856606e-05
6461,,1.67678016776e-05
6462,,1.4666055762610847e-05
6463,,1.3549807830891948e-05
6464,,1.2857881143616812e-05
6465,,1.2640328443012882e-05
6466,,1.2465095690688615e-05
6467,,1.2355164783036506e-05
6468,,1.2320289155346313e-05
6469,,1.2306351848245128e-05
6470,,1.2288189626785167e-05
6471,,1.2242847373754607e-05
6472,,1.2146679603100966e-05
6473,,1.1942598482981464e-05
6474,,1.1547640716775696e-05
6475,,1.0964414457100188e-05
6476,,1.041508329114413e-05
6477,,1.012668231349609e-05
6478,,1.0001822347064013e-05
6479,,9.928637638134158e-06
6480,,9.851661814695366e-06
6481,,9.642518504739942e-06
6482,,9.18840125030174e-06
6483,,8.313203575303263e-06
6484,,6.926295940654106e-06
6485,,5.448822805064529e-06
6486,,4.53388715494248e-06
6487,,4.219197480879785e-06
6488,,4.165355779130676e-06
6489,,4.1570956115023336e-06
6490,,4.147389336788376e-06
6491,,4.0971124049513305e-06
6492,,4.001332389384701e-06
6493,,3.7826850711617905e-06
6494,,3.4042397933257526e-06
6495,,2.897751519086173e-06
6496,,2.4713689487145788e-06
6497,,2.1897584147635963e-06
6498,,2.038609987981208e-06
6499,,2.0150773533273713e-06
6500,,2.0040079722438243e-06
6501,,2.0023124968623387e-06
6502,,2.0016870472946556e-06
6503,,2.0004553343159523e-06
6504,,1.9982354839047496e-06
6505,,1.993020855948779e-06
6506,,1.9809945341865116e-06
6507,,1.9536204337890355e-06
6508,,1.8937775177895379e-06
6509,,1.7725841645203812e-06
6510,,1.5646320943984978e-06
6511,,1.30861752259638e-06
6512,,1.110254628913905e-06
6513,,1.0241219057104404e-06
6514,,1.0052454456779528e-06
6515,,1.0025265030689811e-06
6516,,1.0014544457213001e-06
6517,,9.978750169446575e-07
6518,,9.86364317537708e-07
6519,,9.625073393305797e-07
6520,,9.068643000692171e-07
6521,,7.955245942162917e-07
6522,,5.973889384335327e-07
6523,,3.7496095097856813e-07
6524,,1.872832901571708e-07
6525,,3.4952094164227285e-08
6526,,1.3200271818475813e-08
6527,,1.1012654442262695e-08
6528,,1.0862352425177637e-08
6529,,1.0854153066528598e-08
6530,,1.0853564245281638e-08
6531,,1.0853316199780302e-08
6532,,1.0852131599724469e-08
6533,,1.0851076548152394e-08
6534,,1.0850798371115488e-08
6535,,1.0850565614670402e-08
6536,,1.08486600633628e-08
6537,,1.0848287689270474e-08
6538,,1.0848046711649992e-08
6539,,1.0846541582004223e-08
6540,,1.08458065162064e-08
6541,,1.0845531448176264e-08
6542,,1.0845297852100002e-08
6543,,1.0843539214613912e-08
6544,,1.0843040437126129e-08
6545,,1.0842782494914391e-08
6546,,1.0842550348883362e-08
6547,,1.0840875698304496e-08
6548,,1.0840306561526301e-08
6549,,1.0840037607741446e-08
6550,,1.0839803976719622e-08
6551,,1.0838525004451374e-08
6552,,1.0837610154252712e-08
6553,,1.0837297884450294e-08
6554,,1.0837058899821764e-08
6555,,1.083682887291446e-08
6556,,1.0834990204388343e-08
6557,,1.0834568237104909e-08
6558,,1.083431573344468e-08
6559,,1.0834084089296849e-08
6560,,1.083254786978759e-08
6561,,1.0831861199112827e-08
6562,,1.0831576028504226e-08
6563,,1.0831340401884012e-08
6564,,1.0831110896063519e-08
6565,,1.0829207055833539e-08
6566,,1.0828843530166104e-08
6567,,1.0828598273225454e-08
6568,,1.0828367633262146e-08
6569,,1.082667841150517e-08
6570,,1.0826127213964532e-08
6571,,1.0825858813627051e-08
6572,,1.0825625367677613e-08
6573,,1.0824449115379326e-08
6574,,1.0823448571773258e-08
6575,,1.082312467892637e-08
6576,,1.0822884429062918e-08
6577,,1.0822654522477116e-08
6578,,1.082085905378486e-08
6579,,1.0820402229686572e-08
6580,,1.0820145602170893e-08
6581,,1.0819913727227615e-08
6582,,1.0818481832087798e-08
6583,,1.0817706692168261e-08
6584,,1.0817410769774177e-08
6585,,1.0817174092539748e-08
6586,,1.081694474372038e-08
6587,,1.0815074518005517e-08
6588,,1.0814684437969218e-08
6589,,1.0814436176349874e-08
6590,,1.0814205451295296e-08
6591,,1.0812592970472187e-08
6592,,1.0811977393833283e-08
6593,,1.0811701311886627e-08
6594,,1.0811467202938713e-08
6595,,1.0811238287441006e-08
6596,,1.0809315461984366e-08
6597,,1.0808972690712767e-08
6598,,1.080873039332238e-08
6599,,1.0808500521220692e-08
6600,,1.0806760466344349e-08
6601,,1.0806257956397949e-08
6602,,1.0805995967240448e-08
6603,,1.0805763716550898e-08
6604,,1.0804460408331446e-08
6605,,1.080357540374488e-08
6606,,1.0803266185975126e-08
6607,,1.0803028152243922e-08
6608,,1.0802798922862684e-08
6609,,1.0800968833719042e-08
6610,,1.0800546464123128e-08
6611,,1.0800294497931053e-08
6612,,1.0800063601899385e-08
6613,,1.0798543100027177e-08
6614,,1.0797849763982361e-08
6615,,1.079756435585366e-08
6616,,1.079732938104057e-08
6617,,1.079710064554001e-08
6618,,1.0795207115801467e-08
6619,,1.0794841561959791e-08
6620,,1.0794596734844115e-08
6621,,1.0794366836692483e-08
6622,,1.0792692805931306e-08
6623,,1.0792135298635217e-08
6624,,1.0791866797678027e-08
6625,,1.0791634028833962e-08
6626,,1.0790484672138474e-08
6627,,1.0789467551033517e-08
6628,,1.0789142287662177e-08
6629,,1.0788902557037126e-08
6630,,1.0788673404513208e-08
6631,,1.078689094841582e-08
6632,,1.078642971056228e-08
6633,,1.0786173226017767e-08
6634,,1.0785942057869522e-08
6635,,1.0784531483034987e-08
6636,,1.0783744641382723e-08
6637,,1.0783447960535738e-08
6638,,1.0783211878888651e-08
6639,,1.0782983292942236e-08
6640,,1.0781124366082358e-08
6641,,1.0780731370195569e-08
6642,,1.0780483437038663e-08
6643,,1.0780253441803499e-08
6644,,1.0778658147002972e-08
6645,,1.0778034489270974e-08
6646,,1.0777758096964053e-08
6647,,1.0777524638398825e-08
6648,,1.0777296492588782e-08
6649,,1.0775383733816049e-08
6650,,1.0775039123689108e-08
6651,,1.0774797287500107e-08
6652,,1.0774568161115993e-08
6653,,1.0772842343237033e-08
6654,,1.0772334334485993e-08
6655,,1.0772072354219853e-08
6656,,1.077184079273137e-08
6657,,1.0770561708022324e-08
6658,,1.0769662444371467e-08
6659,,1.0769352152067319e-08
6660,,1.0769114673980363e-08
6661,,1.0768886201390359e-08
6662,,1.0767068256339056e-08
6663,,1.0766642219710028e-08
6664,,1.0766390488512474e-08
6665,,1.0766160309151438e-08
6666,,1.076465902663587e-08
6667,,1.0763955815950433e-08
6668,,1.0763669875254623e-08
6669,,1.0763435522559353e-08
6670,,1.0763207551602384e-08
6671,,1.0761324682150305e-08
6672,,1.076095675835257e-08
6673,,1.0760712326244636e-08
6674,,1.0760483164705276e-08
6675,,1.0758824806164449e-08
6676,,1.0758260531384119e-08
6677,,1.0757991881366536e-08
6678,,1.0757759781227335e-08
6679,,1.0756638097904792e-08
6680,,1.0755603681936061e-08
6681,,1.0755276967574707e-08
6682,,1.0755037744904752e-08
6683,,1.0754809342687256e-08
6684,,1.075304004480933e-08
6685,,1.0752574240331878e-08
6686,,1.0752317877951888e-08
6687,,1.075208741214337e-08
6688,,1.0750698497924173e-08
6689,,1.0749899630607125e-08
6690,,1.074960215022597e-08
6691,,1.0749366656685101e-08
6692,,1.0749138830017981e-08
6693,,1.0747291279460188e-08
6694,,1.074689527597178e-08
6695,,1.0746647657889554e-08
6696,,1.0746418387951539e-08
6697,,1.074484049231833e-08
6698,,1.0744208542416219e-08
6699,,1.074393181182267e-08
6700,,1.0743698998324144e-08
6701,,1.0743471618326414e-08
6702,,1.074156897118572e-08
6703,,1.074122245809392e-08
6704,,1.0740981073128999e-08
6705,,1.0740752688688827e-08
6706,,1.0739041249592625e-08
6707,,1.0738527593813603e-08
6708,,1.0738265601463076e-08
6709,,1.073803472492577e-08
6710,,1.0736780236253192e-08
6711,,1.0735866362243787e-08
6712,,1.073555494980529e-08
6713,,1.0735318018798088e-08
6714,,1.0735090299850817e-08
6715,,1.0733284592507809e-08
6716,,1.0732854782743733e-08
6717,,1.0732603270644644e-08
6718,,1.0732373804242546e-08
6719,,1.0730891997758866e-08
6720,,1.0730178663383141e-08
6721,,1.072989215670884e-08
6722,,1.0729658419438023e-08
6723,,1.0729431210421648e-08
6724,,1.0727559060142792e-08
6725,,1.07271886909813e-08
6726,,1.0726944641603128e-08
6727,,1.0726716212521054e-08
6728,,1.0725073701231477e-08
6729,,1.072450248163301e-08
6730,,1.072423365812894e-08
6731,,1.0724002221685143e-08
6732,,1.0722908665137689e-08
6733,,1.0721856532077595e-08
6734,,1.0721528312613813e-08
6735,,1.0721289588543365e-08
6736,,1.0721061932772365e-08
6737,,1.0719305910287263e-08
6738,,1.0718835412437541e-08
6739,,1.0718579154991175e-08
6740,,1.071834938679468e-08
6741,,1.0716982446698136e-08
6742,,1.0716171254418722e-08
6743,,1.0715872935071342e-08
6744,,1.071563802205079e-08
6745,,1.0715410952289077e-08
6746,,1.0713574852577374e-08
6747,,1.0713175751804511e-08
6748,,1.071292843519324e-08
6749,,1.0712699886713582e-08
6750,,1.071113960559127e-08
6751,,1.0710499150775142e-08
6752,,1.0710222052740352e-08
6753,,1.0709989877898551e-08
6754,,1.0709763260660976e-08
6755,,1.0707870772399313e-08
6756,,1.0707522291873897e-08
6757,,1.0707281347189117e-08
6758,,1.070705370119771e-08
6759,,1.0705356786354476e-08
6760,,1.070483733205349e-08
6761,,1.070457530662629e-08
6762,,1.070434510952623e-08
6763,,1.0703115599833962e-08
6764,,1.070218675570902e-08
6765,,1.070187417595289e-08
6766,,1.0701637784459046e-08
6767,,1.070141081560118e-08
6768,,1.0699617441992964e-08
6769,,1.0699183750792823e-08
6770,,1.0698932441966213e-08
6771,,1.0698703684135664e-08
6772,,1.0697241617793575e-08
6773,,1.0696517904300337e-08
6774,,1.0696230797484364e-08
6775,,1.0695997669352933e-08
6776,,1.0695771218591364e-08
6777,,1.0693909848821008e-08
6778,,1.0693536956398065e-08
6779,,1.069329327804172e-08
6780,,1.0693065577973255e-08
6781,,1.0691439094209654e-08
6782,,1.0690860747287623e-08
6783,,1.0690591725508277e-08
6784,,1.0690360946998633e-08
6785,,1.0689295981317359e-08
6786,,1.0688225700682103e-08
6787,,1.0687895919929262e-08
6788,,1.0687657685794001e-08
6789,,1.0687430772980958e-08
6790,,1.0685688146100927e-08
6791,,1.0685212825205258e-08
6792,,1.0684956654123727e-08
6793,,1.0684727579021668e-08
6794,,1.0683382935330287e-08
6795,,1.0682559111640347e-08
6796,,1.0682259912949075e-08
6797,,1.0682025573570363e-08
6798,,1.0681799256542974e-08
6799,,1.0679974687416135e-08
6800,,1.0679572395704974e-08
6801,,1.0679325366517003e-08
6802,,1.0679097535573692e-08
6803,,1.06775550899814e-08
6804,,1.0676905912317598e-08
6805,,1.0676628417587255e-08
6806,,1.0676396875491815e-08
6807,,1.0676171018641068e-08
6808,,1.0674288736843402e-08
6809,,1.0673938222291596e-08
6810,,1.0673697708033019e-08
6811,,1.0673470796675768e-08
6812,,1.0671788555486013e-08
6813,,1.0671263147096448e-08
6814,,1.0671001067239387e-08
6815,,1.067077154499133e-08
6816,,1.0669567405707816e-08
6817,,1.0668623223992288e-08
6818,,1.0668309429361834e-08
6819,,1.0668073568785149e-08
6820,,1.0667847346999207e-08
6821,,1.0666066405979936e-08
6822,,1.0665628722617085e-08
6823,,1.0665377601473703e-08
6824,,1.0665149547527068e-08
6825,,1.0663707492106098e-08
6826,,1.066297313782748e-08
6827,,1.0662685396326284e-08
6828,,1.0662452870470155e-08
6829,,1.0662227174951415e-08
6830,,1.0660376648636159e-08
6831,,1.0660001153956159e-08
6832,,1.0659757834426876e-08
6833,,1.0659530859349987e-08
6834,,1.0657920587499956e-08
6835,,1.0657334927938432e-08
6836,,1.065706568257999e-08
6837,,1.0656835557162241e-08
6838,,1.0655799658127808e-08
6839,,1.0654710787798488e-08
6840,,1.0654379389519611e-08
6841,,1.0654141635213376e-08
6842,,1.0653915462265114e-08
6843,,1.0652186354740619e-08
6844,,1.0651706078885277e-08
6845,,1.0651449974886689e-08
6846,,1.0651221588041228e-08
6847,,1.0649899571059295e-08
6848,,1.0649062802602992e-08
6849,,1.0648762683343713e-08
6850,,1.0648528909934486e-08
6851,,1.0648303342536977e-08
6852,,1.0646490383818712e-08
6853,,1.0646084807435327e-08
6854,,1.0645838051564156e-08
6855,,1.0645610934244859e-08
6856,,1.0644086551053677e-08
6857,,1.064342842746117e-08
6858,,1.0643150506420548e-08
6859,,1.064291959114568e-08
6860,,1.0642694490955566e-08
6861,,1.0640822466177088e-08
6862,,1.064046984968694e-08
6863,,1.0640229754964653e-08
6864,,1.0640003574607316e-08
6865,,1.0638336161218248e-08
6866,,1.0637804640355614e-08
6867,,1.0637542483636652e-08
6868,,1.0637313630747056e-08
6869,,1.0636135263914099e-08
6870,,1.063517536834099e-08
6871,,1.063486031007245e-08
6872,,1.0634624972283704e-08
6873,,1.0634399494016388e-08
6874,,1.0632631087213157e-08
6875,,1.0632189298325599e-08
6876,,1.0631938348434362e-08
6877,,1.063171099440831e-08
6878,,1.0630289226611991e-08
6879,,1.0629543965080433e-08
6880,,1.0629255553653235e-08
6881,,1.0629023623442192e-08
6882,,1.0628798679859235e-08
6883,,1.0626959062263663e-08
6884,,1.0626580884320903e-08
6885,,1.0626337911217774e-08
6886,,1.0626111657467473e-08
6887,,1.0624517786690582e-08
6888,,1.0623924624166345e-08
6889,,1.0623655129396746e-08
6890,,1.062342565118865e-08
6891,,1.0622419306541315e-08
6892,,1.0621311395464459e-08
6893,,1.0620978321468486e-08
6894,,1.0620741037893688e-08
6895,,1.0620515600645994e-08
6896,,1.0618800139642454e-08
6897,,1.061831477297737e-08
6898,,1.0618058717611216e-08
6899,,1.0617831014357278e-08
6900,,1.0616531962236642e-08
6901,,1.061568192842783e-08
6902,,1.0615380846761405e-08
6903,,1.0615147631929885e-08
6904,,1.061492281090049e-08
6905,,1.061312154611772e-08
6906,,1.0612712587556282e-08
6907,,1.061246609110584e-08
6908,,1.0612239683124028e-08
6909,,1.0610733595175928e-08
6910,,1.0610066298111598e-08
6911,,1.0609787919825811e-08
6912,,1.0609557625057124e-08
6913,,1.0609333278714068e-08
6914,,1.060747156303877e-08
6915,,1.0607116775155084e-08
6916,,1.0606877088747884e-08
6917,,1.0606651636103858e-08
6918,,1.0604999207734484e-08
6919,,1.0604461412259899e-08
6920,,1.0604199156771906e-08
6921,,1.0603970968141838e-08
6922,,1.0602818784892526e-08
6923,,1.0601842791239776e-08
6924,,1.060152641916827e-08
6925,,1.0601291595507956e-08
6926,,1.0601066857122034e-08
6927,,1.0599311089740925e-08
6928,,1.0598865079949227e-08
6929,,1.059861428438704e-08
6930,,1.059838762605898e-08
6931,,1.059698643140686e-08
6932,,1.0596229988229445e-08
6933,,1.0595940870697814e-08
6934,,1.0595709529094595e-08
6935,,1.0595485334586538e-08
6936,,1.0593656692956602e-08
6937,,1.0593275748555943e-08
6938,,1.0593033109441658e-08
6939,,1.0592807572871182e-08
6940,,1.0591230298658511e-08
6941,,1.0590629438590897e-08
6942,,1.0590359668012085e-08
6943,,1.0590130831326165e-08
6944,,1.0589154541185317e-08
6945,,1.0588027126689886e-08
6946,,1.058769231727983e-08
6947,,1.0587455494875612e-08
6948,,1.0587230790122618e-08
6949,,1.0585529107086372e-08
6950,,1.0585038510948034e-08
6951,,1.0584782484358501e-08
6952,,1.0584555459936277e-08
6953,,1.0583279720058939e-08
6954,,1.0582416092773643e-08
6955,,1.0582114005617569e-08
6956,,1.0581881341510461e-08
6957,,1.0581657263896387e-08
6958,,1.0579867778612867e-08
6959,,1.0579455339124064e-08
6960,,1.0579209087351681e-08
6961,,1.057898338459687e-08
6962,,1.057749583069088e-08
6963,,1.0576819126818494e-08
6964,,1.0576540260369737e-08
6965,,1.0576310579890422e-08
6966,,1.0576086984308231e-08
6967,,1.0574235631127849e-08
6968,,1.0573878601152589e-08
6969,,1.0573639312305716e-08
6970,,1.0573414582827482e-08
6971,,1.057177730292618e-08
6972,,1.0571233066420104e-08
6973,,1.0570970688669353e-08
6974,,1.0570743159418764e-08
6975,,1.0569617582588594e-08
6976,,1.0568625096168956e-08
6977,,1.0568307359778862e-08
6978,,1.0568073041147693e-08
6979,,1.0567849039555016e-08
6980,,1.0566106019634264e-08
6981,,1.056565567030694e-08
6982,,1.0565405012224145e-08
6983,,1.056517904475965e-08
6984,,1.0563798715200143e-08
6985,,1.0563030810539963e-08
6986,,1.0562740950400408e-08
6987,,1.0562510190757087e-08
6988,,1.0562286741848744e-08
6989,,1.0560469145602082e-08
6990,,1.0560085350581414e-08
6991,,1.055984303271978e-08
6992,,1.0559618209284375e-08
6993,,1.0558057731669744e-08
6994,,1.0557448974693558e-08
6995,,1.055717890129827e-08
6996,,1.0556950700658503e-08
6997,,1.0556727680818404e-08
6998,,1.0554857586907804e-08
6999,,1.0554520980980924e-08
7000,,1.0554284609661024e-08
7001,,1.0554060633892069e-08
7002,,1.0552372863243992e-08
7003,,1.0551876895903824e-08
7004,,1.055162087815942e-08
7005,,1.0551394527964364e-08
7006,,1.0550142455856085e-08
7007,,1.0549264899269231e-08
7008,,1.0548961763145453e-08
7009,,1.0548729642122468e-08
7010,,1.054850630458231e-08
7011,,1.0546728687046717e-08
7012,,1.0546312665598026e-08
7013,,1.0546066643825811e-08
7014,,1.0545841642078638e-08
7015,,1.0544372867425652e-08
7016,,1.0543686517642638e-08
7017,,1.0543407131323331e-08
7018,,1.0543178058837358e-08
7019,,1.0542955211247474e-08
7020,,1.0541114276213311e-08
7021,,1.0540754931915364e-08
7022,,1.0540516028918014e-08
7023,,1.0540292019850661e-08
7024,,1.053867005420136e-08
7025,,1.0538119206675389e-08
7026,,1.0537856684084925e-08
7027,,1.0537629808984474e-08
7028,,1.0536531270254532e-08
7029,,1.0535521888489521e-08
7030,,1.0535202735328813e-08
7031,,1.0534968913468419e-08
7032,,1.0534745645140157e-08
7033,,1.0533015483612016e-08
7034,,1.0532560674190127e-08
7035,,1.0532310136029879e-08
7036,,1.0532084855294146e-08
7037,,1.0530725689771694e-08
7038,,1.0529946037876537e-08
7039,,1.0529655396949798e-08
7040,,1.0529425212366909e-08
7041,,1.0529202505794127e-08
7042,,1.0527396027185494e-08
7043,,1.0527009294514195e-08
7044,,1.0526767284834528e-08
7045,,1.0526543170485468e-08
7046,,1.052499969428066e-08
7047,,1.0524382837455329e-08
7048,,1.0524112433780342e-08
7049,,1.0523884863405508e-08
7050,,1.0523662592655714e-08
7051,,1.0521802380937345e-08
7052,,1.0521463916765592e-08
7053,,1.0521227986672087e-08
7054,,1.0521004736041876e-08
7055,,1.051933101660516e-08
7056,,1.0518829532934633e-08
7057,,1.0518573504060465e-08
7058,,1.0518347823195428e-08
7059,,1.0517119783859821e-08
7060,,1.0516227954491176e-08
7061,,1.0515923724117786e-08
7062,,1.051569213828825e-08
7063,,1.0515469537404423e-08
7064,,1.0513703879560773e-08
7065,,1.0513284172346273e-08
7066,,1.051303836508861e-08
7067,,1.0512814059762628e-08
7068,,1.0511364316568199e-08
7069,,1.0510668076862422e-08
7070,,1.0510388138189944e-08
7071,,1.0510159667462681e-08
7072,,1.050993756409102e-08
7073,,1.0508107105617938e-08
7074,,1.0507745372147577e-08
7075,,1.0507506844070273e-08
7076,,1.0507283550917184e-08
7077,,1.0505677071142035e-08
7078,,1.0505119439121236e-08
7079,,1.0504856747636835e-08
7080,,1.050463052128583e-08
7081,,1.0503559464413528e-08
7082,,1.050253277502857e-08
7083,,1.050221215189849e-08
7084,,1.0501978818004834e-08
7085,,1.050175627910018e-08
7086,,1.0500039090581548e-08
7087,,1.04995796961346e-08
7088,,1.0499329260857907e-08
7089,,1.049910466207099e-08
7090,,1.0497766968659463e-08
7091,,1.049697527617686e-08
7092,,1.049668381584083e-08
7093,,1.049645419892722e-08
7094,,1.0496232231909197e-08
7095,,1.0494436944684287e-08
7096,,1.0494047186191513e-08
7097,,1.0493805471500065e-08
7098,,1.0493582062673297e-08
7099,,1.0492055798363653e-08
7100,,1.049143063342815e-08
7101,,1.0491159871359633e-08
7102,,1.0490932925032571e-08
7103,,1.0490711400267906e-08
7104,,1.0488861116912744e-08
7105,,1.0488520730846295e-08
7106,,1.0488285231370195e-08
7107,,1.0488062702907787e-08
7108,,1.0486403176803612e-08
7109,,1.048589602867958e-08
7110,,1.048563996792004e-08
7111,,1.0485414951217496e-08
7112,,1.0484211318851141e-08
7113,,1.0483304864823565e-08
7114,,1.048299949510107e-08
7115,,1.0482768436666032e-08
7116,,1.0482546569110285e-08
7117,,1.0480792964306192e-08
7118,,1.04803694654432e-08
7119,,1.0480123857548078e-08
7120,,1.0479900245146467e-08
7121,,1.0478469790354727e-08
7122,,1.0477763411265436e-08
7123,,1.0477482887044077e-08
7124,,1.0477255011598403e-08
7125,,1.0477033649352817e-08
7126,,1.0475213726925199e-08
7127,,1.0474849528929176e-08
7128,,1.047461136349895e-08
7129,,1.0474388783022781e-08
7130,,4.3266515031746815
7131,,76691.22035656068
7132,,4.252831636678011
7133,,665.0688858402559
7134,,4.168080444797088
7135,,0.8701438532267217
7136,,0.39036016564979453
7137,,0.16263917522581675
7138,,0.5393576502668511
7139,,0.1610216960535299
7140,,0.17328540504336556
7141,,0.15010934352760244
7142,,0.15905278361038555
7143,,0.140923172628736
7144,,0.12742711877618196
7145,,0.10018538490606857
7146,,0.0887102656092498
7147,,0.06189000118664649
7148,,0.06110885436380305
7149,,0.061061663568486024
7150,,0.06105870594501969
7151,,0.06105852015632059
7152,,0.06105850848398218
7153,,0.061058507750650054
7154,,0.06105850770457845
7155,,0.061058507701682536
7156,,0.06105850770150035
7157,,0.06105850770148928
7158,,0.061058507701488435
7159,,0.061058507701488365
7160,,0.061058507701488365
7161,,0.0458250466955798
7162,,0.044891059012736684
7163,,0.04463645513135933
7164,,0.04454772791119057
7165,,0.044514416797700636
7166,,0.04450157306150534
7167,,0.04449657070419861
7168,,0.04449461477763704
7169,,0.04449384884401085
7170,,0.044493548728661306
7171,,0.04449343110721592
7172,,0.04449338500471489
7173,,0.0444933669338869
7174,,0.044493359850555324
7175,,0.04449335707404272
7176,,0.04449335598570835
7177,,0.04449335555910261
7178,,0.04449335539188291
7179,,0.044493355326335714
7180,,0.04449335530064229
7181,,0.044493355290573085
7182,,0.04449335528662388
7183,,0.044493355285076655
7184,,0.04449335528446983
7185,,0.04449335528423043
7186,,0.04449335528413977
7187,,1114.9532016712496
7188,,0.04326075504900603
7189,,0.0406344138028486
7190,,0.039749629447725005
7191,,0.0339603456068155
7192,,0.025871775969410052
7193,,0.01570347067187934
7194,,0.009189554518506612
7195,,0.012644721569297862
7196,,0.0077093110211633375
7197,,0.006300773167907186
7198,,0.005343856483282083
7199,,0.004465371099470927
7200,,0.0031436420060372288
7201,,0.0022783152235095307
7202,,0.002022606031972661
7203,,0.001883864120311612
7204,,0.0017430981241484001
7205,,0.00149954894429106
7206,,0.0012394404802557185
7207,,0.001011801300145537
7208,,0.0008352322278307303
7209,,0.0006893154901503907
7210,,0.0005393523463533301
7211,,0.00042219314914936204
7212,,0.0003358987503417128
7213,,0.00029960219056161314
7214,,0.00027913151779865726
7215,,0.00025700633701642865
7216,,0.00022872687116128642
7217,,0.00020198732583292836
7218,,0.00018679676662209489
7219,,0.00016735915645405033
7220,,0.00015575419251505256
7221,,0.00014160980878677747
7222,,0.000135505124475334
7223,,0.00013213200503012332
7224,,0.0001260630814046477
7225,,0.00011488913471551
7226,,9.609334603640437e-05
7227,,7.101624507765858e-05
7228,,4.359113588810186e-05
7229,,3.292791512493726e-05
7230,,3.0434877455670406e-05
7231,,3.010096967460535e-05
7232,,2.9938181046381487e-05
7233,,2.96713415209935e-05
7234,,2.9189067930090235e-05
7235,,2.84353103311002e-05
7236,,2.71763767350736e-05
7237,,2.5227052350830516e-05
7238,,2.1082253791646592e-05
7239,,1.8793847756232846e-05
7240,,1.380789618040322e-05
7241,,1.1846634143912742e-05
7242,,1.116379257808933e-05
7243,,1.0693429756088852e-05
7244,,9.803556553306387e-06
7245,,8.468319549658533e-06
7246,,7.71618210994218e-06
7247,,7.500811481980447e-06
7248,,7.450793439240616e-06
7249,,7.43666199309627e-06
7250,,7.427656753541803e-06
7251,,7.4152708775508925e-06
7252,,7.389555658621105e-06
7253,,7.345301163574878e-06
7254,,7.256376091242876e-06
7255,,7.097038405576722e-06
7256,,6.856324842990252e-06
7257,,6.584736573068429e-06
7258,,6.4165646471078534e-06
7259,,6.3354852969644425e-06
7260,,6.299531126345477e-06
7261,,6.261527739628238e-06
7262,,6.192898884496278e-06
7263,,6.0415879997745355e-06
7264,,5.7466340009484514e-06
7265,,5.280508818007169e-06
7266,,5.709049231824213e-06
7267,,5.133871061557543e-06
7268,,4.712032733941709e-06
7269,,4.4755396254895705e-06
7270,,4.419024484721119e-06
7271,,4.409679740515902e-06
7272,,4.406077903867328e-06
7273,,4.3988402089728905e-06
7274,,4.381483254990421e-06
7275,,4.341316173400972e-06
7276,,4.251464733635373e-06
7277,,4.061748516268308e-06
7278,,3.7064034836710223e-06
7279,,3.190973815749318e-06
7280,,2.7749739285360626e-06
7281,,2.4751078629828405e-06
7282,,2.3463560132906243e-06
7283,,2.3281874153220997e-06
7284,,2.3261384603021907e-06
7285,,2.3246893095916072e-06
7286,,2.3212023597018194e-06
7287,,2.3137805840711093e-06
7288,,2.295496630887864e-06
7289,,2.254964377777629e-06
7290,,2.164919759199493e-06
7291,,1.980271765218084e-06
7292,,1.6522033360317462e-06
7293,,1.2136860644382751e-06
7294,,9.963828060236752e-07
7295,,7.869751763814456e-07
7296,,6.584048314107253e-07
7297,,6.41505116083548e-07
7298,,6.393147359491045e-07
7299,,6.387704318486224e-07
7300,,6.3833077023937e-07
7301,,6.375643455939393e-07
7302,,6.361446977515482e-07
7303,,6.330926224252966e-07
7304,,6.255285993690598e-07
7305,,6.079950556352441e-07
7306,,5.698445260987434e-07
7307,,4.933703292948457e-07
7308,,3.661282798585476e-07
7309,,2.160409269687677e-07
7310,,2.233694122507846e-07
7311,,1.776411989110674e-07
7312,,1.018169869386582e-07
7313,,7.300273337109333e-08
7314,,6.949433210350655e-08
7315,,6.917888244489291e-08
7316,,6.915687403792535e-08
7317,,6.915485899384198e-08
7318,,6.915387419310636e-08
7319,,6.914882801660128e-08
7320,,6.914506107111859e-08
7321,,6.914391541593376e-08
7322,,6.914298306019601e-08
7323,,6.913571075615467e-08
7324,,6.913401262619092e-08
7325,,6.913301512132872e-08
7326,,6.91279807299176e-08
7327,,6.91243128274927e-08
7328,,6.912307462688839e-08
7329,,6.912212623720367e-08
7330,,6.911536588107715e-08
7331,,6.911323227704464e-08
7332,,6.911216977077131e-08
7333,,6.91112430422377e-08
7334,,6.910375431553576e-08
7335,,6.910226247926312e-08
7336,,6.910128001222848e-08
7337,,6.909564458073747e-08
7338,,6.909253623249385e-08
7339,,6.909134265254947e-08
7340,,6.909039838339199e-08
7341,,6.908349074098726e-08
7342,,6.908149790741968e-08
7343,,6.908044733849459e-08
7344,,6.90795217442267e-08
7345,,6.9072000900092e-08
7346,,6.907054544011595e-08
7347,,6.906956485439172e-08
7348,,6.906382515868705e-08
7349,,6.906082685355768e-08
7350,,6.905963528095631e-08
7351,,6.905868970862436e-08
7352,,6.905180687196204e-08
7353,,6.904980601741959e-08
7354,,6.904874686327707e-08
7355,,6.904781927448702e-08
7356,,6.904035940279488e-08
7357,,6.903886133125046e-08
7358,,6.903787033266976e-08
7359,,6.903238914410258e-08
7360,,6.90291938236631e-08
7361,,6.902795576640892e-08
7362,,6.902700090066275e-08
7363,,6.902037151924423e-08
7364,,6.901817083026396e-08
7365,,6.901707124426703e-08
7366,,6.901613619368559e-08
7367,,6.900889001983087e-08
7368,,6.900722215606865e-08
7369,,6.900619878133515e-08
7370,,6.900158754031327e-08
7371,,6.899768658600751e-08
7372,,6.899631370991244e-08
7373,,6.899533381207796e-08
7374,,6.898938788307528e-08
7375,,6.898663175612391e-08
7376,,6.898542809818389e-08
7377,,6.898447396617897e-08
7378,,6.897775428356909e-08
7379,,6.897565913545592e-08
7380,,6.897455622788769e-08
7381,,6.897361797787757e-08
7382,,6.8966433017427e-08
7383,,6.896473383223386e-08
7384,,6.896369322139916e-08
7385,,6.896276514942062e-08
7386,,6.89552900149696e-08
7387,,6.895383701376295e-08
7388,,6.895283638331073e-08
7389,,6.894736656814542e-08
7390,,6.894425249961496e-08
7391,,6.894295822722321e-08
7392,,6.894198418460074e-08
7393,,6.893576158123206e-08
7394,,6.893327983783568e-08
7395,,6.893209149454569e-08
7396,,6.893113572812802e-08
7397,,6.892440646567019e-08
7398,,6.892234866917207e-08
7399,,6.892123329676201e-08
7400,,6.892029047090871e-08
7401,,6.891320980080614e-08
7402,,6.891144515638534e-08
7403,,6.891038149473276e-08
7404,,6.890944807602279e-08
7405,,6.890211713927419e-08
7406,,6.890056085151788e-08
7407,,6.889953475121076e-08
7408,,6.889465860847751e-08
7409,,6.88910950728581e-08
7410,,6.888969044266789e-08
7411,,6.888869220263587e-08
7412,,6.888307180319479e-08
7413,,6.88801224841898e-08
7414,,6.887883048464341e-08
7415,,6.887785327442623e-08
7416,,6.887167783206535e-08
7417,,6.88691856308744e-08
7418,,6.886797868299365e-08
7419,,6.886701757668703e-08
7420,,6.886042178957113e-08
7421,,6.88582753082573e-08
7422,,6.885713346355368e-08
7423,,6.885618483368671e-08
7424,,6.884926676230782e-08
7425,,6.884738518815917e-08
7426,,6.884629372044051e-08
7427,,6.884535484936948e-08
7428,,6.883818726752799e-08
7429,,6.883651080212814e-08
7430,,6.883545865749606e-08
7431,,6.883452747858242e-08
7432,,6.882716527191887e-08
7433,,6.882564893103384e-08
7434,,6.882462768925814e-08
7435,,6.881960486575543e-08
7436,,6.881618773034856e-08
7437,,6.881479720308698e-08
7438,,6.881380037996323e-08
7439,,6.880814821314185e-08
7440,,6.880524501806598e-08
7441,,6.880395384272025e-08
7442,,6.880297639848773e-08
7443,,6.879682716194335e-08
7444,,6.879432991306667e-08
7445,,6.879311750204782e-08
7446,,6.879215548806599e-08
7447,,6.878561233910333e-08
7448,,6.878343692504082e-08
7449,,6.878228714400751e-08
7450,,6.87813374542068e-08
7451,,6.877448135912842e-08
7452,,6.877256182657641e-08
7453,,6.877146196534963e-08
7454,,6.877052214248828e-08
7455,,6.876341698025193e-08
7456,,6.876170133462957e-08
7457,,6.876064133602646e-08
7458,,6.87597094298007e-08
7459,,6.875240579393178e-08
7460,,6.8750852880511e-08
7461,,6.874982476288472e-08
7462,,6.87450104208156e-08
7463,,6.874143730330199e-08
7464,,6.874001444314816e-08
7465,,6.873901185425723e-08
7466,,6.873354413113921e-08
7467,,6.873050324487084e-08
7468,,6.87291844262427e-08
7469,,6.872820230074875e-08
7470,,6.872221225522967e-08
7471,,6.871959708013295e-08
7472,,6.871836155922036e-08
7473,,6.8717395856367e-08
7474,,6.87109880437971e-08
7475,,6.870871362366558e-08
7476,,6.870754483862208e-08
7477,,6.870659232318445e-08
7478,,6.869985026736276e-08
7479,,6.86978487494484e-08
7480,,6.869673345777396e-08
7481,,6.869579154552844e-08
7482,,6.868878203184408e-08
7483,,6.868699916823854e-08
7484,,6.868592677584259e-08
7485,,6.868499339657088e-08
7486,,6.867776986978101e-08
7487,,6.867616225493117e-08
7488,,6.86751242820122e-08
7489,,6.867060456023085e-08
7490,,6.866680302676399e-08
7491,,6.86653359113252e-08
7492,,6.86643255648498e-08
7493,,6.86590992278303e-08
7494,,6.865587290814766e-08
7495,,6.865451845745937e-08
7496,,6.865353029619545e-08
7497,,6.864773779303479e-08
7498,,6.864497263678631e-08
7499,,6.864370855187646e-08
7500,,6.864273821317522e-08
7501,,6.863649208740621e-08
7502,,6.863409670905636e-08
7503,,6.863290511667761e-08
7504,,6.86319491042856e-08
7505,,6.862533955682713e-08
7506,,6.862324071570683e-08
7507,,6.862210729097818e-08
7508,,6.862116280327582e-08
7509,,6.86142621407264e-08
7510,,6.861240112694257e-08
7511,,6.8611314381937e-08
7512,,6.861037917141264e-08
7513,,6.860324536638732e-08
7514,,6.860157511090376e-08
7515,,6.860052583660909e-08
7516,,6.859959810243239e-08
7517,,6.859227763698541e-08
7518,,6.85907603985806e-08
7519,,6.858974121214787e-08
7520,,6.858478523371295e-08
7521,,6.858134965565052e-08
7522,,6.857995517256939e-08
7523,,6.857896014997238e-08
7524,,6.857338701905116e-08
7525,,6.857045397020725e-08
7526,,6.856915797172325e-08
7527,,6.856818236572064e-08
7528,,6.856211457796243e-08
7529,,6.855958460193244e-08
7530,,6.855836762939423e-08
7531,,6.855740763073975e-08
7532,,6.855094342705194e-08
7533,,6.854873676356998e-08
7534,,6.854758320519925e-08
7535,,6.854663575973379e-08
7536,,6.853985392810653e-08
7537,,6.853790660938349e-08
7538,,6.853680394900866e-08
7539,,6.853586660630081e-08
7540,,6.852883033527913e-08
7541,,6.852709105900899e-08
7542,,6.852602925555847e-08
7543,,6.852510005034931e-08
7544,,6.851786002000736e-08
7545,,6.851628763954297e-08
7546,,6.851525864143453e-08
7547,,6.851059821989912e-08
7548,,6.850693285472077e-08
7549,,6.850549437095586e-08
7550,,6.850449171831362e-08
7551,,6.849915788685212e-08
7552,,6.849604071709712e-08
7553,,6.849470966136304e-08
7554,,6.849372817510429e-08
7555,,6.848785454218974e-08
7556,,6.848517709296318e-08
7557,,6.848393223612719e-08
7558,,6.848296776300603e-08
7559,,6.847666148470713e-08
7560,,6.847433675681748e-08
7561,,6.847316107235171e-08
7562,,6.847221027859577e-08
7563,,6.846555730622248e-08
7564,,6.846351551850743e-08
7565,,6.846239535019751e-08
7566,,6.846145556326474e-08
7567,,6.845452482921171e-08
7568,,6.845271001601249e-08
7569,,6.8451634410707e-08
7570,,6.845070348661052e-08
7571,,6.844355028425715e-08
7572,,6.844191755514938e-08
7573,,6.844087772618231e-08
7574,,6.843995394598214e-08
7575,,6.843262262110628e-08
7576,,6.843113597075158e-08
7577,,6.843012487325781e-08
7578,,6.84250513334404e-08
7579,,6.842173297994031e-08
7580,,6.842036353015189e-08
7581,,6.841937551162772e-08
7582,,6.841371283096862e-08
7583,,6.841087425339182e-08
7584,,6.840959884262152e-08
7585,,6.840862936990587e-08
7586,,6.840249447062777e-08
7587,,6.840004074095285e-08
7588,,6.839884078910663e-08
7589,,6.839788622777906e-08
7590,,6.839137288677395e-08
7591,,6.838922786992593e-08
7592,,6.83880884784945e-08
7593,,6.838714591061248e-08
7594,,6.838032934533487e-08
7595,,6.837843197321418e-08
7596,,6.837734119033242e-08
7597,,6.837640827731421e-08
7598,,6.836934881791689e-08
7599,,6.836765010985617e-08
7600,,6.83665983492015e-08
7601,,6.836567321525438e-08
7602,,6.83584192498568e-08
7603,,6.835687992021607e-08
7604,,6.835585949279137e-08
7605,,6.835106899914247e-08
7606,,6.83475309735841e-08
7607,,6.834611951087807e-08
7608,,6.834512425072238e-08
7609,,6.833969076761664e-08
7610,,6.833667623296923e-08
7611,,6.83353673649177e-08
7612,,6.833439232486144e-08
7613,,6.832844342762141e-08
7614,,6.832584880891926e-08
7615,,6.832462226371643e-08
7616,,6.832366347726174e-08
7617,,6.831730149435276e-08
7618,,6.831504371306433e-08
7619,,6.831388323253644e-08
7620,,6.83129375161868e-08
7621,,6.83062445213832e-08
7622,,6.830425694274274e-08
7623,,6.83031494858725e-08
7624,,6.830221428833821e-08
7625,,6.829525610919348e-08
7626,,6.829348528938132e-08
7627,,6.829242039502933e-08
7628,,6.829149366900734e-08
7629,,6.828432310648377e-08
7630,,6.828272617828579e-08
7631,,6.828169545745059e-08
7632,,6.827721281597765e-08
7633,,6.827343496291286e-08
7634,,6.827197754402187e-08
7635,,6.827097426800418e-08
7636,,6.826578987053688e-08
7637,,6.826258321858364e-08
7638,,6.826123773005344e-08
7639,,6.826025650136185e-08
7640,,6.825450955823986e-08
7641,,6.82517610854851e-08
7642,,6.825050540820767e-08
7643,,6.824954189874677e-08
7644,,6.824334406213177e-08
7645,,6.824096312033594e-08
7646,,6.823977951344206e-08
7647,,6.823883024889744e-08
7648,,6.823227107820871e-08
7649,,6.823018495582145e-08
7650,,6.822905918945431e-08
7651,,6.822812138736706e-08
7652,,6.822127270996864e-08
7653,,6.82194230899674e-08
7654,,6.821834375074891e-08
7655,,6.821741517677941e-08
7656,,6.821033460681609e-08
7657,,6.820867471514357e-08
7658,,6.82076326493235e-08
7659,,6.820671151071177e-08
7660,,6.819944525782848e-08
7661,,6.81979375770362e-08
7662,,6.819692544088812e-08
7663,,6.819201183475374e-08
7664,,6.818859543034052e-08
7665,,6.818720986796054e-08
7666,,6.818622177417817e-08
7667,,6.818069418693569e-08
7668,,6.817777771812584e-08
7669,,6.817649013955586e-08
7670,,6.817552136240899e-08
7671,,6.816950163244615e-08
7672,,6.816698618128907e-08
7673,,6.816577722787444e-08
7674,,6.816482397997253e-08
7675,,6.815840982387476e-08
7676,,6.8156216056476e-08
7677,,6.815507020034343e-08
7678,,6.815412944303118e-08
7679,,6.814739924082777e-08
7680,,6.81454635218027e-08
7681,,6.81443683085435e-08
7682,,6.814343760390156e-08
7683,,6.813645422124493e-08
7684,,6.813472551166771e-08
7685,,6.813367095349232e-08
7686,,6.813274834644241e-08
7687,,6.812556220669287e-08
7688,,6.812399956767214e-08
7689,,6.812297765241076e-08
7690,,6.811835851784445e-08
7691,,6.811471312021448e-08
7692,,6.811328371747099e-08
7693,,6.811228801939265e-08
7694,,6.810699878442336e-08
7695,,6.810389888256582e-08
7696,,6.810257637999578e-08
7697,,6.810160174429064e-08
7698,,6.8095775349071e-08
7699,,6.809311301214914e-08
7700,,6.809187628640951e-08
7701,,6.80909185791726e-08
7702,,6.808466165296665e-08
7703,,6.808235031073806e-08
7704,,6.808118241842759e-08
7705,,6.808023832311174e-08
7706,,6.80736363910549e-08
7707,,6.807160660659504e-08
7708,,6.807049396047099e-08
7709,,6.806956081824379e-08
7710,,6.806268247613062e-08
7711,,6.806087855778856e-08
7712,,6.805981025648036e-08
7713,,6.805888593374693e-08
7714,,6.805178620207375e-08
7715,,6.805016348045043e-08
7716,,6.804913078150764e-08
7717,,6.80482135679624e-08
7718,,6.804093657729272e-08
7719,,6.803945922273204e-08
7720,,6.803845511472589e-08
7721,,6.803342495798282e-08
7722,,6.803012478351106e-08
7723,,6.802876405931292e-08
7724,,6.802778291722315e-08
7725,,6.8022166480665e-08
7726,,6.80193437468298e-08
7727,,6.801807660473149e-08
7728,,6.801711391950562e-08
7729,,6.801102755051439e-08
7730,,6.800858779785651e-08
7731,,6.800739574856625e-08
7732,,6.800644790036202e-08
7733,,6.79999849256767e-08
7734,,6.799785238471713e-08
7735,,6.799672060155401e-08
7736,,6.799578468867649e-08
7737,,6.798901995627505e-08
7738,,6.79871338586944e-08
7739,,6.798605044772653e-08
7740,,6.798512414286011e-08
7741,,6.797811768954181e-08
7742,,6.79764292933286e-08
7743,,6.797538471393819e-08
7744,,6.79744661493327e-08
7745,,6.796726612945198e-08
7746,,6.79657363379052e-08
7747,,6.796472294077617e-08
7748,,6.795997448081768e-08
7749,,6.795645565477684e-08
7750,,6.795505311102293e-08
7751,,6.795406475961213e-08
7752,,6.794867641767967e-08
7753,,6.794567854900196e-08
7754,,6.79443781035104e-08
7755,,6.794340987291366e-08
7756,,6.793750861009746e-08
7757,,6.793492862313539e-08
7758,,6.79337101004062e-08
7759,,6.793275804448559e-08
7760,,6.792644569046508e-08
7761,,6.792420090968791e-08
7762,,6.79230481324721e-08
7763,,6.792210908382275e-08
7764,,6.791546731381673e-08
7765,,6.791349143067724e-08
7766,,6.791239141966658e-08
7767,,6.791146283739498e-08
7768,,6.790455716229086e-08
7769,,6.79027969892602e-08
7770,,6.790173933519745e-08
7771,,6.790081918303557e-08
7772,,6.789370214706822e-08
7773,,6.789211502369886e-08
7774,,6.789109137799701e-08
7775,,6.788664929888033e-08
7776,,6.78828917681669e-08
7777,,6.788144347925569e-08
7778,,6.788044714536196e-08
7779,,6.787530669853362e-08
7780,,6.787211760671974e-08
7781,,6.787078070804847e-08
7782,,6.786980631472785e-08
7783,,6.786410603162139e-08
7784,,6.786137290825126e-08
7785,,6.786012538826721e-08
7786,,6.7859168626337e-08
7787,,6.785301962505167e-08
7788,,6.785065225637135e-08
7789,,6.78494764581091e-08
7790,,6.784853387371572e-08
7791,,6.7842025274348e-08
7792,,6.783995130406327e-08
7793,,6.783883306774931e-08
7794,,6.783790188928654e-08
7795,,6.783110517656803e-08
7796,,6.78292665677204e-08
7797,,6.782819453383389e-08
7798,,6.782727253864843e-08
7799,,6.782024504623291e-08
7800,,6.781859525051238e-08
7801,,6.781756030995592e-08
7802,,6.781664571441682e-08
7803,,6.780943343026606e-08
7804,,6.780793511191809e-08
7805,,6.780692995666854e-08
7806,,6.78020590054842e-08
7807,,6.779866113995332e-08
7808,,6.779728435141749e-08
7809,,6.779630312087144e-08
7810,,6.779082114554546e-08
7811,,6.778792080428593e-08
7812,,6.778664152736945e-08
7813,,6.778567952152873e-08
7814,,6.777970776474736e-08
7815,,6.777720651333997e-08
7816,,6.777600548247304e-08
7817,,6.77750589300036e-08
7818,,6.776869464319998e-08
7819,,6.776651352468915e-08
7820,,6.776537528808882e-08
7821,,6.776444116636701e-08
7822,,6.775776234780809e-08
7823,,6.775583803822589e-08
7824,,6.775475020093341e-08
7825,,6.775382608211222e-08
7826,,6.774689529728546e-08
7827,,6.774517700029179e-08
7828,,6.774412962204512e-08
7829,,6.774321356257877e-08
7830,,6.773608098928284e-08
7831,,6.773452796542635e-08
7832,,6.773351307336827e-08
7833,,6.772893519686978e-08
7834,,6.772530939892052e-08
7835,,6.772388897219724e-08
7836,,6.772290016898189e-08
7837,,6.771765540462964e-08
7838,,6.771457248438084e-08
7839,,6.771325844294929e-08
7840,,6.7712290602884e-08
7841,,6.770651125339757e-08
7842,,6.770386379565348e-08
7843,,6.770263511959025e-08
7844,,6.770168412495865e-08
7845,,6.769547630662323e-08
7846,,6.769317815873922e-08
7847,,6.769201798571555e-08
7848,,6.769108053898307e-08
7849,,6.768452936435849e-08
7850,,6.768251142426423e-08
7851,,6.76814062307689e-08
7852,,6.768047968326574e-08
7853,,6.767365342150378e-08
7854,,6.767186026329742e-08
7855,,6.767079920276326e-08
7856,,6.766988143213396e-08
7857,,6.766283483821405e-08
7858,,6.766122200767199e-08
7859,,6.766019637835639e-08
7860,,6.76592856828613e-08
7861,,6.765206267297608e-08
7862,,6.765059451418064e-08
7863,,6.764959733777163e-08
7864,,6.764461042018509e-08
7865,,6.764132815294545e-08
7866,,6.76399760650675e-08
7867,,6.763900174510937e-08
7868,,6.763343134910124e-08
7869,,6.763062423863491e-08
7870,,6.762936528360896e-08
7871,,6.76284093311704e-08
7872,,6.762237125102326e-08
7873,,6.761994528516864e-08
7874,,6.761876106485493e-08
7875,,6.761781987739119e-08
7876,,6.761140698761966e-08
7877,,6.760928676528498e-08
7878,,6.760816252021146e-08
7879,,6.760723321139034e-08
7880,,6.760052000411116e-08
7881,,6.7598645045376e-08
7882,,6.759756894144827e-08
7883,,6.759664919378071e-08
7884,,6.758969541702417e-08
7885,,6.758801721343095e-08
7886,,6.758697975611807e-08
7887,,6.758606771228942e-08
7888,,6.757892128957136e-08
7889,,6.757740093268749e-08
7890,,6.757639450770952e-08
7891,,6.757168795188683e-08
7892,,6.756818804552604e-08
7893,,6.756679432844972e-08
7894,,6.756581282767777e-08
7895,,6.756046944456097e-08
7896,,6.755748800478254e-08
7897,,6.755619589750582e-08
7898,,6.755523442256069e-08
7899,,6.75493805615835e-08
7900,,6.754681500888995e-08
7901,,6.754560443423924e-08
7902,,6.75446590553538e-08
7903,,6.753839606199089e-08
7904,,6.753616411549343e-08
7905,,6.753501897099921e-08
7906,,6.753408653748241e-08
7907,,6.752749569537988e-08
7908,,6.752553136194485e-08
7909,,6.752443873205405e-08
7910,,6.752351671502583e-08
7911,,6.751666322181492e-08
7912,,6.751491357041861e-08
7913,,6.751386309511952e-08
7914,,6.751294946842214e-08
7915,,6.750588561595359e-08
7916,,1.8060269788592263
7917,,71026.71607758554
7918,,1.7657078205872643
7919,,644.4120446431847
7920,,1.7220089009226984
7921,,3.2131210894287685
7922,,1.5513111495382421
7923,,1.1246566523115729
7924,,1.0623947151860942
7925,,0.8162119949339981
7926,,24.819767745916025
7927,,0.7949296675408065
7928,,0.5777389752666724
7929,,0.4791756696223493
7930,,0.4759984541268098
7931,,0.47586646298289187
7932,,0.4758609263781541
7933,,0.475860694041468
7934,,0.47586068429158235
7935,,0.4758606838824318
7936,,0.4758606838652632
7937,,0.4758606838645415
7938,,0.4758606838645147
7939,,0.4758606838645137
7940,,0.4758606838645137
7941,,0.3771120169735265
7942,,0.1579892328758327
7943,,0.6072407980244143
7944,,0.13156858571739008
7945,,0.07358213802354654
7946,,0.08693454306506937
7947,,0.069714449227072
7948,,0.06832976168708632
7949,,0.4138341773359284
7950,,0.06741482291014922
7951,,0.06834542745068155
7952,,0.06547423779926737
7953,,0.06435593056036278
7954,,0.056081433104618716
7955,,0.051452456266252555
7956,,0.05091988400357504
7957,,0.05085187156679018
7958,,0.050843072890682704
7959,,0.05084193271804228
7960,,0.050841784937344946
7961,,0.05084176578257384
7962,,0.050841763299796526
7963,,0.05084176297798644
7964,,0.05084176293627528
7965,,0.05084176293086847
7966,,0.05084176293016756
7967,,0.05084176293007668
7968,,0.05084176293006432
7969,,0.05084176293006288
7970,,0.05084176293006274
7971,,0.05084176293006263
7972,,0.05084176293006263
7973,,0.2678352559343927
7974,,0.03509475478915765
7975,,0.023610670215315942
7976,,0.0554454569687345
7977,,0.01881679176876751
7978,,0.015739829273154128
7979,,0.014248046940225384
7980,,0.01289624094849686
7981,,0.011595765022049042
7982,,0.010154736900931141
7983,,0.007873296461027248
7984,,0.006324640648918536
7985,,0.005299184841199498
7986,,0.00464918833435247
7987,,0.004048906654800548
7988,,0.0037778742009460563
7989,,0.00356618123794851
7990,,0.002841239149397597
7991,,0.002178135830847187
7992,,0.0013894834375019554
7993,,0.0008799678695317191
7994,,0.0007361599452924146
7995,,0.0006484398059345398
7996,,0.0005559142675524413
7997,,0.00048013925342195614
7998,,0.0004568887776367697
7999,,0.0004432719257084122
8000,,0.0004217793908790938
8001,,0.0003896055939852178
8002,,0.0003611160510467201
8003,,0.0003323790855774731
8004,,0.00030273038658371434
8005,,0.00029071890576830826
8006,,0.0002852815507691481
8007,,0.00027936043690273543
8008,,0.0002673970266576542
8009,,0.0002444180368251826
8010,,0.0002059598560095577
8011,,0.00014715681456124694
8012,,0.00010074517589075492
8013,,8.165362473236804e-05
8014,,7.68815796668923e-05
8015,,7.587883914553394e-05
8016,,7.520459208210117e-05
8017,,7.380530611403411e-05
8018,,7.15470452737018e-05
8019,,6.764432987200945e-05
8020,,6.169115658565544e-05
8021,,5.518643768839055e-05
8022,,4.827811547482667e-05
8023,,4.0129628348670074e-05
8024,,3.0208233091626285e-05
8025,,2.5284766684085376e-05
8026,,2.3540656488232423e-05
8027,,2.2977527041531874e-05
8028,,2.2810961965537396e-05
8029,,2.2689348997789495e-05
8030,,2.2566566107897126e-05
8031,,2.2416749871129045e-05
8032,,2.2098624066059464e-05
8033,,2.1721461166284347e-05
8034,,2.1352952681164603e-05
8035,,2.1023097293063012e-05
8036,,2.0742580565465415e-05
8037,,2.0413787857903408e-05
8038,,1.9709155492123294e-05
8039,,1.8501781887261707e-05
8040,,1.6941418416326112e-05
8041,,1.578919139557129e-05
8042,,1.5127010213557567e-05
8043,,1.4807213671280799e-05
8044,,1.4704606276000471e-05
8045,,1.4527817661893829e-05
8046,,1.4164355295613497e-05
8047,,1.3385056535213188e-05
8048,,1.2156738103042922e-05
8049,,1.0830175395556282e-05
8050,,1.0056511288561614e-05
8051,,9.791026169326327e-06
8052,,9.743237242607658e-06
8053,,9.73266041584006e-06
8054,,9.719960658745286e-06
8055,,9.680167365739976e-06
8056,,9.569133012096867e-06
8057,,9.337064448250434e-06
8058,,8.835308186905318e-06
8059,,7.890440360741767e-06
8060,,6.484254681187361e-06
8061,,5.081463079368e-06
8062,,4.301514322136868e-06
8063,,4.066050272241131e-06
8064,,4.030631233172931e-06
8065,,4.027275478476249e-06
8066,,4.025990371156891e-06
8067,,4.021696854408357e-06
8068,,4.011371537118319e-06
8069,,3.981916996901768e-06
8070,,3.935124227533281e-06
8071,,3.852602773543199e-06
8072,,3.502551144789656e-06
8073,,2.8491373470862665e-06
8074,,2.081352537630566e-06
8075,,1.5399217623928397e-06
8076,,1.1778004839783249e-06
8077,,1.1309970025566167e-06
8078,,1.1267513024155244e-06
8079,,1.1264432447763575e-06
8080,,1.1263722328597736e-06
8081,,1.1263223184513754e-06
8082,,1.12593556695319e-06
8083,,1.1241555450810216e-06
8084,,1.1193974542038668e-06
8085,,1.1107220035142753e-06
8086,,1.0973513436140176e-06
8087,,1.083418334395216e-06
8088,,1.0752335381809212e-06
8089,,1.0726243297170868e-06
8090,,1.0721810726764482e-06
8091,,1.0720914784979172e-06
8092,,1.072056883907801e-06
8093,,1.0720258584861354e-06
8094,,1.0717663279975617e-06
8095,,1.0717244079136252e-06
8096,,1.0716922573031501e-06
8097,,1.0714613661665568e-06
8098,,1.0706019541451775e-06
8099,,1.0672008321837282e-06
8100,,1.0595984788235623e-06
8101,,1.0438312469412145e-06
8102,,1.0033649069637109e-06
8103,,9.188417853133836e-07
8104,,7.552231686800894e-07
8105,,5.004019544872177e-07
8106,,2.3022789493528843e-07
8107,,6.478287174228058e-08
8108,,1.2721544687667745e-08
8109,,4.22009926857373e-09
8110,,3.4192032336491975e-09
8111,,3.3675026798501874e-09
8112,,3.3647164653807407e-09
8113,,3.3644795932309687e-09
8114,,3.3644330284551358e-09
8115,,3.3644127040645997e-09
8116,,3.364400023798562e-09
8117,,3.3643909638539907e-09
8118,,3.364383948859055e-09
8119,,3.3643781480340987e-09
8120,,3.36437307864739e-09
8121,,3.36436845166665e-09
8122,,3.3643640925291374e-09
8123,,3.3643598955915923e-09
8124,,3.3643557971981383e-09
8125,,3.364351758449707e-09
8126,,3.3643477557913636e-09
8127,,3.364343774926014e-09
8128,,3.364339807426948e-09
8129,,3.3643188566343453e-09
8130,,3.3643091565665796e-09
8131,,3.3643017229374634e-09
8132,,3.3642956626128164e-09
8133,,3.3642904348764223e-09
8134,,3.3642857116307563e-09
8135,,3.364281294016602e-09
8136,,3.3642770618547606e-09
8137,,3.3642729420842084e-09
8138,,3.3642688904463105e-09
8139,,3.364264879826541e-09
8140,,3.3642608944946167e-09
8141,,3.364256924231148e-09
8142,,3.3642380434151867e-09
8143,,3.364227526801176e-09
8144,,3.3642195979665643e-09
8145,,3.3642132379791273e-09
8146,,3.3642078282926367e-09
8147,,3.3642029951277798e-09
8148,,3.3641985107997126e-09
8149,,3.364194238432268e-09
8150,,3.36419009413244e-09
8151,,3.3641860276568947e-09
8152,,3.3641820082985725e-09
8153,,3.3641780174825967e-09
8154,,3.364174043919948e-09
8155,,3.364170080987965e-09
8156,,3.364146077824193e-09
8157,,3.364137583803603e-09
8158,,3.364130881159412e-09
8159,,3.3641252642189934e-09
8160,,3.3641203050823688e-09
8161,,3.3641157446414087e-09
8162,,3.3641114260917795e-09
8163,,3.3641072540073e-09
8164,,3.364103170645897e-09
8165,,3.364099141053438e-09
8166,,3.3640951441813974e-09
8167,,3.3640911671493596e-09
8168,,3.3640872018951217e-09
8169,,3.364064835022581e-09
8170,,3.3640556956731327e-09
8171,,3.3640486018250327e-09
8172,,3.364042747664472e-09
8173,,3.3640376450351825e-09
8174,,3.364032997841365e-09
8175,,3.364028626319793e-09
8176,,3.3640244222883732e-09
8177,,3.364020319811693e-09
8178,,3.3640162785390147e-09
8179,,3.3640122746425415e-09
8180,,3.36400829331973e-09
8181,,3.364004325757917e-09
8182,,3.3639838274053355e-09
8183,,3.3639739508762807e-09
8184,,3.363966410429083e-09
8185,,3.363960285645379e-09
8186,,3.3639550189526138e-09
8187,,3.36395027219966e-09
8188,,3.363945840739136e-09
8189,,3.363941600253354e-09
8190,,3.3639374756122157e-09
8191,,3.3639334211351763e-09
8192,,3.363929409190572e-09
8193,,3.363925423021688e-09
8194,,3.3639214525054806e-09
8195,,3.3639030879083525e-09
8196,,3.3638923696561092e-09
8197,,3.3638843190460986e-09
8198,,3.36387788505322e-09
8199,,3.363872431093033e-09
8200,,3.3638675707981276e-09
8201,,3.363863070605116e-09
8202,,3.3638587885508956e-09
8203,,3.3638546387666668e-09
8204,,3.36385056901615e-09
8205,,3.363846547927988e-09
8206,,3.3638425563703956e-09
8207,,3.3638385824396965e-09
8208,,3.363834619493319e-09
8209,,3.3638109746787016e-09
8210,,3.363802341532915e-09
8211,,3.3637955546517537e-09
8212,,3.363789886640567e-09
8213,,3.3637848967524745e-09
8214,,3.363780318141543e-09
8215,,3.3637759886048274e-09
8216,,3.3637718099262493e-09
8217,,3.3637677229685225e-09
8218,,3.3637636912333743e-09
8219,,3.363759693301573e-09
8220,,3.3637557157068833e-09
8221,,3.363751750462226e-09
8222,,3.3637297922655853e-09
8223,,3.363720493758103e-09
8224,,3.363713303629795e-09
8225,,3.3637073914483402e-09
8226,,3.3637022535968205e-09
8227,,3.3636975853008573e-09
8228,,3.3636932013350213e-09
8229,,3.3636889897638344e-09
8230,,3.363684882873092e-09
8231,,3.3636808392793993e-09
8232,,3.3636768341588543e-09
8233,,3.363672852174743e-09
8234,,3.3636688843620623e-09
8235,,3.363648852257171e-09
8236,,3.363638793967842e-09
8237,,3.363631143270512e-09
8238,,3.3636249520611065e-09
8239,,3.3636196452407286e-09
8240,,3.363614874439541e-09
8241,,3.3636104284922232e-09
8242,,3.363606179444871e-09
8243,,3.363602049896141e-09
8244,,3.3635979925648834e-09
8245,,3.3635939790509255e-09
8246,,3.363589992108484e-09
8247,,3.363586021379059e-09
8248,,3.3635681885646743e-09
8249,,3.3635572624948682e-09
8250,,3.363549086068719e-09
8251,,3.3635425761111374e-09
8252,,3.3635370761906087e-09
8253,,3.3635321884775405e-09
8254,,3.363527671714227e-09
8255,,3.3635233798798613e-09
8256,,3.363519224161948e-09
8257,,3.3635151512018335e-09
8258,,3.3635111282039605e-09
8259,,3.363507135737918e-09
8260,,3.363503161469298e-09
8261,,3.3634991984315687e-09
8262,,3.363475923130351e-09
8263,,3.3634671460694306e-09
8264,,3.363460272311232e-09
8265,,3.3634545518909988e-09
8266,,3.3634495305257748e-09
8267,,3.3634449328247866e-09
8268,,3.363440592064034e-09
8269,,3.363436406662946e-09
8270,,3.3634323158335986e-09
8271,,3.3634282820075703e-09
8272,,3.3634242829509813e-09
8273,,3.363420304728634e-09
8274,,3.363416339375855e-09
8275,,3.3633948026581823e-09
8276,,3.3633853399112376e-09
8277,,3.363378050557883e-09
8278,,3.3633720782290848e-09
8279,,3.3633669042914796e-09
8280,,3.363362214133556e-09
8281,,3.3633578173338104e-09
8282,,3.363353598156051e-09
8283,,3.363349486924491e-09
8284,,3.363345440691143e-09
8285,,3.36334143409186e-09
8286,,3.363337451413189e-09
8287,,3.36333348342872e-09
8288,,3.3633139318130694e-09
8289,,3.3633036859349738e-09
8290,,3.3632959219915053e-09
8291,,3.363289662127255e-09
8292,,3.3632843138533365e-09
8293,,3.3632795181978166e-09
8294,,3.3632750574831585e-09
8295,,3.363270799566714e-09
8296,,3.363266664675663e-09
8297,,3.3632626045506558e-09
8298,,3.363258589408627e-09
8299,,3.363254601693006e-09
8300,,3.3632506307099956e-09
8301,,3.363233345838603e-09
8302,,3.363222205641696e-09
8303,,3.3632138994947523e-09
8304,,3.3632073113059294e-09
8305,,3.3632017640474817e-09
8306,,3.36319684767963e-09
8307,,3.363192313932227e-09
8308,,3.363188011874579e-09
8309,,3.3631838503488096e-09
8310,,3.3631797738857876e-09
8311,,3.363175748937138e-09
8312,,3.3631717554006624e-09
8313,,3.3631677808390417e-09
8314,,3.3631638177367915e-09
8315,,3.3631409231112314e-09
8316,,3.3631319980265125e-09
8317,,3.363125034561621e-09
8318,,3.363119260109725e-09
8319,,3.363114206162021e-09
8320,,3.3631095888097516e-09
8321,,3.3631052363610706e-09
8322,,3.3631010441671736e-09
8323,,3.363096949221692e-09
8324,,3.3630929132486126e-09
8325,,3.363088912916172e-09
8326,,3.36308493440209e-09
8327,,3.363080968859902e-09
8328,,3.3630598660135377e-09
8329,,3.3630502341663647e-09
8330,,3.3630428425106626e-09
8331,,3.363036808321505e-09
8332,,3.3630315969464684e-09
8333,,3.3630268846489534e-09
8334,,3.363022474385505e-09
8335,,3.363018247292322e-09
8336,,3.3630141312641528e-09
8337,,3.3630100824802782e-09
8338,,3.3630060745790705e-09
8339,,3.36300209138646e-09
8340,,3.3629981230009322e-09
8341,,3.3629790664669595e-09
8342,,3.362968627350893e-09
8343,,3.362960746360472e-09
8344,,3.3629544158054706e-09
8345,,3.3629490249270153e-09
8346,,3.362944203577415e-09
8347,,3.362939727397298e-09
8348,,3.3629354605242816e-09
8349,,3.362931320312886e-09
8350,,3.3629272568966366e-09
8351,,3.3629232400323057e-09
8352,,3.36291925158406e-09
8353,,3.3629152803644747e-09
8354,,3.3629113193425622e-09
8355,,3.3628871991830513e-09
8356,,3.3628787595830755e-09
8357,,3.3628720904285623e-09
8358,,3.3628664944192507e-09
8359,,3.3628615488010565e-09
8360,,3.3628569973722085e-09
8361,,3.362852684887249e-09
8362,,3.36284851698453e-09
8363,,3.362844437106814e-09
8364,,3.3628404102315782e-09
8365,,3.3628364157668165e-09
8366,,3.3628324407912965e-09
8367,,3.3628284776335276e-09
8368,,3.362805975033084e-09
8369,,3.3627968972438068e-09
8370,,3.3627898416162793e-09
8371,,3.3627840112902534e-09
8372,,3.362778923790965e-09
8373,,3.3627742862722963e-09
8374,,3.3627699216968366e-09
8375,,3.3627657224035e-09
8376,,3.362761623251037e-09
8377,,3.3627575850491465e-09
8378,,3.362753583664141e-09
8379,,3.3627496043808197e-09
8380,,3.3627456388418895e-09
8381,,3.3627249832561584e-09
8382,,3.362715176934253e-09
8383,,3.3627076794858567e-09
8384,,3.362701581830033e-09
8385,,3.362696332070328e-09
8386,,3.3626915965795467e-09
8387,,3.3626871724624097e-09
8388,,3.3626829370031355e-09
8389,,3.362678816213459e-09
8390,,3.362674764918844e-09
8391,,3.3626707554638445e-09
8392,,3.362666771531179e-09
8393,,3.3626628030153638e-09
8394,,3.362644256509456e-09
8395,,3.362633618153775e-09
8396,,3.3626256166247006e-09
8397,,3.3626192132847203e-09
8398,,3.362613778398248e-09
8399,,3.3626089306381622e-09
8400,,3.362604438502456e-09
8401,,3.3626001621412768e-09
8402,,3.362596016488403e-09
8403,,3.3625919500161712e-09
8404,,3.3625879315103703e-09
8405,,3.3625839421092874e-09
8406,,3.3625799704843046e-09
8407,,3.362576009378086e-09
8408,,3.362552243749831e-09
8409,,3.3625436664008427e-09
8410,,3.3625369139166575e-09
8411,,3.3625312675881432e-09
8412,,3.3625262916330028e-09
8413,,3.362521722027527e-09
8414,,3.362517398677333e-09
8415,,3.3625132245471757e-09
8416,,3.362509140870128e-09
8417,,3.362505112213178e-09
8418,,3.362501116513168e-09
8419,,3.362497141030938e-09
8420,,3.3624931778579494e-09
8421,,3.3624710792659774e-09
8422,,3.36246184430847e-09
8423,,3.3624546934171693e-09
8424,,3.3624488055795575e-09
8425,,3.3624436834786614e-09
8426,,3.3624390252248615e-09
8427,,3.3624346479494178e-09
8428,,3.3624304413097105e-09
8429,,3.362426338179301e-09
8430,,3.36242229746522e-09
8431,,3.3624182946132306e-09
8432,,3.3624143149654314e-09
8433,,3.3624103491441752e-09
8434,,3.362390154296082e-09
8435,,3.3623801682528836e-09
8436,,3.362372562303449e-09
8437,,3.3623663986473255e-09
8438,,3.362361109325389e-09
8439,,3.362356349840186e-09
8440,,3.3623519114522335e-09
8441,,3.3623476677947363e-09
8442,,3.3623435419672223e-09
8443,,3.3623394878121654e-09
8444,,3.3623354768289985e-09
8445,,3.362331492212038e-09
8446,,3.36232752345016e-09
8447,,3.3623095025552163e-09
8448,,3.3622986589774915e-09
8449,,3.3622905330701227e-09
8450,,3.362284054581746e-09
8451,,3.3622785743393636e-09
8452,,3.36227369928063e-09
8453,,3.3622691908728134e-09
8454,,3.362264904894878e-09
8455,,3.3622607533799263e-09
8456,,3.362256683613633e-09
8457,,3.3622526633434834e-09
8458,,3.3622486731147123e-09
8459,,3.3622447011134207e-09
8460,,3.3622407398888465e-09
8461,,3.3622173393451485e-09
8462,,3.3622086200796126e-09
8463,,3.362201781693715e-09
8464,,3.3621960835825537e-09
8465,,3.3621910765310967e-09
8466,,3.362186488198466e-09
8467,,3.3621821534254272e-09
8468,,3.362177972889413e-09
8469,,3.362173885381699e-09
8470,,3.362169854397127e-09
8471,,3.36216585773637e-09
8472,,3.3621618817916728e-09
8473,,3.362157918477528e-09
8474,,3.3621362362914908e-09
8475,,3.362126839093277e-09
8476,,3.362119590013259e-09
8477,,3.362113643005877e-09
8478,,3.3621084850278556e-09
8479,,3.362103805293239e-09
8480,,3.3620994153145687e-09
8481,,3.3620952012132266e-09
8482,,3.3620910933383694e-09
8483,,3.362087050295493e-09
8484,,3.3620830462024016e-09
8485,,3.362079065852101e-09
8486,,3.3620750997943403e-09
8487,,3.3620553800446905e-09
8488,,3.362045208642558e-09
8489,,3.3620374904141767e-09
8490,,3.3620312591838664e-09
8491,,3.3620259288810646e-09
8492,,3.3620211446944535e-09
8493,,3.3620166917707868e-09
8494,,3.3620124393958366e-09
8495,,3.3620083084607887e-09
8496,,3.362004251362768e-09
8497,,3.3620002387606258e-09
8498,,3.361996253338497e-09
8499,,3.3619922842968535e-09
8500,,3.3619748051690773e-09
8501,,3.3619637500411595e-09
8502,,3.3619554959062443e-09
8503,,3.361948939875554e-09
8504,,3.361943413007444e-09
8505,,3.3619385096193346e-09
8506,,3.361933984440634e-09
8507,,3.361929688254816e-09
8508,,3.361925530994955e-09
8509,,3.3619214578025407e-09
8510,,3.3619174357663698e-09
8511,,3.3619134445052343e-09
8512,,3.3619094720255783e-09
8513,,3.3619055110428134e-09
8514,,3.3618824864245243e-09
8515,,3.361873620748814e-09
8516,,3.36186669418729e-09
8517,,3.361860942466842e-09
8518,,3.3618559030425226e-09
8519,,3.3618512954873616e-09
8520,,3.361846949406846e-09
8521,,3.361842761790323e-09
8522,,3.3618386703828818e-09
8523,,3.3618346372855114e-09
8524,,3.3618306395063383e-09
8525,,3.3618266628496064e-09
8526,,3.3618226995538993e-09
8527,,3.3618014464368006e-09
8528,,3.3617918820430053e-09
8529,,3.3617845317654645e-09
8530,,3.3617785235721675e-09
8531,,3.3617733287509174e-09
8532,,3.3617686268559005e-09
8533,,3.3617642236995094e-09
8534,,3.3617600017209006e-09
8535,,3.361755889470238e-09
8536,,3.3617518437523843e-09
8537,,3.3617478383152773e-09
8538,,3.36174385712109e-09
8539,,3.3617398909776677e-09
8540,,3.361720660399902e-09
8541,,3.3617102981428878e-09
8542,,3.361702464379501e-09
8543,,3.361696163100385e-09
8544,,3.3616907907581166e-09
8545,,3.361685981362033e-09
8546,,3.361681513078076e-09
8547,,3.3616772514849483e-09
8548,,3.3616731154755614e-09
8549,,3.3616690553411877e-09
8550,,3.361665041197309e-09
8551,,3.3616610549279054e-09
8552,,3.3616570856787318e-09
8553,,3.361653126638214e-09
8554,,3.36162889121238e-09
8555,,3.3616205050045043e-09
8556,,3.3616138693414873e-09
8557,,3.3616082940924976e-09
8558,,3.361603361800121e-09
8559,,3.3615988191541174e-09
8560,,3.3615945127313026e-09
8561,,3.3615903493184895e-09
8562,,3.3615862725790374e-09
8563,,3.3615822486174063e-09
8564,,3.361578256264873e-09
8565,,3.361574283394377e-09
8566,,3.361570322328859e-09
8567,,3.361547685644156e-09
8568,,3.3615386690160823e-09
8569,,3.3615316509922637e-09
8570,,3.361525844234589e-09
8571,,3.361520771665503e-09
8572,,3.361516144052113e-09
8573,,3.3615117859998665e-09
8574,,3.36150759151522e-09
8575,,3.361503496059427e-09
8576,,3.3614994607061613e-09
8577,,3.3614954615703235e-09
8578,,3.3614914846637573e-09
8579,,3.3614875210213198e-09
8580,,3.3614667099589247e-09
8581,,3.361456973173469e-09
8582,,3.3614495186590874e-09
8583,,3.361443447540644e-09
8584,,3.3614382147209175e-09
8585,,3.361433489944528e-09
8586,,3.361429072993083e-09
8587,,3.36142484294554e-09
8588,,3.3614207260628286e-09
8589,,3.361416677663535e-09
8590,,3.3614126706741365e-09
8591,,3.3614086890446743e-09
8592,,3.361404722662505e-09
8593,,3.3613859961833168e-09
8594,,3.3613754370130357e-09
8595,,3.36136748413928e-09
8596,,3.361361110890971e-09
8597,,3.3613556952342948e-09
8598,,3.361350859525741e-09
8599,,3.3613463755658112e-09
8600,,3.3613421047479987e-09
8601,,3.361337963130085e-09
8602,,3.3613338999547342e-09
8603,,3.3613298839869972e-09
8604,,3.361325897033284e-09
8605,,3.3613219273747474e-09
8606,,3.361317968359688e-09
8607,,3.361294083131153e-09
8608,,3.3612855610634186e-09
8609,,3.361278842887459e-09
8610,,3.361273218082287e-09
8611,,3.3612682558085067e-09
8612,,3.3612636952486315e-09
8613,,3.361259377911152e-09
8614,,3.3612552081507567e-09
8615,,3.3612511281052688e-09
8616,,3.3612471019135836e-09
8617,,3.3612431088005975e-09
8618,,3.3612391353060806e-09
8619,,3.3612351741141578e-09
8620,,3.3612129368104524e-09
8621,,3.3612037647660895e-09
8622,,3.3611966527082155e-09
8623,,3.361190789046451e-09
8624,,3.3611856823445775e-09
8625,,3.3611810340451427e-09
8626,,3.3611766636272554e-09
8627,,3.361172462015895e-09
8628,,3.3611683622526763e-09
8629,,3.3611643244709044e-09
8630,,3.361160324156954e-09
8631,,3.3611563466717376e-09
8632,,3.3611523828654516e-09
8633,,3.36113202719916e-09
8634,,3.3611221129248202e-09
8635,,3.361114550854651e-09
8636,,3.3611084147344827e-09
8637,,3.361103142886208e-09
8638,,3.361098394550588e-09
8639,,3.3610939635059805e-09
8640,,3.361089725131633e-09
8641,,3.361085603235591e-09
8642,,3.3610815520001436e-09
8643,,3.361077543690045e-09
8644,,3.361073561345623e-09
8645,,3.361069594778984e-09
8646,,3.3610513877196416e-09
8647,,3.3610406257412767e-09
8648,,3.36103254999338e-09
8649,,3.3610261026020946e-09
8650,,3.361020641813704e-09
8651,,3.3610157793943167e-09
8652,,3.361011279155727e-09
8653,,3.3610069988393267e-09
8654,,3.3610028516013095e-09
8655,,3.3609987851707104e-09
8656,,3.3609947675192613e-09
8657,,3.3609907794389116e-09
8658,,3.3609868095728986e-09
8659,,3.360982850374418e-09
8660,,3.360959326192264e-09
8661,,3.3609506637211184e-09
8662,,3.3609438607950616e-09
8663,,3.3609381846745365e-09
8664,,3.360933191600383e-09
8665,,3.3609286124193388e-09
8666,,3.3609242841778106e-09
8667,,3.3609201080166545e-09
8668,,3.3609160240156546e-09
8669,,3.3609119958753263e-09
8670,,3.3609080014888104e-09
8671,,3.3609040275742765e-09
8672,,3.36090006627671e-09
8673,,3.3608782404358072e-09
8674,,3.360868908030008e-09
8675,,3.3608616991406843e-09
8676,,3.36085577694404e-09
8677,,3.3608506348053603e-09
8678,,3.360845965461937e-09
8679,,3.360841582427534e-09
8680,,3.3608373731571327e-09
8681,,3.3608332691270376e-09
8682,,3.360829228849649e-09
8683,,3.3608252272185166e-09
8684,,3.3608212491751433e-09
8685,,3.360817285107929e-09
8686,,3.3607973988416976e-09
8687,,3.3607873013117805e-09
8688,,3.360779628707686e-09
8689,,3.360773425479393e-09
8690,,3.360768113079243e-09
8691,,3.3607633405479537e-09
8692,,3.360758895228162e-09
8693,,3.3607546480025444e-09
8694,,3.3607505211743692e-09
8695,,3.360746467019763e-09
8696,,3.3607424572132925e-09
8697,,3.360738473969339e-09
8698,,3.3607345070578065e-09
8699,,3.3607168355622793e-09
8700,,3.3607058643262326e-09
8701,,3.3606976619109217e-09
8702,,3.3606911379387474e-09
8703,,3.3606856311157025e-09
8704,,3.360680740800934e-09
8705,,3.3606762238573576e-09
8706,,3.3606719336623995e-09
8707,,3.3606677807240194e-09
8708,,3.3606637108298756e-09
8709,,3.3606596912231225e-09
8710,,3.3606557024378366e-09
8711,,3.3606517322172746e-09
8712,,3.36064777301464e-09
8713,,11.367103196712218
8714,,90332.43681213536
8715,,11.25655225194429
8716,,654.9521635860021
8717,,11.102532819730955
8718,,0.658751303168037
8719,,16.986912450637305
8720,,0.6369722151872865
8721,,0.25716890123441116
8722,,3.918430374866857
8723,,0.2509724692475871
8724,,0.20003203176750817
8725,,0.2915018410098399
8726,,0.19877251924423392
8727,,0.182654517236997
8728,,0.16582934044363185
8729,,0.12946172850574894
8730,,0.1218375959234841
8731,,0.08061546896381634
8732,,1.908994745312793
8733,,0.07833930114306618
8734,,0.07280988952086366
8735,,0.06599792019377261
8736,,0.23146789930307163
8737,,0.06429810498168849
8738,,0.06169464545039295
8739,,0.05855358606585776
8740,,0.04749434298334231
8741,,0.03878429608317967
8742,,0.025951228823256338
8743,,0.01486275341975084
8744,,0.011620989383329986
8745,,0.01047281318909833
8746,,0.0088509627332361
8747,,0.00624062623509525
8748,,0.0034665260552944124
8749,,0.0029482307014472766
8750,,0.002804513149386604
8751,,0.0026520657537916423
8752,,0.0023618556604825557
8753,,0.002064779822166108
8754,,0.001845835347109657
8755,,0.001771649135477454
8756,,0.0017326622817658217
8757,,0.0016805856151058025
8758,,0.0016086012930876077
8759,,0.001503889052552292
8760,,0.0013594558999196087
8761,,0.0012252284045416219
8762,,0.0011667137739323245
8763,,0.001122005776366514
8764,,0.0010666181259396724
8765,,0.0009939437828095112
8766,,0.0009289755454428019
8767,,0.000893100280132867
8768,,0.0008531855590281801
8769,,0.0008089623214977153
8770,,0.0007701141569452946
8771,,0.0007378082710093447
8772,,0.000711234128795882
8773,,0.000686733802545759
8774,,0.0006560814575236192
8775,,0.0006003381512427628
8776,,0.0005062765970509962
8777,,0.0004024590701895509
8778,,0.0002920126831216071
8779,,0.00023406965481822292
8780,,0.00020535373830935075
8781,,0.0001942168747661157
8782,,0.00018917775087327635
8783,,0.00018706328605475484
8784,,0.00018586698878689288
8785,,0.00018379508845952963
8786,,0.0001789102937228664
8787,,0.00017023204895496053
8788,,0.00015954615154091018
8789,,0.0001446805087206172
8790,,0.00012575578972616965
8791,,9.208693682763749e-05
8792,,6.398200559234677e-05
8793,,4.992393587308318e-05
8794,,4.513811729190645e-05
8795,,4.35731608655796e-05
8796,,4.2583662001491035e-05
8797,,4.114226869901091e-05
8798,,3.926678747117046e-05
8799,,3.654149800990277e-05
8800,,3.4288712780976644e-05
8801,,3.331264565675599e-05
8802,,3.306389770831317e-05
8803,,3.298393048184992e-05
8804,,3.287871556895276e-05
8805,,3.267030474090559e-05
8806,,3.218701817587872e-05
8807,,3.119974180635316e-05
8808,,2.9304735701000957e-05
8809,,2.617387618415462e-05
8810,,2.1838676117846114e-05
8811,,1.9393812595190523e-05
8812,,1.3887485430830445e-05
8813,,1.1724617014667884e-05
8814,,1.1070282166144663e-05
8815,,1.0895449650845295e-05
8816,,1.0739756950359096e-05
8817,,1.0472013899833428e-05
8818,,1.0089515726502776e-05
8819,,9.333042647653713e-06
8820,,7.76702239679455e-06
8821,,5.946392198939909e-06
8822,,4.500206233022625e-06
8823,,3.6582333654884943e-06
8824,,3.428852396766192e-06
8825,,3.3937636753483983e-06
8826,,3.3886365496985853e-06
8827,,3.385934832817429e-06
8828,,3.381317339835681e-06
8829,,3.3731542150061916e-06
8830,,3.3547061950308116e-06
8831,,3.3140514500555387e-06
8832,,3.222777529119232e-06
8833,,3.026149473977623e-06
8834,,2.637835424071096e-06
8835,,2.0025663287570687e-06
8836,,1.26830814289447e-06
8837,,7.922045728152174e-07
8838,,6.149586079131317e-07
8839,,5.832978349962903e-07
8840,,5.773281467252785e-07
8841,,5.766492470472272e-07
8842,,5.765452480471283e-07
8843,,5.765237896226783e-07
8844,,5.765180246623711e-07
8845,,5.765137806774817e-07
8846,,5.764895605182529e-07
8847,,5.764798665651226e-07
8848,,5.76474406780166e-07
8849,,5.764701153735962e-07
8850,,5.764458006253153e-07
8851,,5.764364862092744e-07
8852,,5.764308508881187e-07
8853,,5.764264832505076e-07
8854,,5.764031440515662e-07
8855,,5.763932236989623e-07
8856,,5.763873420480704e-07
8857,,5.7638288443e-07
8858,,5.763607658177408e-07
8859,,5.76350052792635e-07
8860,,5.7634388166206e-07
8861,,5.763393198179528e-07
8862,,5.763186243780178e-07
8863,,5.763069799768032e-07
8864,,5.763004728765843e-07
8865,,5.762957905404685e-07
8866,,5.76291768388692e-07
8867,,5.762640158625687e-07
8868,,5.762571194924025e-07
8869,,5.762522979115037e-07
8870,,5.762482265600103e-07
8871,,5.762211730880126e-07
8872,,5.762138259494802e-07
8873,,5.762088434693411e-07
8874,,5.76204715251269e-07
8875,,5.761784664052672e-07
8876,,5.761705974108537e-07
8877,,5.761654290092214e-07
8878,,5.761612350609775e-07
8879,,5.761359129888545e-07
8880,,5.761274398877363e-07
8881,,5.761220566138299e-07
8882,,5.761177867011229e-07
8883,,5.760935328162603e-07
8884,,5.760843603739673e-07
8885,,5.760787287184894e-07
8886,,5.760743709955535e-07
8887,,5.760513491465237e-07
8888,,5.760413670000713e-07
8889,,5.760354481480468e-07
8890,,5.760309889120601e-07
8891,,5.760093890004401e-07
8892,,5.759984692204138e-07
8893,,5.75992218195692e-07
8894,,5.759876415832042e-07
8895,,5.759676838487368e-07
8896,,5.759556780379532e-07
8897,,5.759490426979724e-07
8898,,5.759443303221004e-07
8899,,5.759403127182429e-07
8900,,5.759130062374184e-07
8901,,5.759059261104638e-07
8902,,5.75901056670673e-07
8903,,5.758969841822185e-07
8904,,5.758704687015846e-07
8905,,5.758628736239099e-07
8906,,5.758578224237686e-07
8907,,5.75853686326199e-07
8908,,5.758280827288782e-07
8909,,5.758198912736857e-07
8910,,5.758146296655379e-07
8911,,5.758104198557261e-07
8912,,5.757858684492137e-07
8913,,5.757769860857318e-07
8914,,5.757714808358071e-07
8915,,5.757671855951979e-07
8916,,5.757438492655823e-07
8917,,5.757341662315951e-07
8918,,5.757283787747603e-07
8919,,5.757239845164267e-07
8920,,5.757020524214818e-07
8921,,5.756914412177211e-07
8922,,5.756853267787855e-07
8923,,5.756808177466995e-07
8924,,5.756605095888753e-07
8925,,5.756488221067693e-07
8926,,5.756423287016057e-07
8927,,5.756376866091833e-07
8928,,5.756337086422862e-07
8929,,5.756063217743231e-07
8930,,5.755993890239403e-07
8931,,5.75594592644344e-07
8932,,5.755905611503392e-07
8933,,5.755639551931659e-07
8934,,5.755565129630468e-07
8935,,5.755515376551211e-07
8936,,5.75547443951778e-07
8937,,5.755217397979966e-07
8938,,5.755137065901593e-07
8939,,5.755085237407921e-07
8940,,5.755043577592866e-07
8941,,5.754796958636807e-07
8942,,5.754709769744543e-07
8943,,5.754655533489443e-07
8944,,5.754613034015191e-07
8945,,5.754378469934843e-07
8946,,5.754283323491983e-07
8947,,5.754226293321924e-07
8948,,5.754182818513814e-07
8949,,5.753962206510087e-07
8950,,5.753857822951771e-07
8951,,5.753797550198731e-07
8952,,5.753752942451256e-07
8953,,5.753548488058183e-07
8954,,5.753433379631137e-07
8955,,5.753369342854239e-07
8956,,5.75332341913118e-07
8957,,5.753283950529585e-07
8958,,5.753010123335676e-07
8959,,5.752941716429109e-07
8960,,5.752894264050477e-07
8961,,5.752854267782656e-07
8962,,5.752588205215433e-07
8963,,5.752514723518565e-07
8964,,5.752465495349321e-07
8965,,5.752424884638315e-07
8966,,5.752167801152051e-07
8967,,5.752088425383604e-07
8968,,5.752037134209148e-07
8969,,5.751995808153248e-07
8970,,5.751749115948249e-07
8971,,5.751662893352374e-07
8972,,5.751609205262505e-07
8973,,5.751567046701788e-07
8974,,5.751332387950319e-07
8975,,5.751238210456717e-07
8976,,5.751181737355169e-07
8977,,5.751138610129334e-07
8978,,5.750917894701347e-07
8979,,5.75081447350255e-07
8980,,5.750754763996319e-07
8981,,5.750710509838041e-07
8982,,5.750505959199278e-07
8983,,5.750391795089e-07
8984,,5.750328324300686e-07
8985,,5.750282759264221e-07
8986,,5.750243541782626e-07
8987,,5.749970306411228e-07
8988,,5.749902463914702e-07
8989,,5.749855374082214e-07
8990,,5.7498156322311e-07
8991,,5.749550160184495e-07
8992,,5.749477235881941e-07
8993,,5.749428372543691e-07
8994,,5.74938801913387e-07
8995,,5.749131534263706e-07
8996,,5.749052702115363e-07
8997,,5.749001776070345e-07
8998,,5.748960709685387e-07
8999,,5.748714635700821e-07
9000,,5.748628934728273e-07
9001,,5.748575609576678e-07
9002,,5.748533712330585e-07
9003,,5.7482997056174e-07
9004,,5.74820601769879e-07
9005,,5.748149902129145e-07
9006,,5.748107036958931e-07
9007,,5.747887024787887e-07
9008,,5.747784048846569e-07
9009,,5.747724687661841e-07
9010,,5.74768069515548e-07
9011,,5.747476920082299e-07
9012,,5.747363142098264e-07
9013,,5.747300005701222e-07
9014,,5.747254700442323e-07
9015,,5.747215690599495e-07
9016,,5.746943430189385e-07
9017,,5.746875902399367e-07
9018,,5.746829068696764e-07
9019,,5.746789534635926e-07
9020,,5.74652506765625e-07
9021,,5.746452431417059e-07
9022,,5.746403818402589e-07
9023,,5.74636367222371e-07
9024,,5.746108234500617e-07
9025,,5.746029655426439e-07
9026,,5.745978971199047e-07
9027,,5.745938110689879e-07
9028,,5.745693140316443e-07
9029,,5.745607647342433e-07
9030,,5.745554552269801e-07
9031,,5.745512858560874e-07
9032,,5.745280029290243e-07
9033,,5.745186492198477e-07
9034,,5.745130591080194e-07
9035,,5.745087925840284e-07
9036,,5.744869185636476e-07
9037,,5.744766289012578e-07
9038,,5.74470712191556e-07
9039,,5.744663324219506e-07
9040,,5.744460940526126e-07
9041,,5.744347153185031e-07
9042,,5.744284184807599e-07
9043,,5.744239067470925e-07
9044,,5.744200233273078e-07
9045,,5.74392921899401e-07
9046,,5.743861826448059e-07
9047,,5.743815171610053e-07
9048,,5.743775810928856e-07
9049,,5.743512643112218e-07
9050,,5.743440101247708e-07
9051,,5.743391655323169e-07
9052,,5.743351679517529e-07
9053,,5.74309760771415e-07
9054,,5.743019072574055e-07
9055,,5.742968540552459e-07
9056,,5.742927846376434e-07
9057,,5.742684325290898e-07
9058,,5.742598814368638e-07
9059,,5.742545852816732e-07
9060,,5.742504320127969e-07
9061,,5.742273043121222e-07
9062,,5.742179412708907e-07
9063,,5.742123621918135e-07
9064,,5.742081110945771e-07
9065,,5.741864049267891e-07
9066,,5.741760967935434e-07
9067,,5.741701882613166e-07
9068,,5.741658230706479e-07
9069,,5.741457679251793e-07
9070,,5.741343596903024e-07
9071,,5.741280675476904e-07
9072,,5.741235693303999e-07
9073,,5.741197010855063e-07
9074,,5.740927435808365e-07
9075,,5.740860047748581e-07
9076,,5.740813514949713e-07
9077,,5.74077430217497e-07
9078,,5.740512643276001e-07
9079,,5.740440054612315e-07
9080,,5.740391714663334e-07
9081,,5.740351881841567e-07
9082,,5.740099404092737e-07
9083,,5.74002076026543e-07
9084,,5.739970314596709e-07
9085,,5.739929757350456e-07
9086,,5.739687933478289e-07
9087,,5.739602239650376e-07
9088,,5.739549340620226e-07
9089,,5.739507937453854e-07
9090,,5.739278482170366e-07
9091,,5.739184579998998e-07
9092,,5.739128822948409e-07
9093,,5.73908643245108e-07
9094,,5.738871342200929e-07
9095,,5.738767882981209e-07
9096,,5.738708796864147e-07
9097,,5.738665254365675e-07
9098,,5.738466853716601e-07
9099,,5.738352267134956e-07
9100,,5.738289303413931e-07
9101,,5.738244417252221e-07
9102,,5.738205868689765e-07
9103,,5.737937870483637e-07
9104,,5.737870390552294e-07
9105,,5.737823937663648e-07
9106,,5.737784853557143e-07
9107,,5.737524853833122e-07
9108,,5.737452114164547e-07
9109,,5.737403834776667e-07
9110,,5.737364124386631e-07
9111,,5.737113404532452e-07
9112,,5.737034539367136e-07
9113,,5.736984131093148e-07
9114,,5.736943688763797e-07
9115,,5.736703740834433e-07
9116,,5.736617742104398e-07
9117,,5.736564852854353e-07
9118,,5.736523555539312e-07
9119,,5.736296116974183e-07
9120,,5.736201810906321e-07
9121,,5.736146030685053e-07
9122,,5.736103735188896e-07
9123,,5.73589082907963e-07
9124,,5.735786848776438e-07
9125,,5.735727700316711e-07
9126,,5.7356842398622e-07
9127,,5.735488222052672e-07
9128,,5.735372975913987e-07
9129,,5.735309903448138e-07
9130,,5.735265083910076e-07
9131,,5.735226655534501e-07
9132,,5.734960332377988e-07
9133,,5.734892688660547e-07
9134,,5.734846284032437e-07
9135,,5.734807314017808e-07
9136,,5.734549081143023e-07
9137,,5.734476112649028e-07
9138,,5.734427859708123e-07
9139,,5.734388256149724e-07
9140,,5.734139412275105e-07
9141,,5.734060241440596e-07
9142,,5.734009833794735e-07
9143,,5.733969489604757e-07
9144,,5.733731547113403e-07
9145,,5.733645152058354e-07
9146,,5.733592232863081e-07
9147,,5.733551023415394e-07
9148,,5.733325743464216e-07
9149,,5.733230934221624e-07
9150,,5.733175087996359e-07
9151,,5.73313286817791e-07
9152,,5.732922301732636e-07
9153,,5.732817692534133e-07
9154,,5.732758435418194e-07
9155,,5.732715036279852e-07
9156,,5.732521571831822e-07
9157,,5.732405548889902e-07
9158,,5.732342317453471e-07
9159,,5.732297542211523e-07
9160,,5.732259223423381e-07
9161,,5.731994645211363e-07
9162,,5.731926783349637e-07
9163,,5.731880402922378e-07
9164,,5.731841535707336e-07
9165,,5.731585146946139e-07
9166,,5.731511890634647e-07
9167,,5.731463638228786e-07
9168,,5.731424129382734e-07
9169,,5.731177246844557e-07
9170,,5.731097706278971e-07
9171,,5.731047271261719e-07
9172,,5.731007012264106e-07
9173,,5.730771169408583e-07
9174,,5.730684308445475e-07
9175,,5.730631329045317e-07
9176,,5.730590193586539e-07
9177,,5.730367176224118e-07
9178,,5.730271788110862e-07
9179,,5.730215843050031e-07
9180,,5.730173684048992e-07
9181,,5.729965571980539e-07
9182,,5.729860251391281e-07
9183,,5.729800850059754e-07
9184,,5.72975749621427e-07
9185,,5.729566711591845e-07
9186,,5.729449821905896e-07
9187,,5.729386393007415e-07
9188,,5.729341644812854e-07
9189,,5.729303427323811e-07
9190,,5.729040643680625e-07
9191,,5.728972521868064e-07
9192,,5.728926147063342e-07
9193,,5.728887373705139e-07
9194,,5.728632884567701e-07
9195,,5.728559294974522e-07
9196,,5.728511023034468e-07
9197,,5.728471599384372e-07
9198,,5.728226740089609e-07
9199,,5.728146780310183e-07
9200,,5.728096296214258e-07
9201,,5.728056112280072e-07
9202,,5.727822437990449e-07
9203,,5.727735057136295e-07
9204,,5.72768199402271e-07
9205,,5.727640921670441e-07
9206,,5.727420243701853e-07
9207,,5.727324217771867e-07
9208,,5.727268148406066e-07
9209,,5.727226038503397e-07
9210,,5.727020466279733e-07
9211,,5.726914369908919e-07
9212,,5.726854796722504e-07
9213,,5.726811475567747e-07
9214,,5.72662346589319e-07
9215,,5.72650563888296e-07
9216,,5.726441982443461e-07
9217,,5.726397247716295e-07
9218,,5.726359124828703e-07
9219,,5.726098170910183e-07
9220,,5.726029756335328e-07
9221,,5.72598337250237e-07
9222,,5.72594468592134e-07
9223,,5.725692136220645e-07
9224,,5.725618177607507e-07
9225,,5.725569870274042e-07
9226,,5.725530524223272e-07
9227,,5.725287733236275e-07
9228,,5.725207315185727e-07
9229,,5.725156764885805e-07
9230,,5.725116647802691e-07
9231,,5.724885193037964e-07
9232,,5.724797249510325e-07
9233,,5.724744084094292e-07
9234,,5.724703066110048e-07
9235,,5.724484784843977e-07
9236,,5.724388074291083e-07
9237,,5.724331860413257e-07
9238,,5.724289790233366e-07
9239,,5.724086822350065e-07
9240,,5.723979898724466e-07
9241,,5.723920131664894e-07
9242,,5.723876833100072e-07
9243,,5.723691670878454e-07
9244,,5.723572850064618e-07
9245,,5.723508942056492e-07
9246,,5.723464209908804e-07
9247,,5.723426176089667e-07
9248,,5.723167076602203e-07
9249,,5.723098343040036e-07
9250,,5.723051938376934e-07
9251,,5.723013332676747e-07
9252,,5.722762751101481e-07
9253,,5.722688394692006e-07
9254,,5.722640039222761e-07
9255,,5.722600764496409e-07
9256,,5.722360074875949e-07
9257,,5.722279167000556e-07
9258,,5.722228536606351e-07
9259,,5.722188479725678e-07
9260,,5.721959282375231e-07
9261,,5.721870741563904e-07
9262,,5.721817458756007e-07
9263,,5.721776487958181e-07
9264,,5.721560646841676e-07
9265,,5.721463213446215e-07
9266,,5.72140683861786e-07
9267,,5.721364800432638e-07
9268,,5.721164486467218e-07
9269,,5.721056693481951e-07
9270,,5.720996714616507e-07
9271,,5.720953430330828e-07
9272,,5.720915976626187e-07
9273,,5.720651310815685e-07
9274,,5.720587131585881e-07
9275,,5.720542393046102e-07
9276,,5.720504443627634e-07
9277,,5.720247215886014e-07
9278,,5.720178141741004e-07
9279,,5.720131706580901e-07
9280,,5.720093176828287e-07
9281,,5.719844584004703e-07
9282,,5.719769806079069e-07
9283,,5.719721391909064e-07
9284,,5.719682183298765e-07
9285,,5.71944361942902e-07
9286,,5.719362195605716e-07
9287,,5.719311473641794e-07
9288,,5.719271471333363e-07
9289,,5.71904456011371e-07
9290,,5.718955393089426e-07
9291,,5.718901980385917e-07
9292,,5.718861050745553e-07
9293,,5.718647683223603e-07
9294,,5.718549495053576e-07
9295,,5.718492945572293e-07
9296,,5.71845093291958e-07
9297,,5.718253311785858e-07
9298,,5.718144613946257e-07
9299,,5.71808440822884e-07
9300,,5.718041131265936e-07
9301,,5.718003765430602e-07
9302,,5.717740880809858e-07
9303,,5.717676413830026e-07
9304,,5.717631661357204e-07
9305,,5.717593792334481e-07
9306,,5.717338448292355e-07
9307,,5.717269015408091e-07
9308,,5.717222541497363e-07
9309,,5.717184083420912e-07
9310,,5.716937494314763e-07
9311,,5.716862274790203e-07
9312,,5.716813793009311e-07
9313,,5.716774645884792e-07
9314,,5.716538226156713e-07
9315,,5.716456264078435e-07
9316,,5.716405440816156e-07
9317,,5.716365488235139e-07
9318,,5.716140885216628e-07
9319,,5.716051067283174e-07
9320,,5.71599751401431e-07
9321,,5.715956620335238e-07
9322,,5.715745752859394e-07
9323,,5.715646782359315e-07
9324,,5.715590046509983e-07
9325,,5.715548053784224e-07
9326,,5.7153531567195e-07
9327,,5.7152435233768e-07
9328,,5.715183077903614e-07
9329,,5.715139802203763e-07
9330,,5.71510252091708e-07
9331,,5.714841423334861e-07
9332,,5.714776654349495e-07
9333,,5.714731881389184e-07
9334,,5.714694089240689e-07
9335,,5.714440637166399e-07
9336,,5.714370829703029e-07
9337,,5.714324309926427e-07
9338,,5.714285919797279e-07
9339,,5.714041345403565e-07
9340,,5.713965666701877e-07
9341,,5.713917109523715e-07
9342,,5.713878019954664e-07
9343,,5.713643758327911e-07
9344,,5.713561238484134e-07
9345,,5.713510305432617e-07
9346,,5.713470398256003e-07
9347,,5.713248120964986e-07
9348,,5.713157630339645e-07
9349,,5.713103927141009e-07
9350,,5.713063064823766e-07
9351,,5.712854718803012e-07
9352,,5.712754941645518e-07
9353,,5.712698009125383e-07
9354,,5.712656031384337e-07
9355,,5.712463884378085e-07
9356,,5.712353288202189e-07
9357,,5.71229259157897e-07
9358,,5.71224931172919e-07
9359,,5.712212111977107e-07
9360,,5.711952804914523e-07
9361,,5.71188772132557e-07
9362,,5.711842922028727e-07
9363,,5.711805203515877e-07
9364,,5.711553649058835e-07
9365,,5.711483452992229e-07
9366,,5.711436881048936e-07
9367,,5.71139855542201e-07
9368,,5.711156003825697e-07
9369,,5.711079850325653e-07
9370,,5.711031210824029e-07
9371,,5.710992175133311e-07
9372,,5.710760082617525e-07
9373,,5.710676987493568e-07
9374,,5.710625937013419e-07
9375,,5.710586071419502e-07
9376,,5.710366134063666e-07
9377,,5.71027495107052e-07
9378,,5.710221089563176e-07
9379,,5.710180254439656e-07
9380,,5.709974447899797e-07
9381,,5.70987384193405e-07
9382,,5.709816703483467e-07
9383,,5.70977473620191e-07
9384,,5.709585361487552e-07
9385,,5.709473777557492e-07
9386,,5.709412819488204e-07
9387,,5.709369530692465e-07
9388,,5.709332409626907e-07
9389,,5.709074894893359e-07
9390,,5.709009485174215e-07
9391,,5.708964654276097e-07
9392,,5.708927006466874e-07
9393,,5.708677353496536e-07
9394,,5.708606755986734e-07
9395,,5.708560126071781e-07
9396,,5.708521861834458e-07
9397,,5.708281339266978e-07
9398,,5.708204696581818e-07
9399,,5.708155968411531e-07
9400,,5.708116983323719e-07
9401,,5.707887068804442e-07
9402,,5.707803382242372e-07
9403,,5.707752207345386e-07
9404,,5.707712379738243e-07
9405,,5.707494794432616e-07
9406,,5.707402900884931e-07
9407,,5.707348873324944e-07
9408,,5.707308061533784e-07
9409,,5.707104810058436e-07
9410,,5.707003354778859e-07
9411,,5.7069460017998e-07
9412,,5.70690404085993e-07
9413,,5.706717458179714e-07
9414,,5.706604863202289e-07
9415,,5.706543634164179e-07
9416,,5.706500331892265e-07
9417,,5.70646328690739e-07
9418,,5.706207565149041e-07
9419,,5.706141818681563e-07
9420,,5.706096951255187e-07
9421,,5.706059371344234e-07
9422,,5.705811622527439e-07
9423,,5.705740611657061e-07
9424,,5.705693918382368e-07
9425,,5.705655712578877e-07
9426,,5.705417223994332e-07
9427,,5.705340078673656e-07
9428,,5.705291255930132e-07
9429,,5.70525231825322e-07
9430,,5.705024589322796e-07
9431,,5.704940296203275e-07
9432,,5.704888990347305e-07
9433,,5.704849197381451e-07
9434,,5.704633974571263e-07
9435,,5.704541353349209e-07
9436,,5.704487152525065e-07
9437,,5.704446360501542e-07
9438,,5.70424567808096e-07
9439,,5.704143354020424e-07
9440,,5.704085778465773e-07
9441,,5.704043819980933e-07
9442,,7.191170728870036
9443,,95880.7909087992
9444,,7.098451404950678
9445,,823.7661211788266
9446,,6.990555994602619
9447,,1.2052631077706906
9448,,1.0172580338594392
9449,,0.4697431836439525
9450,,4.08752029076469
9451,,0.46633733501575936
9452,,0.44598273902278995
9453,,0.40619317194335813
9454,,0.27559066161282664
9455,,0.26945425580940063
9456,,0.26898769698702785
9457,,0.26895110715011344
9458,,0.2689482306967543
9459,,0.2689480045261823
9460,,0.2689479867425182
9461,,0.2689479853441946
9462,,0.26894798523424646
9463,,0.26894798522560126
9464,,0.26894798522492086
9465,,0.2689479852248663
9466,,0.26894798522486324
9467,,0.26894798522486263
9468,,0.26894798522486263
9469,,0.17604663421149588
9470,,0.16943445971925744
9471,,3.311599634835437
9472,,0.1442867242343895
9473,,0.10493906772509258
9474,,0.19210602746803268
9475,,0.10317879289696365
9476,,0.1013417555864456
9477,,0.09005927604431067
9478,,0.08290100421665911
9479,,0.07159129482177877
9480,,0.05532291301869151
9481,,0.16911636561515359
9482,,0.051131978981444
9483,,0.04345577914939803
9484,,0.13281555291406477
9485,,0.04118801619513434
9486,,0.03778163158793795
9487,,0.10862138132809675
9488,,0.03650217427855396
9489,,0.06736569198639986
9490,,0.034654169178641725
9491,,0.03144154672862045
9492,,0.030050661775933865
9493,,0.029757338867101295
9494,,0.02968854653548512
9495,,0.029672009074962747
9496,,0.02966800986846349
9497,,0.029667041364082405
9498,,0.029666806735914535
9499,,0.029666749890525642
9500,,0.029666736117823115
9501,,0.029666732780906247
9502,,0.02966673197242203
9503,,0.029666731776538537
9504,,0.029666731729078796
9505,,0.029666731717579442
9506,,0.029666731714793834
9507,,0.029666731714118294
9508,,0.029666731713955823
9509,,0.029666731713915054
9510,,0.029666731713905627
9511,,0.02966673171390328
9512,,0.02966673171390293
9513,,0.029666731713902886
9514,,0.029666731713902886
9515,,0.02829146723708285
9516,,0.027942350612456614
9517,,0.02784477877908405
9518,,0.027816770096596707
9519,,0.027808668119777794
9520,,0.027806319285908317
9521,,0.02780563790060955
9522,,0.027805440197181654
9523,,0.027805382830580344
9524,,0.027805366184542216
9525,,0.0278053613543474
9526,,0.027805359952763602
9527,,0.027805359546065087
9528,,0.027805359428052238
9529,,0.027805359393807585
9530,,0.027805359383871808
9531,,0.027805359380988354
9532,,0.027805359380151908
9533,,0.027805359379909692
9534,,0.027805359379838877
9535,,0.027805359379817707
9536,,0.02780535937981226
9537,,0.02780535937981069
9538,,0.0278053593798101
9539,,0.02780535937980963
9540,,0.027805359379809335
9541,,0.026473911727090748
9542,,0.02607366988860231
9543,,0.025940881444078124
9544,,0.025895365719233975
9545,,0.025879589095932225
9546,,0.02587409940446114
9547,,0.02587218661657398
9548,,0.025871519825902103
9549,,0.025871287347147044
9550,,0.025871206288042032
9551,,0.025871178024346155
9552,,0.02587116816928861
9553,,0.025871164732994317
9554,,0.0258711635348145
9555,,0.02587116311702842
9556,,0.025871162971353247
9557,,0.0258711629205586
9558,,0.025871162902847872
9559,,0.025871162896672382
9560,,0.025871162894518487
9561,,0.025871162893767875
9562,,0.025871162893505422
9563,,0.02587116289341521
9564,,0.025871162893381993
9565,,0.02587116289337171
9566,,0.02587116289336838
9567,,0.024607593294294954
9568,,0.024151073252240356
9569,,0.0239662781060379
9570,,0.023887939690690245
9571,,0.023854072302005307
9572,,0.02383930578892515
9573,,0.023832843539184984
9574,,0.023830010881517504
9575,,0.023828768333090205
9576,,0.023828223117766535
9577,,0.023827983851077175
9578,,0.023827878843047764
9579,,0.023827832756493725
9580,,0.023827812529515366
9581,,0.02382780365202947
9582,,0.02382779975575155
9583,,0.02382779804569633
9584,,0.023827797295161827
9585,,0.023827796965755932
9586,,0.023827796821181652
9587,,0.023827796757727504
9588,,0.02382779672987888
9589,,0.023827796717656582
9590,,0.023827796712290624
9591,,0.023827796709937264
9592,,0.023827796708902574
9593,,0.022648010243050798
9594,,0.022102403676096383
9595,,0.021806632267425286
9596,,0.021631368309421858
9597,,0.021521744394248258
9598,,0.021450777327560094
9599,,0.02140378840553666
9600,,0.02137220433781831
9601,,0.0213507577783432
9602,,0.02133609357973782
9603,,0.021326019078620088
9604,,0.021319075077192773
9605,,0.021314277998851584
9606,,0.021310958886389224
9607,,0.021308659898764345
9608,,0.021307066308570707
9609,,0.02130596110506462
9610,,0.02130519433642083
9611,,0.02130466223426156
9612,,0.021304292915767534
9613,,0.021304036550373023
9614,,0.021303858577399786
9615,,0.02130373501853046
9616,,0.02130364923354163
9617,,0.02130358967270221
9618,,0.021303548318585556
9619,,0.0202373848183115
9620,,0.01950536223492712
9621,,0.018873094971031578
9622,,0.054348942141343844
9623,,0.010486557642264319
9624,,0.008673080234026605
9625,,0.008053672726723136
9626,,0.00657379640134354
9627,,0.005616220983559637
9628,,0.004455802682837714
9629,,0.003957757557637305
9630,,0.0037410946522290164
9631,,0.003594384653605278
9632,,0.003267974376040903
9633,,0.0028831179994103463
9634,,0.002417859031463807
9635,,0.0021177787444019523
9636,,0.001953282175301268
9637,,0.0016135693351896515
9638,,0.0012399301392150065
9639,,0.000755917133377568
9640,,0.0003822472072435929
9641,,0.00025991916771086104
9642,,0.00023208075152613916
9643,,0.00022314195447448575
9644,,0.00021153619412255737
9645,,0.00020409222421886752
9646,,0.0002021468352385075
9647,,0.00020116708324464578
9648,,0.00019967975781214788
9649,,0.00019658999503548518
9650,,0.0001907351543017956
9651,,0.00018135608024910391
9652,,0.000160961248485375
9653,,0.0001545027232379812
9654,,0.00011005267004122239
9655,,9.329762017673165e-05
9656,,8.246309564578429e-05
9657,,7.846146946015782e-05
9658,,7.525912850430425e-05
9659,,7.289449305193456e-05
9660,,7.104828848652559e-05
9661,,7.052387367945271e-05
9662,,7.019559695933784e-05
9663,,6.995478914491607e-05
9664,,6.947789984797279e-05
9665,,6.868578164904418e-05
9666,,6.70029740491502e-05
9667,,6.377585689075306e-05
9668,,6.43601063798161e-05
9669,,6.207833081370488e-05
9670,,5.9158515420777915e-05
9671,,5.6200116084714883e-05
9672,,5.339525702444594e-05
9673,,5.106922702058041e-05
9674,,4.5348653433466624e-05
9675,,4.466746787081666e-05
9676,,3.9779353342382026e-05
9677,,3.850574973405287e-05
9678,,3.807575950207489e-05
9679,,3.7864734336956886e-05
9680,,3.753455837702616e-05
9681,,3.694119375923863e-05
9682,,3.5911753202194525e-05
9683,,3.424876099955243e-05
9684,,3.17000791197966e-05
9685,,2.8571371969990404e-05
9686,,2.618344967508568e-05
9687,,2.5059807625361578e-05
9688,,2.462360235702462e-05
9689,,2.4321413812167925e-05
9690,,2.4108647681397525e-05
9691,,2.3960807808829497e-05
9692,,2.373472420446289e-05
9693,,2.3302315751894752e-05
9694,,2.2451655281709532e-05
9695,,2.129050168365175e-05
9696,,2.0372532235281127e-05
9697,,1.999318723992517e-05
9698,,1.9894056909600685e-05
9699,,1.986708722180312e-05
9700,,1.9839459368524913e-05
9701,,1.976790337510616e-05
9702,,1.958301708185292e-05
9703,,1.917262746144668e-05
9704,,1.8299664336694463e-05
9705,,1.6677072390446363e-05
9706,,1.4300684169371276e-05
9707,,1.1763904299289307e-05
9708,,9.66218394549797e-06
9709,,9.183309894076705e-06
9710,,9.135946435184653e-06
9711,,9.132060386533742e-06
9712,,9.130023959585637e-06
9713,,9.119426932406508e-06
9714,,9.089493472280891e-06
9715,,9.016383963163718e-06
9716,,8.857329376436788e-06
9717,,8.507816256219564e-06
9718,,7.818391680109972e-06
9719,,6.6761083770619085e-06
9720,,5.3265509429305556e-06
9721,,4.383730098196942e-06
9722,,4.0258911821344956e-06
9723,,3.953868122212007e-06
9724,,3.942099890857102e-06
9725,,3.932679027167723e-06
9726,,3.887359693088633e-06
9727,,3.7946113630464457e-06
9728,,3.5584745922545068e-06
9729,,3.1363560073204715e-06
9730,,2.4810924700698314e-06
9731,,2.536182147765203e-06
9732,,2.0984780517437864e-06
9733,,1.3512549418095086e-06
9734,,9.365007837835013e-07
9735,,8.481629058966851e-07
9736,,8.389099284408358e-07
9737,,8.38227594684368e-07
9738,,8.381856820232906e-07
9739,,8.381782941601823e-07
9740,,8.381725865290261e-07
9741,,8.381276900656476e-07
9742,,8.381178800395382e-07
9743,,8.381119596812028e-07
9744,,8.380747046347238e-07
9745,,8.380581547627169e-07
9746,,8.380514991499039e-07
9747,,8.380457714476821e-07
9748,,8.380005677045688e-07
9749,,8.37991501234577e-07
9750,,8.379853239135517e-07
9751,,8.379500251989511e-07
9752,,8.379329722096921e-07
9753,,8.3792530045497e-07
9754,,8.379192067244781e-07
9755,,8.378792584425988e-07
9756,,8.378666257363024e-07
9757,,8.378592355219494e-07
9758,,8.378531166393537e-07
9759,,8.378123180999877e-07
9760,,8.37800695770717e-07
9761,,8.377932347814437e-07
9762,,8.377870446644229e-07
9763,,8.377467640888025e-07
9764,,8.377349630046201e-07
9765,,8.377272768950355e-07
9766,,8.377209883789556e-07
9767,,8.376818658954025e-07
9768,,8.376693580691055e-07
9769,,8.376613565603245e-07
9770,,8.376549478065341e-07
9771,,8.376173817746669e-07
9772,,8.37603863219603e-07
9773,,8.375954747061893e-07
9774,,8.375889240143441e-07
9775,,8.375532469447331e-07
9776,,8.37538481144746e-07
9777,,8.375296350748822e-07
9778,,8.375229186265586e-07
9779,,8.374894673474172e-07
9780,,8.374732238456798e-07
9781,,8.374638430272028e-07
9782,,8.37456933681394e-07
9783,,8.374260808713712e-07
9784,,8.374081086534318e-07
9785,,8.373981051858256e-07
9786,,8.373909716028705e-07
9787,,8.373848743535095e-07
9788,,8.373431570215977e-07
9789,,8.373324293976792e-07
9790,,8.373250352160845e-07
9791,,8.37318844154817e-07
9792,,8.372783944054088e-07
9793,,8.372668248439664e-07
9794,,8.372591278287579e-07
9795,,8.372528277693818e-07
9796,,8.372138506123921e-07
9797,,8.37201302224481e-07
9798,,8.371932532766982e-07
9799,,8.371868265781207e-07
9800,,8.371495603954646e-07
9801,,8.371358739916599e-07
9802,,8.371274160352849e-07
9803,,8.371208421860703e-07
9804,,8.370855642310839e-07
9805,,8.370705546434522e-07
9806,,8.370616212975701e-07
9807,,8.370548764620748e-07
9808,,8.370219092233086e-07
9809,,8.37005361033164e-07
9810,,8.369958751023244e-07
9811,,8.369889315728938e-07
9812,,8.369586502051445e-07
9813,,8.369403127812267e-07
9814,,8.369301844850386e-07
9815,,8.369230100417289e-07
9816,,8.36916900925201e-07
9817,,8.368754327137761e-07
9818,,8.368645576141641e-07
9819,,8.368571148010248e-07
9820,,8.368509092020321e-07
9821,,8.368107473879937e-07
9822,,8.367990040032548e-07
9823,,8.367912492571969e-07
9824,,8.367849315309468e-07
9825,,8.367462877100265e-07
9826,,8.367335347129678e-07
9827,,8.367254173813965e-07
9828,,8.367189693396955e-07
9829,,8.366820896494576e-07
9830,,8.366681626127165e-07
9831,,8.366596237831981e-07
9832,,8.366530242796733e-07
9833,,8.366181950646586e-07
9834,,8.366029026763146e-07
9835,,8.365938738223195e-07
9836,,8.365870982790342e-07
9837,,8.365546526828908e-07
9838,,8.36537772327436e-07
9839,,8.365281737450063e-07
9840,,8.365211935724103e-07
9841,,8.365151570207499e-07
9842,,8.364727918418312e-07
9843,,8.364625308046592e-07
9844,,8.36455312763108e-07
9845,,8.364491907945966e-07
9846,,8.36407984814042e-07
9847,,8.363969534477656e-07
9848,,8.363894588762045e-07
9849,,8.363832376095107e-07
9850,,8.363433786974966e-07
9851,,8.363314514924244e-07
9852,,8.363236354318943e-07
9853,,8.363172987357722e-07
9854,,8.362790054569417e-07
9855,,8.362660363746341e-07
9856,,8.362578465245795e-07
9857,,8.362513756399018e-07
9858,,8.362149022859333e-07
9859,,8.362007213913108e-07
9860,,8.36192096914032e-07
9861,,8.361854700262526e-07
9862,,8.361511124837866e-07
9863,,8.361355220228861e-07
9864,,8.361263921437944e-07
9865,,8.361195838818066e-07
9866,,8.360876864493223e-07
9867,,8.360704562749448e-07
9868,,8.360607386571509e-07
9869,,8.360537195180394e-07
9870,,8.360476716653703e-07
9871,,8.360055451155609e-07
9872,,8.359951439494001e-07
9873,,8.359878796198186e-07
9874,,8.359817438192698e-07
9875,,8.359408129413847e-07
9876,,8.359296167457948e-07
9877,,8.359220673106407e-07
9878,,8.359158292439835e-07
9879,,8.358762881506385e-07
9880,,8.358641672042303e-07
9881,,8.358562862237175e-07
9882,,8.358499292447653e-07
9883,,8.358120038008255e-07
9884,,8.3579880713481e-07
9885,,8.357905405936337e-07
9886,,8.357840453415206e-07
9887,,8.3574799837594e-07
9888,,8.357335502913171e-07
9889,,8.35724835330261e-07
9890,,8.357181792926387e-07
9891,,8.356843166712242e-07
9892,,8.356684126740669e-07
9893,,8.356591761649404e-07
9894,,8.356523331446741e-07
9895,,8.356210108503745e-07
9896,,8.356034129133175e-07
9897,,8.355935697522665e-07
9898,,8.355865092889258e-07
9899,,8.355804492683429e-07
9900,,8.355385726868865e-07
9901,,8.355280238477608e-07
9902,,8.355207104954397e-07
9903,,8.355145598595328e-07
9904,,8.354739172382146e-07
9905,,8.354625474686086e-07
9906,,8.35454939990391e-07
9907,,8.354486839628554e-07
9908,,8.354094759445682e-07
9909,,8.353971511116984e-07
9910,,8.353892015310849e-07
9911,,8.353828229266852e-07
9912,,8.353452830173315e-07
9913,,8.353318469934916e-07
9914,,8.353234994881389e-07
9915,,8.353169783170793e-07
9916,,8.35281378274238e-07
9917,,8.352666493368164e-07
9918,,8.352578389403576e-07
9919,,8.352511519475984e-07
9920,,8.352178080925919e-07
9921,,8.352015746963134e-07
9922,,8.351922258085403e-07
9923,,8.351853459439752e-07
9924,,8.351546264517099e-07
9925,,8.351366423369005e-07
9926,,8.351266669761902e-07
9927,,8.351195627613412e-07
9928,,8.3511348969464e-07
9929,,8.350718747001962e-07
9930,,8.350611704607497e-07
9931,,8.350538052727743e-07
9932,,8.350476387808638e-07
9933,,8.350072979009563e-07
9934,,8.349957455803512e-07
9935,,8.349880768084101e-07
9936,,8.349818016351578e-07
9937,,8.349429423453108e-07
9938,,8.349304032036243e-07
9939,,8.349223812507485e-07
9940,,8.3491597964784e-07
9941,,8.348788434356525e-07
9942,,8.348651559626147e-07
9943,,8.34856723117041e-07
9944,,8.348501744337787e-07
9945,,8.348150424088871e-07
9946,,8.348000185742736e-07
9947,,8.347911076614726e-07
9948,,8.347843878730644e-07
9949,,8.347515872634078e-07
9950,,8.347350081646454e-07
9951,,8.3472554100451e-07
9952,,8.347186221553379e-07
9953,,8.346885339039837e-07
9954,,8.346701446747502e-07
9955,,8.346600302672587e-07
9956,,8.346528798239029e-07
9957,,8.34646792803529e-07
9958,,8.34605451326286e-07
9959,,8.345945837391063e-07
9960,,8.345871638412807e-07
9961,,8.345809804476935e-07
9962,,8.345409551535456e-07
9963,,8.345292110679487e-07
9964,,8.345214776570369e-07
9965,,8.345151821257286e-07
9966,,8.344766876360771e-07
9967,,8.344639234868225e-07
9968,,8.344558252837544e-07
9969,,8.344493992758581e-07
9970,,8.344126854371782e-07
9971,,8.343987340768568e-07
9972,,8.343902113910763e-07
9973,,8.343836335667498e-07
9974,,8.343489912370758e-07
9975,,8.343336580667422e-07
9976,,8.343246414169354e-07
9977,,8.343178869390994e-07
9978,,8.342856547540982e-07
9979,,8.342687131796521e-07
9980,,8.342591216868271e-07
9981,,8.342521616586284e-07
9982,,8.342461452342696e-07
9983,,8.342039200634679e-07
9984,,8.341936595751466e-07
9985,,8.341864603560832e-07
9986,,8.341803584581759e-07
9987,,8.341393027557692e-07
9988,,8.341282636549069e-07
9989,,8.341207860926259e-07
9990,,8.341145847227336e-07
9991,,8.340748892509876e-07
9992,,8.340629439097453e-07
9993,,8.340551424348943e-07
9994,,8.340488253044388e-07
9995,,8.340107121502741e-07
9996,,8.339977119685067e-07
9997,,8.33989533535532e-07
9998,,8.339830816828589e-07
9999,,8.339468094091989e-07
10000,,8.339325813717128e-07
10001,,8.339239642269783e-07
10002,,8.339173555892857e-07
10003,,8.338832252530248e-07
10004,,8.338675678789047e-07
10005,,8.338584401316375e-07
10006,,8.338516490293694e-07
10007,,8.338200111709502e-07
10008,,8.3380268984968e-07
10009,,8.337929678022452e-07
10010,,8.337859643399503e-07
10011,,8.33779934866984e-07
10012,,8.337379686586538e-07
10013,,8.337275548589687e-07
10014,,8.337203042498699e-07
10015,,8.337141865268922e-07
10016,,8.33673429200745e-07
10017,,8.336622101812462e-07
10018,,8.336546719216161e-07
10019,,8.336484514767227e-07
10020,,8.336091004647744e-07
10021,,8.335969441087894e-07
10022,,8.335890710481175e-07
10023,,8.335827310388713e-07
10024,,8.33545016221069e-07
10025,,8.335317686761692e-07
10026,,8.335235059254394e-07
10027,,8.335170267431785e-07
10028,,8.334812157959001e-07
10029,,8.334666978996399e-07
10030,,8.334579815471785e-07
10031,,8.334513403747126e-07
10032,,8.334177449913889e-07
10033,,8.33401748106775e-07
10034,,8.333925037446571e-07
10035,,8.333856740156211e-07
10036,,8.333546571700838e-07
10037,,8.333369383057702e-07
10038,,8.333270792883603e-07
10039,,8.333200300795758e-07
10040,,8.333139867206404e-07
10041,,8.332722906359895e-07
10042,,8.332617160786763e-07
10043,,8.332544113921096e-07
10044,,8.332482768702997e-07
10045,,8.33207830885469e-07
10046,,8.331964233041636e-07
10047,,8.331888212251711e-07
10048,,8.331825805777162e-07
10049,,8.331435890893685e-07
10050,,8.331312116664214e-07
10051,,8.331232633960777e-07
10052,,8.331168992001317e-07
10053,,8.330796002284534e-07
10054,,8.330660936339878e-07
10055,,8.330577423552225e-07
10056,,8.330512343270219e-07
10057,,8.330159050494416e-07
10058,,8.330010837254965e-07
10059,,8.329922632753836e-07
10060,,8.329855878063777e-07
10061,,8.329525510243332e-07
10062,,8.329361988463242e-07
10063,,8.329268321889763e-07
10064,,8.329199617868492e-07
10065,,8.328895934362114e-07
10066,,8.328714586886213e-07
10067,,8.328614561048692e-07
10068,,8.3285435877204e-07
10069,,8.328483006619366e-07
10070,,8.328068861904304e-07
10071,,8.327961432080685e-07
10072,,8.32788781680516e-07
10073,,8.32782629360692e-07
10074,,8.327425080705429e-07
10075,,8.327309030096241e-07
10076,,8.327232339023673e-07
10077,,8.327169718904207e-07
10078,,8.326783554469431e-07
10079,,8.326657466014958e-07
10080,,8.326577193920893e-07
10081,,8.326513296593455e-07
10082,,8.326144645727943e-07
10083,,8.326006868907262e-07
10084,,8.325922427537635e-07
10085,,8.325857043087021e-07
10086,,8.325508776777539e-07
10087,,8.325357389228354e-07
10088,,8.325268093419522e-07
10089,,8.325200977589716e-07
10090,,8.324876439535873e-07
10091,,8.324709202101507e-07
10092,,8.324614254023615e-07
10093,,8.324545122220569e-07
10094,,8.32424820712815e-07
10095,,8.324062511564028e-07
10096,,8.323960982086399e-07
10097,,8.32388950299584e-07
10098,,8.323828765550034e-07
10099,,8.323417555319755e-07
10100,,8.323308362177529e-07
10101,,8.323234150054372e-07
10102,,8.323172438625647e-07
10103,,8.322774610232762e-07
10104,,8.322656493010597e-07
10105,,8.322579098530834e-07
10106,,8.322516252868993e-07
10107,,8.322133998834263e-07
10108,,8.32200548931693e-07
10109,,8.321924389431903e-07
10110,,8.321860222907099e-07
10111,,8.321496096864675e-07
10112,,8.321355484962716e-07
10113,,8.321270070328175e-07
10114,,8.321204365742115e-07
10115,,8.320861341994359e-07
10116,,8.320706635763418e-07
10117,,8.32061619679231e-07
10118,,8.320548701092251e-07
10119,,8.320230244278447e-07
10120,,8.320059123257341e-07
10121,,8.319962833456915e-07
10122,,8.319893252105511e-07
10123,,8.319833214069298e-07
10124,,8.319413158851869e-07
10125,,8.319310055575504e-07
10126,,8.319238045547762e-07
10127,,8.319177142653131e-07
10128,,8.318768988922825e-07
10129,,8.318657951007055e-07
10130,,8.318583112683409e-07
10131,,8.318521202429268e-07
10132,,8.31812690042857e-07
10133,,8.318006621763746e-07
10134,,8.31792848993937e-07
10135,,8.317865406399169e-07
10136,,8.317487227698672e-07
10137,,8.317356186932643e-07
10138,,8.317274219651096e-07
10139,,8.317209769692686e-07
10140,,8.316850360240923e-07
10141,,8.316706785152606e-07
10142,,8.316620351275917e-07
10143,,8.31655430989274e-07
10144,,8.316216751884391e-07
10145,,8.31605857792189e-07
10146,,8.315966942262457e-07
10147,,8.315899047492447e-07
10148,,8.315586931305299e-07
10149,,8.315411753344977e-07
10150,,8.315314059604254e-07
10151,,8.315244006370979e-07
10152,,8.315183823419969e-07
10153,,8.314766530669457e-07
10154,,8.314661781337426e-07
10155,,8.314589214307247e-07
10156,,8.31452813659496e-07
10157,,8.314123165212788e-07
10158,,8.314010198377832e-07
10159,,8.313934703689101e-07
10160,,8.313872583727522e-07
10161,,8.313481954457384e-07
10162,,8.313359416590886e-07
10163,,8.313280512194937e-07
10164,,8.313217178209777e-07
10165,,8.312843245061862e-07
10166,,8.312709559287012e-07
10167,,8.312626683787866e-07
10168,,8.312561935690429e-07
10169,,8.312207440867729e-07
10170,,8.312060770224177e-07
10171,,8.311973269587978e-07
10172,,8.311906874407845e-07
10173,,8.311575012387922e-07
10174,,8.311413216806823e-07
10175,,8.311320329215098e-07
10176,,8.311252015578416e-07
10177,,8.310946507964748e-07
10178,,8.310767094004686e-07
10179,,8.310667932087996e-07
10180,,8.310597383912954e-07
10181,,8.310537047697562e-07
10182,,8.310122629126527e-07
10183,,8.310016159058974e-07
10184,,8.309943008252697e-07
10185,,8.309881746104067e-07
10186,,8.309480086902766e-07
10187,,8.309365104322926e-07
10188,,8.309288922108398e-07
10189,,8.309226581228825e-07
10190,,8.308839775751563e-07
10191,,8.308714877628673e-07
10192,,8.308635164535145e-07
10193,,8.308571566995803e-07
10194,,8.308202055132392e-07
10195,,8.308065606910548e-07
10196,,8.307981781049645e-07
10197,,8.307916719661874e-07
10198,,8.30756734388437e-07
10199,,8.307417441047074e-07
10200,,8.307328824699997e-07
10201,,8.307262058061987e-07
10202,,8.306936129928718e-07
10203,,8.306770553637944e-07
10204,,8.306676357202378e-07
10205,,8.306607604201448e-07
10206,,8.306308981885043e-07
10207,,8.306125146913264e-07
10208,,8.306024450575298e-07
10209,,8.30595338367214e-07
10210,,8.305892885635092e-07
10211,,8.305481456484079e-07
10212,,8.305373188569514e-07
10213,,8.305299426360591e-07
10214,,8.305237969794942e-07
10215,,8.304839756852855e-07
10216,,8.304722668890318e-07
10217,,8.304645766976961e-07
10218,,8.304583193647466e-07
10219,,8.304200367948256e-07
10220,,8.304073005300244e-07
10221,,8.303992446015045e-07
10222,,8.303928571586548e-07
10223,,8.3035636624902e-07
10224,,8.303424330383077e-07
10225,,8.303339510700356e-07
10226,,8.303274120419448e-07
10227,,8.302930074882988e-07
10228,,8.302776798562803e-07
10229,,8.302687015926466e-07
10230,,8.302619859722783e-07
10231,,8.302300111170307e-07
10232,,8.302130589868869e-07
10233,,8.302035025735453e-07
10234,,8.301965812266701e-07
10235,,8.301905995305097e-07
10236,,8.301485913978265e-07
10237,,8.301383614721866e-07
10238,,8.301312004598908e-07
10239,,8.30125133590347e-07
10240,,8.300843015169727e-07
10241,,8.300732869824336e-07
10242,,8.300658467647146e-07
10243,,8.300596806422726e-07
10244,,8.30020217826362e-07
10245,,8.300082892224228e-07
10246,,8.300005237401955e-07
10247,,8.299942419687195e-07
10248,,8.299563734966347e-07
10249,,8.299433799959969e-07
10250,,8.299352355910975e-07
10251,,8.299288190672993e-07
10252,,8.298928071950056e-07
10253,,8.298785730463634e-07
10254,,8.298699872015435e-07
10255,,8.298634136755328e-07
10256,,8.298295639737967e-07
10257,,8.298138843936535e-07
10258,,8.29804784270664e-07
10259,,8.29798027819634e-07
10260,,8.297666963340157e-07
10261,,8.297493327011428e-07
10262,,8.297396334370059e-07
10263,,8.297326638659955e-07
10264,,8.297266672357918e-07
10265,,8.296849397156592e-07
10266,,8.296745424348495e-07
10267,,8.296673245614703e-07
10268,,8.296612397173938e-07
10269,,8.296207307867713e-07
10270,,8.296095202716578e-07
10271,,8.296020131104336e-07
10272,,8.295958254668334e-07
10273,,8.295567354403908e-07
10274,,8.295445774518951e-07
10275,,8.295367332556447e-07
10276,,8.29530425814593e-07
10277,,8.294929880957567e-07
10278,,8.294797262067117e-07
10279,,8.294714893401473e-07
10280,,8.294650423061341e-07
10281,,8.294295288567349e-07
10282,,8.294149807974254e-07
10283,,8.29406286437566e-07
10284,,8.293996767485202e-07
10285,,8.29366404463291e-07
10286,,8.29350357833163e-07
10287,,8.29341130455541e-07
10288,,8.293343312395378e-07
10289,,8.29303669385767e-07
10290,,8.292858766735344e-07
10291,,8.29276028274827e-07
10292,,8.292690082289867e-07
10293,,8.292629958543984e-07
10294,,8.292215598813235e-07
10295,,8.292109879241163e-07
10296,,8.292037105685326e-07
10297,,8.291976068151275e-07
10298,,8.291574337397067e-07
10299,,8.29146018734363e-07
10300,,8.291384415874535e-07
10301,,8.291322313294757e-07
10302,,8.290935288886316e-07
10303,,8.290811316100277e-07
10304,,8.290732051497575e-07
10305,,8.290668707716779e-07
10306,,8.290298810350254e-07
10307,,8.290163392278301e-07
10308,,8.290080057718649e-07
10309,,8.290015267535349e-07
10310,,8.289665317826515e-07
10311,,8.289516563852253e-07
10312,,8.28942848713064e-07
10313,,8.289362011400072e-07
10314,,8.289035296235562e-07
10315,,8.288871003123211e-07
10316,,8.288777400942696e-07
10317,,8.288708961131507e-07
10318,,8.288409310774752e-07
10319,,8.288226910893796e-07
10320,,8.288126870584733e-07
10321,,8.288056142114246e-07
10322,,8.287995852614584e-07
10323,,8.287584521209603e-07
10324,,8.28747697922599e-07
10325,,8.287403583879302e-07
10326,,8.287342347498859e-07
10327,,8.286944106783771e-07
10328,,8.286827823794007e-07
10329,,8.286751320971071e-07
10330,,8.28668898094689e-07
10331,,8.286305985518371e-07
10332,,8.286179517263918e-07
10333,,8.286099393469256e-07
10334,,8.286035767195655e-07
10335,,8.28567052778316e-07
10336,,8.285532191234939e-07
10337,,8.285447848208228e-07
10338,,7.832567676875848
10339,,92034.41851365326
10340,,7.738052293302153
10341,,767.2036997579686
10342,,7.6245087878726565
10343,,1.2278804598339603
10344,,1.519552233863529
10345,,1.1315619042774228
10346,,0.9731861960246053
10347,,0.947287735611411
10348,,0.85168091229681
10349,,327.6349339091506
10350,,0.8441958618144122
10351,,2.943141942744162
10352,,0.8331231690722563
10353,,0.7436098094614692
10354,,2.623218308387522
10355,,0.737665519226018
10356,,0.6997776127507793
10357,,0.6695940893504898
10358,,0.6126983943378933
10359,,0.48352042668782147
10360,,0.4135740963129212
10361,,0.2468325650066183
10362,,4.393629010469287
10363,,0.2275882839578729
10364,,0.16000659282362106
10365,,0.13259777204507286
10366,,0.08590853617867263
10367,,0.05044347885469861
10368,,0.06977207329894251
10369,,0.045265062987941876
10370,,0.04202938181308516
10371,,0.03866921218243871
10372,,0.03502143038592742
10373,,0.034226771396627984
10374,,0.03352716782602366
10375,,0.03162615036458051
10376,,0.027107996318997234
10377,,0.02269023486170953
10378,,0.25831623889530864
10379,,0.020244259734125476
10380,,0.017373294549753476
10381,,0.01576936993980775
10382,,0.014685840932905527
10383,,0.01283463642200123
10384,,0.011447800953973278
10385,,0.010534239521316836
10386,,0.009528569335253168
10387,,0.007764694406144782
10388,,0.005936173996857043
10389,,0.004942269926769631
10390,,0.004468332301687213
10391,,0.0040192075057810224
10392,,0.0034084797367332905
10393,,0.0028212114593650704
10394,,0.002461845863843298
10395,,0.002350874965476353
10396,,0.0022699994033094123
10397,,0.002139216425383753
10398,,0.002002366359585761
10399,,0.0018447307481617712
10400,,0.0017550681149468264
10401,,0.0017033427551993682
10402,,0.001633770953191083
10403,,0.0015235693325934383
10404,,0.0013553323789676182
10405,,0.0011547872354568352
10406,,0.0010514025313934432
10407,,0.000968378918323767
10408,,0.0008985221884869341
10409,,0.0008723076544304387
10410,,0.0008278866817831389
10411,,0.0007547019974979231
10412,,0.0006493655509531927
10413,,0.00044025325984923787
10414,,0.00044225856801576784
10415,,0.00037318042845372527
10416,,0.0003017850233120239
10417,,0.00028601640368405287
10418,,0.0002814005218982972
10419,,0.0002805155482357756
10420,,0.00027992767654027017
10421,,0.0002793583051970255
10422,,0.0002784534230978277
10423,,0.00027631923960631685
10424,,0.00027108687147968375
10425,,0.00026109923295066645
10426,,0.000247201407880536
10427,,0.00022413103279959184
10428,,0.00020287183928841001
10429,,0.00018752682189364478
10430,,0.00017580077563915392
10431,,0.00017022440893847915
10432,,0.00016061433855834456
10433,,0.00014093975837277292
10434,,0.00011460195735684776
10435,,9.730601525310562e-05
10436,,8.808047818655567e-05
10437,,8.379876865591561e-05
10438,,8.328947256367444e-05
10439,,8.313012253840486e-05
10440,,8.273719027290639e-05
10441,,8.162444451977235e-05
10442,,8.026037459352956e-05
10443,,7.76220496618157e-05
10444,,7.246124896178116e-05
10445,,6.317699160906357e-05
10446,,5.251163737530484e-05
10447,,4.49859670791205e-05
10448,,4.214116974681251e-05
10449,,4.142725819915749e-05
10450,,4.12387483737242e-05
10451,,4.101176698129575e-05
10452,,4.035106521563408e-05
10453,,3.8792986538178336e-05
10454,,3.590919331413361e-05
10455,,3.2734519163027545e-05
10456,,3.0131380553349002e-05
10457,,2.603065726926361e-05
10458,,2.469743821232116e-05
10459,,2.4050076993206205e-05
10460,,2.3852460243253703e-05
10461,,2.379175505734822e-05
10462,,2.377330036525862e-05
10463,,2.3752752878651507e-05
10464,,2.3676016490484815e-05
10465,,2.3509035344864654e-05
10466,,2.310478885231293e-05
10467,,2.222237199389979e-05
10468,,2.0356952383075865e-05
10469,,1.6916258577672968e-05
10470,,1.1979057891151381e-05
10471,,7.722423784353275e-06
10472,,5.426039313109684e-06
10473,,4.508052363990974e-06
10474,,4.390702257180184e-06
10475,,4.382046949933486e-06
10476,,4.380678041305418e-06
10477,,4.378783260151757e-06
10478,,4.374558692588788e-06
10479,,4.364039098546606e-06
10480,,4.338061028068486e-06
10481,,4.283341745199926e-06
10482,,4.172391504955841e-06
10483,,3.994653579373389e-06
10484,,3.7941281380811924e-06
10485,,3.657759289896051e-06
10486,,3.61194644657445e-06
10487,,3.602226331661487e-06
10488,,3.60077480334186e-06
10489,,3.6002416467495064e-06
10490,,3.598744389512432e-06
10491,,3.5958367308732173e-06
10492,,3.588809104621152e-06
10493,,3.572871140032245e-06
10494,,3.5366331914272442e-06
10495,,3.4565261023894267e-06
10496,,3.2895602179006385e-06
10497,,2.9845009435427153e-06
10498,,2.555985142477576e-06
10499,,2.7860140471685514e-06
10500,,2.4550971992485755e-06
10501,,2.143870431168197e-06
10502,,1.9643296622083563e-06
10503,,1.9343956234155547e-06
10504,,1.930647930166428e-06
10505,,1.9303326129282114e-06
10506,,1.930251940838356e-06
10507,,1.930192192504859e-06
10508,,1.929711355743271e-06
10509,,1.926659322780495e-06
10510,,1.9186734678600823e-06
10511,,1.901071845779564e-06
10512,,1.8595033303196856e-06
10513,,1.7690520864351125e-06
10514,,1.5772700302597393e-06
10515,,1.2312239886056637e-06
10516,,8.57204090611451e-07
10517,,4.982721057831095e-07
10518,,8.859512251456827e-08
10519,,2.6432083221871223e-08
10520,,1.5466817144435188e-08
10521,,1.3362122109609772e-08
10522,,1.3293044382427727e-08
10523,,1.3287514548041934e-08
10524,,1.3286994561701094e-08
10525,,1.328693192253841e-08
10526,,1.3286916910668628e-08
10527,,1.328690738280558e-08
10528,,1.3286854859224711e-08
10529,,1.3286823029401614e-08
10530,,1.328681138374721e-08
10531,,1.3286802255546784e-08
10532,,1.3286735919657977e-08
10533,,1.3286716265329298e-08
10534,,1.3286706099273337e-08
10535,,1.3286697158667647e-08
10536,,1.328662450220588e-08
10537,,1.3286610384036203e-08
10538,,1.3286600925435073e-08
10539,,1.3286545589534949e-08
10540,,1.3286516351097117e-08
10541,,1.3286504914219411e-08
10542,,1.3286495804936842e-08
10543,,1.3286428756952738e-08
10544,,1.328640975042553e-08
10545,,1.3286399645701281e-08
10546,,1.3286390711690507e-08
10547,,1.328631782659562e-08
10548,,1.3286303914606056e-08
10549,,1.3286294478701717e-08
10550,,1.3286238351780125e-08
10551,,1.3286209817505818e-08
10552,,1.328619846193409e-08
10553,,1.3286189362372965e-08
10554,,1.3286121985353564e-08
10555,,1.328610327048548e-08
10556,,1.3286093201822867e-08
10557,,1.3286084272581245e-08
10558,,1.3286011237295442e-08
10559,,1.3285997458214233e-08
10560,,1.3285988039484716e-08
10561,,1.3285931351354392e-08
10562,,1.3285903309984442e-08
10563,,1.3285892017987598e-08
10564,,1.3285882927449365e-08
10565,,1.3285815278886354e-08
10566,,1.3285796802528308e-08
10567,,1.3285786765774159e-08
10568,,1.3285777840766487e-08
10569,,1.328570467249324e-08
10570,,1.32856910116815e-08
10571,,1.3285681608561728e-08
10572,,1.3285624417850359e-08
10573,,1.3285596815911547e-08
10574,,1.3285585582633989e-08
10575,,1.3285576499651775e-08
10576,,1.3285508602325775e-08
10577,,1.3285490345149105e-08
10578,,1.3285480337468184e-08
10579,,1.3285471416323247e-08
10580,,1.3285398125164243e-08
10581,,1.32853845731386e-08
10582,,1.3285375184840132e-08
10583,,1.328531752824383e-08
10584,,1.3285290334194124e-08
10585,,1.3285279155210978e-08
10586,,1.3285270079767584e-08
10587,,1.3285201950247223e-08
10588,,1.3285183896746507e-08
10589,,1.3285173916617091e-08
10590,,1.3285164999503608e-08
10591,,1.3285091593061352e-08
10592,,1.3285078143402826e-08
10593,,1.3285068768777287e-08
10594,,1.3285010677305237e-08
10595,,1.3284983863213428e-08
10596,,1.3284972735955772e-08
10597,,1.3284963667272393e-08
10598,,1.3284895320850003e-08
10599,,1.3284877458420546e-08
10600,,1.3284867503282817e-08
10601,,1.3284858589764903e-08
10602,,1.3284785076096856e-08
10603,,1.328477172198901e-08
10604,,1.3284762359748157e-08
10605,,1.3284703861890262e-08
10606,,1.3284677404085727e-08
10607,,1.3284666324094918e-08
10608,,1.3284657261969391e-08
10609,,1.328458871248038e-08
10610,,1.3284571028875937e-08
10611,,1.3284561097860782e-08
10612,,1.32845521876924e-08
10613,,1.328447857340043e-08
10614,,1.328446530861652e-08
10615,,1.3284455958572366e-08
10616,,1.3284397080012452e-08
10617,,1.328437095547684e-08
10618,,1.3284359920434219e-08
10619,,1.3284350864389424e-08
10620,,1.3284282125105832e-08
10621,,1.3284264608422561e-08
10622,,1.3284254699930191e-08
10623,,1.3284245792745579e-08
10624,,1.3284172084996444e-08
10625,,1.3284158903793243e-08
10626,,1.3284149564986708e-08
10627,,1.3284090331823033e-08
10628,,1.3284064517550851e-08
10629,,1.328405352441348e-08
10630,,1.3284044474167825e-08
10631,,1.3283975558070965e-08
10632,,1.3283958197132997e-08
10633,,1.3283948309670863e-08
10634,,1.3283939405557466e-08
10635,,1.3283865610122117e-08
10636,,1.328385250725968e-08
10637,,1.3283843178934131e-08
10638,,1.3283783615739752e-08
10639,,1.3283758090068083e-08
10640,,1.328374713612602e-08
10641,,1.3283738091242175e-08
10642,,1.328366901090174e-08
10643,,1.3283651794733981e-08
10644,,1.3283641926931533e-08
10645,,1.3283633025930204e-08
10646,,1.328359464337779e-08
10647,,1.328335804392428e-08
10648,,1.3283177339137405e-08
10649,,1.3283145852232284e-08
10650,,1.3283134079835455e-08
10651,,1.3283124925010424e-08
10652,,1.32830593849769e-08
10653,,1.3283039099314024e-08
10654,,1.3283028813485348e-08
10655,,1.3283019856112262e-08
10656,,1.3282947797779384e-08
10657,,1.3282933191405487e-08
10658,,1.328292365961045e-08
10659,,1.3282870566159881e-08
10660,,1.3282839437814122e-08
10661,,1.3282827712791708e-08
10662,,1.3282818564035913e-08
10663,,1.328275282323318e-08
10664,,1.3282732714930783e-08
10665,,1.3282722452390486e-08
10666,,1.3282713498188906e-08
10667,,1.3282641341594392e-08
10668,,1.3282626822921276e-08
10669,,1.3282617302957107e-08
10670,,1.3282563835135548e-08
10671,,1.328253303529024e-08
10672,,1.3282521353604532e-08
10673,,1.3282512210929434e-08
10674,,1.3282446286122134e-08
10675,,1.3282426340333687e-08
10676,,1.3282416098557504e-08
10677,,1.3282407147678684e-08
10678,,1.3282334901815159e-08
10679,,1.3282320463194267e-08
10680,,1.3282310953969461e-08
10681,,1.3282257144632686e-08
10682,,1.328222664468473e-08
10683,,1.3282215002561014e-08
10684,,1.3282205864656176e-08
10685,,1.3282139773548689e-08
10686,,1.3282119975158348e-08
10687,,1.3282109753294735e-08
10688,,1.3282100804819398e-08
10689,,1.3282028478308453e-08
10690,,1.3282014112038183e-08
10691,,1.328200461238709e-08
10692,,1.3281950495724782e-08
10693,,1.3281920266020179e-08
10694,,1.328190865911514e-08
10695,,1.3281899526199444e-08
10696,,1.3281833286021817e-08
10697,,1.328181361968006e-08
10698,,1.3281803415085018e-08
10699,,1.328179446941599e-08
10700,,1.3281756404239676e-08
10701,,1.3281746443403424e-08
10702,,1.3281737530431808e-08
10703,,1.3281699239314294e-08
10704,,1.3281479205015162e-08
10705,,1.3281284255349086e-08
10706,,1.3281250752142776e-08
10707,,1.3281238701247143e-08
10708,,1.3281229509634522e-08
10709,,1.3281165211283084e-08
10710,,1.3281143861292968e-08
10711,,1.3281133429551215e-08
10712,,1.3281124453260823e-08
10713,,1.328105305488797e-08
10714,,1.32810378881787e-08
10715,,1.328102828028544e-08
10716,,1.3280977666331868e-08
10717,,1.3280944401968804e-08
10718,,1.328093238279063e-08
10719,,1.328092319454805e-08
10720,,1.3280858767709123e-08
10721,,1.3280837532464678e-08
10722,,1.328082711547827e-08
10723,,1.3280818141472219e-08
10724,,1.3280746682923268e-08
10725,,1.328073157065515e-08
10726,,1.3280721970066262e-08
10727,,1.3280671125949735e-08
10728,,1.3280638065470184e-08
10729,,1.3280626071613759e-08
10730,,1.3280616887204666e-08
10731,,1.3280552352807374e-08
10732,,1.3280531213906398e-08
10733,,1.328052080923896e-08
10734,,1.328051183692852e-08
10735,,1.3280440329130937e-08
10736,,1.3280425261915234e-08
10737,,1.3280415667431662e-08
10738,,1.3280364635555028e-08
10739,,1.3280331741679042e-08
10740,,1.3280319769132872e-08
10741,,1.328031058756149e-08
10742,,1.3280245967136142e-08
10743,,1.3280224905614223e-08
10744,,1.3280214510409907e-08
10745,,1.3280205539472723e-08
10746,,1.328013399389845e-08
10747,,1.3280118962466369e-08
10748,,1.3280109372066199e-08
10749,,1.328005819497265e-08
10750,,1.3280025431273782e-08
10751,,1.3280013474688328e-08
10752,,1.3280004295028143e-08
10753,,1.3279939610888697e-08
10754,,1.3279918607748285e-08
10755,,1.3279908220015171e-08
10756,,1.3279899250184601e-08
10757,,1.327982767717332e-08
10758,,1.3279812671343382e-08
10759,,1.3279803084650245e-08
10760,,1.3279751805583624e-08
10761,,1.3279719133836229e-08
10762,,1.3279707188465012e-08
10763,,1.327969801062172e-08
10764,,1.3279633284457749e-08
10765,,1.3279612320294482e-08
10766,,1.327960193693115e-08
10767,,1.3279592968029929e-08
10768,,1.3279555078704173e-08
10769,,1.327954497061181e-08
10770,,1.3279536038076971e-08
10771,,1.3279463248817379e-08
10772,,1.3279449303533493e-08
10773,,1.3279439859123941e-08
10774,,1.3279383968422657e-08
10775,,1.3279355308375771e-08
10776,,1.3279343903763134e-08
10777,,1.327933479884228e-08
10778,,1.3279267716664735e-08
10779,,1.3279248803586787e-08
10780,,1.3279238696990586e-08
10781,,1.3279229764799574e-08
10782,,1.3279156974244782e-08
10783,,1.3279143032120327e-08
10784,,1.3279133588335055e-08
10785,,1.3279077694194407e-08
10786,,1.3279049040203435e-08
10787,,1.3279037635672064e-08
10788,,1.3279028530252693e-08
10789,,1.3278961455686302e-08
10790,,1.3278942538777634e-08
10791,,1.3278932431109655e-08
10792,,1.32789234987356e-08
10793,,1.3278850717372416e-08
10794,,1.3278836769886636e-08
10795,,1.327882732476573e-08
10796,,1.3278771467395005e-08
10797,,1.3278742784210738e-08
10798,,1.327873137549122e-08
10799,,1.3278722269148054e-08
10800,,1.3278655222564558e-08
10801,,1.3278636284042267e-08
10802,,1.3278626172737554e-08
10803,,1.3278617240229765e-08
10804,,1.3278544478546652e-08
10805,,1.3278530515903977e-08
10806,,1.3278521068682329e-08
10807,,1.3278465288952125e-08
10808,,1.3278436541637529e-08
10809,,1.3278425123116457e-08
10810,,1.3278416015700886e-08
10811,,1.3278349018308718e-08
10812,,1.3278330039283308e-08
10813,,1.327831992224199e-08
10814,,1.3278310989459836e-08
10815,,1.327827285805751e-08
10816,,1.3278262968268018e-08
10817,,1.327825406621712e-08
10818,,1.3278215724930434e-08
10819,,1.3277984476189412e-08
10820,,1.3277799525266947e-08
10821,,1.3277767255489569e-08
10822,,1.327775535532636e-08
10823,,1.3277746183432684e-08
10824,,1.3277681298602868e-08
10825,,1.3277660489980635e-08
10826,,1.3277650123454864e-08
10827,,1.3277641157231053e-08
10828,,1.3277603261346031e-08
10829,,1.3277593166322907e-08
10830,,1.3277584236793639e-08
10831,,1.3277546087357692e-08
10832,,1.3277536216553038e-08
10833,,1.3277527317021592e-08
10834,,1.3277453521309615e-08
10835,,1.327744046424595e-08
10836,,1.3277431139781667e-08
10837,,1.3277371467820876e-08
10838,,1.3277346105759113e-08
10839,,1.3277335149497002e-08
10840,,1.3277326104796324e-08
10841,,1.327725711616049e-08
10842,,1.3277239874154468e-08
10843,,1.3277229992846199e-08
10844,,1.327722109201695e-08
10845,,1.3277147345877995e-08
10846,,1.327713424789753e-08
10847,,1.3277124918024465e-08
10848,,1.327706543793233e-08
10849,,1.3277039911153573e-08
10850,,1.3277028932906168e-08
10851,,1.3277019885478287e-08
10852,,1.327695100253846e-08
10853,,1.3276933670468392e-08
10854,,1.3276923777228567e-08
10855,,1.3276914874597938e-08
10856,,1.3276841187679088e-08
10857,,1.327682804041219e-08
10858,,1.3276818703889837e-08
10859,,1.3276759454049576e-08
10860,,1.3276733729738683e-08
10861,,1.3276722724474565e-08
10862,,1.3276713673286765e-08
10863,,1.3276644916786818e-08
10864,,1.3276627477268212e-08
10865,,1.3276617568885753e-08
10866,,1.3276608664923148e-08
10867,,1.327657034789355e-08
10868,,1.3276342964194193e-08
10869,,1.3276154771575484e-08
10870,,1.3276122005940196e-08
10871,,1.327611003150087e-08
10872,,1.3276100849094839e-08
10873,,1.3276036325940284e-08
10874,,1.3276015217683476e-08
10875,,1.3276004807884207e-08
10876,,1.3275995835947451e-08
10877,,1.3275924420514663e-08
10878,,1.3275909307866127e-08
10879,,1.3275899703227482e-08
10880,,1.327584902248054e-08
10881,,1.3275815876874768e-08
10882,,1.3275803849454339e-08
10883,,1.32757946596829e-08
10884,,1.3275730376886224e-08
10885,,1.3275709062846525e-08
10886,,1.3275698624160841e-08
10887,,1.3275689648337369e-08
10888,,1.3275618364059749e-08
10889,,1.3275603139476963e-08
10890,,1.3275593519672015e-08
10891,,1.3275543342494153e-08
10892,,1.327550976318755e-08
10893,,1.3275497675568147e-08
10894,,1.3275488477973345e-08
10895,,1.3275424467690892e-08
10896,,1.3275402919559792e-08
10897,,1.3275392448603248e-08
10898,,1.327538346841807e-08
10899,,1.3275312331604285e-08
10900,,1.327529698150753e-08
10901,,1.3275287344239277e-08
10902,,1.3275237734803864e-08
10903,,1.32752036661202e-08
10904,,1.3275191510715621e-08
10905,,1.3275182303435496e-08
10906,,1.3275118599156401e-08
10907,,1.3275096788291827e-08
10908,,1.3275086280727485e-08
10909,,1.3275077295684438e-08
10910,,1.3275006324370288e-08
10911,,1.327499083282442e-08
10912,,1.3274981176379147e-08
10913,,1.3274932202012813e-08
10914,,1.3274897584953441e-08
10915,,1.327488535403806e-08
10916,,1.3274876136355951e-08
10917,,1.3274812774017982e-08
10918,,1.3274790669055907e-08
10919,,1.3274780121373178e-08
10920,,1.327477113075793e-08
10921,,1.3274700342901736e-08
10922,,1.3274684694379836e-08
10923,,1.327467501578685e-08
10924,,1.3274626747539648e-08
10925,,1.3274591521243942e-08
10926,,1.32745792057704e-08
10927,,1.3274569977426668e-08
10928,,1.3274506992472142e-08
10929,,1.3274484562321314e-08
10930,,1.3274473969711787e-08
10931,,1.3274464973163557e-08
10932,,1.3274394388095887e-08
10933,,1.3274378565526093e-08
10934,,1.3274368863588286e-08
10935,,1.3274321374427971e-08
10936,,1.3274285474721826e-08
10937,,1.3274273066898794e-08
10938,,1.3274263825281384e-08
10939,,1.3274201257116785e-08
10940,,1.3274178468142496e-08
10941,,1.3274167826120573e-08
10942,,1.3274158822986092e-08
10943,,1.3274088460820804e-08
10944,,1.3274072447157875e-08
10945,,1.3274062719145928e-08
10946,,1.3274016085893084e-08
10947,,1.3273979446276694e-08
10948,,1.3273966936968036e-08
10949,,1.3273957681318189e-08
10950,,1.3273895569716554e-08
10951,,1.3273872386723079e-08
10952,,1.3273861690799466e-08
10953,,1.3273852680325398e-08
10954,,1.3273782562345143e-08
10955,,1.3273766338970808e-08
10956,,1.3273756582046275e-08
10957,,1.3273710886507596e-08
10958,,1.3273673436029195e-08
10959,,1.3273660815631814e-08
10960,,1.3273651545023437e-08
10961,,1.3273589932469399e-08
10962,,1.3273566318494272e-08
10963,,1.3273555563413597e-08
10964,,1.3273546545107355e-08
10965,,1.3273476693025004e-08
10966,,1.3273460241280176e-08
10967,,1.3273450452868908e-08
10968,,1.3273405779467853e-08
10969,,1.3273367445228193e-08
10970,,1.327335470293887e-08
10971,,1.3273345416025987e-08
10972,,1.3273284346833441e-08
10973,,1.3273260264111093e-08
10974,,1.3273249444562527e-08
10975,,1.327324041743012e-08
10976,,1.3273170854951046e-08
10977,,1.3273154153999203e-08
10978,,1.3273144331852157e-08
10979,,1.3273100769870111e-08
10980,,1.3273061473823422e-08
10981,,1.3273048599488023e-08
10982,,1.3273039294530751e-08
10983,,1.3272978815872657e-08
10984,,1.3272954223035995e-08
10985,,1.3272943333764394e-08
10986,,1.3272934297342067e-08
10987,,1.3272865048095933e-08
10988,,1.3272848077570032e-08
10989,,1.3272838218058984e-08
10990,,1.3272795864829818e-08
10991,,1.3272755779280395e-08
10992,,1.3272742796678832e-08
10993,,1.3272733477330745e-08
10994,,1.327267348536079e-08
10995,,1.327264847231686e-08
10996,,1.3272637525399379e-08
10997,,1.3272628480990466e-08
10998,,1.327255949242435e-08
10999,,1.3272542297894548e-08
11000,,1.3272532407540986e-08
11001,,1.3272523506875913e-08
11002,,1.327248518539528e-08
11003,,1.327225565048051e-08
11004,,1.327206979081707e-08
11005,,1.3272037043586022e-08
11006,,1.3272025042918631e-08
11007,,1.32720158558377e-08
11008,,1.3271951520795222e-08
11009,,1.327193029038142e-08
11010,,1.3271919851258211e-08
11011,,1.3271910875744624e-08
11012,,1.3271839646623802e-08
11013,,1.3271824404881927e-08
11014,,1.3271814777774618e-08
11015,,1.3271764764328351e-08
11016,,1.3271731097389317e-08
11017,,1.3271718970828597e-08
11018,,1.3271709766554889e-08
11019,,1.32716459943605e-08
11020,,1.3271624277886918e-08
11021,,1.3271613772057386e-08
11022,,1.3271604787632594e-08
11023,,1.3271533857027054e-08
11024,,1.3271518358058998e-08
11025,,1.327150869615969e-08
11026,,1.3271459826455047e-08
11027,,1.3271425169364974e-08
11028,,1.3271412907321306e-08
11029,,1.3271403684255277e-08
11030,,1.3271340518116939e-08
11031,,1.3271318277938604e-08
11032,,1.3271307700684001e-08
11033,,1.327129870700493e-08
11034,,1.3271261037531918e-08
11035,,1.3271250765958948e-08
11036,,1.3271241813556494e-08
11037,,1.3271169852609489e-08
11038,,1.3271155251018937e-08
11039,,1.3271145710764305e-08
11040,,1.3271092893620083e-08
11041,,1.3271061667131363e-08
11042,,1.3271049870653436e-08
11043,,1.3271040711441087e-08
11044,,1.327097549585707e-08
11045,,1.3270955037602008e-08
11046,,1.3270944702309704e-08
11047,,1.3270935741667583e-08
11048,,1.3270897845592287e-08
11049,,1.3270887775377402e-08
11050,,1.3270878850508758e-08
11051,,1.3270806007295283e-08
11052,,1.3270792174111288e-08
11053,,1.3270782738538709e-08
11054,,1.3270726546430163e-08
11055,,1.32706982517867e-08
11056,,1.3270686854669693e-08
11057,,1.3270677749991651e-08
11058,,1.3270610779066405e-08
11059,,1.3270591847255185e-08
11060,,1.3270581719631722e-08
11061,,1.3270572787234077e-08
11062,,1.3270500201648617e-08
11063,,1.3270486146511289e-08
11064,,1.3270476680669349e-08
11065,,1.3270421475932883e-08
11066,,1.3270392327007543e-08
11067,,1.3270380813424512e-08
11068,,1.3270371692392402e-08
11069,,1.3270305242605605e-08
11070,,1.3270285860803743e-08
11071,,1.3270275671494669e-08
11072,,1.3270266730925288e-08
11073,,1.3270228700833877e-08
11074,,1.3270218751661574e-08
11075,,1.3270209843509195e-08
11076,,1.3270136476499128e-08
11077,,1.3270123101977945e-08
11078,,1.3270113729183598e-08
11079,,1.3270055547091068e-08
11080,,1.3270028981954989e-08
11081,,1.3270017823004862e-08
11082,,1.3270008751148035e-08
11083,,1.3269940746565431e-08
11084,,1.3269922715501698e-08
11085,,1.3269912711477926e-08
11086,,1.3269903796193761e-08
11087,,1.3269830675763973e-08
11088,,1.3269817089070597e-08
11089,,1.3269807687742393e-08
11090,,1.3269750451523979e-08
11091,,1.3269723067411744e-08
11092,,1.326971179707824e-08
11093,,1.3269702709538374e-08
11094,,1.3269635204159005e-08
11095,,1.326961674211668e-08
11096,,1.3269606679431766e-08
11097,,1.3269597756202337e-08
11098,,1.3269524899709525e-08
11099,,1.3269511085767777e-08
11100,,1.3269501653546014e-08
11101,,1.3269445428891582e-08
11102,,1.326941716927527e-08
11103,,1.3269405779091293e-08
11104,,1.3269396675898038e-08
11105,,1.3269329703732243e-08
11106,,1.326931078083247e-08
11107,,1.3269300655091557e-08
11108,,1.3269291723441542e-08
11109,,1.3269219148606747e-08
11110,,1.3269205092263734e-08
11111,,1.3269195627055082e-08
11112,,1.326914048285533e-08
11113,,1.3269111287600743e-08
11114,,1.3269099770118858e-08
11115,,1.3269090649452967e-08
11116,,1.326902424683011e-08
11117,,1.3269004831487862e-08
11118,,1.3268994638940829e-08
11119,,1.3268985698573778e-08
11120,,1.3268947677833425e-08
11121,,1.3268937724765061e-08
11122,,1.3268928816771497e-08
11123,,4.808105547232822
11124,,54854.941726397185
11125,,4.744583330209428
11126,,488.7501451376381
11127,,4.673651644108682
11128,,2.916409879985669
11129,,1.964572779066307
11130,,1.6574292562477995
11131,,1.1873766725427344
11132,,0.5907712315284842
11133,,0.30445623915214604
11134,,0.297499743227638
11135,,0.22665569185964235
11136,,7.74641446105737
11137,,0.22298786238263274
11138,,0.23300696515183575
11139,,0.2109980095753695
11140,,0.3199575107479095
11141,,0.20629606587804808
11142,,0.18747784971712314
11143,,0.18064276943897112
11144,,0.18025642648131562
11145,,0.1802320970644025
11146,,0.1802305547833345
11147,,0.18023045697470672
11148,,0.18023045077169877
11149,,0.18023045037830435
11150,,0.18023045035335497
11151,,0.18023045035177312
11152,,0.18023045035167326
11153,,0.18023045035166646
11154,,0.18023045035166624
11155,,0.18023045035166615
11156,,0.18023045035166615
11157,,0.17355877729831382
11158,,0.1731159740941974
11159,,0.17308434602870368
11160,,0.1730820752610148
11161,,0.1730819121687829
11162,,0.17308190045477886
11163,,0.17308189961342493
11164,,0.17308189955299697
11165,,0.17308189954865585
11166,,0.17308189954834338
11167,,0.17308189954832284
11168,,0.17308189954831946
11169,,0.17308189954831946
11170,,0.16640868246863685
11171,,0.16592458418417252
11172,,0.16588720327070988
11173,,0.16588430314840016
11174,,0.16588407806601638
11175,,0.16588406059657437
11176,,0.1658840592407061
11177,,0.16588405913547302
11178,,0.16588405912730614
11179,,0.16588405912667076
11180,,0.16588405912662368
11181,,0.16588405912661938
11182,,0.1658840591266191
11183,,0.16588405912661908
11184,,0.16588405912661908
11185,,0.1594028163628261
11186,,0.1589044716442611
11187,,0.1588626995232437
11188,,0.15885917365686478
11189,,0.15885887587414774
11190,,0.1588588507231854
11191,,0.15885884859890723
11192,,0.15885884841948703
11193,,0.15885884840433337
11194,,0.15885884840305362
11195,,0.1588588484029466
11196,,0.15885884840293615
11197,,0.15885884840293565
11198,,0.15885884840293563
11199,,0.13396717224497845
11200,,0.08243807431757877
11201,,0.08747936575020997
11202,,0.07657975622431731
11203,,0.09493160423523665
11204,,0.07388800206215322
11205,,0.07318094998168508
11206,,0.07077682819674683
11207,,0.0718901726431287
11208,,0.06879851508813163
11209,,0.06636398605880635
11210,,0.06368970048160436
11211,,0.058058503349432314
11212,,0.05877397478004865
11213,,0.05450196427005626
11214,,0.052114526558991854
11215,,0.04203237802474627
11216,,0.03494195440852097
11217,,0.02928924984206052
11218,,0.02635464599295245
11219,,0.02450686065202017
11220,,0.023237657889284148
11221,,0.021322838960804613
11222,,0.016751436805838942
11223,,0.010088564587748618
11224,,0.007406796065536021
11225,,0.0059434881676364675
11226,,0.005450961198801118
11227,,0.004925812458461256
11228,,0.004147307090868526
11229,,0.003291946348725375
11230,,0.0028089294934864183
11231,,0.002534271025827733
11232,,0.002305662015948467
11233,,0.0019601266180878565
11234,,0.0015046328301501816
11235,,0.0008694154155781051
11236,,0.0006448609082751439
11237,,0.0004460904357038571
11238,,0.0003698830680864536
11239,,0.0003548961400320754
11240,,0.0003471608574842089
11241,,0.00033868550600001367
11242,,0.0003316454774884718
11243,,0.00032665254764301435
11244,,0.0003202996012278222
11245,,0.0003084086739129159
11246,,0.00028713229360516053
11247,,0.00025374471723863397
11248,,0.0001932245583192271
11249,,0.0001508752797996421
11250,,0.00011436037281669267
11251,,9.730492770337994e-05
11252,,9.352768787270824e-05
11253,,9.266082953471483e-05
11254,,9.144747404139515e-05
11255,,8.969700390290533e-05
11256,,8.711143890104839e-05
11257,,8.253789613311177e-05
11258,,7.745495754550676e-05
11259,,7.499658690771047e-05
11260,,7.294281038187373e-05
11261,,7.143038096438597e-05
11262,,7.003846552003763e-05
11263,,6.777110757479914e-05
11264,,6.528827175446038e-05
11265,,6.270870786117274e-05
11266,,5.6994922997880285e-05
11267,,4.823410173809702e-05
11268,,3.5634333435233496e-05
11269,,2.792781206332147e-05
11270,,2.5214648136835434e-05
11271,,2.4541960150688937e-05
11272,,2.4421825487450472e-05
11273,,2.4332064674715395e-05
11274,,2.407892424370434e-05
11275,,2.3483196259406684e-05
11276,,2.218112458345562e-05
11277,,1.9647516833965805e-05
11278,,1.5801664956055703e-05
11279,,1.302719683597866e-05
11280,,1.0005247591560464e-05
11281,,8.400079588526932e-06
11282,,8.099994906509868e-06
11283,,7.995319850188387e-06
11284,,7.826297403756518e-06
11285,,7.492060579721865e-06
11286,,6.8528645650350995e-06
11287,,5.884666408721757e-06
11288,,4.949813868717398e-06
11289,,4.469140884903276e-06
11290,,4.3637483847166504e-06
11291,,4.3412865328339e-06
11292,,4.339078914400993e-06
11293,,4.337949012347507e-06
11294,,4.3351820083947245e-06
11295,,4.327569136005292e-06
11296,,4.310013657518868e-06
11297,,4.2708222366510545e-06
11298,,4.183203210095654e-06
11299,,3.998373659639405e-06
11300,,3.6478728349715834e-06
11301,,3.1173089449217303e-06
11302,,2.5793095423807884e-06
11303,,2.2719280733499973e-06
11304,,2.182832473386671e-06
11305,,2.16877602953199e-06
11306,,2.167072477050753e-06
11307,,2.166022297625754e-06
11308,,2.1630178660222317e-06
11309,,2.1583094692909513e-06
11310,,2.1475612964452655e-06
11311,,2.126561975825988e-06
11312,,2.086021684315364e-06
11313,,2.0129513832792142e-06
11314,,1.887291717405278e-06
11315,,1.6604741995451222e-06
11316,,1.2651407371897865e-06
11317,,9.851671872849522e-07
11318,,8.594513347538734e-07
11319,,8.129618451228835e-07
11320,,8.072354983413638e-07
11321,,8.055475678030404e-07
11322,,8.041275077637292e-07
11323,,8.027689500160125e-07
11324,,8.002982259079583e-07
11325,,7.952667175833e-07
11326,,7.844815318990591e-07
11327,,7.613919724204506e-07
11328,,7.137878410406312e-07
11329,,6.235613181131509e-07
11330,,4.773494394055377e-07
11331,,3.1726563237625957e-07
11332,,2.371878097875431e-07
11333,,1.8764600937163114e-07
11334,,1.6817578121271367e-07
11335,,1.6682020645548055e-07
11336,,1.667478099495069e-07
11337,,1.6674396410114582e-07
11338,,1.6674326370434138e-07
11339,,1.667427503485929e-07
11340,,1.6673904122696567e-07
11341,,1.667379692473376e-07
11342,,1.667373999485626e-07
11343,,1.6673689327443839e-07
11344,,1.667328563876442e-07
11345,,1.667320945460236e-07
11346,,1.6673154320785278e-07
11347,,1.6672839125640645e-07
11348,,1.6672694671554093e-07
11349,,1.667262377458048e-07
11350,,1.6672568836740868e-07
11351,,1.6672236444761538e-07
11352,,1.667210872239896e-07
11353,,1.6672038624448632e-07
11354,,1.6671983456851616e-07
11355,,1.6671648921985126e-07
11356,,1.6671524418314256e-07
11357,,1.667145374268159e-07
11358,,1.6671398160510597e-07
11359,,1.6671066780746198e-07
11360,,1.66709409179791e-07
11361,,1.6670869056677195e-07
11362,,1.6670812944353872e-07
11363,,1.6670487209738832e-07
11364,,1.667035796310052e-07
11365,,1.667028455111604e-07
11366,,1.6670227811450568e-07
11367,,1.666990928748971e-07
11368,,1.6669775489778857e-07
11369,,1.6669700232985452e-07
11370,,1.6669642767873866e-07
11371,,1.6669332757855687e-07
11372,,1.6669193509249795e-07
11373,,1.6669116118823618e-07
11374,,1.6669057822089685e-07
11375,,1.6668757622072224e-07
11376,,1.6668612066853505e-07
11377,,1.6668532231969121e-07
11378,,1.666847298336419e-07
11379,,1.6668183999398015e-07
11380,,1.6668031227179424e-07
11381,,1.6667948600251619e-07
11382,,1.6667888263569458e-07
11383,,1.6667612069842521e-07
11384,,1.6667451070374946e-07
11385,,1.6667365256107072e-07
11386,,1.6667303675461914e-07
11387,,1.666725029348409e-07
11388,,1.666687168983798e-07
11389,,1.6666782237606948e-07
11390,,1.6666719234163107e-07
11391,,1.66666652935366e-07
11392,,1.6666293194065725e-07
11393,,1.666619958787065e-07
11394,,1.6666134957017187e-07
11395,,1.666608037663356e-07
11396,,1.666571570859523e-07
11397,,1.6665617357021427e-07
11398,,1.666555086389258e-07
11399,,1.666549555014143e-07
11400,,1.6665139376901817e-07
11401,,1.666503560221543e-07
11402,,1.666496697769006e-07
11403,,1.6664910823698483e-07
11404,,1.6664564364840584e-07
11405,,1.6664454389158201e-07
11406,,1.6664383324437607e-07
11407,,1.6664326207463712e-07
11408,,1.6663990861246618e-07
11409,,1.6663873793791835e-07
11410,,1.6663799934155757e-07
11411,,1.6663741713382725e-07
11412,,1.6663419084854274e-07
11413,,1.6663293902280678e-07
11414,,1.6663216841450765e-07
11415,,1.6663157355009122e-07
11416,,1.6662849284718895e-07
11417,,1.6662714814133603e-07
11418,,1.6662634085834106e-07
11419,,1.6662573148274062e-07
11420,,1.666228174822362e-07
11421,,1.666213664353024e-07
11422,,1.6662051712476739e-07
11423,,1.6661989111242154e-07
11424,,1.666171680409152e-07
11425,,1.6661559521367756e-07
11426,,1.6661469773703905e-07
11427,,1.666140526469239e-07
11428,,1.6661350382261122e-07
11429,,1.666098359799959e-07
11430,,1.6660888329297848e-07
11431,,1.6660821632241022e-07
11432,,1.6660765882592842e-07
11433,,1.6660409045537225e-07
11434,,1.666030744782285e-07
11435,,1.6660238241173063e-07
11436,,1.6660181496479116e-07
11437,,1.665983606183849e-07
11438,,1.6659727207709877e-07
11439,,1.6659655122841657e-07
11440,,1.6659597236386897e-07
11441,,1.6659264874075483e-07
11442,,1.665914769958168e-07
11443,,1.6659072313212072e-07
11444,,1.6659013116534754e-07
11445,,1.665869574260348e-07
11446,,1.665856902683613e-07
11447,,1.6658489853482558e-07
11448,,1.6658429153412574e-07
11449,,1.6658128966268921e-07
11450,,1.6657991308366248e-07
11451,,1.665790779076615e-07
11452,,1.6657845365865793e-07
11453,,1.6657564888025783e-07
11454,,1.6657414680724942e-07
11455,,1.665732617951063e-07
11456,,1.6657261775321712e-07
11457,,1.6657206843101084e-07
11458,,1.6656839300374667e-07
11459,,1.6656745082099804e-07
11460,,1.6656678406865337e-07
11461,,1.665662257307743e-07
11462,,1.665626534701837e-07
11463,,1.6656164569709627e-07
11464,,1.665609528863849e-07
11465,,1.665603842004049e-07
11466,,1.6655693026799843e-07
11467,,1.6655584724595619e-07
11468,,1.665551245330907e-07
11469,,1.6655454397213885e-07
11470,,1.6655122576020936e-07
11471,,1.665500564083332e-07
11472,,1.6654929938468517e-07
11473,,1.6654870519351297e-07
11474,,1.665455426655824e-07
11475,,1.665442742623823e-07
11476,,1.6654347786973933e-07
11477,,1.6654286803569204e-07
11478,,1.6653988409439585e-07
11479,,1.6653850204747397e-07
11480,,1.665376604806468e-07
11481,,1.66537032694334e-07
11482,,1.6653425362231854e-07
11483,,1.6653274118752276e-07
11484,,1.6653184778223736e-07
11485,,1.6653119939417928e-07
11486,,1.66530648162156e-07
11487,,1.6652699331220202e-07
11488,,1.6652604042608278e-07
11489,,1.6652536839427573e-07
11490,,1.6652480777315895e-07
11491,,1.6652126029380492e-07
11492,,1.6652023915502135e-07
11493,,1.6651953999224137e-07
11494,,1.6651896859304692e-07
11495,,1.6651554427982593e-07
11496,,1.6651444482568327e-07
11497,,1.6651371452518552e-07
11498,,1.6651313075545074e-07
11499,,1.665098477353792e-07
11500,,1.6650865841526542e-07
11501,,1.6650789238446926e-07
11502,,1.6650729441640384e-07
11503,,1.6650417349007858e-07
11504,,1.6650288105180076e-07
11505,,1.665020740179422e-07
11506,,1.6650145975284816e-07
11507,,1.664985247896215e-07
11508,,1.6649711402559853e-07
11509,,1.6649625993909537e-07
11510,,1.6649562697119136e-07
11511,,1.664929053586045e-07
11512,,1.6649135881812915e-07
11513,,1.6649045073688417e-07
11514,,1.664897963053421e-07
11515,,1.664892426948412e-07
11516,,1.664856171302028e-07
11517,,1.6648464708855715e-07
11518,,1.6648396802417764e-07
11519,,1.6648340462795744e-07
11520,,1.6647989091333997e-07
11521,,1.6647884977023798e-07
11522,,1.6647814243528245e-07
11523,,1.6647756780856509e-07
11524,,1.66474182404505e-07
11525,,1.664730596722083e-07
11526,,1.6647231989491255e-07
11527,,1.6647173237607232e-07
11528,,1.6646849417427703e-07
11529,,1.664672778163211e-07
11530,,1.6646650080863161e-07
11531,,1.6646589849371102e-07
11532,,1.6646282916878848e-07
11533,,1.664615053750427e-07
11534,,1.6646068564199496e-07
11535,,1.664600663458412e-07
11536,,1.6645719077222937e-07
11537,,1.6645574369431506e-07
11538,,1.6645487493167407e-07
11539,,1.6645423614592413e-07
11540,,1.6645368882524495e-07
11541,,1.664499943180116e-07
11542,,1.6644906929357333e-07
11543,,1.664484081372712e-07
11544,,1.66447851934441e-07
11545,,1.6644425901816475e-07
11546,,1.6644326942791948e-07
11547,,1.664425826032105e-07
11548,,1.6644201620189979e-07
11549,,1.6643853982989244e-07
11550,,1.6643747614749867e-07
11551,,1.6643675986271298e-07
11552,,1.6643618175550825e-07
11553,,1.664328390832479e-07
11554,,1.6643169038034572e-07
11555,,1.6643094028525456e-07
11556,,1.6643034874411046e-07
11557,,1.6642715945610888e-07
11558,,1.6642591318786763e-07
11559,,1.6642512429531815e-07
11560,,1.6642451733281788e-07
11561,,1.664215040216564e-07
11562,,1.664201457957131e-07
11563,,1.6641931237924386e-07
11564,,1.6641868771969015e-07
11565,,1.6641587630593946e-07
11566,,1.6641438960689273e-07
11567,,1.6641350509473892e-07
11568,,1.6641286012276693e-07
11569,,1.6641231043968226e-07
11570,,1.6640864622796428e-07
11571,,1.664077030823586e-07
11572,,1.664070347980712e-07
11573,,1.6640647585641933e-07
11574,,1.6640291750609377e-07
11575,,1.6640190707554797e-07
11576,,1.6640121203799095e-07
11577,,1.6640064246786202e-07
11578,,1.663972055622372e-07
11579,,1.6639611791849424e-07
11580,,1.663953921789021e-07
11581,,1.6639481040854353e-07
11582,,1.663915128239857e-07
11583,,1.663903365766124e-07
11584,,1.6638957560273416e-07
11585,,1.6638897982936945e-07
11586,,1.663858420848874e-07
11587,,1.6638456416243042e-07
11588,,1.6638376275444007e-07
11589,,1.6638315091084995e-07
11590,,1.6638019654533882e-07
11591,,1.663788019476686e-07
11592,,1.6637795413704983e-07
11593,,1.663773238480821e-07
11594,,1.6637457987788804e-07
11595,,1.6637305139391294e-07
11596,,1.663721503362974e-07
11597,,1.6637149887774338e-07
11598,,1.663709467160452e-07
11599,,1.6636731417911708e-07
11600,,1.66366352015732e-07
11601,,1.6636567626335018e-07
11602,,1.6636511444958816e-07
11603,,1.6636159222713535e-07
11604,,1.663605599416225e-07
11605,,1.6635985630645363e-07
11606,,1.6635928341787445e-07
11607,,1.6635588774636644e-07
11608,,1.6635477499314109e-07
11609,,1.6635403936218014e-07
11610,,1.663534537586416e-07
11611,,1.6635020327084972e-07
11612,,1.6634899817886797e-07
11613,,1.663482258273537e-07
11614,,1.663476256302922e-07
11615,,1.6634454170825338e-07
11616,,1.6634323065453837e-07
11617,,1.663424161640577e-07
11618,,1.6634179921735515e-07
11619,,1.6633890639292746e-07
11620,,1.663374737474208e-07
11621,,1.6633661089849015e-07
11622,,1.6633597472797482e-07
11623,,1.6633542873689527e-07
11624,,1.663317289813356e-07
11625,,1.6633081063891286e-07
11626,,1.6633015240640305e-07
11627,,1.663295976518139e-07
11628,,1.663259981045467e-07
11629,,1.6632501607915137e-07
11630,,1.663243325262903e-07
11631,,1.6632376771396098e-07
11632,,1.6632028312004243e-07
11633,,1.6631922801682673e-07
11634,,1.6631851540704286e-07
11635,,1.6631793904940646e-07
11636,,1.6631458633150222e-07
11637,,1.663134473680657e-07
11638,,1.6631270141183853e-07
11639,,1.6631211180232014e-07
11640,,1.6630891037772437e-07
11641,,1.6630767518343636e-07
11642,,1.6630689095841405e-07
11643,,1.663062861392109e-07
11644,,1.6630325829211717e-07
11645,,1.6630191266859458e-07
11646,,1.6630108452690922e-07
11647,,1.6630046225024038e-07
11648,,1.6629763354829617e-07
11649,,1.6629616120691104e-07
11650,,1.6629528266631705e-07
11651,,1.6629464035733092e-07
11652,,1.662940920266203e-07
11653,,1.6629042238360397e-07
11654,,1.662894860108854e-07
11655,,1.6628882070818945e-07
11656,,1.6628826324410572e-07
11657,,1.6628469802378908e-07
11658,,1.6628369528324828e-07
11659,,1.662830035915974e-07
11660,,1.6628243564454993e-07
11661,,1.662789902127236e-07
11662,,1.6627791131425232e-07
11663,,1.662771893392238e-07
11664,,1.6627660936020596e-07
11665,,1.662733013533606e-07
11666,,1.662721350594002e-07
11667,,1.6627137833168764e-07
11668,,1.6627078454017735e-07
11669,,1.6626763419577283e-07
11670,,1.6626636761245315e-07
11671,,1.662655710024758e-07
11672,,1.662649613597737e-07
11673,,1.662619918965327e-07
11674,,1.6626061022972404e-07
11675,,1.6625976785087835e-07
11676,,1.6625914001507032e-07
11677,,1.662563780816849e-07
11678,,1.6625486435430002e-07
11679,,1.6625396945300846e-07
11680,,1.6625332073691773e-07
11681,,1.6625276996137166e-07
11682,,1.662491316383902e-07
11683,,1.662481764654324e-07
11684,,1.662475037857938e-07
11685,,1.6624694349140037e-07
11686,,1.662434139815694e-07
11687,,1.6624238964214316e-07
11688,,1.6624168946195946e-07
11689,,1.6624111824162434e-07
11690,,1.6623771356235568e-07
11691,,1.6623660985182614e-07
11692,,1.6623587811117184e-07
11693,,1.662352943491071e-07
11694,,1.6623203287669343e-07
11695,,1.6623083808770094e-07
11696,,1.662300701278086e-07
11697,,1.662294719716474e-07
11698,,1.6622637479663857e-07
11699,,1.6622507549212636e-07
11700,,1.6622426596668718e-07
11701,,1.6622365128863857e-07
11702,,1.6622074261113137e-07
11703,,1.6621932337171408e-07
11704,,1.6621846614690506e-07
11705,,1.6621783250917124e-07
11706,,1.6621728781950125e-07
11707,,1.66213583229434e-07
11708,,1.6621267126910303e-07
11709,,1.662120158693272e-07
11710,,1.6621146253742595e-07
11711,,1.662078567905843e-07
11712,,1.662068820164601e-07
11713,,1.6620620164178703e-07
11714,,1.6620563839046206e-07
11715,,1.6620214603356047e-07
11716,,1.6620109917655452e-07
11717,,1.6620039014185206e-07
11718,,1.661998155011295e-07
11719,,1.661964532259538e-07
11720,,1.6619532365392576e-07
11721,,1.6619458172648513e-07
11722,,1.6619399401530834e-07
11723,,1.6619078097403458e-07
11724,,1.6618955648196573e-07
11725,,1.6618877680872436e-07
11726,,1.661881740954891e-07
11727,,1.6618513226732077e-07
11728,,1.6618379885253552e-07
11729,,1.66182975861594e-07
11730,,1.6618235592976095e-07
11731,,1.661795105351547e-07
11732,,1.661780521285281e-07
11733,,1.6617717942757358e-07
11734,,1.661765397342002e-07
11735,,1.6617599273984648e-07
11736,,1.6617231787595896e-07
11737,,1.6617138812909454e-07
11738,,1.661707257581412e-07
11739,,1.6617016975552715e-07
11740,,1.6616659789136435e-07
11741,,1.6616560268174192e-07
11742,,1.6616491428216365e-07
11743,,1.6616434794083345e-07
11744,,1.6616089423498908e-07
11745,,1.6615982390622477e-07
11746,,1.6615910563598353e-07
11747,,1.6615852742455875e-07
11748,,1.6615520927572906e-07
11749,,1.6615405274175225e-07
11750,,1.661533001925766e-07
11751,,1.661527083593643e-07
11752,,1.661495457243332e-07
11753,,1.661482902701704e-07
11754,,1.661474983816856e-07
11755,,1.6614689091197413e-07
11756,,1.6614390669862625e-07
11757,,1.6614253772904035e-07
11758,,1.6614170069702482e-07
11759,,1.661410752831967e-07
11760,,1.661382957700191e-07
11761,,1.6613679654268157e-07
11762,,1.6613590770321414e-07
11763,,1.6613526169267611e-07
11764,,1.6613471228918156e-07
11765,,1.6613106833941892e-07
11766,,1.661301200488466e-07
11767,,1.661294504028506e-07
11768,,1.661288916107154e-07
11769,,1.661253549925236e-07
11770,,1.6612433848093498e-07
11771,,1.6612364170859185e-07
11772,,1.6612307213930355e-07
11773,,1.6611965865138942e-07
11774,,1.66118563851101e-07
11775,,1.6611783594890456e-07
11776,,1.6611725400989062e-07
11777,,1.6611398178072883e-07
11778,,1.6611279714206593e-07
11779,,1.6611203351567486e-07
11780,,1.6611143737800266e-07
11781,,1.6610832721151619e-07
11782,,1.6610703948111294e-07
11783,,1.6610623485632717e-07
11784,,1.6610562242365398e-07
11785,,1.6610269818525032e-07
11786,,1.6610129215657612e-07
11787,,1.6610044048395468e-07
11788,,1.6609980934754038e-07
11789,,1.6609709843165137e-07
11790,,1.660955566513468e-07
11791,,1.6609465098806092e-07
11792,,1.6609399838734494e-07
11793,,1.660934464639469e-07
11794,,1.6608983466443078e-07
11795,,1.6608886704313692e-07
11796,,1.6608818981040004e-07
11797,,1.6608762810155988e-07
11798,,1.66084128150431e-07
11799,,1.660830894293554e-07
11800,,1.6608238392544681e-07
11801,,1.6608181098628666e-07
11802,,1.6607843934331001e-07
11803,,1.6607731903574204e-07
11804,,1.6607658108886292e-07
11805,,1.6607599525549898e-07
11806,,1.6607277081724478e-07
11807,,1.660715568834453e-07
11808,,1.6607078170503413e-07
11809,,1.660701810753936e-07
11810,,1.660671255182203e-07
11811,,1.6606580414637174e-07
11812,,1.66064986241738e-07
11813,,1.6606436862763435e-07
11814,,1.6606150682955718e-07
11815,,1.660600621709781e-07
11816,,1.6605919523265357e-07
11817,,1.6605855812806773e-07
11818,,1.6605801245723887e-07
11819,,1.660543325003511e-07
11820,,1.66053409293911e-07
11821,,1.660527498198233e-07
11822,,1.6605219526373454e-07
11823,,1.6604861690640857e-07
11824,,1.6604762913085127e-07
11825,,1.6604694398268274e-07
11826,,1.660463792283601e-07
11827,,1.660429174210583e-07
11828,,1.660418555499513e-07
11829,,1.660411409395029e-07
11830,,1.6604056447910106e-07
11831,,1.6603723638203748e-07
11832,,1.66036089482444e-07
11833,,1.6603534105978346e-07
11834,,1.6603475116265027e-07
11835,,1.6603157646387125e-07
11836,,1.6603033199176824e-07
11837,,1.6602954476631002e-07
11838,,1.6602893944761506e-07
11839,,1.6602594073941522e-07
11840,,1.6602458429976444e-07
11841,,1.660237525469693e-07
11842,,1.6602312952691177e-07
11843,,1.6602033273419907e-07
11844,,1.6601884780997163e-07
11845,,1.6601796495700646e-07
11846,,1.6601732162383547e-07
11847,,1.660167735783805e-07
11848,,1.6601312413115746e-07
11849,,1.6601218263975564e-07
11850,,1.6601151599086182e-07
11851,,1.6601095868584702e-07
11852,,1.6600741511176632e-07
11853,,1.6600640632591205e-07
11854,,1.6600571292386926e-07
11855,,1.6600514498822694e-07
11856,,1.6600172286900088e-07
11857,,1.6600063686299532e-07
11858,,1.6599991275434806e-07
11859,,1.6599933261765297e-07
11860,,1.659960498357327e-07
11861,,1.6599487521615979e-07
11862,,1.6599411586959326e-07
11863,,1.659935217290769e-07
11864,,1.659903988005855e-07
11865,,1.6598912249554017e-07
11866,,1.6598832270868914e-07
11867,,1.6598771249683875e-07
11868,,1.6598477296676016e-07
11869,,1.659833799750469e-07
11870,,1.659825337817931e-07
11871,,1.6598190512192323e-07
11872,,1.6597917600934877e-07
11873,,1.6597764911483197e-07
11874,,1.659767496689274e-07
11875,,1.6597609983683747e-07
11876,,1.6597554930963131e-07
11877,,1.659719315957351e-07
11878,,1.6597097103757022e-07
11879,,1.6597029690790961e-07
11880,,1.6596973672880334e-07
11881,,1.6596622934030205e-07
11882,,1.6596519864997205e-07
11883,,1.659644966369857e-07
11884,,1.6596392537977075e-07
11885,,1.6596054455512236e-07
11886,,1.6595943339101722e-07
11887,,1.659586993762331e-07
11888,,1.659581154001657e-07
11889,,1.6595487977777992e-07
11890,,1.659536762633827e-07
11891,,1.6595290552408536e-07
11892,,1.6595230695516364e-07
11893,,1.6594923791494668e-07
11894,,1.6594792842682742e-07
11895,,1.6594711554298448e-07
11896,,1.6594650022316108e-07
11897,,1.659436222997807e-07
11898,,1.6594219120685518e-07
11899,,1.6594132996112658e-07
11900,,1.6594069541393433e-07
11901,,1.6594015105654494e-07
11902,,1.659364661295966e-07
11903,,1.6593554938315913e-07
11904,,1.6593489277138424e-07
11905,,1.6593433964987575e-07
11906,,1.6593075494052536e-07
11907,,1.6592977450455223e-07
11908,,1.6592909257088072e-07
11909,,1.6592852938922685e-07
11910,,1.6592505964616922e-07
11911,,1.659240061234195e-07
11912,,1.6592329512831473e-07
11913,,1.6592272040019698e-07
11914,,1.6591938254746167e-07
11915,,1.6591824515600966e-07
11916,,1.6591750081064966e-07
11917,,1.6591691282940626e-07
11918,,1.6591372628522005e-07
11919,,1.659124926517275e-07
11920,,1.6591171003311006e-07
11921,,1.6591110684103177e-07
11922,,1.6590809389283996e-07
11923,,1.6590674981768296e-07
11924,,1.6590592327845556e-07
11925,,1.6590530262700316e-07
11926,,1.659024888440596e-07
11927,,1.6590101803659003e-07
11928,,1.6590014109352745e-07
11929,,1.6589950040537486e-07
11930,,1.6589895370703612e-07
11931,,1.6589529889489959e-07
11932,,1.6589436411175233e-07
11933,,1.6589370042816784e-07
11934,,1.6589314459566312e-07
11935,,1.6588959421578683e-07
11936,,15.478077029983893
11937,,63707.383377488375
11938,,15.345873470945241
11939,,481.043254503876
11940,,15.16644226610168
11941,,4.107203465319037
11942,,142.9213654744616
11943,,4.06341172657552
11944,,2.9447057954770877
11945,,2.3409370158077873
11946,,2.3340009127533143
11947,,2.333886204819614
11948,,2.3338842975108487
11949,,2.333884265794181
11950,,2.333884265266763
11951,,2.333884265257993
11952,,2.3338842652578458
11953,,2.333884265257844
11954,,2.333884265257844
11955,,46.71780542934353
11956,,2.2530860066462846
11957,,1.3591682582174454
11958,,1.075039996386659
11959,,1.072262911798496
11960,,1.0722296180677036
11961,,1.0722292179889497
11962,,1.0722292131812112
11963,,1.0722292131234457
11964,,1.0722292131227489
11965,,1.0722292131227367
11966,,1.0722292131227367
11967,,8055865253787.267
11968,,1.0722283531220111
11969,,16399568.022983866
11970,,1.0680110529204265
11971,,24907.253296920884
11972,,1.0406104586936487
11973,,223.7959661906951
11974,,1.01079381441785
11975,,1.1332258420835246
11976,,0.6962524538630942
11977,,0.6404939550245098
11978,,2.9829249970068967
11979,,0.618600011089476
11980,,0.4980767849512921
11981,,1.171111473037096
11982,,0.49574994151512536
11983,,0.4804946578015906
11984,,0.7214967873801398
11985,,0.4770910140892788
11986,,0.4622019898060347
11987,,0.4496771439676152
11988,,0.4475482448289076
11989,,0.4426108384108783
11990,,0.4309580469358798
11991,,0.4025415144769594
11992,,0.35146199413594
11993,,0.2673523061718272
11994,,0.1787630875907565
11995,,0.13491741600412796
11996,,0.09561977125713295
11997,,0.6547376222080502
11998,,0.09037878274089955
11999,,0.07905660765634322
12000,,0.386737551947283
12001,,0.07712510434501539
12002,,0.06950349420996076
12003,,0.0619129228381637
12004,,0.06487907425690517
12005,,0.0560952796344684
12006,,0.053223745350837945
12007,,0.044841189367268636
12008,,0.03824080836765765
12009,,0.03390475678683207
12010,,0.03296503707573272
12011,,0.028190696152416848
12012,,0.027795601616396513
12013,,0.026019572799933305
12014,,0.033863439910347126
12015,,0.025128725826837405
12016,,0.02428461830066524
12017,,0.023099336644871318
12018,,0.021217326497974177
12019,,0.019572282313716327
12020,,0.01739015560284051
12021,,0.013761034940169363
12022,,0.009727001984219193
12023,,0.007002868727598354
12024,,0.005511001393105635
12025,,0.004727667445129055
12026,,0.004011378918920699
12027,,0.002719516799524278
12028,,0.0014092534120046277
12029,,0.0006858980722917414
12030,,0.0005093048034427979
12031,,0.0004580955201011082
12032,,0.00040486527591962343
12033,,0.0003207689791583703
12034,,0.00022505201490803328
12035,,0.00019904788263427534
12036,,0.00019545717986102127
12037,,0.00019331198031723442
12038,,0.00019179398175285045
12039,,0.0001884440251942832
12040,,0.00018276884837471565
12041,,0.00017464657005056253
12042,,0.00016341404051175353
12043,,0.00015465759975906809
12044,,0.00014967785111067903
12045,,0.00014671105101836382
12046,,0.00014489110451523058
12047,,0.00014166666582836673
12048,,0.0001369169837832856
12049,,0.00013190144537808106
12050,,0.0001276079188520675
12051,,0.00012031432641390121
12052,,0.0001091727706575574
12053,,9.28132130440922e-05
12054,,7.20732334288649e-05
12055,,5.846492072398747e-05
12056,,5.511156653610838e-05
12057,,5.393950661879181e-05
12058,,5.347050344486704e-05
12059,,5.300315354335736e-05
12060,,5.217795931107297e-05
12061,,5.0831100814346924e-05
12062,,4.886196121411162e-05
12063,,4.62085665419845e-05
12064,,4.3361137198492266e-05
12065,,4.117458986658645e-05
12066,,3.935351110147756e-05
12067,,3.7283806873324925e-05
12068,,3.6116242215248825e-05
12069,,3.450701143234804e-05
12070,,3.2498854275531146e-05
12071,,3.0154643446571547e-05
12072,,2.7908675898873824e-05
12073,,2.6749121234127e-05
12074,,2.645107032471292e-05
12075,,2.638011218487524e-05
12076,,2.6352682811111154e-05
12077,,2.631164802822917e-05
12078,,2.6216601535196794e-05
12079,,2.6007071036077885e-05
12080,,2.55683822769976e-05
12081,,2.4637592687163448e-05
12082,,2.265465703230339e-05
12083,,1.904255305221013e-05
12084,,1.4544051587156073e-05
12085,,2.4110359769885522e-05
12086,,1.3417459635521425e-05
12087,,1.0730628152239571e-05
12088,,9.610830928231518e-06
12089,,9.425172383580204e-06
12090,,9.392342783294927e-06
12091,,9.36915184525373e-06
12092,,9.317055875297306e-06
12093,,9.198927323866869e-06
12094,,8.972205323015556e-06
12095,,8.615064709069625e-06
12096,,8.193140920689954e-06
12097,,7.937655215659647e-06
12098,,7.823006521230715e-06
12099,,7.772412115155637e-06
12100,,7.754239650925971e-06
12101,,7.724348157500653e-06
12102,,7.656053071550144e-06
12103,,7.5037884125385714e-06
12104,,7.177480694576853e-06
12105,,6.5166252418872644e-06
12106,,5.3405876651121054e-06
12107,,3.7319067148896495e-06
12108,,3.1546940825435935e-06
12109,,1.9843659232686744e-06
12110,,1.687441885335616e-06
12111,,1.6144134424902868e-06
12112,,1.6084100332303428e-06
12113,,1.6079085303730362e-06
12114,,1.6077733789265097e-06
12115,,1.6077053582195434e-06
12116,,1.6076471391738752e-06
12117,,1.6072548882175567e-06
12118,,1.606857831769589e-06
12119,,1.6061002059249746e-06
12120,,1.603357182390022e-06
12121,,1.5968009379370874e-06
12122,,1.582052771114537e-06
12123,,1.5500302107906111e-06
12124,,1.48681191629141e-06
12125,,1.383462859904114e-06
12126,,1.2631973055503657e-06
12127,,1.1898788703544556e-06
12128,,1.1580591014127972e-06
12129,,1.1429674529681383e-06
12130,,1.1412756769803352e-06
12131,,1.1404747604826627e-06
12132,,1.1393156344565393e-06
12133,,1.1377514607570395e-06
12134,,1.1347259462236072e-06
12135,,1.12861927711446e-06
12136,,1.1157380391749595e-06
12137,,1.088742514400067e-06
12138,,1.0356738519922836e-06
12139,,9.468255840846976e-07
12140,,8.378697859231104e-07
12141,,7.583519304944834e-07
12142,,7.296986079398874e-07
12143,,7.239528048623836e-07
12144,,7.233108054613718e-07
12145,,7.232597619135096e-07
12146,,7.232554695334466e-07
12147,,7.232540156142004e-07
12148,,7.232528704370421e-07
12149,,7.232449961962248e-07
12150,,7.232426033474803e-07
12151,,7.232412453686954e-07
12152,,7.232401024381168e-07
12153,,7.232319755552854e-07
12154,,7.232298371534174e-07
12155,,7.232284838970942e-07
12156,,7.232273358755436e-07
12157,,7.232192256230213e-07
12158,,7.232170986797066e-07
12159,,7.232157267617648e-07
12160,,7.232145704122832e-07
12161,,7.23206569746697e-07
12162,,7.23204375071728e-07
12163,,7.232029728498909e-07
12164,,7.232018059647716e-07
12165,,7.231939672561229e-07
12166,,7.231916624497759e-07
12167,,7.231902218560831e-07
12168,,7.231890425448299e-07
12169,,7.231814041648902e-07
12170,,7.231789596830225e-07
12171,,7.231774738237427e-07
12172,,7.231762802116582e-07
12173,,7.231688762169835e-07
12174,,7.231662668848397e-07
12175,,7.231647289563887e-07
12176,,7.231635190587683e-07
12177,,7.231563837087058e-07
12178,,7.231535848088108e-07
12179,,7.231519875824363e-07
12180,,7.231507591933415e-07
12181,,7.231439293334288e-07
12182,,7.231409146095218e-07
12183,,7.231392501023467e-07
12184,,7.231380007481366e-07
12185,,7.231315172302659e-07
12186,,7.231282577327035e-07
12187,,7.231265169876569e-07
12188,,7.231252438763692e-07
12189,,7.231191526188445e-07
12190,,7.231156158872706e-07
12191,,7.23113788789104e-07
12192,,7.23112488749541e-07
12193,,7.231068416658998e-07
12194,,7.231029910470714e-07
12195,,7.231010661264251e-07
12196,,7.230997355648734e-07
12197,,7.230985888991555e-07
12198,,7.230903854652398e-07
12199,,7.230883497158673e-07
12200,,7.230869845520861e-07
12201,,7.230858270733551e-07
12202,,7.230778017262356e-07
12203,,7.230756403705874e-07
12204,,7.230742359613178e-07
12205,,7.230730662134298e-07
12206,,7.230652427547829e-07
12207,,7.230629390205167e-07
12208,,7.230614900886962e-07
12209,,7.230603064145607e-07
12210,,7.23052711897306e-07
12211,,7.23050246713148e-07
12212,,7.230487472679877e-07
12213,,7.23047547776792e-07
12214,,7.230402129596626e-07
12215,,7.230375646557934e-07
12216,,7.230360078788415e-07
12217,,7.230347904227632e-07
12218,,7.230277502697279e-07
12219,,7.230248942149426e-07
12220,,7.230232723508908e-07
12221,,7.230220344911332e-07
12222,,7.230153287629248e-07
12223,,7.230122369483973e-07
12224,,7.230105411801753e-07
12225,,7.230092801353715e-07
12226,,7.23002954060685e-07
12227,,7.229995946360979e-07
12228,,7.229978149264659e-07
12229,,7.229965275347073e-07
12230,,7.22990632561835e-07
12231,,7.2298696929614e-07
12232,,7.229850942331647e-07
12233,,7.229837768886921e-07
12234,,7.229826337862212e-07
12235,,7.229743632360454e-07
12236,,7.229723798237814e-07
12237,,7.229710284312416e-07
12238,,7.229698746302849e-07
12239,,7.229617790847204e-07
12240,,7.229596725334034e-07
12241,,7.229582824251782e-07
12242,,7.229571164496211e-07
12243,,7.22949219833344e-07
12244,,7.229469733109297e-07
12245,,7.229455391693907e-07
12246,,7.229443593395397e-07
12247,,7.229366889001435e-07
12248,,7.229342832341796e-07
12249,,7.229327990081562e-07
12250,,7.229316034110917e-07
12251,,7.229241901712619e-07
12252,,7.229216035353667e-07
12253,,7.229200623281545e-07
12254,,7.22918848786103e-07
12255,,7.229117280860038e-07
12256,,7.229089356216232e-07
12257,,7.229073295771993e-07
12258,,7.229060956070988e-07
12259,,7.228993076980152e-07
12260,,7.228962810915108e-07
12261,,7.228946012635756e-07
12262,,7.228933440338041e-07
12263,,7.228869347792999e-07
12264,,7.228836417723855e-07
12265,,7.228818779644052e-07
12266,,7.228805942469758e-07
12267,,7.228746159016814e-07
12268,,7.228710197538699e-07
12269,,7.228691603382214e-07
12270,,7.228678464592772e-07
12271,,7.228667041375701e-07
12272,,7.2285841740746e-07
12273,,7.228564491443066e-07
12274,,7.2285510091075e-07
12275,,7.228539477493369e-07
12276,,7.228458374396431e-07
12277,,7.228437452365078e-07
12278,,7.228423578711262e-07
12279,,7.228411923591147e-07
12280,,7.228332829504131e-07
12281,,7.228310496004036e-07
12282,,7.228296176530936e-07
12283,,7.228284380625772e-07
12284,,7.228207574662148e-07
12285,,7.228183633478436e-07
12286,,7.22816880611859e-07
12287,,7.228156849749416e-07
12288,,7.228082650050345e-07
12289,,7.228056877618482e-07
12290,,7.228041471504928e-07
12291,,7.228029332263347e-07
12292,,7.227958101628087e-07
12293,,7.227930242965926e-07
12294,,7.227914177351314e-07
12295,,7.227901829587365e-07
12296,,7.227833981762098e-07
12297,,7.227803746137828e-07
12298,,7.227786928872652e-07
12299,,7.227774343436193e-07
12300,,7.22771035025958e-07
12301,,7.227677406099869e-07
12302,,7.227659732131519e-07
12303,,7.227646875704272e-07
12304,,7.227587275281486e-07
12305,,7.22755124448117e-07
12306,,7.2275325939706e-07
12307,,7.227519428532141e-07
12308,,7.227507995438161e-07
12309,,7.227425286014376e-07
12310,,7.227405522247435e-07
12311,,7.227392004478556e-07
12312,,7.227380459947536e-07
12313,,7.227299558859383e-07
12314,,7.227278525930457e-07
12315,,7.227264606340032e-07
12316,,7.227252934679204e-07
12317,,7.227174095241813e-07
12318,,7.227151615178155e-07
12319,,7.227137237403426e-07
12320,,7.227125420700831e-07
12321,,7.227048931808747e-07
12322,,7.227024801714649e-07
12323,,7.227009901328873e-07
12324,,7.226997919147175e-07
12325,,7.226924110563416e-07
12326,,7.226898098788777e-07
12327,,7.226882602344715e-07
12328,,7.226870431376579e-07
12329,,7.226799679259026e-07
12330,,7.226771521658991e-07
12331,,7.226755345320168e-07
12332,,7.226742958964485e-07
12333,,7.226675692594069e-07
12334,,7.226645087621248e-07
12335,,7.22662813570321e-07
12336,,7.22661550360905e-07
12337,,7.226552212879049e-07
12338,,7.226518816490082e-07
12339,,7.226500979815876e-07
12340,,7.226488067312703e-07
12341,,7.226429311284652e-07
12342,,7.226392730880942e-07
12343,,7.226373884829877e-07
12344,,7.226360652386e-07
12345,,7.226349197682199e-07
12346,,7.22626685658155e-07
12347,,7.226246858948384e-07
12348,,7.226233261409191e-07
12349,,7.226221691029222e-07
12350,,7.226141223069581e-07
12351,,7.226119911539414e-07
12352,,7.226105897363384e-07
12353,,7.226094194934165e-07
12354,,7.226015863949565e-07
12355,,7.225993053279139e-07
12356,,7.225978563643343e-07
12357,,7.22596671051015e-07
12358,,7.225890817715893e-07
12359,,7.225866296378656e-07
12360,,7.225851264112239e-07
12361,,7.225839238933455e-07
12362,,7.225766128081668e-07
12363,,7.22573965476427e-07
12364,,7.225724003215571e-07
12365,,7.225711781649754e-07
12366,,7.22564184525002e-07
12367,,7.225613144340436e-07
12368,,7.225596786012376e-07
12369,,7.225584340257109e-07
12370,,7.225518026301014e-07
12371,,7.225486783271286e-07
12372,,7.225469618295318e-07
12373,,7.225456916594848e-07
12374,,7.225394736559883e-07
12375,,7.225360592331341e-07
12376,,7.225342506558783e-07
12377,,7.225329512763123e-07
12378,,7.225272050522575e-07
12379,,7.225234595145343e-07
12380,,7.225215458449536e-07
12381,,7.22520213112924e-07
12382,,7.225190646624019e-07
12383,,7.225108818800016e-07
12384,,7.225088482522263e-07
12385,,7.225074774432465e-07
12386,,7.225063169174208e-07
12387,,7.224983294196619e-07
12388,,7.224961588561045e-07
12389,,7.224947445804186e-07
12390,,7.22493570263466e-07
12391,,7.224858056555215e-07
12392,,7.224834787778762e-07
12393,,7.224820148787469e-07
12394,,7.224808248203612e-07
12395,,7.224733146158058e-07
12396,,7.22470809301784e-07
12397,,7.224692887479094e-07
12398,,7.224680807089668e-07
12399,,7.224608609028092e-07
12400,,7.224581518850194e-07
12401,,7.224565666503988e-07
12402,,7.224553380849269e-07
12403,,7.22448449766012e-07
12404,,7.224455082014839e-07
12405,,7.224438491208899e-07
12406,,7.224425971092211e-07
12407,,7.224360872067445e-07
12408,,7.224328801554877e-07
12409,,7.224311367589868e-07
12410,,7.224298579800943e-07
12411,,7.224237800711184e-07
12412,,7.224202699275857e-07
12413,,7.224184302617757e-07
12414,,7.224171209158056e-07
12415,,7.224115361862913e-07
12416,,7.224076799944916e-07
12417,,7.224057304157715e-07
12418,,7.224043861661425e-07
12419,,7.224032341338099e-07
12420,,7.223951132075649e-07
12421,,7.223930381289092e-07
12422,,7.223916540205317e-07
12423,,7.223904893381485e-07
12424,,7.223825728030114e-07
12425,,7.223803544279042e-07
12426,,7.223789248051985e-07
12427,,7.223777456756167e-07
12428,,7.223700624907766e-07
12429,,7.223676804925173e-07
12430,,7.223661988940914e-07
12431,,7.223650032662727e-07
12432,,7.223575864943149e-07
12433,,7.223550176689862e-07
12434,,7.223534767149684e-07
12435,,7.223522622414822e-07
12436,,7.223451496452927e-07
12437,,7.223423674889953e-07
12438,,7.223407587594099e-07
12439,,7.223395227626354e-07
12440,,7.223327574721171e-07
12441,,7.223297317105443e-07
12442,,7.223280455798379e-07
12443,,7.223267850016877e-07
12444,,7.223204162630099e-07
12445,,7.223171123342805e-07
12446,,7.2231533781879e-07
12447,,7.22314049164048e-07
12448,,7.223081332243086e-07
12449,,7.223045116493133e-07
12450,,7.223026362011903e-07
12451,,7.223013154815928e-07
12452,,7.223001710174958e-07
12453,,7.222919322706196e-07
12454,,7.222899415569886e-07
12455,,7.222885842150439e-07
12456,,7.222874281291326e-07
12457,,7.222793771856148e-07
12458,,7.222772548336987e-07
12459,,7.222758556693511e-07
12460,,7.222746863053985e-07
12461,,7.222668497973177e-07
12462,,7.222645771206969e-07
12463,,7.222631301929799e-07
12464,,7.222619456586974e-07
12465,,7.222543540061081e-07
12466,,7.222519096534951e-07
12467,,7.222504081717668e-07
12468,,7.222492063129653e-07
12469,,7.222418942558835e-07
12470,,7.222392538460254e-07
12471,,7.222376900584512e-07
12472,,7.222364684100023e-07
12473,,7.222294756276242e-07
12474,,7.222266113135198e-07
12475,,7.22224976365248e-07
12476,,7.2222373211558e-07
12477,,7.222171039240017e-07
12478,,7.222139839015965e-07
12479,,7.222122676848576e-07
12480,,7.222109976115156e-07
12481,,7.222047857719332e-07
12482,,7.222013737174841e-07
12483,,7.221995646825832e-07
12484,,7.221982651180562e-07
12485,,7.221925287403405e-07
12486,,7.22188783167995e-07
12487,,7.221868681190918e-07
12488,,7.221855348688405e-07
12489,,7.221843865453176e-07
12490,,7.221762150016709e-07
12491,,7.221741788758652e-07
12492,,7.221728071522828e-07
12493,,7.221716466126207e-07
12494,,7.2216367235605e-07
12495,,7.221614979511584e-07
12496,,7.22160082279834e-07
12497,,7.221589077852703e-07
12498,,7.221511588252718e-07
12499,,7.221488264841742e-07
12500,,7.221473606132532e-07
12501,,7.22146170178331e-07
12502,,7.221386784977054e-07
12503,,7.221361657739093e-07
12504,,7.221346425711647e-07
12505,,7.221334339223121e-07
12506,,7.221262360581744e-07
12507,,7.221235173119348e-07
12508,,7.221219286237885e-07
12509,,7.22120699169631e-07
12510,,7.221138368442795e-07
12511,,7.221108827977767e-07
12512,,7.221092193134565e-07
12513,,7.221079660941993e-07
12514,,7.221014869668665e-07
12515,,7.220982641722221e-07
12516,,7.220965152547915e-07
12517,,7.22095234889097e-07
12518,,7.220891933975057e-07
12519,,7.220856636525872e-07
12520,,7.220838171581149e-07
12521,,7.220825057795919e-07
12522,,7.220813645293703e-07
12523,,7.220730837702583e-07
12524,,7.220711258204398e-07
12525,,7.220697790242056e-07
12526,,7.22068626525172e-07
12527,,7.220605274189445e-07
12528,,7.220584421680606e-07
12529,,7.220570549078281e-07
12530,,7.220558895632976e-07
12531,,7.220479979014905e-07
12532,,7.22045767250505e-07
12533,,7.220443337723348e-07
12534,,7.220431537495519e-07
12535,,7.220354989947386e-07
12536,,7.220331022659349e-07
12537,,7.220316159987386e-07
12538,,7.22030419201293e-07
12539,,7.220230350077068e-07
12540,,7.220204485871652e-07
12541,,7.220189020184358e-07
12542,,7.22017686065114e-07
12543,,7.220106108654248e-07
12544,,7.220078077801072e-07
12545,,7.220061923334508e-07
12546,,7.220049544967904e-07
12547,,7.219982321910393e-07
12548,,7.219951816347013e-07
12549,,7.219934875105968e-07
12550,,7.219922246730222e-07
12551,,7.219859054101314e-07
12552,,7.219825721897135e-07
12553,,7.219807882030929e-07
12554,,7.219794968028304e-07
12555,,7.219736378632676e-07
12556,,7.219699817823249e-07
12557,,7.219680951459054e-07
12558,,7.219667711239221e-07
12559,,7.21965625995086e-07
12560,,7.219574130771011e-07
12561,,7.219554091944076e-07
12562,,7.219540479051422e-07
12563,,7.219528909421958e-07
12564,,7.219448691207064e-07
12565,,7.219427313116845e-07
12566,,7.219413274529329e-07
12567,,7.219401569692046e-07
12568,,7.219323533868605e-07
12569,,7.219300626088367e-07
12570,,7.219286101191267e-07
12571,,7.21927424188559e-07
12572,,7.219198698511887e-07
12573,,7.219174043422131e-07
12574,,7.219158963049094e-07
12575,,7.21914692726867e-07
12576,,7.219074230517574e-07
12577,,7.21904757959348e-07
12578,,7.219031864731438e-07
12579,,7.219019627352491e-07
12580,,7.218950181716057e-07
12581,,7.218921251124032e-07
12582,,7.218904811449527e-07
12583,,7.218892343743331e-07
12584,,7.218826611270692e-07
12585,,7.218795076744526e-07
12586,,7.218777809197465e-07
12587,,7.218765078372318e-07
12588,,7.218703586872572e-07
12589,,7.218669078024371e-07
12590,,7.218650864807274e-07
12591,,7.218637833415659e-07
12592,,7.218581185683307e-07
12593,,7.218543279535525e-07
12594,,7.218523986073731e-07
12595,,7.218510611365302e-07
12596,,7.218499118756706e-07
12597,,7.218417709317502e-07
12598,,7.218397182000248e-07
12599,,7.218383415025753e-07
12600,,7.218371797847031e-07
12601,,7.218292399401773e-07
12602,,7.21827046270078e-07
12603,,7.218256247695367e-07
12604,,7.218244488195047e-07
12605,,7.218167386458953e-07
12606,,7.218143839817179e-07
12607,,7.218129113019889e-07
12608,,7.218117190920642e-07
12609,,7.218042712248038e-07
12610,,7.218017326691999e-07
12611,,7.218002015247833e-07
12612,,7.217989907401187e-07
12613,,7.217918424587678e-07
12614,,7.217890938502365e-07
12615,,7.217874959221295e-07
12616,,7.217862639172474e-07
12617,,7.217794578000103e-07
12618,,7.217764692581235e-07
12619,,7.217747950471858e-07
12620,,7.217735387984315e-07
12621,,7.217671234832008e-07
12622,,7.217638608788494e-07
12623,,7.217620995257327e-07
12624,,7.217608155826956e-07
12625,,7.217548466267687e-07
12626,,7.217512709742549e-07
12627,,7.217494100826653e-07
12628,,7.217480944986923e-07
12629,,7.217469523295293e-07
12630,,7.217387021297677e-07
12631,,7.217367275360624e-07
12632,,7.217353758096019e-07
12633,,7.217342221659431e-07
12634,,7.217261572999742e-07
12635,,7.217240528298903e-07
12636,,7.217226598156427e-07
12637,,7.217214930566786e-07
12638,,7.217136398604981e-07
12639,,7.21711387033975e-07
12640,,7.217099468553612e-07
12641,,7.217087651139482e-07
12642,,7.217011536653015e-07
12643,,7.216987313735824e-07
12644,,7.216972373210306e-07
12645,,7.216960384631427e-07
12646,,7.216887031161615e-07
12647,,7.216860872518598e-07
12648,,7.216845316572125e-07
12649,,7.216833132448016e-07
12650,,7.216762932438093e-07
12651,,7.216734562676018e-07
12652,,7.216718303698041e-07
12653,,7.216705896140986e-07
12654,,7.216639297906001e-07
12655,,7.216608402482689e-07
12656,,7.216591340429242e-07
12657,,7.216578677651943e-07
12658,,7.216516193172123e-07
12659,,7.216482412758601e-07
12660,,7.216464433391446e-07
12661,,7.216451479043951e-07
12662,,7.21639369328043e-07
12663,,7.216356617412057e-07
12664,,7.21633759018446e-07
12665,,7.21632430273669e-07
12666,,7.216312840724698e-07
12667,,7.216231043623162e-07
12668,,7.21621081943927e-07
12669,,7.216197151503113e-07
12670,,7.216185568616113e-07
12671,,7.216105722516149e-07
12672,,7.21608413104326e-07
12673,,7.216070028457177e-07
12674,,7.216058307507781e-07
12675,,7.215980689589631e-07
12676,,7.215957536320231e-07
12677,,7.215942937206467e-07
12678,,7.215931058542185e-07
12679,,7.215855985508055e-07
12680,,7.215831048180309e-07
12681,,7.215815881879512e-07
12682,,7.21580382298748e-07
12683,,7.215731656482435e-07
12684,,7.215704681348071e-07
12685,,7.215688867106339e-07
12686,,7.215676602312889e-07
12687,,7.215607755584078e-07
12688,,7.215578452668804e-07
12689,,7.215561898281715e-07
12690,,7.215549398267733e-07
12691,,7.215484343220184e-07
12692,,7.215452381365269e-07
12693,,7.21543498154421e-07
12694,,7.215422212806116e-07
12695,,7.215361488574253e-07
12696,,7.21532648942252e-07
12697,,7.215308123828295e-07
12698,,7.215295048111583e-07
12699,,7.215239270420524e-07
12700,,7.215200809023729e-07
12701,,7.215181342463201e-07
12702,,7.215167916802622e-07
12703,,7.215156412322091e-07
12704,,7.215075354205103e-07
12705,,7.215054627809809e-07
12706,,7.215040801629622e-07
12707,,7.215029169913776e-07
12708,,7.214950165181493e-07
12709,,7.214927999666968e-07
12710,,7.214913715975225e-07
12711,,7.214901938938356e-07
12712,,7.214825279353533e-07
12713,,7.214801469975359e-07
12714,,7.214786663623543e-07
12715,,7.214774720566173e-07
12716,,7.214700739477679e-07
12717,,7.214675052274465e-07
12718,,7.214659648915603e-07
12719,,7.214647516123577e-07
12720,,7.214576594270173e-07
12721,,7.214548762130997e-07
12722,,7.214532676787807e-07
12723,,7.214520327275048e-07
12724,,7.214452899503525e-07
12725,,7.214422617246363e-07
12726,,7.214405752852333e-07
12727,,7.214393155756959e-07
12728,,7.214329718891196e-07
12729,,7.214296637880106e-07
12730,,7.214278883590271e-07
12731,,7.214266003584534e-07
12732,,7.214207125063785e-07
12733,,7.214170847148258e-07
12734,,7.214152076276066e-07
12735,,7.214138873178815e-07
12736,,7.214127440811045e-07
12737,,7.214045271482428e-07
12738,,7.214025339384484e-07
12739,,7.214011767156823e-07
12740,,7.214000217572552e-07
12741,,7.213919941044341e-07
12742,,7.213898682504545e-07
12743,,7.213884688582335e-07
12744,,7.213873005031507e-07
12745,,4.117422857839945
12746,,94654.81399945839
12747,,4.063115701228985
12748,,757.4524376137421
12749,,3.995691279152198
12750,,2.8658339410659233
12751,,1.2831415908218577
12752,,1.1731098237642745
12753,,0.9022014017487967
12754,,1.0175928296033159
12755,,0.8774209882075036
12756,,0.6791966994358125
12757,,0.5061980786316107
12758,,0.35795182063022635
12759,,0.28894469801383343
12760,,0.286916601211479
12761,,0.21833518927651302
12762,,0.21665601389600878
12763,,0.21655442415672033
12764,,0.21654800497649118
12765,,0.21654759826334938
12766,,0.2165475724899618
12767,,0.2165475708566855
12768,,0.21654757075318296
12769,,0.2165475707466254
12770,,0.21654757074621037
12771,,0.21654757074618206
12772,,0.2165475707461817
12773,,0.5052922035776116
12774,,0.21021784006366226
12775,,15.342038092346959
12776,,0.20541046859137482
12777,,0.26205256703619595
12778,,0.1967353453770508
12779,,0.45171192174070246
12780,,0.19049339766370327
12781,,0.20744089663096388
12782,,0.17759096108824202
12783,,0.1684252732147267
12784,,0.15942841240715908
12785,,0.15067127591608306
12786,,0.0918687564654186
12787,,0.045927129144255
12788,,0.036479604275523755
12789,,0.02819417689482124
12790,,0.03776383315492194
12791,,0.02688163527435218
12792,,0.025017814842399098
12793,,0.022484709220116115
12794,,0.019143032569146453
12795,,0.015785334379621024
12796,,0.014512601403735621
12797,,0.013989393912375511
12798,,0.013364824423675153
12799,,0.012374183447106576
12800,,0.0111565942510008
12801,,0.010505005569629425
12802,,0.00971416449992431
12803,,0.009299630482783181
12804,,0.008980876783083881
12805,,0.008499910796897209
12806,,0.007506121965925276
12807,,0.006352530636764097
12808,,0.005443638892192035
12809,,0.00498564249647191
12810,,0.00460337708370983
12811,,0.004248097180437794
12812,,0.003787660432224936
12813,,0.003291039876298403
12814,,0.003174511756795091
12815,,0.0031479861653629275
12816,,0.003126050296404248
12817,,0.003083515165363536
12818,,0.0029952194890580162
12819,,0.00281877064847222
12820,,0.002604169816572508
12821,,0.0023143454697904533
12822,,0.0020478007062183644
12823,,0.0018115491840121332
12824,,0.0016270544355376215
12825,,0.0013818670828097221
12826,,0.0009665082779795052
12827,,0.000678354894782544
12828,,0.0006129220588447568
12829,,0.0005935243859366381
12830,,0.0005870288624062035
12831,,0.0005838174061374034
12832,,0.0005820612904128236
12833,,0.0005799855346236678
12834,,0.0005759926740500217
12835,,0.0005686967432962008
12836,,0.0005551780736321737
12837,,0.0005302818159336494
12838,,0.0004848309372751107
12839,,0.00040418705341803456
12840,,0.00031777909767570733
12841,,0.00026736859980703534
12842,,0.00024886931830210704
12843,,0.00024324892836626038
12844,,0.0002389453348987893
12845,,0.0002289567932879324
12846,,0.00021109921030807065
12847,,0.00019099623956967944
12848,,0.0001792261306395223
12849,,0.00017473273849473765
12850,,0.0001728304957933784
12851,,0.00017085079871071102
12852,,0.0001675553066124119
12853,,0.0001631547306290757
12854,,0.00015709346515703309
12855,,0.00014972070718104907
12856,,0.000142005964364561
12857,,0.0001278877019002034
12858,,0.00010883626719479851
12859,,8.502854574136109e-05
12860,,7.002846179785843e-05
12861,,6.526824140595722e-05
12862,,6.426683695289793e-05
12863,,6.387831983631855e-05
12864,,6.311211868590965e-05
12865,,6.138726301590157e-05
12866,,5.774027423392585e-05
12867,,5.1025690412563085e-05
12868,,4.151992096424948e-05
12869,,3.195351895610777e-05
12870,,2.892524497701983e-05
12871,,2.8451755025465176e-05
12872,,2.838620710150335e-05
12873,,2.836559814149498e-05
12874,,2.831834317657783e-05
12875,,2.815234375764307e-05
12876,,2.7807313808618766e-05
12877,,2.704494106013388e-05
12878,,2.5398624126602427e-05
12879,,2.2738443161141313e-05
12880,,1.8058139633266828e-05
12881,,1.4363964164398473e-05
12882,,1.1383213952096131e-05
12883,,1.0643794420383175e-05
12884,,1.0538511693852298e-05
12885,,1.0535083146918895e-05
12886,,1.0525249550407247e-05
12887,,1.0523586183345811e-05
12888,,1.0521450544703308e-05
12889,,1.0515835638391305e-05
12890,,1.0503161839767766e-05
12891,,1.0474002841819026e-05
12892,,1.0407358678202396e-05
12893,,1.025676331971071e-05
12894,,9.927306911994776e-06
12895,,9.258340031554417e-06
12896,,8.100011749462858e-06
12897,,6.62077566896188e-06
12898,,6.89326001246672e-06
12899,,6.211102142656215e-06
12900,,5.334605524518576e-06
12901,,4.85471954135957e-06
12902,,4.78215962510957e-06
12903,,4.763937399837273e-06
12904,,4.744940251856553e-06
12905,,4.698200682718657e-06
12906,,4.595078434917317e-06
12907,,4.368025344347052e-06
12908,,3.898369847995445e-06
12909,,3.048339411627921e-06
12910,,1.877101899803545e-06
12911,,2.4905848630769387e-06
12912,,1.588114966481019e-06
12913,,8.107919582309559e-07
12914,,3.6804986685610055e-07
12915,,2.9996599173704235e-07
12916,,2.9201959273150384e-07
12917,,2.9139798562283696e-07
12918,,2.913588516910908e-07
12919,,2.9135475632351716e-07
12920,,2.913522986710681e-07
12921,,2.9133560658719956e-07
12922,,2.9132907681670926e-07
12923,,2.913264314330526e-07
12924,,2.9132405221003286e-07
12925,,2.9130385909523196e-07
12926,,2.913006159797807e-07
12927,,2.9129817568861213e-07
12928,,2.9128021949808745e-07
12929,,2.912749767452576e-07
12930,,2.912723217061169e-07
12931,,2.9126993544946894e-07
12932,,2.9124995983253426e-07
12933,,2.9124654144843027e-07
12934,,2.9124406866974434e-07
12935,,2.9122716989146474e-07
12936,,2.912210197335526e-07
12937,,2.9121823460412124e-07
12938,,2.912158322937159e-07
12939,,2.9119642460793774e-07
12940,,2.9119251163369013e-07
12941,,2.9118997807134715e-07
12942,,2.9117517248983603e-07
12943,,2.9116718427549687e-07
12944,,2.9116417429943067e-07
12945,,2.9116174388020873e-07
12946,,2.9114328619756266e-07
12947,,2.911385473676022e-07
12948,,2.911359085371942e-07
12949,,2.911245762149913e-07
12950,,2.9111356013519717e-07
12951,,2.911101594091739e-07
12952,,2.911076741987011e-07
12953,,2.910909105881871e-07
12954,,2.910847225953741e-07
12955,,2.910818759532307e-07
12956,,2.9107945482978457e-07
12957,,2.910604401674451e-07
12958,,2.910562531838768e-07
12959,,2.9105363764953675e-07
12960,,2.910404564410779e-07
12961,,2.910312892661504e-07
12962,,2.9102793794502144e-07
12963,,2.910254200638221e-07
12964,,2.9100882856701793e-07
12965,,2.910026862588859e-07
12966,,2.909996886917983e-07
12967,,2.9099721310545777e-07
12968,,2.9097917086478155e-07
12969,,2.909743129789724e-07
12970,,2.909714690092214e-07
12971,,2.9096901259533174e-07
12972,,2.909503352751529e-07
12973,,2.9094603790076487e-07
12974,,2.9094326379416217e-07
12975,,2.909408167946743e-07
12976,,2.9092184670540177e-07
12977,,2.9091780645439405e-07
12978,,2.9091506675993663e-07
12979,,2.909025966136296e-07
12980,,2.908935078896148e-07
12981,,2.908895958682897e-07
12982,,2.908868752601225e-07
12983,,2.9087384365838815e-07
12984,,2.9086523636262273e-07
12985,,2.9086139655584317e-07
12986,,2.908586881710977e-07
12987,,2.908453281985493e-07
12988,,2.9083699730400287e-07
12989,,2.90833204416304e-07
12990,,2.908305050018892e-07
12991,,2.9081692370468177e-07
12992,,2.908087757799941e-07
12993,,2.908050176596866e-07
12994,,2.9080232553404723e-07
12995,,2.9078857570468963e-07
12996,,2.9078056522079634e-07
12997,,2.9077683547157386e-07
12998,,2.907741496585084e-07
12999,,2.907602600402788e-07
13000,,2.907523626090186e-07
13001,,2.9074865745774177e-07
13002,,2.9074597732438476e-07
13003,,2.9073196554168333e-07
13004,,2.9072416647631624e-07
13005,,2.9072048341252797e-07
13006,,2.9071780849887974e-07
13007,,2.907036866633513e-07
13008,,2.906959760359158e-07
13009,,2.906923132194325e-07
13010,,2.906896431618659e-07
13011,,2.9067542041562924e-07
13012,,2.9066779082544533e-07
13013,,2.9066414679691204e-07
13014,,2.906614812991242e-07
13015,,2.9064716498502357e-07
13016,,2.9063961053916546e-07
13017,,2.9063598408959237e-07
13018,,2.906333229022127e-07
13019,,2.90618919165249e-07
13020,,2.9061143495608367e-07
13021,,2.906078250591329e-07
13022,,2.906051679574841e-07
13023,,2.9059068206768825e-07
13024,,2.905832639058964e-07
13025,,2.9057966966551036e-07
13026,,2.905770164627298e-07
13027,,2.905624529982925e-07
13028,,2.905550972447538e-07
13029,,2.905515178815823e-07
13030,,2.9054886840720335e-07
13031,,2.9053423139003616e-07
13032,,2.9052693485739326e-07
13033,,2.905233696843703e-07
13034,,2.905207237864843e-07
13035,,2.905060167689334e-07
13036,,2.9049877664598933e-07
13037,,2.904952250491629e-07
13038,,2.9049258259854307e-07
13039,,2.904778087248446e-07
13040,,2.904706225214537e-07
13041,,2.904670839599842e-07
13042,,2.904644448362254e-07
13043,,2.9044960691655726e-07
13044,,2.904424724106745e-07
13045,,2.904389463988875e-07
13046,,2.9043631049674354e-07
13047,,2.9042141103196407e-07
13048,,2.9041432624909787e-07
13049,,2.904108123543481e-07
13050,,2.904081795748677e-07
13051,,2.9039322080721036e-07
13052,,2.903861839792859e-07
13053,,2.9038268180985537e-07
13054,,2.9038005206940404e-07
13055,,2.9036503600982867e-07
13056,,2.903580455487213e-07
13057,,2.9035455475861807e-07
13058,,2.9035192798038564e-07
13059,,2.9033685643701714e-07
13060,,2.903299109172879e-07
13061,,2.9032643118704457e-07
13062,,2.9032380729916326e-07
13063,,2.9030868190854685e-07
13064,,2.9030178004216816e-07
13065,,2.9029831108717357e-07
13066,,2.9029569002829284e-07
13067,,2.902805122695357e-07
13068,,2.902736528925832e-07
13069,,2.9027019445347034e-07
13070,,2.9026757616382825e-07
13071,,2.902523473745642e-07
13072,,2.9024552943556676e-07
13073,,2.902420812777415e-07
13074,,2.902394657030566e-07
13075,,2.902241871098624e-07
13076,,2.9021740964591984e-07
13077,,2.902139715536395e-07
13078,,2.902113586479491e-07
13079,,2.9019603136287277e-07
13080,,2.901892934999893e-07
13081,,2.9018586527362114e-07
13082,,2.901832549951559e-07
13083,,2.9016788003963087e-07
13084,,2.9016118097741577e-07
13085,,2.901577624383245e-07
13086,,2.9015515474088023e-07
13087,,2.901397330535468e-07
13088,,2.9013307205884596e-07
13089,,2.901296630414297e-07
13090,,2.9012705788636046e-07
13091,,2.9011159033583993e-07
13092,,2.901049667269302e-07
13093,,2.901015670767388e-07
13094,,2.900989644291224e-07
13095,,2.900834518163133e-07
13096,,2.900768649710454e-07
13097,,2.900734745408575e-07
13098,,2.900708743695531e-07
13099,,2.9005531743989613e-07
13100,,2.9004876677421835e-07
13101,,2.90045385433984e-07
13102,,2.900427877073333e-07
13103,,2.900271871523262e-07
13104,,2.9002067212755226e-07
13105,,2.900172997489786e-07
13106,,2.9001470443999746e-07
13107,,2.899990609141512e-07
13108,,2.899925810182357e-07
13109,,2.8998921748669643e-07
13110,,2.8998662456535415e-07
13111,,2.8997093867801145e-07
13112,,2.899644934399465e-07
13113,,2.8996113864431545e-07
13114,,2.8995854808607656e-07
13115,,2.8994282041152516e-07
13116,,2.899364093847508e-07
13117,,2.8993306321888755e-07
13118,,2.899304749975325e-07
13119,,2.8991470608175684e-07
13120,,2.8990832884257454e-07
13121,,2.89904991209188e-07
13122,,2.899024053020915e-07
13123,,2.898865956629956e-07
13124,,2.898802518074088e-07
13125,,2.898769226118191e-07
13126,,2.8987433899793764e-07
13127,,2.8985848912596555e-07
13128,,2.8985217827672617e-07
13129,,2.898488574274741e-07
13130,,2.8984627608444385e-07
13131,,2.898303864509864e-07
13132,,2.8982410824341933e-07
13133,,2.8982079565576106e-07
13134,,2.8981821655997943e-07
13135,,2.89802287617378e-07
13136,,2.897960417012232e-07
13137,,2.897927372881036e-07
13138,,2.8979016042534935e-07
13139,,2.8977419260533844e-07
13140,,2.89767978645233e-07
13141,,2.8976468233275585e-07
13142,,2.89762107679145e-07
13143,,2.897461014018571e-07
13144,,2.8973991907640224e-07
13145,,2.897366307829749e-07
13146,,2.897340583225688e-07
13147,,2.897180139884034e-07
13148,,2.8971186298746846e-07
13149,,2.8970858263704883e-07
13150,,2.897060123513713e-07
13151,,2.8968993035319644e-07
13152,,2.896838103746858e-07
13153,,2.8968053789816825e-07
13154,,2.896779697678548e-07
13155,,2.896618504865168e-07
13156,,2.8965576123714026e-07
13157,,2.8965249656148115e-07
13158,,2.896499305708567e-07
13159,,2.8963377437639197e-07
13160,,2.8962771557114717e-07
13161,,2.8962445862832115e-07
13162,,2.896218947597635e-07
13163,,2.8960570201109156e-07
13164,,2.895996733734874e-07
13165,,2.8959642409723446e-07
13166,,2.895938623339691e-07
13167,,2.8957763338192823e-07
13168,,2.895716346429653e-07
13169,,2.895683929645947e-07
13170,,2.8956583329405235e-07
13171,,2.895495684839805e-07
13172,,2.895435993767602e-07
13173,,2.895403652354037e-07
13174,,2.895378076355066e-07
13175,,2.8952150730445104e-07
13176,,2.8951556757191175e-07
13177,,2.8951234090449203e-07
13178,,2.895097853641669e-07
13179,,2.894934498422967e-07
13180,,2.8948753923030794e-07
13181,,2.8948431997096045e-07
13182,,2.894817664765326e-07
13183,,2.8946539608387753e-07
13184,,2.8945951434496924e-07
13185,,2.89456302437059e-07
13186,,2.894537509694495e-07
13187,,2.894373460293126e-07
13188,,2.8943149291878916e-07
13189,,2.8942828829824475e-07
13190,,2.8942573884602886e-07
13191,,2.89409299669536e-07
13192,,2.894034749467956e-07
13193,,2.894002775568348e-07
13194,,2.893977301042171e-07
13195,,2.893812570028791e-07
13196,,2.893754604300344e-07
13197,,2.893722702129145e-07
13198,,2.8936972474482085e-07
13199,,2.893532180194575e-07
13200,,2.8934744936472756e-07
13201,,2.8934426626102023e-07
13202,,2.893417227651383e-07
13203,,2.89325182719034e-07
13204,,2.8931944175062946e-07
13205,,2.893162657050211e-07
13206,,2.8931372416627193e-07
13207,,2.8929715109637273e-07
13208,,2.892914375858069e-07
13209,,2.892882685438472e-07
13210,,2.8928572894820095e-07
13211,,2.892691231434011e-07
13212,,2.892634368700027e-07
13213,,2.892602747743836e-07
13214,,2.8925773710885054e-07
13215,,2.8924109886145927e-07
13216,,2.8923543960209827e-07
13217,,2.8923228439890506e-07
13218,,2.8922974865009735e-07
13219,,2.89213078242583e-07
13220,,2.892074457782768e-07
13221,,2.8920429741517616e-07
13222,,2.892017635691341e-07
13223,,2.891850612852237e-07
13224,,2.8917945540127623e-07
13225,,2.891763138239008e-07
13226,,2.8917378186603226e-07
13227,,2.8915704798596367e-07
13228,,2.89151468466731e-07
13229,,2.8914833362118506e-07
13230,,2.89145803542197e-07
13231,,2.8912903834146233e-07
13232,,2.891234849763105e-07
13233,,2.89120356809732e-07
13234,,2.891178285923731e-07
13235,,2.891010323486117e-07
13236,,2.8909550492606833e-07
13237,,2.890923833874458e-07
13238,,2.8908985702286233e-07
13239,,2.8907303000139725e-07
13240,,2.890675283160403e-07
13241,,2.890644133556111e-07
13242,,2.8906188882903433e-07
13243,,2.8904503130065936e-07
13244,,2.890395551450712e-07
13245,,2.890364467112526e-07
13246,,2.890339240117267e-07
13247,,2.890170362406368e-07
13248,,2.8901158541428704e-07
13249,,2.890084834562222e-07
13250,,2.890059625698387e-07
13251,,2.889890448186093e-07
13252,,2.889836191189175e-07
13253,,2.8898052358871794e-07
13254,,2.88978004502379e-07
13255,,2.8896105703350135e-07
13256,,2.889556562594386e-07
13257,,2.889525671065314e-07
13258,,2.889500498096734e-07
13259,,2.889330728806126e-07
13260,,2.8892769683531545e-07
13261,,2.8892461401179803e-07
13262,,2.8892209849074575e-07
13263,,2.889050923586496e-07
13264,,2.8889974084735033e-07
13265,,2.888966643021467e-07
13266,,2.888941505475081e-07
13267,,2.8887711546467666e-07
13268,,2.888717882907049e-07
13269,,2.888687179761353e-07
13270,,2.888662059748092e-07
13271,,2.888491421953305e-07
13272,,2.888438391679541e-07
13273,,2.888407750383652e-07
13274,,2.8883826477634285e-07
13275,,2.8882117254781075e-07
13276,,2.888158934757853e-07
13277,,2.8881283548394615e-07
13278,,2.8881032694999046e-07
13279,,2.887932065197868e-07
13280,,2.8878795121457373e-07
13281,,2.887848993108416e-07
13282,,2.887823924963378e-07
13283,,2.8876524411120104e-07
13284,,2.8876001238177664e-07
13285,,2.8875696652400524e-07
13286,,2.887544614151969e-07
13287,,2.887372853145232e-07
13288,,2.887320769785765e-07
13289,,2.8872903711705124e-07
13290,,2.887265337037492e-07
13291,,2.8870933013182766e-07
13292,,2.887041450032699e-07
13293,,2.887011110924103e-07
13294,,2.886986093639556e-07
13295,,2.8868137855680614e-07
13296,,2.8867621645255467e-07
13297,,2.8867318845120347e-07
13298,,2.8867068839308746e-07
13299,,2.886534305913346e-07
13300,,2.886482913297014e-07
13301,,2.886452691895446e-07
13302,,2.8864277079342043e-07
13303,,2.886254862304704e-07
13304,,2.8862036963191444e-07
13305,,2.886173533093799e-07
13306,,2.886148565623393e-07
13307,,2.885975454718498e-07
13308,,2.8859245135690026e-07
13309,,2.8858944080718264e-07
13310,,2.8858694569906926e-07
13311,,2.8856960831254426e-07
13312,,2.885645365062793e-07
13313,,2.8856153168484973e-07
13314,,2.885590382067778e-07
13315,,2.8854167475160897e-07
13316,,2.8853662507873124e-07
13317,,2.88533625943011e-07
13318,,2.885311340819381e-07
13319,,2.885137447868614e-07
13320,,2.8850871707071824e-07
13321,,2.885057235792319e-07
13322,,2.885032333231956e-07
13323,,2.8848581841445887e-07
13324,,2.8848081248352106e-07
13325,,2.884778245913554e-07
13326,,2.88475335933016e-07
13327,,2.884578956338231e-07
13328,,2.884529113158275e-07
13329,,2.8844992898196654e-07
13330,,2.884474419081266e-07
13331,,2.884299764424481e-07
13332,,2.884250135671481e-07
13333,,2.884220367485232e-07
13334,,2.88419551251184e-07
13335,,2.8840206083508245e-07
13336,,2.883971192374119e-07
13337,,2.8839414789268126e-07
13338,,2.8839166396035675e-07
13339,,2.883741488137763e-07
13340,,2.8836922832318546e-07
13341,,2.883662624103631e-07
13342,,2.8836378003476416e-07
13343,,2.883462403746329e-07
13344,,2.8834134082661066e-07
13345,,2.883383803046517e-07
13346,,2.883358994716246e-07
13347,,2.883183355159636e-07
13348,,2.8831345674523415e-07
13349,,2.8831050157458267e-07
13350,,2.883080222764293e-07
13351,,2.882904342336439e-07
13352,,2.882855760767024e-07
13353,,2.882826262183658e-07
13354,,2.882801484438253e-07
13355,,2.8826253652696477e-07
13356,,2.882576988246834e-07
13357,,2.8825475423449286e-07
13358,,2.882522779759972e-07
13359,,2.882346423948763e-07
13360,,2.882298249833844e-07
13361,,2.8822688562472106e-07
13362,,2.8822441087018594e-07
13363,,2.88206751834542e-07
13364,,2.8820195455636024e-07
13365,,2.881990203870895e-07
13366,,2.881965471259948e-07
13367,,2.8817886484093837e-07
13368,,2.881740875379338e-07
13369,,2.881711585216705e-07
13370,,2.8816868674648227e-07
13371,,2.88150981416466e-07
13372,,2.881462239311801e-07
13373,,2.881433000277261e-07
13374,,2.881408297271697e-07
13375,,2.8812310155746064e-07
13376,,2.881183637345861e-07
13377,,2.8811544490433235e-07
13378,,2.881129760704935e-07
13379,,2.8809522526175143e-07
13380,,2.880905069450221e-07
13381,,2.880875931525334e-07
13382,,2.880851257762947e-07
13383,,2.8806735252624504e-07
13384,,2.8806265356540676e-07
13385,,2.8805974477050534e-07
13386,,2.8805727884048774e-07
13387,,2.8803948334993277e-07
13388,,2.8803480359190697e-07
13389,,2.8803189975894943e-07
13390,,2.8802943526659195e-07
13391,,2.880116177307468e-07
13392,,2.8800695702391256e-07
13393,,2.8800405811479074e-07
13394,,2.880015950502114e-07
13395,,2.8798375566529274e-07
13396,,2.879791138629924e-07
13397,,2.8797621984006855e-07
13398,,2.8797375819501116e-07
13399,,2.8795589715305937e-07
13400,,2.8795127410654097e-07
13401,,2.8794838493276475e-07
13402,,2.8794592469959693e-07
13403,,2.879280421919008e-07
13404,,2.8792343775281337e-07
13405,,2.879205533940722e-07
13406,,2.8791809456023164e-07
13407,,2.879001907813332e-07
13408,,2.878956048039057e-07
13409,,2.878927252214163e-07
13410,,2.8789026778029494e-07
13411,,2.878723429146733e-07
13412,,2.878677752556703e-07
13413,,2.878649004149511e-07
13414,,2.878624443587253e-07
13415,,2.87844498597208e-07
13416,,2.878399491097993e-07
13417,,2.87837078976335e-07
13418,,2.8783462429237036e-07
13419,,2.878166578203198e-07
13420,,2.878121263637867e-07
13421,,2.8780926090205483e-07
13422,,2.8780680758470504e-07
13423,,2.877888205849441e-07
13424,,2.8778430702040265e-07
13425,,2.8778144619280286e-07
13426,,2.877789942330416e-07
13427,,2.877609868901286e-07
13428,,2.877564910736499e-07
13429,,2.8775363484824417e-07
13430,,2.8775118423561563e-07
13431,,2.8773315673236513e-07
13432,,2.877286785258619e-07
13433,,2.877258268676376e-07
13434,,2.8772337759674626e-07
13435,,2.877053301095496e-07
13436,,2.8770086937550394e-07
13437,,2.8769802224970773e-07
13438,,2.8769557431043683e-07
13439,,2.8767750702029803e-07
13440,,2.876730636239367e-07
13441,,2.876702209954333e-07
13442,,2.8766777437792017e-07
13443,,2.876496874645151e-07
13444,,2.876452612670832e-07
13445,,2.8764242310467993e-07
13446,,2.8763997780229957e-07
13447,,2.876218714367557e-07
13448,,2.87617462306496e-07
13449,,2.8761462857481024e-07
13450,,2.876121845797372e-07
13451,,2.8759405893883507e-07
13452,,2.875896667394212e-07
13453,,2.875868374073753e-07
13454,,2.8758439471112475e-07
13455,,2.8756624996609515e-07
13456,,2.875618745654459e-07
13457,,2.8755904960043255e-07
13458,,2.8755660819415567e-07
13459,,2.875384445185576e-07
13460,,2.875340857868571e-07
13461,,2.8753126515422227e-07
13462,,2.8752882502914874e-07
13463,,2.875106425935068e-07
13464,,2.8750630040050284e-07
13465,,2.8750348406749745e-07
13466,,2.875010452164903e-07
13467,,2.8748284418913004e-07
13468,,2.8747851840381174e-07
13469,,2.874757063415086e-07
13470,,2.874732687566637e-07
13471,,2.8745504930408683e-07
13472,,2.8745073979915444e-07
13473,,2.87447931973756e-07
13474,,2.8744549564705505e-07
13475,,2.8742725793785015e-07
13476,,2.874229645851618e-07
13477,,2.8742016096430255e-07
13478,,2.8741772588824784e-07
13479,,2.873994700860941e-07
13480,,2.8739519275896584e-07
13481,,2.8739239331406847e-07
13482,,2.8738995947863025e-07
13483,,2.8737168574879627e-07
13484,,2.873674243200947e-07
13485,,2.873646290203146e-07
13486,,2.8736219642183604e-07
13487,,2.873439049241252e-07
13488,,2.8733965927254266e-07
13489,,2.87336868084312e-07
13490,,2.8733443671258697e-07
13491,,2.873161276082776e-07
13492,,2.8731189761134e-07
13493,,2.8730911050489214e-07
13494,,2.8730668035313965e-07
13495,,2.8728835380238577e-07
13496,,2.87284139336968e-07
13497,,2.872813562805196e-07
13498,,2.8727892734150535e-07
13499,,2.8726058350448466e-07
13500,,2.8725638444722414e-07
13501,,2.872536054136194e-07
13502,,2.872511776786584e-07
13503,,2.872328167110179e-07
13504,,2.872286329429002e-07
13505,,2.8722585790029694e-07
13506,,2.87223431363531e-07
13507,,2.872050534220565e-07
13508,,2.872008848223653e-07
13509,,2.8719811374269354e-07
13510,,2.8719568839583814e-07
13511,,2.8717729363284276e-07
13512,,2.871731400869496e-07
13513,,2.87170372939199e-07
13514,,2.871679487743962e-07
13515,,2.8714953734560346e-07
13516,,2.8714539873222675e-07
13517,,2.8714263549039935e-07
13518,,3.4909654295640666
13519,,72345.00077573855
13520,,3.4339765474012034
13521,,645.6105885508015
13522,,3.3706567719566536
13523,,2.491300625268619
13524,,1.0924983096875176
13525,,1.05094050841802
13526,,0.9624755421543039
13527,,0.7753136872794921
13528,,0.8157861730397127
13529,,0.7320857541822083
13530,,0.5795904587441946
13531,,0.5331491435536146
13532,,0.31766112426819454
13533,,0.3160159481979488
13534,,0.3159323731697736
13535,,0.315927861153844
13536,,0.3159276167726759
13537,,0.31592760353411564
13538,,0.3159276028169557
13539,,0.3159276027781039
13540,,0.3159276027759967
13541,,0.31592760277588466
13542,,0.3159276027758782
13543,,0.315927602775878
13544,,0.3159276027758779
13545,,0.3159276027758779
13546,,349495.99578577274
13547,,0.3136231050188085
13548,,3206.226647097555
13549,,0.3113654100814879
13550,,31.1640736874958
13551,,0.3093061707081602
13552,,0.522575367031219
13553,,0.30687472407530164
13554,,0.32408348008100485
13555,,0.30197490612048455
13556,,0.29460479080816504
13557,,0.291992648869897
13558,,0.29183010774536605
13559,,0.29181939111314764
13560,,0.2918186818909635
13561,,0.29181863494330273
13562,,0.291818631835509
13563,,0.29181863162978255
13564,,0.29181863161615756
13565,,0.29181863161525934
13566,,0.2918186316152011
13567,,0.29181863161519717
13568,,0.2918186316151966
13569,,0.2918186316151966
13570,,0.2892131301529512
13571,,0.28903804102996206
13572,,0.2890259462970944
13573,,0.28902510924332153
13574,,0.28902505130483336
13575,,0.2890250472944608
13576,,0.28902504701686993
13577,,0.2890250469976589
13578,,0.28902504699632725
13579,,0.2890250469962344
13580,,0.2890250469962287
13581,,0.28902504699622844
13582,,0.2890250469962285
13583,,0.28641636616725863
13584,,0.28623512062464873
13585,,0.2862222542226424
13586,,0.28622133946693884
13587,,0.2862212744240341
13588,,0.2862212697991822
13589,,0.28622126947033233
13590,,0.28622126944695225
13591,,0.28622126944528764
13592,,0.2862212694451689
13593,,0.28622126944516024
13594,,0.28622126944516
13595,,0.2862212694451596
13596,,0.2862212694451596
13597,,0.28362869326958595
13598,,0.2834443372852589
13599,,0.283430927908923
13600,,0.283429950970025
13601,,0.28342987978678613
13602,,0.28342987460007896
13603,,0.28342987422215593
13604,,0.28342987419461774
13605,,0.28342987419260846
13606,,0.28342987419246685
13607,,0.28342987419245136
13608,,0.2834298741924516
13609,,275.9441693772549
13610,,0.266087397251662
13611,,2.2537722362455823
13612,,0.2467251816661652
13613,,0.2246025455429792
13614,,0.19484683486241638
13615,,0.16999759322959412
13616,,0.16089282327519863
13617,,0.14335770881437918
13618,,0.09686056858325771
13619,,0.06403347253063939
13620,,0.5111660163384443
13621,,0.05941066910265411
13622,,0.053016392502706
13623,,0.04808468054287742
13624,,0.04242505269843176
13625,,0.039361989640001115
13626,,0.033648370677601826
13627,,0.02671875004547981
13628,,0.020254315938881287
13629,,0.017775901186143424
13630,,0.016577350137390118
13631,,0.015552051760083941
13632,,0.015260351443035041
13633,,0.014918418277034929
13634,,0.012660353965120956
13635,,0.010868631757102577
13636,,0.008240648394728071
13637,,0.0070625409320323445
13638,,0.0063358770101100996
13639,,0.005942331207496315
13640,,0.005317080067522281
13641,,0.004458617317858546
13642,,0.0034725388776836925
13643,,0.0027711033005897263
13644,,0.00244731059472923
13645,,0.002333193794511883
13646,,0.0022312181859331292
13647,,0.0020925776315436503
13648,,0.001890249144623154
13649,,0.0016829080688254491
13650,,0.0015737530352677484
13651,,0.0014554192717324205
13652,,0.0013114260009002485
13653,,0.0011935141128535179
13654,,0.001030715768522706
13655,,0.001004446106298255
13656,,0.0009866060080987314
13657,,0.0009818668369981094
13658,,0.0009773432774397744
13659,,0.0009705878840971359
13660,,0.0009587314429805657
13661,,0.0009380626195806321
13662,,0.0008984212063609081
13663,,0.0008071093801699324
13664,,0.000717518639532455
13665,,0.0005466452411481391
13666,,0.00042831701368089913
13667,,0.00030703077189747695
13668,,0.00024993766925748585
13669,,0.00023591975166872636
13670,,0.0002334703689507656
13671,,0.00023270809308770967
13672,,0.0002319239483896988
13673,,0.00023059868227340896
13674,,0.0002283876119049139
13675,,0.0002245679403196009
13676,,0.0002190032497580375
13677,,0.00021329057784812583
13678,,0.00020585009081104712
13679,,0.00019513073509756004
13680,,0.00017705284540910418
13681,,0.0001387853132706165
13682,,0.00011193891273883898
13683,,9.569757961496997e-05
13684,,9.166655332872057e-05
13685,,8.988268661724497e-05
13686,,8.711307758996104e-05
13687,,8.06663541076636e-05
13688,,7.169865433108537e-05
13689,,6.785254448223661e-05
13690,,6.612962178114037e-05
13691,,6.55978032265119e-05
13692,,6.514378461392346e-05
13693,,6.372824290702178e-05
13694,,6.074417616274277e-05
13695,,5.5761593247225606e-05
13696,,4.980718632094377e-05
13697,,4.082896395512758e-05
13698,,3.613392510853738e-05
13699,,3.4567659820550244e-05
13700,,3.410367004560566e-05
13701,,3.359142042618271e-05
13702,,3.2377654723670995e-05
13703,,3.0851410036886274e-05
13704,,2.7951083282070168e-05
13705,,2.427473576773755e-05
13706,,2.1426618124440217e-05
13707,,2.0184000395759623e-05
13708,,1.980157592411803e-05
13709,,1.97278543184875e-05
13710,,1.971570323126112e-05
13711,,1.9703406274624028e-05
13712,,1.9678699468603877e-05
13713,,1.9618273992380143e-05
13714,,1.9480888153554224e-05
13715,,1.9170199807267117e-05
13716,,1.849529594565241e-05
13717,,1.7146865395093905e-05
13718,,1.488587724607056e-05
13719,,1.2154770329110971e-05
13720,,1.0709504745820036e-05
13721,,9.739874649630305e-06
13722,,9.3077647096023e-06
13723,,9.27343534528603e-06
13724,,9.268573953142673e-06
13725,,9.26494695389396e-06
13726,,9.25633832186595e-06
13727,,9.234535777162453e-06
13728,,9.185114819661846e-06
13729,,9.071090196043719e-06
13730,,8.815828903200936e-06
13731,,8.26913113825863e-06
13732,,7.2130435446225555e-06
13733,,5.55721706681066e-06
13734,,3.759738343469832e-06
13735,,2.70560652738525e-06
13736,,2.3313486438960986e-06
13737,,2.2246745706807777e-06
13738,,2.2135163660815243e-06
13739,,2.211543133423032e-06
13740,,2.209327895282499e-06
13741,,2.204238489162666e-06
13742,,2.1929771001769744e-06
13743,,2.1673064153366957e-06
13744,,2.1094356395251984e-06
13745,,1.983203793878023e-06
13746,,1.7286473049730235e-06
13747,,1.293942415287411e-06
13748,,7.520397956510847e-07
13749,,3.425325126685154e-07
13750,,1.8457958319871499e-07
13751,,1.537951026791884e-07
13752,,1.503424104392457e-07
13753,,1.5008869335018027e-07
13754,,1.500739922313382e-07
13755,,1.5007297155097084e-07
13756,,1.5007259060597409e-07
13757,,1.5007224567578195e-07
13758,,1.500692830693193e-07
13759,,1.5005369191549957e-07
13760,,1.5003939287665782e-07
13761,,1.5003784556289527e-07
13762,,1.5003738113525495e-07
13763,,1.5003702582892928e-07
13764,,1.5003443312389955e-07
13765,,1.5003366199722213e-07
13766,,1.5003327163093418e-07
13767,,1.5003292425236986e-07
13768,,1.500300475101962e-07
13769,,1.500295302141464e-07
13770,,1.5002916784176255e-07
13771,,1.5002681285039432e-07
13772,,1.5002583465613258e-07
13773,,1.5002541737329078e-07
13774,,1.5002506656143599e-07
13775,,1.5002230656397795e-07
13776,,1.5002168790853005e-07
13777,,1.5002131241550554e-07
13778,,1.5001939405203494e-07
13779,,1.5001803540343675e-07
13780,,1.500175684271872e-07
13781,,1.5001721100290936e-07
13782,,1.500146682908555e-07
13783,,1.5001386158222084e-07
13784,,1.5001346068354827e-07
13785,,1.500131113657229e-07
13786,,1.500102935969209e-07
13787,,1.5000972929677996e-07
13788,,1.500093582701693e-07
13789,,1.5000724903705857e-07
13790,,1.5000606905666403e-07
13791,,1.5000561539257455e-07
13792,,1.500052584882833e-07
13793,,1.5000267974083396e-07
13794,,1.5000191086020533e-07
13795,,1.5000151004969489e-07
13796,,1.5000116016716914e-07
13797,,1.4999835347319432e-07
13798,,1.4999778324923905e-07
13799,,1.4999740898940107e-07
13800,,1.4999536501903348e-07
13801,,1.4999413977467168e-07
13802,,1.4999367051059406e-07
13803,,1.4999331027499936e-07
13804,,1.4999082079309515e-07
13805,,1.4998998084050377e-07
13806,,1.4998956547233264e-07
13807,,1.499892129945319e-07
13808,,1.4998648205046906e-07
13809,,1.4998585002011893e-07
13810,,1.499854647113854e-07
13811,,1.4998373380840214e-07
13812,,1.4998224946809953e-07
13813,,1.4998173443975138e-07
13814,,1.499813665083469e-07
13815,,1.499791022427537e-07
13816,,1.4997807449988618e-07
13817,,1.4997762756191884e-07
13818,,1.4997726996025202e-07
13819,,1.499746924557648e-07
13820,,1.499739321936215e-07
13821,,1.4997352589907218e-07
13822,,1.499731745652619e-07
13823,,1.4997040895357914e-07
13824,,1.4996980909596873e-07
13825,,1.499694275131916e-07
13826,,1.4996756906072647e-07
13827,,1.4996619968963346e-07
13828,,1.4996569764330246e-07
13829,,1.4996533128005531e-07
13830,,1.4996301676949265e-07
13831,,1.4996203514542655e-07
13832,,1.4996159344184172e-07
13833,,1.4996123653578345e-07
13834,,1.4995864000288776e-07
13835,,1.4995789804965217e-07
13836,,1.4995749386845135e-07
13837,,1.499571428804708e-07
13838,,1.4995437079337083e-07
13839,,1.499537780501948e-07
13840,,1.499533973313404e-07
13841,,1.499515128487588e-07
13842,,1.499501682381378e-07
13843,,1.4994966884230749e-07
13844,,1.4994930285089782e-07
13845,,1.499469801618687e-07
13846,,1.4994600733605872e-07
13847,,1.4994556653948542e-07
13848,,1.4994520982284494e-07
13849,,1.4994261198628323e-07
13850,,1.499418726495085e-07
13851,,1.4994146872802697e-07
13852,,1.4994111786596454e-07
13853,,1.4993834695875579e-07
13854,,1.4993775457358303e-07
13855,,1.4993737390090406e-07
13856,,1.4993549140346038e-07
13857,,1.4993414685334016e-07
13858,,1.4993364710658916e-07
13859,,1.4993328111519112e-07
13860,,1.499309628513573e-07
13861,,1.4992998775803742e-07
13862,,1.4992954648036119e-07
13863,,1.4992918977322662e-07
13864,,1.499265965582591e-07
13865,,1.4992585466372394e-07
13866,,1.4992545032998856e-07
13867,,1.4992509950328612e-07
13868,,1.4992233269702688e-07
13869,,1.4992173813268037e-07
13870,,1.4992135716450196e-07
13871,,1.499194877342345e-07
13872,,1.4991813363174762e-07
13873,,1.499176322198764e-07
13874,,1.4991726604456284e-07
13875,,1.4991495804065296e-07
13876,,1.4991397564780666e-07
13877,,1.499135331762252e-07
13878,,1.4991317637587045e-07
13879,,1.4991059099842933e-07
13880,,1.499098437865151e-07
13881,,1.4990943863583565e-07
13882,,1.4990908778601991e-07
13883,,1.499063269284383e-07
13884,,1.4990572860449963e-07
13885,,1.4990534710204458e-07
13886,,1.4990349799018114e-07
13887,,1.4990212814606726e-07
13888,,1.499016241360833e-07
13889,,1.4990125763144532e-07
13890,,1.49898964216437e-07
13891,,1.4989797084072446e-07
13892,,1.4989752660888965e-07
13893,,1.4989716962640886e-07
13894,,1.4989459472978889e-07
13895,,1.498938399539637e-07
13896,,1.498934336369671e-07
13897,,1.498930827066823e-07
13898,,1.4989032943863276e-07
13899,,1.4988972596477654e-07
13900,,1.498893437096409e-07
13901,,1.4988752142897945e-07
13902,,1.4988613032156319e-07
13903,,1.4988562284317993e-07
13904,,1.4988525587439983e-07
13905,,1.498829811330412e-07
13906,,1.4988197331183558e-07
13907,,1.4988152677161561e-07
13908,,1.4988116952040388e-07
13909,,1.498786076879671e-07
13910,,1.4987784316182345e-07
13911,,1.4987743533135074e-07
13912,,1.4987708426547887e-07
13913,,1.4987434022651842e-07
13914,,1.4987373021379938e-07
13915,,1.498733469882245e-07
13916,,1.4987155808871155e-07
13917,,1.4987014017607007e-07
13918,,1.49869628344539e-07
13919,,1.498692607689371e-07
13920,,1.49867008880938e-07
13921,,1.4986598307939313e-07
13922,,1.4986553366718768e-07
13923,,1.4986517605718748e-07
13924,,1.4986262995639218e-07
13925,,1.4986185342290327e-07
13926,,1.4986144371762096e-07
13927,,1.4986109245927988e-07
13928,,1.4985835935637855e-07
13929,,1.4985774136291447e-07
13930,,1.498573569315523e-07
13931,,1.4985560825095286e-07
13932,,1.4985415775430608e-07
13933,,1.4985364064529932e-07
13934,,1.498532723126786e-07
13935,,1.4985104766001394e-07
13936,,1.4985000017753745e-07
13937,,1.4984954729845056e-07
13938,,1.4984918923209108e-07
13939,,1.4984666167721078e-07
13940,,1.4984587076116875e-07
13941,,1.4984545879892108e-07
13942,,1.4984510728610824e-07
13943,,1.498423869248073e-07
13944,,1.4984175942407027e-07
13945,,1.4984137354242664e-07
13946,,1.4983967230663503e-07
13947,,1.4983818312059732e-07
13948,,1.4983765975221836e-07
13949,,1.4983729050823815e-07
13950,,1.498350977353829e-07
13951,,1.4983402464447288e-07
13952,,1.498335676673631e-07
13953,,1.4983320904617053e-07
13954,,1.4983070302419523e-07
13955,,1.4982989519959035e-07
13956,,1.4982948057527103e-07
13957,,1.498291287417801e-07
13958,,1.4982642304712328e-07
13959,,1.498257844127373e-07
13960,,1.4982539682027223e-07
13961,,1.4982504933339354e-07
13962,,1.4982221635002053e-07
13963,,1.4982168567547807e-07
13964,,1.4982131535023609e-07
13965,,1.4981915942053515e-07
13966,,1.4981805653166e-07
13967,,1.498175947829436e-07
13968,,1.4981723549558937e-07
13969,,1.4981475420272532e-07
13970,,1.498139267708139e-07
13971,,1.498135090492619e-07
13972,,1.498131568255045e-07
13973,,1.4981046785881329e-07
13974,,1.4980981634944586e-07
13975,,1.4980942676639686e-07
13976,,1.4980907906949374e-07
13977,,1.4980625753027179e-07
13978,,1.4980571842919376e-07
13979,,1.4980534684159798e-07
13980,,1.498032330755062e-07
13981,,1.4980209589303137e-07
13982,,1.498016286486407e-07
13983,,1.4980126858014218e-07
13984,,1.4979881545141826e-07
13985,,1.4979796551058956e-07
13986,,1.4979754422488687e-07
13987,,1.4979719153639463e-07
13988,,1.497945215117056e-07
13989,,1.4979385525678585e-07
13990,,1.4979346337973454e-07
13991,,1.497931154274446e-07
13992,,1.4979030676153272e-07
13993,,1.497897580232171e-07
13994,,1.4978938498001152e-07
13995,,1.4978731911173676e-07
13996,,1.4978614279471072e-07
13997,,1.4978566927468646e-07
13998,,1.4978530829851685e-07
13999,,1.497828870361256e-07
14000,,1.4978201146110554e-07
14001,,1.4978158610462632e-07
14002,,1.4978123287042543e-07
14003,,1.497785841804465e-07
14004,,1.497779011597162e-07
14005,,1.4977750666509132e-07
14006,,1.497771584013294e-07
14007,,1.4977436415599062e-07
14008,,1.4977380447703292e-07
14009,,1.4977342976460232e-07
14010,,1.4977141798956014e-07
14011,,1.49770197308617e-07
14012,,1.4976971666725907e-07
14013,,1.4976935464651149e-07
14014,,1.4976696925632092e-07
14015,,1.497660646665801e-07
14016,,1.4976563469654014e-07
14017,,1.4976528082650185e-07
14018,,1.4976265605923252e-07
14019,,1.4976195408812418e-07
14020,,1.4976155662143016e-07
14021,,1.497612079907233e-07
14022,,1.4975842984017582e-07
14023,,1.4975785780503654e-07
14024,,1.4975748119716477e-07
14025,,1.4975553021997808e-07
14026,,1.4975425951544207e-07
14027,,1.4975377084000873e-07
14028,,1.4975340762929124e-07
14029,,1.4975106244545747e-07
14030,,1.4975012517826801e-07
14031,,1.4974969000294022e-07
14032,,1.497493354039418e-07
14033,,1.4974673736343923e-07
14034,,1.497460140755789e-07
14035,,1.4974561325352852e-07
14036,,1.4974526419529388e-07
14037,,1.497425039519101e-07
14038,,1.497419180297717e-07
14039,,1.497415392781618e-07
14040,,1.4973965637821184e-07
14041,,1.4973832950453485e-07
14042,,1.4973783180360206e-07
14043,,1.4973746724094986e-07
14044,,1.4973516697597577e-07
14045,,1.4973419305608197e-07
14046,,1.497337520325854e-07
14047,,1.4973339659936876e-07
14048,,1.497308283382178e-07
14049,,1.4973008115492622e-07
14050,,1.4972967656299463e-07
14051,,1.4972932700852194e-07
14052,,1.4972658664896065e-07
14053,,1.497259851726254e-07
14054,,1.4972560400891078e-07
14055,,1.497237970936605e-07
14056,,1.4972240737797505e-07
14057,,1.497218995712268e-07
14058,,1.4972153348260088e-07
14059,,1.4971928325544882e-07
14060,,1.497182683627448e-07
14061,,1.4971782079417145e-07
14062,,1.4971746441263592e-07
14063,,1.4971492924473457e-07
14064,,1.4971415536973676e-07
14065,,1.497137465559282e-07
14066,,1.4971339643239475e-07
14067,,1.4971067810119244e-07
14068,,1.4971005925977633e-07
14069,,1.4970967538998556e-07
14070,,1.4970795306646275e-07
14071,,1.4970649324547266e-07
14072,,1.4970597415942678e-07
14073,,1.4970560635443615e-07
14074,,1.4970341174157323e-07
14075,,1.4970235116863995e-07
14076,,1.4970189629331705e-07
14077,,1.4970153884157177e-07
14078,,1.4969904037827396e-07
14079,,1.496982367646449e-07
14080,,1.4969782323540132e-07
14081,,1.4969747246298303e-07
14082,,1.496947785009552e-07
14083,,1.4969414031926016e-07
14084,,1.4969375342501344e-07
14085,,1.496934069669144e-07
14086,,1.496905872287922e-07
14087,,1.4969005558457929e-07
14088,,1.4968968585845215e-07
14089,,1.4968755293254185e-07
14090,,1.496864415535706e-07
14091,,1.496859785427618e-07
14092,,1.4968561988738692e-07
14093,,1.4968316206400412e-07
14094,,1.496823253893337e-07
14095,,1.4968190660725196e-07
14096,,1.4968155509906588e-07
14097,,1.4967888805713583e-07
14098,,1.496782283815711e-07
14099,,1.4967783811376753e-07
14100,,1.49677491225875e-07
14101,,1.4967468946381007e-07
14102,,1.496741438654544e-07
14103,,1.4967377199027465e-07
14104,,1.4967170738264442e-07
14105,,1.496705396048726e-07
14106,,1.496700675533459e-07
14107,,1.4966970754737036e-07
14108,,1.4966729466066264e-07
14109,,1.4966642129847856e-07
14110,,1.496659966782151e-07
14111,,1.4966564434019124e-07
14112,,1.4966300699971726e-07
14113,,1.4966232348101885e-07
14114,,1.496619294609936e-07
14115,,1.4966158208264103e-07
14116,,1.4965880010010486e-07
14117,,1.4965823902542983e-07
14118,,1.4965786475573514e-07
14119,,1.4965587569742842e-07
14120,,1.4965464541469956e-07
14121,,1.4965416333688963e-07
14122,,1.496538018220597e-07
14123,,1.496514385585913e-07
14124,,1.4965052455509085e-07
14125,,1.496500934548518e-07
14126,,1.4964974018391087e-07
14127,,1.4964713558615797e-07
14128,,1.49646425658994e-07
14129,,1.4964602747071755e-07
14130,,1.496456795324524e-07
14131,,1.496429193018558e-07
14132,,1.49642341087686e-07
14133,,1.496419641547111e-07
14134,,1.4964005854494747e-07
14135,,1.4963875909444762e-07
14136,,1.4963826591006187e-07
14137,,1.4963790271002062e-07
14138,,1.4963559419299809e-07
14139,,1.4963463522342548e-07
14140,,1.4963419694747533e-07
14141,,1.4963384262828948e-07
14142,,1.4963127409464967e-07
14143,,1.4963053495615139e-07
14144,,1.496301321471778e-07
14145,,1.4962978357690859e-07
14146,,1.4962704724935616e-07
14147,,1.496264500786699e-07
14148,,1.4962607018688113e-07
14149,,1.496242566608515e-07
14150,,1.4962288075539285e-07
14151,,1.4962237528683566e-07
14152,,1.4962201021281673e-07
14153,,1.4961976204164064e-07
14154,,1.4961875338167245e-07
14155,,1.4961830716225354e-07
14156,,1.4961795167210674e-07
14157,,1.4961542283320352e-07
14158,,1.4961465142107396e-07
14159,,1.4961424349466712e-07
14160,,1.4961389421123108e-07
14161,,1.496111841412147e-07
14162,,1.496105660273888e-07
14163,,1.496101828566706e-07
14164,,1.4960847085107322e-07
14165,,1.4960701052997717e-07
14166,,1.4960649148859762e-07
14167,,1.496061243297237e-07
14168,,1.4960394262274134e-07
14169,,1.496028791094072e-07
14170,,1.4960242411368373e-07
14171,,1.4960206731808694e-07
14172,,1.4959958214058344e-07
14173,,1.4959877510512324e-07
14174,,1.495983615192118e-07
14175,,1.495980114361307e-07
14176,,1.495953301993615e-07
14177,,1.4959468896944087e-07
14178,,1.4959430216646076e-07
14179,,1.495939564361556e-07
14180,,1.4959114855512045e-07
14181,,1.4959061453165162e-07
14182,,1.495902450620953e-07
14183,,1.4958813651557497e-07
14184,,1.495870124981962e-07
14185,,1.4958654781059793e-07
14186,,1.495861895614818e-07
14187,,1.49583752389703e-07
14188,,1.495829060657853e-07
14189,,1.4958248622804084e-07
14190,,1.4958213524895816e-07
14191,,1.495794856606275e-07
14192,,1.4957881893740657e-07
14193,,1.4957842812071708e-07
14194,,1.4957808185536703e-07
14195,,1.4957529498865267e-07
14196,,1.495747444421047e-07
14197,,1.495743724102627e-07
14198,,1.4957234435062147e-07
14199,,1.4957115364901968e-07
14200,,1.4957067826770135e-07
14201,,1.4957031840287883e-07
14202,,1.4956793398827336e-07
14203,,1.4956704436794363e-07
14204,,1.4956661762881388e-07
14205,,1.4956626564729298e-07
14206,,1.4956365079120972e-07
14207,,1.4956295597326854e-07
14208,,1.4956256072119217e-07
14209,,1.4956221385330253e-07
14210,,1.495594499997889e-07
14211,,1.4955888124276175e-07
14212,,1.495585063764398e-07
14213,,1.495565668181991e-07
14214,,1.4955530266928375e-07
14215,,1.4955481550245228e-07
14216,,1.495544538436381e-07
14217,,1.4955212738705583e-07
14218,,1.4955119008018182e-07
14219,,1.4955075573019404e-07
14220,,1.4955040263264646e-07
14221,,1.4954782588061257e-07
14222,,1.4954710012237974e-07
14223,,1.4954669997245725e-07
14224,,1.4954635242812046e-07
14225,,1.4954361377660293e-07
14226,,1.4954302496147542e-07
14227,,1.4954264696243993e-07
14228,,1.495408046804764e-07
14229,,1.49539459679644e-07
14230,,1.4953895952776745e-07
14231,,1.495385958811115e-07
14232,,1.4953633307721236e-07
14233,,1.4953534328077726e-07
14234,,1.4953490054202832e-07
14235,,1.495345462015927e-07
14236,,1.495320112487004e-07
14237,,1.4953125143196573e-07
14238,,1.4953084588151668e-07
14239,,1.4953049757847649e-07
14240,,1.4952778652421247e-07
14241,,1.4952717562952522e-07
14242,,1.4952679417009799e-07
14243,,1.4952505877452577e-07
14244,,1.4952362481385395e-07
14245,,1.4952311036489384e-07
14246,,1.4952274452004576e-07
14247,,1.4952055159899046e-07
14248,,1.4951950405355237e-07
14249,,1.4951905207592034e-07
14250,,1.495186963554043e-07
14251,,1.4951620724435263e-07
14252,,1.4951540995903646e-07
14253,,1.4951499845241792e-07
14254,,1.495146493029897e-07
14255,,1.4951196847034147e-07
14256,,1.4951133328048783e-07
14257,,1.4951094800243333e-07
14258,,1.4951060312159323e-07
14259,,1.4950779821787045e-07
14260,,1.4950726803530834e-07
14261,,1.4950689975747345e-07
14262,,1.4950478354902888e-07
14263,,1.495036724944679e-07
14264,,1.4950321034322136e-07
14265,,1.49502853091919e-07
14266,,1.495004142543151e-07
14267,,1.4949957576012356e-07
14268,,1.4949915769528458e-07
14269,,1.4949880759878013e-07
14270,,1.4949615986250175e-07
14271,,1.4949549795398516e-07
14272,,1.4949510846316995e-07
14273,,1.4949476301718602e-07
14274,,1.4949198005104102e-07
14275,,1.49491432562133e-07
14276,,1.4949106159713034e-07
14277,,1.49489029576332e-07
14278,,1.4948784870255178e-07
14279,,1.4948737535851453e-07
14280,,1.4948701641084163e-07
14281,,1.4948463269747388e-07
14282,,1.4948374890122395e-07
14283,,1.494833236147421e-07
14284,,1.494829724671789e-07
14285,,1.4948036097499138e-07
14286,,1.4947966968966198e-07
14287,,1.4947927555578107e-07
14288,,1.4947892947596456e-07
14289,,1.4947617049100312e-07
14290,,1.494756039677771e-07
14291,,1.494752300367123e-07
14292,,1.494732903984389e-07
14293,,1.4947203279541382e-07
14294,,1.4947154713855532e-07
14295,,1.4947118631337237e-07
14296,,1.4946886304123622e-07
14297,,1.4946792945727103e-07
14298,,1.494674962227946e-07
14299,,1.4946714390397052e-07
14300,,1.49464572105127e-07
14301,,1.4946384853361564e-07
14302,,1.4946344928844795e-07
14303,,1.494631024943275e-07
14304,,1.4946036972879295e-07
14305,,1.4945978228652522e-07
14306,,1.4945940508391815e-07
14307,,1.4945756679847988e-07
14308,,1.4945622489447707e-07
14309,,1.4945572570093635e-07
14310,,1.4945536280016174e-07
14311,,1.4945310578861954e-07
14312,,1.4945211750562762e-07
14313,,1.4945167552794218e-07
14314,,1.4945132190943112e-07
14315,,1.4944879358345953e-07
14316,,1.4944803453614546e-07
14317,,1.4944762966212415e-07
14318,,1.4944728207346734e-07
14319,,1.494445779788388e-07
14320,,1.4944396754673823e-07
14321,,1.494435867367216e-07
14322,,1.4944185963920422e-07
14323,,1.4944042513861157e-07
14324,,1.4943991106370542e-07
14325,,1.494395458693004e-07
14326,,1.4943736150149076e-07
14327,,1.494363131343856e-07
14328,,1.494358615438555e-07
14329,,1.4943550648426e-07
14330,,1.494330257711705e-07
14331,,1.4943222775415267e-07
14332,,1.4943181668505124e-07
14333,,1.4943146821006143e-07
14334,,1.4942879547206142e-07
14335,,1.4942815978403874e-07
14336,,1.494277750006107e-07
14337,,1.494274308072369e-07
14338,,1.494246336763393e-07
14339,,1.494241032502117e-07
14340,,1.4942373552314769e-07
14341,,1.4942163079093873e-07
14342,,1.4942051644207056e-07
14343,,1.4942005428022418e-07
14344,,1.4941969762583983e-07
14345,,1.4941726906343596e-07
14346,,1.494164282500131e-07
14347,,1.4941601036605797e-07
14348,,1.494156609050357e-07
14349,,1.4941302246709906e-07
14350,,1.494123590384437e-07
14351,,1.494119698782372e-07
14352,,1.4941162509422871e-07
14353,,1.4940885067365364e-07
14354,,3.0773631462579654
14355,,57997.9043914527
14356,,3.0277221282861286
14357,,546.6016245221914
14358,,2.9756493806886555
14359,,2.9090906769479967
14360,,1.4337911548181115
14361,,1.844092106422111
14362,,1.3976055004724806
14363,,1.311384314338825
14364,,1.0175950062659864
14365,,0.970597956085439
14366,,0.7801769097931286
14367,,0.777284442074676
14368,,0.7771966169392512
14369,,0.7771939028279276
14370,,0.7771938189066566
14371,,0.7771938163117385
14372,,0.7771938162315044
14373,,0.7771938162290208
14374,,0.7771938162289419
14375,,0.77719381622894
14376,,0.77719381622894
14377,,234.27497468810566
14378,,0.7653805277170684
14379,,2.2149230131952535
14380,,0.7483134375234419
14381,,0.6849649209962855
14382,,0.7528868718889583
14383,,0.6626785940222453
14384,,0.5962709125994113
14385,,0.5456590449034071
14386,,0.3534054618081578
14387,,0.3105109655592
14388,,0.16282770137858524
14389,,5.881708486289219
14390,,0.16031055083184875
14391,,0.17347978631248834
14392,,0.15456382065841068
14393,,0.12655276309263744
14394,,0.0994616692340895
14395,,0.0777803758643014
14396,,0.05205202255107314
14397,,0.04140404399504356
14398,,0.0451312691719416
14399,,0.03735180008132906
14400,,0.04634063897493788
14401,,0.034579306969713126
14402,,0.03141891919368253
14403,,0.028782106815459303
14404,,0.027745708899792408
14405,,0.02588471640933398
14406,,0.02432942334034472
14407,,0.02269400281522227
14408,,0.021403186467567253
14409,,0.019771270389038937
14410,,0.016609179119972194
14411,,0.014676740805152856
14412,,0.01407372129822248
14413,,0.012377990941530224
14414,,0.010965438695147635
14415,,0.010422994052083174
14416,,0.009481714991362244
14417,,0.009102964535914
14418,,0.00880372177416058
14419,,0.008320334822825655
14420,,0.00749000566130795
14421,,0.006329174771724937
14422,,0.005008995617042164
14423,,0.004284613107137998
14424,,0.003987335073407515
14425,,0.0038432329664314087
14426,,0.0036744340960580056
14427,,0.003420903447721026
14428,,0.003043703735524447
14429,,0.0027328909958797424
14430,,0.002609325925715688
14431,,0.0025233471933185157
14432,,0.0024208512501665788
14433,,0.0022847676364405015
14434,,0.0021226152420716193
14435,,0.002076772187603167
14436,,0.002067134669023729
14437,,0.002064238382446835
14438,,0.0020607594085695446
14439,,0.002053540114425831
14440,,0.0020398740153531724
14441,,0.0020162263751711323
14442,,0.001969734572411492
14443,,0.001857894119953309
14444,,0.0017116213514470808
14445,,0.0015450812952378088
14446,,0.0012832669155239786
14447,,0.0011750578292946923
14448,,0.001097524749439644
14449,,0.0009899787773173594
14450,,0.0008919976471819317
14451,,0.0008724779892843746
14452,,0.0008668102310130541
14453,,0.0008631698074091655
14454,,0.0008567371724121253
14455,,0.0008447330702528689
14456,,0.0008242152503128552
14457,,0.000786379935747595
14458,,0.0006946268870071991
14459,,0.0006251517356910473
14460,,0.0005307282408488341
14461,,0.00045522836708748754
14462,,0.00043668936037003365
14463,,0.0004278943600443034
14464,,0.0004140306327226168
14465,,0.0003900567559985783
14466,,0.0003620044238677323
14467,,0.0003263260853571377
14468,,0.00029623472101411125
14469,,0.00028582160209668996
14470,,0.0002813928996130023
14471,,0.0002784685842605552
14472,,0.0002751862049244712
14473,,0.0002707127126405256
14474,,0.0002642475898937139
14475,,0.00025438194081165935
14476,,0.00023702364410783746
14477,,0.00020666289601472434
14478,,0.00016066563417667978
14479,,0.00010700737249186236
14480,,7.870523435084113e-05
14481,,7.024001514561437e-05
14482,,6.886914533141225e-05
14483,,6.862439085939232e-05
14484,,6.844221124280713e-05
14485,,6.804124645555488e-05
14486,,6.725151714325068e-05
14487,,6.570598355989925e-05
14488,,6.297485427527029e-05
14489,,5.887984714678898e-05
14490,,5.3359201923873776e-05
14491,,4.754865341289958e-05
14492,,4.51870980176304e-05
14493,,4.4593832306902636e-05
14494,,4.447373158180966e-05
14495,,4.4446296509124424e-05
14496,,4.442099099120318e-05
14497,,4.4379942798016994e-05
14498,,4.429248264459476e-05
14499,,4.405080770446507e-05
14500,,4.350100666942708e-05
14501,,4.225041747523694e-05
14502,,3.959073303990804e-05
14503,,3.446900080300487e-05
14504,,2.6018893761019177e-05
14505,,1.6570736963872857e-05
14506,,1.0446980148375109e-05
14507,,8.505711615903447e-06
14508,,8.08008086271824e-06
14509,,8.01054979177531e-06
14510,,8.006695608303686e-06
14511,,8.006492789286458e-06
14512,,8.006450249784077e-06
14513,,8.006420823056792e-06
14514,,8.006193985874187e-06
14515,,8.006137100477966e-06
14516,,8.00610665283789e-06
14517,,8.005913602603347e-06
14518,,8.005380860458355e-06
14519,,8.004898300905673e-06
14520,,8.000708023312664e-06
14521,,7.973928059284425e-06
14522,,7.92685443459912e-06
14523,,7.713977570621375e-06
14524,,7.624833732649348e-06
14525,,7.590883131049684e-06
14526,,7.586364876878513e-06
14527,,7.585932452506256e-06
14528,,7.585871561685617e-06
14529,,7.585846863755152e-06
14530,,7.585825064723254e-06
14531,,7.585652625191344e-06
14532,,7.5856219162320855e-06
14533,,7.5855984215810036e-06
14534,,7.585448937287692e-06
14535,,7.584876060928841e-06
14536,,7.582375806786118e-06
14537,,7.57802680433763e-06
14538,,7.5398739691084375e-06
14539,,7.2561705408737386e-06
14540,,6.740987673193188e-06
14541,,5.6246590496449145e-06
14542,,5.524915648199193e-06
14543,,4.97538049149587e-06
14544,,4.931342246999344e-06
14545,,4.927490802656643e-06
14546,,4.9271102732329545e-06
14547,,4.926996006108888e-06
14548,,4.9269237499774505e-06
14549,,4.926392721873012e-06
14550,,4.9245220726799265e-06
14551,,4.9178186610219996e-06
14552,,4.903636082178025e-06
14553,,4.87058864339353e-06
14554,,4.795193313475459e-06
14555,,4.6259241368717675e-06
14556,,4.2625482741250736e-06
14557,,3.5554423573632493e-06
14558,,2.4299035931692372e-06
14559,,1.1780592675319654e-06
14560,,3.6422051008106736e-07
14561,,9.617638287611688e-08
14562,,5.187045270438796e-08
14563,,4.754975369038609e-08
14564,,4.7248964364420894e-08
14565,,4.723204654297624e-08
14566,,4.723121700259941e-08
14567,,4.723114997604081e-08
14568,,4.7231127300881394e-08
14569,,4.723110803163217e-08
14570,,4.723095155631255e-08
14571,,4.72309205089235e-08
14572,,4.7230900311418634e-08
14573,,4.723077654427873e-08
14574,,4.723071647498513e-08
14575,,4.7230692927814713e-08
14576,,4.723067347696779e-08
14577,,4.723052253928701e-08
14578,,4.7230486789825496e-08
14579,,4.7230465847179444e-08
14580,,4.7230365778800904e-08
14581,,4.723028527215984e-08
14582,,4.723025880397387e-08
14583,,4.7230238957688494e-08
14584,,4.723010095312288e-08
14585,,4.723005396032442e-08
14586,,4.723003150465876e-08
14587,,4.72300121496474e-08
14588,,4.7229857374100834e-08
14589,,4.722982513713783e-08
14590,,4.722980450525423e-08
14591,,4.722969188407676e-08
14592,,4.722962287694082e-08
14593,,4.72295974144963e-08
14594,,4.7229577641776655e-08
14595,,4.722943621375512e-08
14596,,4.722939243610729e-08
14597,,4.7229370196913056e-08
14598,,4.722935084397997e-08
14599,,4.7229195539351027e-08
14600,,4.722916387059479e-08
14601,,4.722914321852469e-08
14602,,4.7229029625334625e-08
14603,,4.7228961857617864e-08
14604,,4.722893620218811e-08
14605,,4.7228916358528836e-08
14606,,4.722877648292939e-08
14607,,4.7228731548508324e-08
14608,,4.722870897905192e-08
14609,,4.722868955892077e-08
14610,,4.722853605362594e-08
14611,,4.722850292204441e-08
14612,,4.722848198297445e-08
14613,,4.7228376131705324e-08
14614,,4.7228302017303184e-08
14615,,4.722827516312325e-08
14616,,4.7228255107548756e-08
14617,,4.722812120629534e-08
14618,,4.7228071295765877e-08
14619,,4.7228047863409e-08
14620,,4.722802829760198e-08
14621,,4.7227878989548046e-08
14622,,4.72278423407388e-08
14623,,4.7227820812577023e-08
14624,,4.72278015241929e-08
14625,,4.7227718942672126e-08
14626,,4.722727665219253e-08
14627,,4.7226836221117664e-08
14628,,4.722675387699813e-08
14629,,4.7226725329333065e-08
14630,,4.722670495095289e-08
14631,,4.722657971163827e-08
14632,,4.722652270934635e-08
14633,,4.722649793948963e-08
14634,,4.722647812904179e-08
14635,,4.722633550600449e-08
14636,,4.722629334803013e-08
14637,,4.7226270816915264e-08
14638,,4.7226251348521446e-08
14639,,4.722609837042934e-08
14640,,4.722606503622439e-08
14641,,4.722604385265106e-08
14642,,4.7225941606889306e-08
14643,,4.722586535388604e-08
14644,,4.7225837343602415e-08
14645,,4.722581698371569e-08
14646,,4.722568997586794e-08
14647,,4.722563476783716e-08
14648,,4.722561001988855e-08
14649,,4.722559017184592e-08
14650,,4.722544791806955e-08
14651,,4.7225405637959554e-08
14652,,4.722538292124162e-08
14653,,4.722536339560097e-08
14654,,4.722521160110627e-08
14655,,4.722517739208387e-08
14656,,4.722515596007922e-08
14657,,4.722505903637507e-08
14658,,4.7224978777243687e-08
14659,,4.7224949690559507e-08
14660,,4.722492908597363e-08
14661,,4.72248079514028e-08
14662,,4.7224748111356484e-08
14663,,4.722472233008602e-08
14664,,4.722470226743824e-08
14665,,4.722456542540869e-08
14666,,4.722451879911072e-08
14667,,4.7224495187175384e-08
14668,,4.722447548492579e-08
14669,,4.722432828451265e-08
14670,,4.7224290351749906e-08
14671,,4.7224268185264654e-08
14672,,4.7224248726310655e-08
14673,,4.7224166846798385e-08
14674,,4.722414518507247e-08
14675,,4.722412581282395e-08
14676,,4.7223969227385664e-08
14677,,4.722393914200569e-08
14678,,4.722391830834362e-08
14679,,4.7223802643233217e-08
14680,,4.722373850286466e-08
14681,,4.722371175002215e-08
14682,,4.722369148382973e-08
14683,,4.722355974841864e-08
14684,,4.722350902944398e-08
14685,,4.722348456828356e-08
14686,,4.722346469607158e-08
14687,,4.722332186745826e-08
14688,,4.7223280396596584e-08
14689,,4.7223257528655065e-08
14690,,4.722323793362446e-08
14691,,4.722308735966903e-08
14692,,4.7223052334552605e-08
14693,,4.7223030587377394e-08
14694,,4.722301118872559e-08
14695,,4.72228551561602e-08
14696,,4.722282466834638e-08
14697,,4.722280371672804e-08
14698,,4.722269054029246e-08
14699,,4.722262454435796e-08
14700,,4.7222597278232905e-08
14701,,4.722257689314841e-08
14702,,4.722244797732958e-08
14703,,4.722239504558057e-08
14704,,4.722237008234898e-08
14705,,4.7222350105648775e-08
14706,,4.7222209914164035e-08
14707,,4.722216633194869e-08
14708,,4.7222143025498074e-08
14709,,4.722212334397666e-08
14710,,4.7221975031603944e-08
14711,,4.722193817797596e-08
14712,,4.7221916068155054e-08
14713,,4.7221896599580124e-08
14714,,4.7221742414236064e-08
14715,,4.7221710424585506e-08
14716,,4.7221689183107964e-08
14717,,4.722158362478534e-08
14718,,4.722151141997856e-08
14719,,4.7221482960794685e-08
14720,,4.7221462350260576e-08
14721,,4.72213394451476e-08
14722,,4.722128159732417e-08
14723,,4.7221255705349e-08
14724,,4.72212355554795e-08
14725,,4.7221100019251506e-08
14726,,4.722105262084094e-08
14727,,4.722102860245775e-08
14728,,4.722100878862043e-08
14729,,4.7220864034656776e-08
14730,,4.722082426032635e-08
14731,,4.722080161089752e-08
14732,,4.722078204328915e-08
14733,,4.7220630550498946e-08
14734,,4.7220596348634354e-08
14735,,4.7220574700023715e-08
14736,,4.722048014466508e-08
14737,,4.722039888877307e-08
14738,,4.722036876401756e-08
14739,,4.722034784967218e-08
14740,,4.72202332073978e-08
14741,,4.722016855615043e-08
14742,,4.7220141419834955e-08
14743,,4.7220121042754905e-08
14744,,4.72199916806834e-08
14745,,4.7219939196765845e-08
14746,,4.7219914250440274e-08
14747,,4.721989426833859e-08
14748,,4.721975411088203e-08
14749,,4.721971054959813e-08
14750,,4.721968721062774e-08
14751,,4.721966751842421e-08
14752,,4.721951943874262e-08
14753,,4.721948242491795e-08
14754,,4.721946026574081e-08
14755,,4.721944078574607e-08
14756,,4.721928689047775e-08
14757,,4.7219254683666565e-08
14758,,4.7219233391464494e-08
14759,,4.721912905131062e-08
14760,,4.72190559007111e-08
14761,,4.721902722300847e-08
14762,,4.7219006567370524e-08
14763,,4.721888482329808e-08
14764,,4.721882605448584e-08
14765,,4.7218799970506296e-08
14766,,4.721877978224441e-08
14767,,4.721864525088983e-08
14768,,4.7218597048431294e-08
14769,,4.721857287048826e-08
14770,,4.7218553026038554e-08
14771,,4.721840909762122e-08
14772,,4.721836865929076e-08
14773,,4.7218345882172335e-08
14774,,4.721832629010711e-08
14775,,4.721817545685032e-08
14776,,4.721814072437547e-08
14777,,4.721811897695358e-08
14778,,4.72180995704971e-08
14779,,4.7217943660601966e-08
14780,,4.72179131231326e-08
14781,,4.721789213183788e-08
14782,,4.721777957415917e-08
14783,,4.7217713221164436e-08
14784,,4.7217685767760624e-08
14785,,4.7217665332535343e-08
14786,,4.721753756762857e-08
14787,,4.7217483780302134e-08
14788,,4.721745859304091e-08
14789,,4.72174385676077e-08
14790,,4.7217299621329165e-08
14791,,4.7217255071218124e-08
14792,,4.7217231550817614e-08
14793,,4.7217211826556657e-08
14794,,4.721706466044751e-08
14795,,4.72170269021924e-08
14796,,4.721700460827232e-08
14797,,4.7216985104031816e-08
14798,,4.721683189480605e-08
14799,,4.721679913040131e-08
14800,,4.721677773736634e-08
14801,,4.721667617130489e-08
14802,,4.721660074255408e-08
14803,,4.7216571650008045e-08
14804,,4.721655092029652e-08
14805,,4.721643124367649e-08
14806,,4.721637077768007e-08
14807,,4.721634438556776e-08
14808,,4.721632414268343e-08
14809,,4.721619114818657e-08
14810,,4.721614168554392e-08
14811,,4.721611727956988e-08
14812,,4.721609739486482e-08
14813,,4.721595460831095e-08
14814,,4.721591323599976e-08
14815,,4.721589028975208e-08
14816,,4.721587066895687e-08
14817,,4.7215720681553415e-08
14818,,4.721568525901298e-08
14819,,4.7215663386484444e-08
14820,,4.721564395896359e-08
14821,,4.7215488676869434e-08
14822,,4.721545763007276e-08
14823,,4.721543654645253e-08
14824,,4.721532652049237e-08
14825,,4.721525808543155e-08
14826,,4.721523025596352e-08
14827,,4.721520975373735e-08
14828,,4.7215083859193594e-08
14829,,4.721502853505487e-08
14830,,4.7215003071599464e-08
14831,,4.721498299656042e-08
14832,,4.721484543218814e-08
14833,,4.7214799749802904e-08
14834,,4.721477602581904e-08
14835,,4.7214756264832975e-08
14836,,4.721461011894319e-08
14837,,4.721457152650423e-08
14838,,4.7214549082556385e-08
14839,,4.7214529551734506e-08
14840,,4.7214377096882285e-08
14841,,4.7214343717683064e-08
14842,,4.721432221475167e-08
14843,,4.721422369385922e-08
14844,,4.721414575869566e-08
14845,,4.721411621401692e-08
14846,,4.7214095402692356e-08
14847,,4.7213977970413246e-08
14848,,4.7213915659626244e-08
14849,,4.7213888935137e-08
14850,,4.721386863253669e-08
14851,,4.721373729301266e-08
14852,,4.721368647182755e-08
14853,,4.7213661821184165e-08
14854,,4.7213641893529474e-08
14855,,4.721350032659902e-08
14856,,4.7213457955362536e-08
14857,,4.7213434829468846e-08
14858,,4.721341517686447e-08
14859,,4.7213266089461945e-08
14860,,4.7213229931787095e-08
14861,,4.721320792716702e-08
14862,,4.72131884772227e-08
14863,,4.721303385926466e-08
14864,,4.721300227162423e-08
14865,,4.7212981092543827e-08
14866,,4.7212873745372116e-08
14867,,4.721280310615808e-08
14868,,4.7212774879044984e-08
14869,,4.721275430596525e-08
14870,,4.72126303843496e-08
14871,,4.721257343868966e-08
14872,,4.721254768229923e-08
14873,,4.72125275557391e-08
14874,,4.721239144536707e-08
14875,,4.721234457057577e-08
14876,,4.72123206314892e-08
14877,,4.7212300832594016e-08
14878,,4.721215575918336e-08
14879,,4.721211628937911e-08
14880,,4.7212093687535425e-08
14881,,4.721207413008176e-08
14882,,4.721192246532976e-08
14883,,4.7211888442069893e-08
14884,,4.7211866823116605e-08
14885,,4.7211771496742475e-08
14886,,4.7211690930741005e-08
14887,,4.721166091188532e-08
14888,,4.7211640016543576e-08
14889,,4.721152493563675e-08
14890,,4.721146069043414e-08
14891,,4.721143361770714e-08
14892,,4.7211413253137074e-08
14893,,4.721128364548438e-08
14894,,4.721123140198782e-08
14895,,4.721120649521602e-08
14896,,4.7211186521737936e-08
14897,,4.721104623164047e-08
14898,,4.7211002814077435e-08
14899,,4.721097950012447e-08
14900,,4.7210959814212394e-08
14901,,4.7210811667921955e-08
14902,,4.7210774741595e-08
14903,,4.721075259932245e-08
14904,,4.721073312478086e-08
14905,,4.7210579201636246e-08
14906,,4.7210547048332954e-08
14907,,4.7210525767622546e-08
14908,,4.7210421223460985e-08
14909,,4.721034827759912e-08
14910,,4.7210319634394573e-08
14911,,4.721029898735054e-08
14912,,4.721017712918887e-08
14913,,4.721011848717035e-08
14914,,4.721009242642378e-08
14915,,4.721007224501789e-08
14916,,4.720993765465828e-08
14917,,4.720988953190899e-08
14918,,4.720986536953304e-08
14919,,4.720984553058452e-08
14920,,4.72097015771399e-08
14921,,4.7209661191114964e-08
14922,,4.720963842470334e-08
14923,,4.720961883835054e-08
14924,,4.7209467998632544e-08
14925,,4.720943330177783e-08
14926,,4.7209411561587355e-08
14927,,4.720939216036127e-08
14928,,4.720923625860596e-08
14929,,4.7209205744573604e-08
14930,,4.7209184759579563e-08
14931,,4.7209072137021634e-08
14932,,4.720900587020032e-08
14933,,4.720897843286258e-08
14934,,4.72089580034053e-08
14935,,4.7208830205811246e-08
14936,,4.720877647555258e-08
14937,,4.7208751301020706e-08
14938,,4.720873128054416e-08
14939,,4.7208592323415435e-08
14940,,4.7208547813053996e-08
14941,,4.720852430284036e-08
14942,,4.720850458198872e-08
14943,,4.72083574187718e-08
14944,,4.7208319688381334e-08
14945,,4.72082974020688e-08
14946,,4.720827790261132e-08
14947,,4.7208124704099474e-08
14948,,4.7208091960910274e-08
14949,,4.72080705740535e-08
14950,,4.7207968956943993e-08
14951,,4.720789360064717e-08
14952,,4.720786452411516e-08
14953,,4.72078437994216e-08
14954,,4.7207724096297653e-08
14955,,4.720766368272467e-08
14956,,4.7207637302592536e-08
14957,,4.7207617064075854e-08
14958,,4.720748406164436e-08
14959,,4.7207434635915e-08
14960,,4.720741023857572e-08
14961,,4.720739035910335e-08
14962,,4.720724757461369e-08
14963,,4.7207206230707396e-08
14964,,4.72071832920343e-08
14965,,4.7207163675293294e-08
14966,,4.72070136987224e-08
14967,,4.7206978297415145e-08
14968,,4.7206956431347035e-08
14969,,4.72069370084664e-08
14970,,4.720678174320226e-08
14971,,4.7206750711851525e-08
14972,,4.7206729633895255e-08
14973,,4.7206619578039994e-08
14974,,4.720655119876525e-08
14975,,4.72065233813614e-08
14976,,4.7206502884101757e-08
14977,,4.720637697618639e-08
14978,,4.720632169326265e-08
14979,,4.7206296239321246e-08
14980,,4.7206276168189795e-08
14981,,4.720613860363756e-08
14982,,4.7206092952528355e-08
14983,,4.720606923624106e-08
14984,,4.720604947990392e-08
14985,,4.720590334225849e-08
14986,,4.7205864772756915e-08
14987,,4.7205842335728995e-08
14988,,4.720582280958829e-08
14989,,4.720567036859426e-08
14990,,4.720563700752549e-08
14991,,4.720561551077148e-08
14992,,4.720551695124718e-08
14993,,4.720543907683885e-08
14994,,4.7205409547261475e-08
14995,,4.7205388741145844e-08
14996,,4.7205271289310583e-08
14997,,4.720520902438715e-08
14998,,4.720518231110132e-08
14999,,4.720516201351578e-08
15000,,4.7205030667634176e-08
15001,,4.7204979881745285e-08
15002,,4.720495524042835e-08
15003,,4.720493531627665e-08
15004,,4.7204793753646805e-08
15005,,4.720475140907222e-08
15006,,4.7204728290744077e-08
15007,,4.720470864265261e-08
15008,,4.72045595665414e-08
15009,,4.7204523429390675e-08
15010,,4.720450143161282e-08
15011,,4.720448198507982e-08
15012,,4.720432738404349e-08
15013,,4.7204295812489556e-08
15014,,4.7204274638458534e-08
15015,,4.7204167262981265e-08
15016,,4.720409667760097e-08
15017,,4.720406846279485e-08
15018,,4.7204047894780064e-08
15019,,4.720392396122557e-08
15020,,4.7203867055445385e-08
15021,,4.720384130952592e-08
15022,,4.7203821186871465e-08
15023,,4.7203685075989323e-08
15024,,4.720363823143988e-08
15025,,4.720361430149685e-08
15026,,4.7203594507185243e-08
15027,,4.720344944152986e-08
15028,,4.720340999512124e-08
15029,,4.7203387400357266e-08
15030,,4.720336784699513e-08
15031,,4.7203216195231776e-08
15032,,4.720318219049939e-08
15033,,4.720316057766464e-08
15034,,4.720306521215729e-08
15035,,4.720298470835881e-08
15036,,4.720295470443034e-08
15037,,4.720293381388973e-08
15038,,4.720281871258535e-08
15039,,4.720275451365909e-08
15040,,4.7202727453041175e-08
15041,,4.720270709338342e-08
15042,,4.720257747865148e-08
15043,,4.720252527052347e-08
15044,,4.720250037330224e-08
15045,,4.720248040507321e-08
15046,,4.720234011698185e-08
15047,,4.7202296727207573e-08
15048,,4.720227342060878e-08
15049,,4.720225373921537e-08
15050,,4.7202105603611016e-08
15051,,4.720206869835738e-08
15052,,4.720204656240751e-08
15053,,4.7202027092205975e-08
15054,,4.72018731851649e-08
15055,,4.7201841048480235e-08
15056,,4.720181977361928e-08
15057,,4.720171519854242e-08
15058,,4.720164230785812e-08
15059,,4.7201613677697377e-08
15060,,4.720159303534095e-08
15061,,4.720147116299733e-08
15062,,4.720141256332806e-08
15063,,4.7201386512261106e-08
15064,,4.720136633585291e-08
15065,,4.720123174323684e-08
15066,,4.720118365226027e-08
15067,,4.720115949816008e-08
15068,,4.720113966397584e-08
15069,,4.720099571745318e-08
15070,,4.7200955355128935e-08
15071,,4.7200932596209324e-08
15072,,4.720091301341497e-08
15073,,4.7200762188131825e-08
15074,,4.7200727509132925e-08
15075,,4.7200705775596335e-08
15076,,4.7200686378770283e-08
15077,,4.7200604144429004e-08
15078,,4.720058284761199e-08
15079,,4.7200478894597764e-08
15080,,4.72004054943005e-08
15081,,4.720037677268338e-08
15082,,4.7200356114275505e-08
15083,,4.7200234700546653e-08
15084,,4.720017572576759e-08
15085,,4.7200149607197716e-08
15086,,4.720012941902197e-08
15087,,4.7199995165566626e-08
15088,,4.719994679893015e-08
15089,,4.7199922595973395e-08
15090,,4.719990275350354e-08
15091,,4.719975905658493e-08
15092,,4.7199718492153355e-08
15093,,4.7199695696387725e-08
15094,,4.719967610770642e-08
15095,,4.7199525467549624e-08
15096,,4.719949064045221e-08
15097,,4.719946888006243e-08
15098,,4.719944947917218e-08
15099,,4.719936727385805e-08
15100,,4.719934595438594e-08
15101,,4.719924263013835e-08
15102,,4.7199168714010445e-08
15103,,4.7199139899637584e-08
15104,,4.719911922614093e-08
15105,,4.7198998276012764e-08
15106,,4.7198938922275286e-08
15107,,4.7198912736051345e-08
15108,,4.7198892535938435e-08
15109,,4.719875862421094e-08
15110,,4.7198709979526914e-08
15111,,4.719868572662032e-08
15112,,4.71986658750449e-08
15113,,4.719852243165936e-08
15114,,4.719848166204615e-08
15115,,4.719845883023296e-08
15116,,4.719843923580375e-08
15117,,4.719828878217383e-08
15118,,4.719825380403742e-08
15119,,4.719823201800688e-08
15120,,4.719821261184224e-08
15121,,4.719805700416737e-08
15122,,4.719802628543741e-08
15123,,4.71980052674478e-08
15124,,4.71978937191614e-08
15125,,4.719782660246963e-08
15126,,4.719779901530702e-08
15127,,4.719777856359216e-08
15128,,4.7197651566612984e-08
15129,,4.719759721268634e-08
15130,,4.7197571929444524e-08
15131,,4.719755189277286e-08
15132,,4.7197413535421456e-08
15133,,4.719736856752392e-08
15134,,4.719734497865716e-08
15135,,4.719732524750934e-08
15136,,4.7197178536401295e-08
15137,,4.719714047120292e-08
15138,,4.7197118127911035e-08
15139,,4.719709862126257e-08
15140,,4.719694576646282e-08
15141,,4.71969127775843e-08
15142,,4.7196891350768576e-08
15143,,4.719679100592957e-08
15144,,4.719671463739837e-08
15145,,4.719668538087175e-08
15146,,4.719666462727235e-08
15147,,4.719654587164132e-08
15148,,4.719648471386688e-08
15149,,4.7196458203384894e-08
15150,,4.719643794529142e-08
15151,,4.719630564893267e-08
15152,,4.7196255677961134e-08
15153,,4.7196231186213595e-08
15154,,4.719621129281991e-08
15155,,4.719606903908842e-08
15156,,4.719602729503207e-08
15157,,4.7196004288146496e-08
15158,,4.719598466240749e-08
15159,,4.719583508706722e-08
15160,,4.7195799392967397e-08
15161,,4.7195777477591043e-08
15162,,4.71957580488097e-08
15163,,4.7195603089151307e-08
15164,,4.719557184366084e-08
15165,,45.40058359236952
15166,,80717.7802045627
15167,,45.16086699394996
15168,,489.03520495905644
15169,,44.727504775475495
15170,,15.950821783968152
15171,,15.771636532832495
15172,,3.9193521143641523
15173,,227.65484835419937
15174,,3.873455619883826
15175,,2.2148515352770324
15176,,2.290223244727784
15177,,2.1007818261813154
15178,,12.73211987988134
15179,,2.0795043199845744
15180,,1.8702940223400397
15181,,1.714855141692207
15182,,1.4487768763579605
15183,,1.444784340066325
15184,,1.4447114790327082
15185,,1.4447101448548356
15186,,1.4447101204228263
15187,,1.444710119975421
15188,,1.4447101199672276
15189,,1.444710119967078
15190,,1.4447101199670758
15191,,1.4447101199670758
15192,,12.8677861593051
15193,,1.3518574370022902
15194,,0.7856722035164053
15195,,1.3682834509343609
15196,,0.712180533487646
15197,,0.5684325890361557
15198,,0.3924362479431229
15199,,0.9706481385260958
15200,,0.38801618593887777
15201,,0.3490765065251813
15202,,0.23355572907445254
15203,,0.193601376834044
15204,,0.19226340082460047
15205,,0.192209700523554
15206,,0.19220753025774967
15207,,0.19220744252323924
15208,,0.19220743897646814
15209,,0.1922074388330866
15210,,0.1922074388272897
15211,,0.19220743882705624
15212,,0.1922074388270448
15213,,0.19220743882704425
15214,,0.19220743882704425
15215,,0.1564464064885334
15216,,0.15500883623124564
15217,,0.1549390693800081
15218,,0.15493565393335787
15219,,0.15493548665859305
15220,,0.15493547846598013
15221,,0.1549354780647312
15222,,0.15493547804507876
15223,,0.15493547804411756
15224,,0.15493547804406896
15225,,0.1549354780440665
15226,,0.15493547804406604
15227,,0.15493547804406604
15228,,72.73767103051914
15229,,0.13880087495781132
15230,,0.40281829326368
15231,,0.10499942910714997
15232,,0.07510278074657765
15233,,2.7847665351427446
15234,,0.06720623378872605
15235,,0.0541943242174233
15236,,0.047706718365909145
15237,,0.10665507919539603
15238,,0.046309038826409674
15239,,0.04520267588502502
15240,,0.04300449716195086
15241,,0.04182801293816126
15242,,0.040632947387226115
15243,,0.037292630149251695
15244,,0.03254565651964855
15245,,0.028232036907497267
15246,,0.02483171397440007
15247,,0.02272476743749989
15248,,0.022226760990648332
15249,,0.021261393581810582
15250,,0.020113837482197795
15251,,0.018540440365568164
15252,,0.017274046936357524
15253,,0.01593629133074851
15254,,0.014508294351197888
15255,,0.012923868665532804
15256,,0.011167374262278732
15257,,0.009393694077494638
15258,,0.0073721228384305846
15259,,0.005265598216805521
15260,,0.0026358783835333183
15261,,0.0018698802688957975
15262,,0.00165246961960244
15263,,0.00154955424287321
15264,,0.0014489696373939012
15265,,0.0013657266344957576
15266,,0.0013104035605970984
15267,,0.0012690150170328414
15268,,0.0012418720792172564
15269,,0.0012050595902027663
15270,,0.0011505246858419386
15271,,0.0010631190821086983
15272,,0.000945133970632017
15273,,0.0007744327392576918
15274,,0.0006233328570070707
15275,,0.0005025156139271371
15276,,0.0003567056996296379
15277,,0.00026542178938610624
15278,,0.00022702860461024354
15279,,0.00021044205814942102
15280,,0.00019874034963188135
15281,,0.00018950418556904056
15282,,0.0001849165610368679
15283,,0.0001826159071084082
15284,,0.000181157197386862
15285,,0.0001780966370042814
15286,,0.00017220360341948946
15287,,0.00016359185806262317
15288,,0.0001532931510908108
15289,,0.0001479427798395781
15290,,0.0001451650354542409
15291,,0.00014224995513512523
15292,,0.00013819131334402834
15293,,0.00012972734046457954
15294,,0.00011541746379162259
15295,,9.755134989541241e-05
15296,,8.402376309668227e-05
15297,,7.90981665199054e-05
15298,,7.829576487728596e-05
15299,,7.80424946648806e-05
15300,,7.795600523112627e-05
15301,,7.786221037723422e-05
15302,,7.767227196495573e-05
15303,,7.727429726941373e-05
15304,,7.651733995774368e-05
15305,,7.521767821077763e-05
15306,,7.32445447169799e-05
15307,,6.986378164738837e-05
15308,,6.49901871628962e-05
15309,,6.204933738582246e-05
15310,,5.9859832411637257e-05
15311,,5.9303525048857674e-05
15312,,5.886148129166094e-05
15313,,5.800848091049883e-05
15314,,5.6279573545979544e-05
15315,,5.1734358798791564e-05
15316,,4.384480522285275e-05
15317,,3.086578235578755e-05
15318,,1.787177224434556e-05
15319,,1.1206193164126823e-05
15320,,7.609077179764845e-06
15321,,6.784977574311671e-06
15322,,6.360961703143612e-06
15323,,6.106492062554347e-06
15324,,6.0746379640952e-06
15325,,6.063913675375922e-06
15326,,6.050963659257272e-06
15327,,6.025293945033301e-06
15328,,5.972232003235467e-06
15329,,5.857874901858281e-06
15330,,5.615274000199976e-06
15331,,5.122906495925872e-06
15332,,4.216729285553181e-06
15333,,2.912354218282797e-06
15334,,3.205124169945116e-06
15335,,2.5011533855573376e-06
15336,,1.7150687796256878e-06
15337,,1.2349627994596453e-06
15338,,1.173204557071985e-06
15339,,1.1660503458352076e-06
15340,,1.16527115612545e-06
15341,,1.164619480328843e-06
15342,,1.1606124410993066e-06
15343,,1.1526666336413079e-06
15344,,1.1344263486172655e-06
15345,,1.0959031568816344e-06
15346,,1.0236640401136932e-06
15347,,9.170528046549208e-07
15348,,8.211594566686718e-07
15349,,7.691796568119384e-07
15350,,7.426756519636558e-07
15351,,7.400847739090053e-07
15352,,7.398222917799994e-07
15353,,7.397118498356796e-07
15354,,7.396323670925367e-07
15355,,7.390024744283132e-07
15356,,7.353869138619857e-07
15357,,7.251426842426516e-07
15358,,7.030071456004052e-07
15359,,6.565127769818507e-07
15360,,5.721337095888662e-07
15361,,4.46045414158187e-07
15362,,3.313263434029159e-07
15363,,2.5150884354213364e-07
15364,,2.3346033034416704e-07
15365,,2.311020624397671e-07
15366,,2.3090664394859987e-07
15367,,2.308935153800067e-07
15368,,2.3089158766800463e-07
15369,,2.3089019840894576e-07
15370,,2.3087961001950675e-07
15371,,2.3087676296708165e-07
15372,,2.3087530460002234e-07
15373,,2.3086851884645355e-07
15374,,2.3086220387177516e-07
15375,,2.3086044314757274e-07
15376,,2.3085904817266664e-07
15377,,2.3085043375885503e-07
15378,,2.3084598139024744e-07
15379,,2.3084422005647402e-07
15380,,2.308428060521553e-07
15381,,2.3084144279697485e-07
15382,,2.308310313893973e-07
15383,,2.3082820376600265e-07
15384,,2.3082660156015537e-07
15385,,2.308252057971151e-07
15386,,2.3082384514087555e-07
15387,,2.3081315971643009e-07
15388,,2.3081056668902456e-07
15389,,2.3080900103021135e-07
15390,,2.308076114756661e-07
15391,,2.308062521386477e-07
15392,,2.3079537591541819e-07
15393,,2.3079294420973145e-07
15394,,2.307914063540629e-07
15395,,2.307900218411178e-07
15396,,2.3078866365466508e-07
15397,,2.3077762350271147e-07
15398,,2.3077533066716638e-07
15399,,2.3077381691280518e-07
15400,,2.3077243681857536e-07
15401,,2.3076602783281442e-07
15402,,2.307598971182748e-07
15403,,2.3075772529823537e-07
15404,,2.307562325868395e-07
15405,,2.3075485638893186e-07
15406,,2.3074771109617499e-07
15407,,2.3074219391127854e-07
15408,,2.3074012761768324e-07
15409,,2.3073865329357807e-07
15410,,2.3073728053696033e-07
15411,,2.3072949381415186e-07
15412,,2.3072451147646016e-07
15413,,2.3072253721362246e-07
15414,,2.3072107896263255e-07
15415,,2.307197092461975e-07
15416,,2.3071136379890578e-07
15417,,2.3070684772269307e-07
15418,,2.3070495372554064e-07
15419,,2.3070350952878778e-07
15420,,2.3070214250756235e-07
15421,,2.3069331042406683e-07
15422,,2.306892008256515e-07
15423,,2.306873768407369e-07
15424,,2.306859449375833e-07
15425,,2.3068458031231403e-07
15426,,2.306753244299461e-07
15427,,2.3067156919798028e-07
15428,,2.3066980628262302e-07
15429,,2.3066838514153492e-07
15430,,2.306670226490374e-07
15431,,2.30657397746036e-07
15432,,2.306539514511931e-07
15433,,2.3065224181665492e-07
15434,,2.3065083009808103e-07
15435,,2.306494695065693e-07
15436,,2.3063952333448113e-07
15437,,2.3063634638041476e-07
15438,,2.306346832306593e-07
15439,,2.3063327977257568e-07
15440,,2.30631920881405e-07
15441,,2.3062169506247216e-07
15442,,2.3061875292834047e-07
15443,,2.3061713034409994e-07
15444,,2.306157341297247e-07
15445,,2.306143767668531e-07
15446,,2.306039075792088e-07
15447,,2.3060117018015533e-07
15448,,2.3059958300062536e-07
15449,,2.305981931440288e-07
15450,,2.3059683715718785e-07
15451,,2.3058615622650186e-07
15452,,2.3058359733455238e-07
15453,,2.3058204105823702e-07
15454,,2.3058065678878613e-07
15455,,2.3057930204412425e-07
15456,,2.3056843693839982e-07
15457,,2.3056603369006616e-07
15458,,2.3056450439936328e-07
15459,,2.305631250418826e-07
15460,,2.3056177142506968e-07
15461,,2.3055074617572923e-07
15462,,2.305484786443544e-07
15463,,2.3054697291630657e-07
15464,,2.3054559788567393e-07
15465,,2.3053910112026946e-07
15466,,2.3053308084899398e-07
15467,,2.3053093166197682e-07
15468,,2.305294465187529e-07
15469,,2.3052807530341307e-07
15470,,2.3052085855482587e-07
15471,,2.3051543826475253e-07
15472,,2.305133922800538e-07
15473,,2.3051192512368106e-07
15474,,2.3051055728088772e-07
15475,,2.3050271333642055e-07
15476,,2.3049781607868856e-07
15477,,2.3049586009767663e-07
15478,,2.3049440866448805e-07
15479,,2.3049304380135436e-07
15480,,2.3048465354584008e-07
15481,,2.3048021224586736e-07
15482,,2.3047833476101111e-07
15483,,2.304768970775129e-07
15484,,2.304755348573829e-07
15485,,2.3046666879105713e-07
15486,,2.304626249812296e-07
15487,,2.304608159628463e-07
15488,,2.3045939030777132e-07
15489,,2.304580304346026e-07
15490,,2.3044875001469162e-07
15491,,2.304450527285991e-07
15492,,2.304433034363297e-07
15493,,2.3044188831131662e-07
15494,,2.3044053052807873e-07
15495,,2.304308893226652e-07
15496,,2.3042749413783475e-07
15497,,2.3042579694901746e-07
15498,,2.3042439104504994e-07
15499,,2.3042303512813866e-07
15500,,2.3041307983263313e-07
15501,,2.304099480209029e-07
15502,,2.3040829629447531e-07
15503,,2.304068984736151e-07
15504,,2.30405544228007e-07
15505,,2.3039531554411308e-07
15506,,2.303924133520641e-07
15507,,2.3039080129744383e-07
15508,,2.3038941056636836e-07
15509,,2.303880578198591e-07
15510,,2.3037759122827263e-07
15511,,2.3037488923214366e-07
15512,,2.30373311800899e-07
15513,,2.3037192729395942e-07
15514,,2.3037057589952208e-07
15515,,2.303599023259977e-07
15516,,2.3035737487754772e-07
15517,,2.303558276718317e-07
15518,,2.303544486316459e-07
15519,,2.3035309845879588e-07
15520,,2.303422448642677e-07
15521,,2.3033986960599324e-07
15522,,2.3033834879117782e-07
15523,,2.3033697456098343e-07
15524,,2.303356254963879e-07
15525,,2.3032461537482807e-07
15526,,2.3032237282244995e-07
15527,,2.3032087505290058e-07
15528,,2.303195050606039e-07
15529,,2.3031292223092573e-07
15530,,2.303070108433967e-07
15531,,2.3030488400759754e-07
15532,,2.3030340637155072e-07
15533,,2.3030204011518908e-07
15534,,2.302947533928568e-07
15535,,2.3028942863301943e-07
15536,,2.3028740270789755e-07
15537,,2.3028594266459997e-07
15538,,2.3028457971013144e-07
15539,,2.3027667982409462e-07
15540,,2.302718664518572e-07
15541,,2.302699285309148e-07
15542,,2.3026848386618228e-07
15543,,2.3026712383246965e-07
15544,,2.3025868986882457e-07
15545,,2.302543222982279e-07
15546,,2.3025246112876443e-07
15547,,2.302510299139156e-07
15548,,2.30249672472525e-07
15549,,2.302407733689064e-07
15550,,2.3023679442859551e-07
15551,,2.3023500020486598e-07
15552,,2.302335807576043e-07
15553,,2.302322256172677e-07
15554,,2.3022292146441786e-07
15555,,2.3021928132044505e-07
15556,,2.3021754549619015e-07
15557,,2.3021613634939738e-07
15558,,2.3021478325873596e-07
15559,,2.3020512643516468e-07
15560,,2.3020178165241896e-07
15561,,2.302000967754643e-07
15562,,2.3019869664987133e-07
15563,,2.3019734539026338e-07
15564,,2.30187381552741e-07
15565,,2.3018429426419053e-07
15566,,2.3018265384077105e-07
15567,,2.3018126162422197e-07
15568,,2.3017991200329944e-07
15569,,2.3016968094803785e-07
15570,,2.3016681815292248e-07
15571,,2.3016521652109466e-07
15572,,2.3016383123885214e-07
15573,,2.3016248309281178e-07
15574,,2.30152019510877e-07
15575,,2.3014935243811682e-07
15576,,2.301477846620459e-07
15577,,2.301464054715992e-07
15578,,2.3014505865280927e-07
15579,,2.3013439277900874e-07
15580,,2.3013189635491375e-07
15581,,2.3013035813292063e-07
15582,,2.3012898429531825e-07
15583,,2.3012763867529333e-07
15584,,2.3011679686894918e-07
15585,,2.301144492345365e-07
15586,,2.3011293681758418e-07
15587,,2.3011156768852765e-07
15588,,2.301056903542886e-07
15589,,2.300992283933835e-07
15590,,2.3009701049581824e-07
15591,,2.3009552061535525e-07
15592,,2.300941556356553e-07
15593,,2.300874884884735e-07
15594,,2.3008168439942776e-07
15595,,2.300795796316883e-07
15596,,2.3007810943874512e-07
15597,,2.3007674811991473e-07
15598,,2.3006939292384e-07
15599,,2.3006416231313727e-07
15600,,2.3006215619873555e-07
15601,,2.3006070321115366e-07
15602,,2.3005934512341597e-07
15603,,2.3005139058533125e-07
15604,,2.3004665989137465e-07
15605,,2.3004473981029107e-07
15606,,2.3004330186333036e-07
15607,,2.3004194663957645e-07
15608,,2.3003347007595015e-07
15609,,2.300291751769336e-07
15610,,2.3002733013172358e-07
15611,,2.300259053380414e-07
15612,,2.300245526516493e-07
15613,,2.300156214592682e-07
15614,,2.3001170646445117e-07
15615,,2.3000992686937114e-07
15616,,2.300085135821611e-07
15617,,2.3000716315517195e-07
15618,,2.2999783607783074e-07
15619,,2.2999425227031572e-07
15620,,2.2999252976432944e-07
15621,,2.29991126554577e-07
15622,,2.2998977813584442e-07
15623,,2.299801063811899e-07
15624,,2.2997681129531232e-07
15625,,2.2997513859566508e-07
15626,,2.299737442123972e-07
15627,,2.299723975887166e-07
15628,,2.2996242579070016e-07
15629,,2.2995938241010613e-07
15630,,2.2995775316925122e-07
15631,,2.29956366521905e-07
15632,,2.2995502150866766e-07
15633,,2.29944788569915e-07
15634,,2.2994196463075291e-07
15635,,2.2994037331357174e-07
15636,,2.2993899345318256e-07
15637,,2.2993764988641567e-07
15638,,2.2992718971902154e-07
15639,,2.2992455709842861e-07
15640,,2.299229988828219e-07
15641,,2.2992162498068797e-07
15642,,2.2992028271811496e-07
15643,,2.29909624880707e-07
15644,,2.299071590662019e-07
15645,,2.2990562974369853e-07
15646,,2.299042610801423e-07
15647,,2.2990291999788233e-07
15648,,2.2989209025543066e-07
15649,,2.2988976987836495e-07
15650,,2.2988826578430808e-07
15651,,2.2988690173120446e-07
15652,,2.2988092389789813e-07
15653,,2.2987458252968764e-07
15654,,2.2987238896912884e-07
15655,,2.298709069085461e-07
15656,,2.2986954691533668e-07
15657,,2.298627971754338e-07
15658,,2.298570988206583e-07
15659,,2.298550158380651e-07
15660,,2.2985355302725734e-07
15661,,2.298521966184232e-07
15662,,2.2984477444153348e-07
15663,,2.2983963661022694e-07
15664,,2.2983765005585097e-07
15665,,2.298362040677025e-07
15666,,2.2983485082391771e-07
15667,,2.2982684291948295e-07
15668,,2.2982219370337745e-07
15669,,2.298202912440374e-07
15670,,2.298188599608998e-07
15671,,2.2981750952332003e-07
15672,,2.2980899146621991e-07
15673,,2.2980476818973683e-07
15674,,2.2980293907300466e-07
15675,,2.2980152065335994e-07
15676,,2.2980017270369464e-07
15677,,2.2979121037142317e-07
15678,,2.297873584015798e-07
15679,,2.2978559325750225e-07
15680,,2.2978418609283518e-07
15681,,2.2978284035363855e-07
15682,,2.2977349116584453e-07
15683,,2.2976996288556968e-07
15684,,2.2976825354608216e-07
15685,,2.2976685623507372e-07
15686,,2.2976551246747994e-07
15687,,2.2975582647378196e-07
15688,,2.2975258037569505e-07
15689,,2.297509197201423e-07
15690,,2.2974953104147218e-07
15691,,2.2974818903552046e-07
15692,,2.2973820986277694e-07
15693,,2.297352097677983e-07
15694,,2.2973359159135897e-07
15695,,2.2973221047870176e-07
15696,,2.297308700523372e-07
15697,,2.2972063572674087e-07
15698,,2.2971785009699332e-07
15699,,2.2971626898965155e-07
15700,,2.2971489451790715e-07
15701,,2.2971355551133326e-07
15702,,2.2970309917528893e-07
15703,,2.297005005267684e-07
15704,,2.296989517734063e-07
15705,,2.296975831309125e-07
15706,,2.2969624540579412e-07
15707,,2.2968559594929264e-07
15708,,2.2968316032363986e-07
15709,,2.2968163981453506e-07
15710,,2.2968027629931402e-07
15711,,2.2967893973389835e-07
15712,,2.2966812233767803e-07
15713,,2.296658288513494e-07
15714,,2.29664333004111e-07
15715,,2.2966297399815262e-07
15716,,2.2965689769577184e-07
15717,,2.2965067510388428e-07
15718,,2.2964850555082137e-07
15719,,2.2964703124465175e-07
15720,,2.2964567621217038e-07
15721,,2.296388456256404e-07
15722,,2.2963325142306772e-07
15723,,2.2963118993939757e-07
15724,,2.2962973444856023e-07
15725,,2.2962838292733011e-07
15726,,2.2962089527574396e-07
15727,,2.296158488363653e-07
15728,,2.2961388159386287e-07
15729,,2.2961244254873332e-07
15730,,2.2961109412805373e-07
15731,,2.296030341519188e-07
15732,,2.295984652021255e-07
15733,,2.2959658014453e-07
15734,,2.2959515547693616e-07
15735,,2.2959380980418886e-07
15736,,2.2958525136376374e-07
15737,,2.2958109864968892e-07
15738,,2.2957928526874124e-07
15739,,2.2957787317822313e-07
15740,,2.2957652994234772e-07
15741,,2.2956753741770971e-07
15742,,2.295637475504319e-07
15743,,2.2956199668945463e-07
15744,,2.295605956021186e-07
15745,,2.295592545338475e-07
15746,,2.2954988404562026e-07
15747,,2.2954641048420592e-07
15748,,2.2954471415896138e-07
15749,,2.295433227079022e-07
15750,,2.295419835708631e-07
15751,,2.2953228402740145e-07
15752,,2.2952908621003747e-07
15753,,2.2952743746417078e-07
15754,,2.29526054454181e-07
15755,,2.2952471704675203e-07
15756,,2.2951473108255252e-07
15757,,2.295117736546083e-07
15758,,2.2951016642191875e-07
15759,,2.2950879081227003e-07
15760,,2.29507454954275e-07
15761,,2.2949721972637528e-07
15762,,2.2949447186910593e-07
15763,,2.2949290086594982e-07
15764,,2.2949153174943926e-07
15765,,2.2949019728635068e-07
15766,,2.2947974518813254e-07
15767,,2.2947718004033987e-07
15768,,2.2947564065736464e-07
15769,,2.294742772452251e-07
15770,,2.2947294403846455e-07
15771,,2.29462303301129e-07
15772,,2.2945989744855836e-07
15773,,2.2945838566844236e-07
15774,,2.2945702727137658e-07
15775,,2.2945569520568773e-07
15776,,2.294448904362561e-07
15777,,2.294426234730006e-07
15778,,2.294411357965423e-07
15779,,2.2943978181319527e-07
15780,,2.2943360903262414e-07
15781,,2.2942750342982785e-07
15782,,2.2942535756694914e-07
15783,,2.2942389094360744e-07
15784,,2.2942254085262895e-07
15785,,2.294156311434727e-07
15786,,2.2941013952498368e-07
15787,,2.2940809926110262e-07
15788,,2.2940665102970242e-07
15789,,2.2940530437175564e-07
15790,,2.2939775273348082e-07
15791,,2.2939279631830765e-07
15792,,2.29390848137528e-07
15793,,2.2938941598039652e-07
15794,,2.2938807235976474e-07
15795,,2.2937996159519732e-07
15796,,2.2937547171495345e-07
15797,,2.2937360383637303e-07
15798,,2.2937218573450378e-07
15799,,2.2937084480330192e-07
15800,,2.2936224708648078e-07
15801,,2.2935816388597957e-07
15802,,2.2935636604680255e-07
15803,,2.293549602375057e-07
15804,,2.2935362169347162e-07
15805,,2.2934459993067538e-07
15806,,2.2934087124145775e-07
15807,,2.293391344908382e-07
15808,,2.2933773943959786e-07
15809,,2.2933640301946708e-07
15810,,2.2932701204148467e-07
15811,,2.2932359239328322e-07
15812,,2.2932190893249445e-07
15813,,2.2932052329879676e-07
15814,,2.2931918877586287e-07
15815,,2.2930947637340824e-07
15816,,2.2930632613151073e-07
15817,,2.2930468915852194e-07
15818,,2.2930331178188056e-07
15819,,2.293019789515381e-07
15820,,2.292919867831219e-07
15821,,2.2928907139969714e-07
15822,,2.2928747499319156e-07
15823,,2.2928610485148867e-07
15824,,2.2928477354233355e-07
15825,,2.2927453791195162e-07
15826,,2.2927182728120747e-07
15827,,2.292702662730619e-07
15828,,2.2926890248352333e-07
15829,,2.2926757254266007e-07
15830,,2.2925712509876648e-07
15831,,2.2925459297167668e-07
15832,,2.292530628629121e-07
15833,,2.292517046509793e-07
15834,,2.2925037594508138e-07
15835,,2.2923974427267137e-07
15836,,2.2923736777425753e-07
15837,,2.2923586463804097e-07
15838,,2.292345113325127e-07
15839,,2.292331837476276e-07
15840,,2.2922239188520605e-07
15841,,2.292201510773733e-07
15842,,2.2921867149619455e-07
15843,,2.2921732250808158e-07
15844,,2.2921105527617497e-07
15845,,2.2920506484782708e-07
15846,,2.292029423525049e-07
15847,,2.29201483344203e-07
15848,,2.292001381635969e-07
15849,,2.2919315108146096e-07
15850,,2.291877604651303e-07
15851,,2.291857411349192e-07
15852,,2.291843001010224e-07
15853,,2.29182958282815e-07
15854,,2.291753441646057e-07
15855,,2.2917047638983274e-07
15856,,2.291685470210786e-07
15857,,2.291671216953827e-07
15858,,2.2916578285045227e-07
15859,,2.2915762259379625e-07
15860,,2.2915321057383172e-07
15861,,2.291513596579512e-07
15862,,2.2914994806974375e-07
15863,,2.291486118591337e-07
15864,,2.2913997597253685e-07
15865,,2.29135961232614e-07
15866,,2.2913417874131228e-07
15867,,2.2913277916588757e-07
15868,,2.2913144529401574e-07
15869,,2.2912239523958092e-07
15870,,2.2911872680988416e-07
15871,,2.2911700399826767e-07
15872,,2.2911561494010938e-07
15873,,2.2911428314988816e-07
15874,,2.2910487249191327e-07
15875,,2.2910150595034464e-07
15876,,2.2909983520036256e-07
15877,,2.2909845534857006e-07
15878,,2.2909712541692643e-07
15879,,2.2908740084451563e-07
15880,,2.2908429747236082e-07
15881,,2.2908267214136426e-07
15882,,2.290813003592911e-07
15883,,2.290799720900631e-07
15884,,2.2906997429467602e-07
15885,,2.2906710034387279e-07
15886,,2.2906551464274428e-07
15887,,2.2906414993646242e-07
15888,,2.2906282315751158e-07
15889,,2.2905258761296144e-07
15890,,2.2904991366570133e-07
15891,,2.2904836255084468e-07
15892,,2.2904700405430406e-07
15893,,2.290456786203144e-07
15894,,2.2903523623826748e-07
15895,,2.2903273665876739e-07
15896,,2.2903121573069887e-07
15897,,2.2902986268890781e-07
15898,,2.290285384672131e-07
15899,,2.2901791619640376e-07
15900,,2.2901556863681624e-07
15901,,2.2901407406086937e-07
15902,,2.2901272581889382e-07
15903,,2.290114026995241e-07
15904,,2.29000624021271e-07
15905,,2.2899840900481038e-07
15906,,2.2899693744307984e-07
15907,,2.28995593425112e-07
15908,,2.289892337291026e-07
15909,,2.289833566941138e-07
15910,,2.289812572461497e-07
15911,,2.2897980578304714e-07
15912,,2.2897846549264457e-07
15913,,2.2897140275765233e-07
15914,,2.2896611158459556e-07
15915,,2.289641129047517e-07
15916,,2.289626790054266e-07
15917,,2.2896134200416243e-07
15918,,2.2895366689347153e-07
15919,,2.2894888639443747e-07
15920,,2.2894697558795355e-07
15921,,2.2894555703952489e-07
15922,,2.2894422294784183e-07
15923,,2.28936014481714e-07
15924,,2.2893167912485973e-07
15925,,2.2892984495201656e-07
15926,,2.2892843982542837e-07
15927,,2.2892710831264075e-07
15928,,2.2891843536637095e-07
15929,,2.2891448803407164e-07
15930,,2.2891272069508437e-07
15931,,2.2891132731134202e-07
15932,,2.2890999809151603e-07
15933,,2.2890092069114894e-07
15934,,2.288973116015581e-07
15935,,2.2889560255936213e-07
15936,,2.2889421945095363e-07
15937,,2.2889289226860592e-07
15938,,2.2888346274178202e-07
15939,,2.2888014850224607e-07
15940,,2.2887849031251646e-07
15941,,2.2887711620354534e-07
15942,,2.288757908455525e-07
15943,,2.288660547904255e-07
15944,,2.2886299758282147e-07
15945,,2.2886138375722224e-07
15946,,2.2886001753492932e-07
15947,,2.288586938061737e-07
15948,,2.2884869097560805e-07
15949,,2.288458578335738e-07
15950,,2.288442827201451e-07
15951,,2.2884292341491262e-07
15952,,2.288416011487416e-07
15953,,2.2883136618232802e-07
15954,,2.2882872837875617e-07
15955,,2.2882718704765556e-07
15956,,2.2882583381342002e-07
15957,,2.2882451286698885e-07
15958,,2.2881407596161637e-07
15959,,2.2881160845265245e-07
15960,,2.2881009660916391e-07
15961,,2.2880874871188075e-07
15962,,2.2880742895520317e-07
15963,,2.2879681642976316e-07
15964,,2.2879449739007483e-07
15965,,2.2879301129000448e-07
15966,,2.2879166808419578e-07
15967,,7.189181728445339
15968,,71926.41984409143
15969,,7.120270209578672
15970,,572.9562707756328
15971,,7.033656442776961
15972,,3.7078041675885896
15973,,3.1765234141937464
15974,,2.903296856239352
15975,,8.613856717510476
15976,,2.8950816949617253
15977,,2.8205501916812787
15978,,2.696885450170658
15979,,2.69418560504024
15980,,2.694124327437902
15981,,2.69412293542368
15982,,2.6941229038013175
15983,,2.6941229030829543
15984,,2.6941229030666367
15985,,2.6941229030662606
15986,,2.6941229030662504
15987,,2.6941229030662504
15988,,2.574372079888363
15989,,2.5716477976485566
15990,,2.5715833613147634
15991,,2.5715818358390266
15992,,2.5715817997239023
15993,,2.5715817988688867
15994,,2.5715817988486314
15995,,2.5715817988481615
15996,,2.5715817988481504
15997,,2.57158179884815
15998,,2.57158179884815
15999,,2.456070254134628
16000,,2.4533375458765807
16001,,2.4532703080465597
16002,,2.4532686520884086
16003,,2.453268611303912
16004,,2.453268610299422
16005,,2.4532686102746792
16006,,2.4532686102740704
16007,,2.45326861027406
16008,,2.4532686102740606
16009,,1347.025683330418
16010,,2.3054408240404225
16011,,7.529734014039532
16012,,1.9771815702211397
16013,,1.3330514969154181
16014,,21.781470753165166
16015,,1.2287359466668353
16016,,0.788745664633242
16017,,0.7612852766189796
16018,,0.57508806078756
16019,,7.374483619295437
16020,,0.5615074734346496
16021,,0.498474728587564
16022,,0.4556148459318806
16023,,0.4540263022643724
16024,,0.4539587324748797
16025,,0.4539558420744822
16026,,0.4539557184033954
16027,,0.45395571311184774
16028,,0.4539557128854375
16029,,0.4539557128757477
16030,,0.45395571287533293
16031,,0.4539557128753166
16032,,0.453955712875316
16033,,0.453955712875316
16034,,0.41219314428807435
16035,,0.41034234808892217
16036,,0.41025289243812874
16037,,0.4102485509419194
16038,,0.4102483401968163
16039,,0.41024832996671995
16040,,0.41024832947012535
16041,,0.41024832944601947
16042,,0.41024832944485
16043,,0.4102483294447913
16044,,0.4102483294447884
16045,,0.4102483294447884
16046,,0.3700767857059097
16047,,0.36810353063508
16048,,0.36799810763252844
16049,,0.36799245051403573
16050,,0.3679921468751231
16051,,0.3679921305774735
16052,,0.36799212970270223
16053,,0.36799212965574957
16054,,0.36799212965323147
16055,,0.3679921296530945
16056,,0.367992129653088
16057,,0.3679921296530866
16058,,0.3679921296530866
16059,,0.3305203922726115
16060,,0.3284900283784309
16061,,0.32836915744942563
16062,,0.3283619224650258
16063,,0.32836148925865377
16064,,0.32836146331921556
16065,,0.32836146176601727
16066,,0.32836146167301455
16067,,0.3283614616674466
16068,,0.32836146166711455
16069,,0.328361461667094
16070,,0.3283614616670931
16071,,0.3283614616670931
16072,,0.2938346992289379
16073,,0.29187683619336097
16074,,0.29175132032107604
16075,,0.2917432137722246
16076,,0.2917426899539302
16077,,0.2917426561054857
16078,,0.2917426539182403
16079,,0.29174265377690295
16080,,0.29174265376777014
16081,,0.2917426537671806
16082,,0.2917426537671412
16083,,0.29174265376713937
16084,,0.2917426537671391
16085,,0.2917426537671391
16086,,0.4719480106149828
16087,,0.153718602763122
16088,,0.11986589848854928
16089,,1.991968172527959
16090,,0.1053589656348767
16091,,0.08925510161515124
16092,,0.08325138968209249
16093,,0.06902770092543062
16094,,0.05867445904439432
16095,,0.04234150191163548
16096,,0.03546359849514999
16097,,0.049627798681131985
16098,,0.0337962029869726
16099,,0.03250351416340213
16100,,0.030277392698268586
16101,,0.027602794600388638
16102,,0.02466713656038535
16103,,0.022599897382499012
16104,,0.021259941976519824
16105,,0.016832750400239963
16106,,0.017572672230631657
16107,,0.01581443998321889
16108,,0.01502438994233053
16109,,0.014607172465073884
16110,,0.013781222610967614
16111,,0.012636973812546297
16112,,0.011114148828805528
16113,,0.009443760149165
16114,,0.008646793502770351
16115,,0.008472005063005853
16116,,0.008412147018114538
16117,,0.008362462338484315
16118,,0.008258144064077625
16119,,0.008017176539445798
16120,,0.007812975118264806
16121,,0.0076263626386228
16122,,0.0074879707941475195
16123,,0.007322631664567434
16124,,0.007055043939741201
16125,,0.006583162375920747
16126,,0.005869145913543277
16127,,0.0045957367047836815
16128,,0.0036926828291130955
16129,,0.003005118183884391
16130,,0.0026538815988373914
16131,,0.0025148703591057107
16132,,0.0022895207043142516
16133,,0.001980730096260609
16134,,0.001529972745995172
16135,,0.0012439845846750487
16136,,0.0011361016749784252
16137,,0.0011081959271014843
16138,,0.001099196674066646
16139,,0.001089600393774615
16140,,0.001073750873404487
16141,,0.001044786096506207
16142,,0.0009896918582791418
16143,,0.000885662490511149
16144,,0.0007020878146930399
16145,,0.00044252230792501387
16146,,0.0002684047227579444
16147,,0.00020913415561993036
16148,,0.0001968972393063544
16149,,0.0001950665897023023
16150,,0.00019439534200744305
16151,,0.00019252373615914935
16152,,0.00018926110569210625
16153,,0.00018607252900506858
16154,,0.00018105603494574966
16155,,0.0001737743915639872
16156,,0.00016190957419716945
16157,,0.00014962450153648945
16158,,0.00014077388772240968
16159,,0.00013364965451748338
16160,,0.00012408483209392355
16161,,0.00010965946454392132
16162,,8.88720222372231e-05
16163,,6.205295255511826e-05
16164,,4.296228170265008e-05
16165,,3.658340437991024e-05
16166,,3.525482900661833e-05
16167,,3.4467277784446406e-05
16168,,3.21841121677056e-05
16169,,2.827385154726758e-05
16170,,2.132805191874651e-05
16171,,1.5307235553032653e-05
16172,,1.1445415267933821e-05
16173,,8.956008201438754e-06
16174,,8.722918128525901e-06
16175,,8.698065711796807e-06
16176,,8.68635206080351e-06
16177,,8.673051831332713e-06
16178,,8.647746721667054e-06
16179,,8.58765918573609e-06
16180,,8.445133213756615e-06
16181,,8.124798099107735e-06
16182,,7.468266966964505e-06
16183,,6.299227268671255e-06
16184,,4.74583145776912e-06
16185,,3.483140048264251e-06
16186,,2.9584125873559677e-06
16187,,2.7805642375117183e-06
16188,,2.7627328998365325e-06
16189,,2.7593927378118735e-06
16190,,2.758930795584283e-06
16191,,2.7584857414218586e-06
16192,,2.757356528441526e-06
16193,,2.7546145816859655e-06
16194,,2.7482858617608324e-06
16195,,2.7338361580978624e-06
16196,,2.7014610406034343e-06
16197,,2.631787288440107e-06
16198,,2.4944401619326194e-06
16199,,2.268186215009815e-06
16200,,2.0010364737691784e-06
16201,,1.8472218422513904e-06
16202,,1.7713002048258175e-06
16203,,1.7379227568463946e-06
16204,,1.735380897931833e-06
16205,,1.734831646728196e-06
16206,,1.7341786156142356e-06
16207,,1.7328097209416703e-06
16208,,1.7296642508358373e-06
16209,,1.722493616768779e-06
16210,,1.7059593486092648e-06
16211,,1.668496503974593e-06
16212,,1.5859547526779454e-06
16213,,1.4162355305571622e-06
16214,,1.1149907358191523e-06
16215,,7.129332838129349e-07
16216,,5.438840467236675e-06
16217,,6.971530871757811e-07
16218,,3.7536601703521075e-07
16219,,2.286925674733938e-07
16220,,1.973667833832253e-07
16221,,1.9352600445960216e-07
16222,,1.932252164467117e-07
16223,,1.9320392901377159e-07
16224,,1.9319954493483937e-07
16225,,1.9319597999739308e-07
16226,,1.9316707293357837e-07
16227,,1.931610632431112e-07
16228,,1.931573646052971e-07
16229,,1.931396777303481e-07
16230,,1.931235352038471e-07
16231,,1.9311885522545926e-07
16232,,1.9311522760368215e-07
16233,,1.9309796153685212e-07
16234,,1.930815888892786e-07
16235,,1.9307675557665644e-07
16236,,1.930731085715167e-07
16237,,1.930695847090122e-07
16238,,1.930401647609308e-07
16239,,1.9303471476177072e-07
16240,,1.9303100471090892e-07
16241,,1.9302747513307054e-07
16242,,1.929992843213216e-07
16243,,1.9299273934775474e-07
16244,,1.929889168256757e-07
16245,,1.929853763930002e-07
16246,,1.9295919354942436e-07
16247,,1.92950854969215e-07
16248,,1.9294684755753423e-07
16249,,1.929432887556635e-07
16250,,1.9292033340532806e-07
16251,,1.9290910723052445e-07
16252,,1.9290480161586472e-07
16253,,1.9290121270762616e-07
16254,,1.9288342578931033e-07
16255,,1.9286757085188965e-07
16256,,1.928627867314445e-07
16257,,1.9285914904479322e-07
16258,,1.928556301415672e-07
16259,,1.928263661088313e-07
16260,,1.9282081535603428e-07
16261,,1.928170990535925e-07
16262,,1.928135727754808e-07
16263,,1.9278568578367868e-07
16264,,1.9277890744606104e-07
16265,,1.9277506480115727e-07
16266,,1.9277152620370656e-07
16267,,1.9274583852573013e-07
16268,,1.9273709495801323e-07
16269,,1.9273304959103408e-07
16270,,1.9272949076698202e-07
16271,,1.9270731835251436e-07
16272,,1.9269542904129313e-07
16273,,1.9269105871815004e-07
16274,,1.9268746701016695e-07
16275,,1.9267091591971785e-07
16276,,1.9265399156395e-07
16277,,1.9264910065704032e-07
16278,,1.926454558093849e-07
16279,,1.9264194004742273e-07
16280,,1.9261291354632596e-07
16281,,1.9260718897221083e-07
16282,,1.9260345856572628e-07
16283,,1.9259993470833942e-07
16284,,1.9257240468131153e-07
16285,,1.9256534537236716e-07
16286,,1.9256147752717193e-07
16287,,1.9255794020113882e-07
16288,,1.9253280056919146e-07
16289,,1.9252360460777584e-07
16290,,1.925195162876121e-07
16291,,1.9251595689503663e-07
16292,,1.924946383168599e-07
16293,,1.9248202228715263e-07
16294,,1.9247758060190275e-07
16295,,1.924739853841604e-07
16296,,1.9247047787516658e-07
16297,,1.9244068741518135e-07
16298,,1.9243567968550863e-07
16299,,1.924320266194667e-07
16300,,1.924285138841876e-07
16301,,1.9239974243823692e-07
16302,,1.923938282860617e-07
16303,,1.9239008212767608e-07
16304,,1.9238656051459873e-07
16305,,1.9235941533120167e-07
16306,,1.9235205000558515e-07
16307,,1.9234815434879072e-07
16308,,1.923446180184328e-07
16309,,1.923200709565566e-07
16310,,1.92310382621618e-07
16311,,1.9230624719233055e-07
16312,,1.9230268679535663e-07
16313,,1.9228229325179746e-07
16314,,1.9226888659366837e-07
16315,,1.922643669171758e-07
16316,,1.9226076749570605e-07
16317,,1.9225726342452391e-07
16318,,1.922276586879727e-07
16319,,1.9222252353989865e-07
16320,,1.9221886115193313e-07
16321,,1.9221535132116356e-07
16322,,1.921868537689094e-07
16323,,1.9218073309415886e-07
16324,,1.9217696942129445e-07
16325,,1.9217344986616456e-07
16326,,1.9214671969641076e-07
16327,,1.921390212403371e-07
16328,,1.9213509495983115e-07
16329,,1.9213155932636442e-07
16330,,1.921076531425218e-07
16331,,1.9209742905317432e-07
16332,,1.9209324201654724e-07
16333,,1.9208968014606996e-07
16334,,1.9207028896647543e-07
16335,,1.9205602226107473e-07
16336,,1.9205141739920648e-07
16337,,1.9204781302504002e-07
16338,,1.920443123072625e-07
16339,,1.920149060709555e-07
16340,,1.9200963199499742e-07
16341,,1.9200595908744164e-07
16342,,1.9200245203560304e-07
16343,,1.9197424885318293e-07
16344,,1.919679032368272e-07
16345,,1.91964120137888e-07
16346,,1.9196060243519898e-07
16347,,1.9193432007924033e-07
16348,,1.9192625902355004e-07
16349,,1.9192229906084679e-07
16350,,1.919187638053112e-07
16351,,1.918955510187924e-07
16352,,1.9188474401025492e-07
16353,,1.918805004815675e-07
16354,,1.9187693662374998e-07
16355,,1.9185863189582507e-07
16356,,1.9184342966282094e-07
16357,,1.9183873179303855e-07
16358,,1.9183512165064816e-07
16359,,1.918316241998158e-07
16360,,1.918024303593105e-07
16361,,1.9179700483901083e-07
16362,,1.917933201141773e-07
16363,,1.9178981569780032e-07
16364,,1.9176192915522744e-07
16365,,1.917553385722569e-07
16366,,1.917515339701195e-07
16367,,1.9174801790217674e-07
16368,,1.9172221902649633e-07
16369,,1.9171376332604567e-07
16370,,1.917097663594402e-07
16371,,1.9170623113115413e-07
16372,,1.916837688572805e-07
16373,,1.9167232764540424e-07
16374,,1.9166802230686878e-07
16375,,1.916644559073708e-07
16376,,1.9164732907612936e-07
16377,,1.9163110923273514e-07
16378,,1.9162630985474956e-07
16379,,1.916226930592798e-07
16380,,1.9161919877521312e-07
16381,,1.9159023244365286e-07
16382,,1.915846418768102e-07
16383,,1.9158094391584138e-07
16384,,1.9157744198929473e-07
16385,,1.915498963030306e-07
16386,,1.9154303897959796e-07
16387,,1.9153921061271812e-07
16388,,1.915356959394939e-07
16389,,1.9151041933755519e-07
16390,,1.915015341430205e-07
16391,,1.9149749655930987e-07
16392,,1.9149396098164466e-07
16393,,1.914723113356589e-07
16394,,1.9146018014902733e-07
16395,,1.9145580722040385e-07
16396,,1.9145223767696242e-07
16397,,1.9143638818591952e-07
16398,,1.9141906147674356e-07
16399,,1.9141415133963103e-07
16400,,1.9141052692946775e-07
16401,,1.9140703571136848e-07
16402,,1.9137831332912032e-07
16403,,1.913725429154215e-07
16404,,1.913688301852663e-07
16405,,1.9136533058018678e-07
16406,,1.9133815209373262e-07
16407,,1.9133100435062674e-07
16408,,1.913271497641634e-07
16409,,1.913236362268739e-07
16410,,1.912989240872643e-07
16411,,1.9128957150285757e-07
16412,,1.9128548937418404e-07
16413,,1.9128195303375174e-07
16414,,1.912611835688693e-07
16415,,1.91248301760617e-07
16416,,1.9124385495677434e-07
16417,,1.9124028161447298e-07
16418,,1.912367987743438e-07
16419,,1.9120728697007576e-07
16420,,1.912022560206335e-07
16421,,1.9119862294820203e-07
16422,,1.9119513468070442e-07
16423,,1.9116667413266078e-07
16424,,1.9116070778285196e-07
16425,,1.9115697861149905e-07
16426,,1.9115348115032732e-07
16427,,1.9112669851411248e-07
16428,,1.911192346022397e-07
16429,,1.91115351122903e-07
16430,,1.9111183844031723e-07
16431,,1.910877366482086e-07
16432,,1.9107787546432354e-07
16433,,1.9107374451884194e-07
16434,,1.9107020696881422e-07
16435,,1.9105039115239247e-07
16436,,1.9103669276705026e-07
16437,,1.9103216525590263e-07
16438,,1.9102858739831935e-07
16439,,1.9102510793717816e-07
16440,,1.909957863690004e-07
16441,,1.9099062367182376e-07
16442,,1.9098698080168002e-07
16443,,1.9098349536161288e-07
16444,,1.9095531609874264e-07
16445,,1.9094913631428248e-07
16446,,1.909453888850568e-07
16447,,1.9094189337549712e-07
16448,,1.9091553775213937e-07
16449,,1.9090772966749674e-07
16450,,1.9090381439262326e-07
16451,,1.9090030225914307e-07
16452,,1.9087686071595385e-07
16453,,1.9086644611829854e-07
16454,,1.9086226171020425e-07
16455,,1.9085872246375787e-07
16456,,1.9083994019634052e-07
16457,,1.9082535350916995e-07
16458,,1.9082073785774316e-07
16459,,1.908171547150029e-07
16460,,1.908136785453551e-07
16461,,1.9078456041538272e-07
16462,,1.9077925407930583e-07
16463,,1.907756001739497e-07
16464,,1.9077211743130908e-07
16465,,1.9074424061081944e-07
16466,,1.9073782836300077e-07
16467,,1.9073406070200222e-07
16468,,1.9073056693565793e-07
16469,,1.9070467221359666e-07
16470,,1.9069648950556443e-07
16471,,1.9069253927648169e-07
16472,,1.9068902736209273e-07
16473,,1.9066630033972535e-07
16474,,1.9065528359468235e-07
16475,,1.9065104067050958e-07
16476,,1.9064749920165868e-07
16477,,1.9062983737290326e-07
16478,,1.9061428438824124e-07
16479,,1.906095725177397e-07
16480,,1.9060598324661848e-07
16481,,1.9060251027827894e-07
16482,,1.9057360994514917e-07
16483,,1.9056814703863727e-07
16484,,1.905644807560201e-07
16485,,1.9056100056641345e-07
16486,,1.9053344920069322e-07
16487,,1.905267837965649e-07
16488,,1.9052299375618588e-07
16489,,1.9051950150568654e-07
16490,,1.9049410454775608e-07
16491,,1.9048551410243864e-07
16492,,1.904815254853031e-07
16493,,1.9047801342648333e-07
16494,,1.904560599516027e-07
16495,,1.9044438805880956e-07
16496,,1.904400811299111e-07
16497,,1.9043653686524303e-07
16498,,1.9042008997469975e-07
16499,,1.9040348587115777e-07
16500,,1.903986689916147e-07
16501,,1.903950726774888e-07
16502,,1.9039160280872706e-07
16503,,1.9036293589495203e-07
16504,,1.9035730235995753e-07
16505,,1.9035362223805622e-07
16506,,1.9035014444503913e-07
16507,,1.903229435641917e-07
16508,,1.9031600250368997e-07
16509,,1.903121877474461e-07
16510,,1.903086967654263e-07
16511,,1.9028383766277022e-07
16512,,1.9027480346474226e-07
16513,,1.9027077272851963e-07
16514,,1.902672601342942e-07
16515,,1.902461444014795e-07
16516,,1.9023375972602395e-07
16517,,1.902293828174556e-07
16518,,1.9022583513314237e-07
16519,,1.9021070595453418e-07
16520,,1.901929584901941e-07
16521,,1.9018802704665645e-07
16522,,1.9018442269361045e-07
16523,,1.9018095581804065e-07
16524,,1.901525393168795e-07
16525,,1.9014671985918988e-07
16526,,1.9014302430983477e-07
16527,,1.9013954874422515e-07
16528,,1.901127255751483e-07
16529,,1.901054843845882e-07
16530,,1.9010164237554314e-07
16531,,1.9009815239449194e-07
16532,,1.9007387475187026e-07
16533,,1.9006435763654298e-07
16534,,1.9006028071945889e-07
16535,,1.9005676716726272e-07
16536,,1.9003655899401088e-07
16537,,1.9002339885468356e-07
16538,,1.9001894547307768e-07
16539,,1.900153936922639e-07
16540,,1.9001193532880426e-07
16541,,1.8998270285326625e-07
16542,,1.8997764645239296e-07
16543,,1.8997403298226638e-07
16544,,1.8997056898425347e-07
16545,,1.8994242137838067e-07
16546,,1.8993639936826786e-07
16547,,1.899326866659176e-07
16548,,1.8992921314298118e-07
16549,,1.8990279729821103e-07
16550,,1.8989522936577525e-07
16551,,1.898913573438634e-07
16552,,1.8988786807464704e-07
16553,,1.898642193113288e-07
16554,,1.8985417669115787e-07
16555,,1.898500491783097e-07
16556,,1.8984653420480515e-07
16557,,1.8982730951848047e-07
16558,,1.898133057566196e-07
16559,,1.8980876883809853e-07
16560,,1.8980521222294969e-07
16561,,1.8980175717641448e-07
16562,,1.8977271965422729e-07
16563,,1.897675269962321e-07
16564,,1.8976390323337708e-07
16565,,1.897604419856782e-07
16566,,1.8973258338027154e-07
16567,,1.8972634073471458e-07
16568,,1.897226090013367e-07
16569,,1.89719137323183e-07
16570,,1.8969316100853272e-07
16571,,1.89685237394945e-07
16572,,1.8968133235625812e-07
16573,,1.8967784348264734e-07
16574,,1.8965487517884562e-07
16575,,1.896442607375535e-07
16576,,1.896400778266969e-07
16577,,1.8963656093093687e-07
16578,,1.8961840231361e-07
16579,,1.896034807975779e-07
16580,,1.8959885266265274e-07
16581,,1.895952904141992e-07
16582,,1.895918385969849e-07
16583,,1.8956300967193096e-07
16584,,1.8955766846811876e-07
16585,,1.8955403313492747e-07
16586,,1.8955057449971528e-07
16587,,1.8952302676606452e-07
16588,,1.8951654381778413e-07
16589,,1.8951279101201794e-07
16590,,1.8950932096230773e-07
16591,,1.894838192126306e-07
16592,,1.894755084416974e-07
16593,,1.8947156712419007e-07
16594,,1.8946807830096256e-07
16595,,1.894458465571593e-07
16596,,1.894346099200949e-07
16597,,1.8943036639161708e-07
16598,,1.894268470275159e-07
16599,,1.8940984429739013e-07
16600,,1.8939392440727726e-07
16601,,1.893891967010718e-07
16602,,1.893856279520177e-07
16603,,1.8938217926695343e-07
16604,,1.8935357378789075e-07
16605,,1.8934807066983294e-07
16606,,1.8934442237868985e-07
16607,,1.8934096620800843e-07
16608,,1.8931375313503942e-07
16609,,1.893070084953673e-07
16610,,1.8930323239900393e-07
16611,,1.8929976374219004e-07
16612,,1.8927477465934438e-07
16613,,1.892660425020536e-07
16614,,1.892620613561423e-07
16615,,1.8925857221486986e-07
16616,,1.8923713804552083e-07
16617,,1.8922522442759692e-07
16618,,1.8922091460448538e-07
16619,,1.8921739218034206e-07
16620,,1.8920164302401863e-07
16621,,1.8918463707755242e-07
16622,,1.8917980071910214e-07
16623,,1.8917622452210522e-07
16624,,1.8917277886827734e-07
16625,,1.8914441298396157e-07
16626,,1.8913873341823718e-07
16627,,1.8913507065705613e-07
16628,,1.891316167884029e-07
16629,,1.8910476425518177e-07
16630,,1.890977346612694e-07
16631,,1.8909393285997164e-07
16632,,1.8909046534285927e-07
16633,,1.8906603037518227e-07
16634,,1.890568396017895e-07
16635,,1.8905281476753235e-07
16636,,1.8904932490337385e-07
16637,,1.8902875467197847e-07
16638,,1.890161044936349e-07
16639,,1.8901172220222803e-07
16640,,1.8900819607257973e-07
16641,,1.890047586545741e-07
16642,,1.8897561937744125e-07
16643,,1.889706644848927e-07
16644,,1.889670798110866e-07
16645,,1.8896363707948547e-07
16646,,1.8893552835846008e-07
16647,,1.8892965653591127e-07
16648,,1.889259776639733e-07
16649,,1.8892252592560095e-07
16650,,1.8889606207854122e-07
16651,,1.8888872223313448e-07
16652,,1.8888489210218795e-07
16653,,1.888814254462961e-07
16654,,1.8885758967668141e-07
16655,,1.888478997965476e-07
16656,,1.8884382707816103e-07
16657,,1.888403360506337e-07
16658,,1.8882070193959768e-07
16659,,1.888072504013722e-07
16660,,1.888027889262751e-07
16661,,1.8879925838949273e-07
16662,,1.8879582431056234e-07
16663,,1.887668719486227e-07
16664,,1.8876178777944284e-07
16665,,1.887581935138281e-07
16666,,1.8875475358064572e-07
16667,,1.887269211367319e-07
16668,,1.8872083986291387e-07
16669,,1.88717143097752e-07
16670,,1.8871369329635237e-07
16671,,1.8868764875692296e-07
16672,,1.8867997114266094e-07
16673,,1.8867610982838998e-07
16674,,1.8867264373580417e-07
16675,,1.8864945619270245e-07
16676,,1.886392231769145e-07
16677,,1.886350980081627e-07
16678,,1.8863160534085505e-07
16679,,1.8861298585745118e-07
16680,,1.8859866248358887e-07
16681,,1.88594114522955e-07
16682,,1.8859057882086368e-07
16683,,1.8858714799719047e-07
16684,,1.885583955192229e-07
16685,,1.885531703915086e-07
16686,,1.8854956531754663e-07
16687,,1.8854612805424803e-07
16688,,1.885185926758064e-07
16689,,1.8851228325525085e-07
16690,,1.8850856665390504e-07
16691,,1.885051185879315e-07
16692,,1.8847952665332345e-07
16693,,1.88471481350592e-07
16694,,1.8846758575035474e-07
16695,,1.8846411989509047e-07
16696,,1.8844163391119393e-07
16697,,1.8843080986751439e-07
16698,,1.8842662728488822e-07
16699,,1.8842313245866537e-07
16700,,1.8840561299002436e-07
16701,,1.8839034113444359e-07
16702,,1.8838569874773124e-07
16703,,1.8838215705265568e-07
16704,,1.8837872939264643e-07
16705,,1.8835019091335554e-07
16706,,1.8834481211861097e-07
16707,,1.8834119491715205e-07
16708,,1.8833776018133764e-07
16709,,1.883105444832993e-07
16710,,1.8830398658082454e-07
16711,,1.8830024803323091e-07
16712,,1.8829680147729878e-07
16713,,1.882716983744908e-07
16714,,1.8826325283895205e-07
16715,,1.882593195779771e-07
16716,,1.8825585360412178e-07
16717,,1.8823412718740607e-07
16718,,1.8822266003327782e-07
16719,,1.8821841464133342e-07
16720,,1.8821491708984763e-07
16721,,1.8819859050806929e-07
16722,,1.881822868111723e-07
16723,,1.8817754135961012e-07
16724,,1.8817399277385735e-07
16725,,1.881705681803871e-07
16726,,1.8814225905300087e-07
16727,,1.8813671276940659e-07
16728,,1.881330820044671e-07
16729,,1.8812964964339283e-07
16730,,1.8810277822712542e-07
16731,,1.88095949726075e-07
16732,,1.880921869367841e-07
16733,,1.8808874164880175e-07
16734,,1.8806416678246987e-07
16735,,1.8805528561945648e-07
16736,,1.8805131102798992e-07
16737,,1.8804784455158802e-07
16738,,1.880269407966094e-07
16739,,1.8801477387992853e-07
16740,,1.8801045980725996e-07
16741,,1.8800695892175327e-07
16742,,1.8799192624104612e-07
16743,,1.879745000355685e-07
16744,,1.8796964213062223e-07
16745,,1.879660856744958e-07
16746,,1.8796266404196908e-07
16747,,1.8793460096651552e-07
16748,,1.8792887216489884e-07
16749,,1.879252262754844e-07
16750,,1.8792179612391656e-07
16751,,1.8789529574921302e-07
16752,,1.8788817259676347e-07
16753,,1.8788438307053704e-07
16754,,1.8788093878728888e-07
16755,,1.8785693501455866e-07
16756,,1.8784757972829239e-07
16757,,1.878435598156545e-07
16758,,1.8784009242014352e-07
16759,,1.8782007995447412e-07
16760,,1.878071516662007e-07
16761,,1.878027625275034e-07
16762,,1.8779925764119802e-07
16763,,1.8779584437687607e-07
16764,,1.877669814103704e-07
16765,,1.877620008324508e-07
16766,,1.877584354461965e-07
16767,,1.8775501665877297e-07
16768,,1.8772721780407344e-07
16769,,1.8772129014043458e-07
16770,,1.8771762742887836e-07
16771,,1.8771419930544904e-07
16772,,1.8768809907853866e-07
16773,,1.876806551169038e-07
16774,,1.8767683614039466e-07
16775,,1.8767339257583654e-07
16776,,1.8765000651537874e-07
16777,,1.8764013523992353e-07
16778,,1.876360656666489e-07
16779,,1.8763259689579117e-07
16780,,1.8761355035828592e-07
16781,,1.8759979369434438e-07
16782,,1.8759532254788165e-07
16783,,1.875918129356842e-07
16784,,1.8758840294980015e-07
16785,,1.8755973161068801e-07
16786,,1.875546172529917e-07
16787,,1.8755104178067853e-07
16788,,1.8754762571474995e-07
16789,,1.8752011084719984e-07
16790,,1.8751396654124707e-07
16791,,1.8751028516197831e-07
16792,,1.8750685886983714e-07
16793,,1.8748119045883e-07
16794,,1.87473397232516e-07
16795,,1.874695458549365e-07
16796,,1.874661027007786e-07
16797,,1.874433850598484e-07
16798,,1.874329522574371e-07
16799,,1.8742882830333326e-07
16800,,1.8742535766494535e-07
16801,,1.87407358246897e-07
16802,,1.8739270032509465e-07
16803,,1.873881396184124e-07
16804,,1.873846244962673e-07
16805,,1.8738121769996264e-07
16806,,1.8735275140907535e-07
16807,,1.873474911868448e-07
16808,,1.8734390437226022e-07
16809,,1.8734049089236293e-07
16810,,1.8731328151516816e-07
16811,,1.87306901229302e-07
16812,,1.8730319917583226e-07
16813,,1.8729977450387718e-07
16814,,1.8727457235091053e-07
16815,,1.872663989149297e-07
16816,,1.8726251192762146e-07
16817,,1.872590688460291e-07
16818,,1.8723707478317622e-07
16819,,1.8722603092612292e-07
16820,,1.8722184745725044e-07
16821,,1.872183744155609e-07
16822,,1.8720151042920155e-07
16823,,9.519384587409315
16824,,75554.90204421048
16825,,9.41492708904747
16826,,648.0476012836602
16827,,9.292417982890274
16828,,1.9618736997862933
16829,,2.9087527717910904
16830,,1.9253944401188146
16831,,1.7600266849162325
16832,,1.7457170020169377
16833,,33.02684551760321
16834,,1.734221307734464
16835,,1.5584154713246274
16836,,1.4766693494545016
16837,,5.188136795740747
16838,,1.466130405919909
16839,,1.3901176956513568
16840,,1.3250703845164444
16841,,1.0563637390122504
16842,,1.001099583136406
16843,,0.9376820763048138
16844,,0.43441831172220413
16845,,0.43212759003033174
16846,,0.432074142509254
16847,,0.43207286284426155
16848,,0.4320728321871161
16849,,0.4320728314526527
16850,,0.43207283143505565
16851,,0.43207283143463476
16852,,0.43207283143462594
16853,,0.43207283143462566
16854,,0.43207283143462566
16855,,154.90999233903162
16856,,0.4273574556471945
16857,,1.4541928102393789
16858,,0.4207894635215462
16859,,0.38437941486633537
16860,,0.622845425271963
16861,,0.37994722901902145
16862,,0.3693731165103055
16863,,0.3479486449200858
16864,,0.325977503520586
16865,,0.32461466382463366
16866,,0.32451984579010934
16867,,0.3245131993357091
16868,,0.32451273319598495
16869,,0.3245127005027359
16870,,0.3245126982097484
16871,,0.324512698048929
16872,,0.324512698037647
16873,,0.324512698036856
16874,,0.324512698036802
16875,,0.3245126980367985
16876,,0.3245126980367983
16877,,0.3245126980367983
16878,,169.4661287416686
16879,,0.2985572879144644
16880,,1.2302767841334297
16881,,0.26471199658498795
16882,,0.18435962988588858
16883,,0.1692979214744959
16884,,0.12724875944532096
16885,,0.09341833942123733
16886,,0.06274810767797585
16887,,0.03610847575367779
16888,,0.015441314903995897
16889,,0.014818207935080987
16890,,50.495664276742495
16891,,0.014012024021341442
16892,,0.01093145958287448
16893,,0.007233369240976361
16894,,0.006201071479893606
16895,,0.007649797566766133
16896,,0.005769057942976477
16897,,0.005354991349100866
16898,,0.005056184343891852
16899,,0.004547430977311073
16900,,0.00411750810827939
16901,,0.0037625702184714855
16902,,0.003924169813779273
16903,,0.003630086807591894
16904,,0.003420523248167346
16905,,0.00329437360229345
16906,,0.00297699722743237
16907,,0.0025786481521642285
16908,,0.002158995075705799
16909,,0.001719144422575592
16910,,0.0015311866892717383
16911,,0.0013461681901831516
16912,,0.0011671629826284814
16913,,0.0009625331277811498
16914,,0.0007765885213469548
16915,,0.0006835401095875384
16916,,0.0006426695621641077
16917,,0.0006194851373624761
16918,,0.0005831145297735875
16919,,0.0005522423423208207
16920,,0.0005342885352678684
16921,,0.000526155555509267
16922,,0.0005162142070799096
16923,,0.0005022334890221477
16924,,0.00047680436238003673
16925,,0.0004265069774690092
16926,,0.00032965226124145826
16927,,0.0002933018262869519
16928,,0.000252613004611149
16929,,0.00023885415989894862
16930,,0.0002362560226401369
16931,,0.0002349783311807333
16932,,0.00023255251346231617
16933,,0.0002280883136141424
16934,,0.00021868721206157779
16935,,0.0002007724586875508
16936,,0.00017243938609183332
16937,,0.00013201581735690108
16938,,0.0001122898772690615
16939,,7.574373655796171e-05
16940,,6.209976669503648e-05
16941,,5.7456727355607764e-05
16942,,5.45777078793172e-05
16943,,5.118631382575828e-05
16944,,4.841256367430844e-05
16945,,4.705270455369004e-05
16946,,4.6337434800246473e-05
16947,,4.5359962554252244e-05
16948,,4.347138002552918e-05
16949,,3.9919500669300935e-05
16950,,3.470706313591493e-05
16951,,3.2428531368591525e-05
16952,,2.8727832411384984e-05
16953,,2.7381682257062932e-05
16954,,2.708582654640497e-05
16955,,2.6980280569464376e-05
16956,,2.685228692508885e-05
16957,,2.6629440101903423e-05
16958,,2.620682640855044e-05
16959,,2.551056930199112e-05
16960,,2.4502626549050666e-05
16961,,2.2881199241709553e-05
16962,,2.2168423391362563e-05
16963,,2.180886481372657e-05
16964,,2.1614778306606277e-05
16965,,2.1589511791752244e-05
16966,,2.1570578525504068e-05
16967,,2.152967260566879e-05
16968,,2.142662253873217e-05
16969,,2.1194208885163145e-05
16970,,2.067545281297605e-05
16971,,1.9583059329145497e-05
16972,,1.7544837869108398e-05
16973,,1.4558028467095553e-05
16974,,1.165736113503085e-05
16975,,1.0365877540297735e-05
16976,,9.798630187852933e-06
16977,,9.616251650334415e-06
16978,,9.601967113768e-06
16979,,9.598716387021626e-06
16980,,9.59178231377604e-06
16981,,9.573641509376217e-06
16982,,9.533587991999977e-06
16983,,9.438298988469388e-06
16984,,9.225187522455098e-06
16985,,8.757301831756257e-06
16986,,7.81590428916057e-06
16987,,6.214479195814291e-06
16988,,5.686529929467071e-06
16989,,3.7285232420090812e-06
16990,,2.5200197272638674e-06
16991,,2.1183521245844306e-06
16992,,2.0313443159276792e-06
16993,,2.0178654345153513e-06
16994,,2.0159527610779756e-06
16995,,2.0152022456353427e-06
16996,,2.0139579175631315e-06
16997,,2.011398594332035e-06
16998,,2.0060170967260475e-06
16999,,1.9944580953037874e-06
17000,,1.969133109337244e-06
17001,,1.9140910234517427e-06
17002,,1.802615034912296e-06
17003,,1.6132440720564792e-06
17004,,1.388026471711716e-06
17005,,1.6779416311894633e-06
17006,,1.3509636203370755e-06
17007,,1.2223637034542192e-06
17008,,1.1724939237569197e-06
17009,,1.1653601570592083e-06
17010,,1.1646561137168152e-06
17011,,1.1645962462550547e-06
17012,,1.164583764921835e-06
17013,,1.164573718463728e-06
17014,,1.1644923029772235e-06
17015,,1.1644757105010228e-06
17016,,1.164465285075886e-06
17017,,1.164397711605337e-06
17018,,1.1643687217687169e-06
17019,,1.1643569984907977e-06
17020,,1.164346915737443e-06
17021,,1.1642655584040244e-06
17022,,1.1642492262690332e-06
17023,,1.1642385544996526e-06
17024,,1.1641764005775868e-06
17025,,1.1641433418529927e-06
17026,,1.164130481169283e-06
17027,,1.164120195030322e-06
17028,,1.1640444894686728e-06
17029,,1.1640234645275586e-06
17030,,1.1640119970508808e-06
17031,,1.1640018778138264e-06
17032,,1.1639204152495544e-06
17033,,1.1639044864286893e-06
17034,,1.1638936322167966e-06
17035,,1.1638323690927988e-06
17036,,1.1637995745401062e-06
17037,,1.163785911842025e-06
17038,,1.1637753287314026e-06
17039,,1.1637045911635502e-06
17040,,1.1636801882202007e-06
17041,,1.1636675284339317e-06
17042,,1.1636570608516267e-06
17043,,1.1635821571448847e-06
17044,,1.1635614740687295e-06
17045,,1.163549241017737e-06
17046,,1.1635388169970337e-06
17047,,1.1634621777077726e-06
17048,,1.1634430798341507e-06
17049,,1.1634310066997807e-06
17050,,1.1634205919729831e-06
17051,,1.1633433485463564e-06
17052,,1.1633248466037148e-06
17053,,1.1633128062425712e-06
17054,,1.1633023834934043e-06
17055,,1.1632250809252012e-06
17056,,1.1632067031488093e-06
17057,,1.1631946311851706e-06
17058,,1.1631841905860398e-06
17059,,1.163107111031274e-06
17060,,1.163088618102515e-06
17061,,1.163076477961796e-06
17062,,1.16306601291149e-06
17063,,1.1629893226637775e-06
17064,,1.1629705782934644e-06
17065,,1.1629583452711676e-06
17066,,1.162947850390299e-06
17067,,1.1628716671448589e-06
17068,,1.1628525789362158e-06
17069,,1.1628402328763364e-06
17070,,1.1628297031038246e-06
17071,,1.1627541267655161e-06
17072,,1.1627346191765517e-06
17073,,1.162722141063826e-06
17074,,1.1627115711964814e-06
17075,,1.1626366984978638e-06
17076,,1.1626167000906521e-06
17077,,1.1626040703906173e-06
17078,,1.1625934548636205e-06
17079,,1.1625193864180473e-06
17080,,1.1624988238099784e-06
17081,,1.1624860216038897e-06
17082,,1.1624753543457358e-06
17083,,1.16240219854629e-06
17084,,1.1623809931038158e-06
17085,,1.162367995570714e-06
17086,,1.1623572698938885e-06
17087,,1.1622851452666386e-06
17088,,1.162263211251174e-06
17089,,1.1622499932828695e-06
17090,,1.1622392018110896e-06
17091,,1.1621682389113368e-06
17092,,1.1621454819734062e-06
17093,,1.1621320158561187e-06
17094,,1.1621211504217014e-06
17095,,1.1620514934068274e-06
17096,,1.1620278094592086e-06
17097,,1.1620140645364033e-06
17098,,1.1620031161020028e-06
17099,,1.1619349244708623e-06
17100,,1.1619101983569687e-06
17101,,1.16189614069459e-06
17102,,1.1618850992542542e-06
17103,,1.1618185495178453e-06
17104,,1.1617926538574978e-06
17105,,1.16177824587861e-06
17106,,1.1617671003360988e-06
17107,,1.1617023880494362e-06
17108,,1.1616751817157548e-06
17109,,1.1616603817826432e-06
17110,,1.161649119845964e-06
17111,,1.1615864616005374e-06
17112,,1.1615577883389421e-06
17113,,1.1615425503123885e-06
17114,,1.161531158348502e-06
17115,,1.1614707942368613e-06
17116,,1.1614404808250928e-06
17117,,1.161424753560941e-06
17118,,1.1614132164638154e-06
17119,,1.1613554125353556e-06
17120,,1.1613116354306936e-06
17121,,1.1610130908466639e-06
17122,,1.1601797018850237e-06
17123,,1.15554545780181e-06
17124,,1.1461623177279767e-06
17125,,1.1243286508316577e-06
17126,,1.0760626671953037e-06
17127,,9.750523199170029e-07
17128,,7.890676051229303e-07
17129,,5.228582946165678e-07
17130,,2.756253347046365e-07
17131,,1.4970168649150797e-07
17132,,1.1727463905427759e-07
17133,,1.1275896413006373e-07
17134,,1.1237048429711115e-07
17135,,1.123447456545306e-07
17136,,1.1234329998385761e-07
17137,,1.1234314626917012e-07
17138,,1.1234308730290265e-07
17139,,1.1234303816271614e-07
17140,,1.1234265667769816e-07
17141,,1.1234256815415152e-07
17142,,1.1234251480944145e-07
17143,,1.1234226331822069e-07
17144,,1.1234206331880282e-07
17145,,1.1234199368328029e-07
17146,,1.1234194267733574e-07
17147,,1.1234161449855018e-07
17148,,1.1234148135313236e-07
17149,,1.1234142047332222e-07
17150,,1.1234137070856964e-07
17151,,1.1234100388359844e-07
17152,,1.1234090394706384e-07
17153,,1.123408478646199e-07
17154,,1.1234079882583451e-07
17155,,1.1234041011222401e-07
17156,,1.1234032881269722e-07
17157,,1.123402755808789e-07
17158,,1.1234000710590919e-07
17159,,1.123398249969349e-07
17160,,1.1233975492705331e-07
17161,,1.1233970348841203e-07
17162,,1.1233938248134372e-07
17163,,1.1233924471835847e-07
17164,,1.1233918177838784e-07
17165,,1.1233913151265709e-07
17166,,1.1233877667103663e-07
17167,,1.1233866732667804e-07
17168,,1.1233860908924288e-07
17169,,1.1233855961402538e-07
17170,,1.1233818223283917e-07
17171,,1.123380917540525e-07
17172,,1.1233803669976707e-07
17173,,1.123379877688001e-07
17174,,1.1233759502121591e-07
17175,,1.123375173719314e-07
17176,,1.1233746451310699e-07
17177,,1.1233718176305813e-07
17178,,1.1233701257936962e-07
17179,,1.1233694379622086e-07
17180,,1.1233689246587396e-07
17181,,1.1233656671629252e-07
17182,,1.1233643336757683e-07
17183,,1.1233637077195298e-07
17184,,1.1233632051540375e-07
17185,,1.1233596467457832e-07
17186,,1.1233585638065393e-07
17187,,1.1233579813315543e-07
17188,,1.1233574863443609e-07
17189,,1.1233537161442766e-07
17190,,1.1233528094332105e-07
17191,,1.1233522576637793e-07
17192,,1.1233517680209296e-07
17193,,1.1233478481990744e-07
17194,,1.1233470659552748e-07
17195,,1.1233465359066156e-07
17196,,1.1233437420322065e-07
17197,,1.1233420242375001e-07
17198,,1.1233413301386816e-07
17199,,1.1233408155046861e-07
17200,,1.1233375914975835e-07
17201,,1.1233362313206997e-07
17202,,1.1233355997634925e-07
17203,,1.1233350960840637e-07
17204,,1.1233315667009076e-07
17205,,1.1233304603547309e-07
17206,,1.1233298732478484e-07
17207,,1.1233293773599696e-07
17208,,1.1233256308815684e-07
17209,,1.123324704945389e-07
17210,,1.1233241494755607e-07
17211,,1.1233236591373102e-07
17212,,1.123319758126705e-07
17213,,1.1233189606091577e-07
17214,,1.1233184276640028e-07
17215,,1.1233157107942897e-07
17216,,1.1233139301617675e-07
17217,,1.123313224128892e-07
17218,,1.1233127072479308e-07
17219,,1.1233095431903019e-07
17220,,1.1233081340344265e-07
17221,,1.1233074932445042e-07
17222,,1.1233069878459675e-07
17223,,1.1233035047393685e-07
17224,,1.1233023605630631e-07
17225,,1.1233017663781172e-07
17226,,1.1233012691691366e-07
17227,,1.1232975582315642e-07
17228,,1.1232966032539962e-07
17229,,1.123296042353783e-07
17230,,1.1232955510184078e-07
17231,,1.1232916772246555e-07
17232,,1.1232908574732428e-07
17233,,1.1232903204019703e-07
17234,,1.1232877144573051e-07
17235,,1.1232858429221132e-07
17236,,1.1232851199248263e-07
17237,,1.1232845999011657e-07
17238,,1.1232815205070418e-07
17239,,1.1232800419762021e-07
17240,,1.1232793882649111e-07
17241,,1.1232788804726235e-07
17242,,1.1232754618974975e-07
17243,,1.1232742648624703e-07
17244,,1.123273660832523e-07
17245,,1.123273161813781e-07
17246,,1.123269500021746e-07
17247,,1.1232685048040944e-07
17248,,1.1232679364201081e-07
17249,,1.1232674436996296e-07
17250,,1.1232636073279349e-07
17251,,1.1232627569609348e-07
17252,,1.1232622141952495e-07
17253,,1.1232597608889223e-07
17254,,1.1232577641454543e-07
17255,,1.1232570178680734e-07
17256,,1.1232564935332663e-07
17257,,1.1232535302068456e-07
17258,,1.1232519564872864e-07
17259,,1.1232512850883827e-07
17260,,1.1232507739891489e-07
17261,,1.1232474437116664e-07
17262,,1.1232461743029257e-07
17263,,1.1232455568149801e-07
17264,,1.1232450552960482e-07
17265,,1.1232414606346019e-07
17266,,1.1232404104168785e-07
17267,,1.1232398318111429e-07
17268,,1.1232393371890258e-07
17269,,1.1232355518619287e-07
17270,,1.1232346596899816e-07
17271,,1.1232341091563834e-07
17272,,1.1232336195353174e-07
17273,,1.1232296965022127e-07
17274,,1.1232289184543053e-07
17275,,1.1232283882103882e-07
17276,,1.1232255831765426e-07
17277,,1.1232238796104046e-07
17278,,1.123223184074725e-07
17279,,1.1232226685085315e-07
17280,,1.1232194585158733e-07
17281,,1.1232180904435092e-07
17282,,1.1232174546174157e-07
17283,,1.1232169497023513e-07
17284,,1.1232134464828193e-07
17285,,1.1232123212841296e-07
17286,,1.1232117287560396e-07
17287,,1.1232112315542504e-07
17288,,1.1232075157387209e-07
17289,,1.1232065665975106e-07
17290,,1.1232060054773667e-07
17291,,1.1232055139017542e-07
17292,,1.1232016437217396e-07
17293,,1.1232008223857155e-07
17294,,1.1232002840912828e-07
17295,,1.1231976947408585e-07
17296,,1.1231958142099828e-07
17297,,1.123195085765376e-07
17298,,1.123194564095834e-07
17299,,1.1231915180608018e-07
17300,,1.1231900154875304e-07
17301,,1.1231893546492146e-07
17302,,1.1231888450938272e-07
17303,,1.1231854665423474e-07
17304,,1.1231842391011795e-07
17305,,1.123183627562648e-07
17306,,1.1231831268391249e-07
17307,,1.1231795058095735e-07
17308,,1.1231784789595097e-07
17309,,1.1231779033978243e-07
17310,,1.1231774091325971e-07
17311,,1.1231736110652319e-07
17312,,1.1231727306418114e-07
17313,,1.1231721813489407e-07
17314,,1.1231716918324506e-07
17315,,1.1231696182787363e-07
17316,,1.1231690802097333e-07
17317,,1.1231664792607096e-07
17318,,1.1231646099166147e-07
17319,,1.1231638821884562e-07
17320,,1.1231633604124971e-07
17321,,1.1231603131240971e-07
17322,,1.1231588127999015e-07
17323,,1.1231581514190963e-07
17324,,1.1231576415865316e-07
17325,,1.1231542674196122e-07
17326,,1.1231530372773946e-07
17327,,1.1231524245458563e-07
17328,,1.1231519234983548e-07
17329,,1.1231483095838113e-07
17330,,1.1231472775529465e-07
17331,,1.123146700545504e-07
17332,,1.1231462059479823e-07
17333,,1.1231424159558e-07
17334,,1.1231415293949437e-07
17335,,1.123140978646604e-07
17336,,1.1231404887987902e-07
17337,,1.1231365692933152e-07
17338,,1.1231357896969753e-07
17339,,1.1231352582839492e-07
17340,,1.123132469315523e-07
17341,,1.1231307570561319e-07
17342,,1.1231300562433488e-07
17343,,1.1231295390874071e-07
17344,,1.123126361426445e-07
17345,,1.1231249700853493e-07
17346,,1.1231243273637802e-07
17347,,1.1231238207384292e-07
17348,,1.1231203563413498e-07
17349,,1.1231192016837915e-07
17350,,1.1231186018503424e-07
17351,,1.1231181030177627e-07
17352,,1.1231144268038395e-07
17353,,1.1231134469661027e-07
17354,,1.1231128788509169e-07
17355,,1.1231123857795637e-07
17356,,1.1231085528628902e-07
17357,,1.1231077023115135e-07
17358,,1.1231071576974748e-07
17359,,1.1231047222057757e-07
17360,,1.1231027199140395e-07
17361,,1.1231019651009817e-07
17362,,1.1231014379040131e-07
17363,,1.1230985292281919e-07
17364,,1.1230969172227793e-07
17365,,1.1230962334160279e-07
17366,,1.123095719155437e-07
17367,,1.1230924594493869e-07
17368,,1.1230911368970979e-07
17369,,1.1230905058069577e-07
17370,,1.1230900011618958e-07
17371,,1.1230864807301118e-07
17372,,1.1230853731215759e-07
17373,,1.1230847812443992e-07
17374,,1.1230842837417721e-07
17375,,1.1230805694029173e-07
17376,,1.123079621635076e-07
17377,,1.1230790589226667e-07
17378,,1.123078566759293e-07
17379,,1.123074708043592e-07
17380,,1.1230738792533474e-07
17381,,1.1230733382928997e-07
17382,,1.1230707981452366e-07
17383,,1.1230688837620111e-07
17384,,1.1230681436693077e-07
17385,,1.1230676189292157e-07
17386,,1.1230646397159917e-07
17387,,1.1230630870466171e-07
17388,,1.1230624131232507e-07
17389,,1.1230619005074564e-07
17390,,1.1230585935667233e-07
17391,,1.1230573108371936e-07
17392,,1.1230566863431486e-07
17393,,1.123056182784235e-07
17394,,1.1230526309744092e-07
17395,,1.1230515499156882e-07
17396,,1.1230509623920399e-07
17397,,1.123050465631078e-07
17398,,1.1230467306228752e-07
17399,,1.1230458004000989e-07
17400,,1.123045240544949e-07
17401,,1.123044748865805e-07
17402,,1.1230408767115039e-07
17403,,1.1230400593989735e-07
17404,,1.1230395202903347e-07
17405,,1.1230369257214028e-07
17406,,1.1230350574759834e-07
17407,,1.1230343247839541e-07
17408,,1.123033801229524e-07
17409,,1.1230307870921465e-07
17410,,1.1230292641610552e-07
17411,,1.1230285949425508e-07
17412,,1.1230280830660409e-07
17413,,1.1230247541424215e-07
17414,,1.123023490246866e-07
17415,,1.123022868680673e-07
17416,,1.1230223655887463e-07
17417,,1.1230188002862283e-07
17418,,1.1230177308940007e-07
17419,,1.1230171451276335e-07
17420,,1.1230166486247332e-07
17421,,1.1230129056810344e-07
17422,,1.1230119824287555e-07
17423,,1.12301142359778e-07
17424,,1.1230109320541712e-07
17425,,1.1230070555020582e-07
17426,,1.1230062421571079e-07
17427,,1.1230057035958119e-07
17428,,1.1230030912236973e-07
17429,,1.1230012386609283e-07
17430,,1.1230005080598016e-07
17431,,1.122999984750279e-07
17432,,1.1229969617135561e-07
17433,,1.1229954468839627e-07
17434,,1.1229947785905588e-07
17435,,1.1229942667884502e-07
17436,,1.1229909343770422e-07
17437,,1.1229896739328448e-07
17438,,1.1229890526136176e-07
17439,,1.1229885494914136e-07
17440,,1.1229849838710071e-07
17441,,1.1229839151978729e-07
17442,,1.1229833292810197e-07
17443,,1.1229828327075149e-07
17444,,1.1229790911615469e-07
17445,,1.1229781671237079e-07
17446,,1.1229776079462116e-07
17447,,1.1229771163136593e-07
17448,,1.1229732420006982e-07
17449,,1.1229724271120181e-07
17450,,1.1229718881188175e-07
17451,,1.1229692849543365e-07
17452,,1.1229674256380867e-07
17453,,1.1229666931863323e-07
17454,,1.1229661694343858e-07
17455,,1.1229631567286593e-07
17456,,1.1229616340295281e-07
17457,,1.1229609638488532e-07
17458,,1.1229604516392944e-07
17459,,1.1229571294327994e-07
17460,,1.1229558610869887e-07
17461,,1.1229552379875926e-07
17462,,1.1229547345051902e-07
17463,,1.1229511783129455e-07
17464,,1.1229501022492527e-07
17465,,1.1229495147674113e-07
17466,,1.1229490178717789e-07
17467,,1.122945284703125e-07
17468,,1.1229443540693297e-07
17469,,1.1229437935315452e-07
17470,,1.1229433016379501e-07
17471,,1.1229394345388148e-07
17472,,1.1229386139668232e-07
17473,,1.1229380738293943e-07
17474,,1.1229355000629866e-07
17475,,1.1229336172228536e-07
17476,,1.1229328799686353e-07
17477,,1.122932355263002e-07
17478,,1.1229293672958765e-07
17479,,1.1229278247493091e-07
17480,,1.1229271505826549e-07
17481,,1.1229266375827768e-07
17482,,1.1229233359019746e-07
17483,,1.1229220510809084e-07
17484,,1.1229214247004597e-07
17485,,1.1229209205861878e-07
17486,,1.1229173812152326e-07
17487,,1.122916291638073e-07
17488,,1.1229157014969993e-07
17489,,1.1229152040976946e-07
17490,,1.1229114845836573e-07
17491,,1.1229105429983802e-07
17492,,1.1229099803200325e-07
17493,,1.1229094880160783e-07
17494,,1.1229056319236457e-07
17495,,1.1229048025211126e-07
17496,,1.1229042606657237e-07
17497,,1.1229017317327323e-07
17498,,1.1228998125715847e-07
17499,,1.122899068250091e-07
17500,,1.1228985422036059e-07
17501,,1.1228955900526425e-07
17502,,1.1228940184717263e-07
17503,,1.1228933386951341e-07
17504,,1.1228928246311656e-07
17505,,1.1228895514185859e-07
17506,,1.1228882435103617e-07
17507,,1.1228876127048279e-07
17508,,1.1228871077420298e-07
17509,,1.1228835909118099e-07
17510,,1.1228824830791296e-07
17511,,1.1228818894408086e-07
17512,,1.1228813913797057e-07
17513,,1.1228776896499753e-07
17514,,1.1228767336724087e-07
17515,,1.1228761682451271e-07
17516,,1.1228756754316702e-07
17517,,1.122871833327531e-07
17518,,1.1228709926234e-07
17519,,1.1228704486291882e-07
17520,,1.1228679765800706e-07
17521,,1.1228660111072048e-07
17522,,1.1228652579421817e-07
17523,,1.122864730217687e-07
17524,,1.1228618226043255e-07
17525,,1.1228602147709357e-07
17526,,1.1228595280849614e-07
17527,,1.1228590127306773e-07
17528,,1.1228557742905512e-07
17529,,1.1228544380929912e-07
17530,,1.122853801922457e-07
17531,,1.122853295946591e-07
17532,,1.1228498062069875e-07
17533,,1.1228486763592684e-07
17534,,1.1228480785376586e-07
17535,,1.1228475797010585e-07
17536,,1.1228438990503691e-07
17537,,1.1228429259602866e-07
17538,,1.1228423572940483e-07
17539,,1.1228418638826613e-07
17540,,1.1228380381524638e-07
17541,,1.1228371841839527e-07
17542,,1.1228366376887487e-07
17543,,1.122834232273976e-07
17544,,1.1228322124011234e-07
17545,,1.1228314489708395e-07
17546,,1.1228309193087953e-07
17547,,1.1228280633010671e-07
17548,,1.1228264133659857e-07
17549,,1.1228257187414424e-07
17550,,1.1228252018952759e-07
17551,,1.1228220033782933e-07
17552,,1.1228206346279337e-07
17553,,1.1228199923135435e-07
17554,,1.1228194851982715e-07
17555,,1.1228160263082159e-07
17556,,1.1228148713288673e-07
17557,,1.1228142687903295e-07
17558,,1.1228137690746884e-07
17559,,1.1228101122257094e-07
17560,,1.1228091197649506e-07
17561,,1.1228085474723896e-07
17562,,1.1228080533806206e-07
17563,,1.122804246018916e-07
17564,,1.1228033771187598e-07
17565,,1.1228028278278628e-07
17566,,1.1228023380241114e-07
17567,,1.1227984161947641e-07
17568,,1.1227976412876215e-07
17569,,1.1227971094822242e-07
17570,,1.1227943110154073e-07
17571,,1.1227926140587424e-07
17572,,1.1227919106173064e-07
17573,,1.12279139211071e-07
17574,,1.1227882378783085e-07
17575,,1.122786832966756e-07
17576,,1.1227861838886646e-07
17577,,1.1227856755060969e-07
17578,,1.1227822506551213e-07
17579,,1.122781067903218e-07
17580,,1.122780460159804e-07
17581,,1.1227799594747848e-07
17582,,1.1227763288022852e-07
17583,,1.1227753150090371e-07
17584,,1.1227747387306315e-07
17585,,1.1227742439170734e-07
17586,,1.1227704566462439e-07
17587,,1.1227695713976549e-07
17588,,1.1227690190500068e-07
17589,,1.1227685286912678e-07
17590,,1.1227646223055219e-07
17591,,1.1227638348470246e-07
17592,,1.1227633007031739e-07
17593,,1.1227605649920601e-07
17594,,1.1227588167203783e-07
17595,,1.1227581036734553e-07
17596,,1.1227575833844968e-07
17597,,1.1227544772495113e-07
17598,,1.1227530330451726e-07
17599,,1.1227523766002672e-07
17600,,1.1227518668534604e-07
17601,,1.1227484788783617e-07
17602,,1.1227472660123983e-07
17603,,1.1227466526590129e-07
17604,,1.1227461509350194e-07
17605,,1.1227425485056548e-07
17606,,1.122741511671394e-07
17607,,1.1227409310947044e-07
17608,,1.1227404354676916e-07
17609,,1.1227366698565288e-07
17610,,1.1227357669828647e-07
17611,,1.1227352113464577e-07
17612,,1.1227347203761344e-07
17613,,1.1227308305860254e-07
17614,,1.122730029645038e-07
17615,,1.1227294929895769e-07
17616,,1.1227268247263611e-07
17617,,1.122725021276176e-07
17618,,1.122724297907133e-07
17619,,1.1227237757118238e-07
17620,,1.122720721174025e-07
17621,,1.1227192347745997e-07
17622,,1.1227185704609457e-07
17623,,1.1227180592489564e-07
17624,,1.1227147107461591e-07
17625,,1.1227134656300862e-07
17626,,1.1227128462455798e-07
17627,,1.1227123434181665e-07
17628,,1.1227087711776564e-07
17629,,1.1227077097015116e-07
17630,,1.1227071245346221e-07
17631,,1.1227066280730558e-07
17632,,1.1227028855543275e-07
17633,,1.122701963852309e-07
17634,,1.1227014047053471e-07
17635,,1.1227009130958697e-07
17636,,1.122697040980121e-07
17637,,1.1226962256627995e-07
17638,,1.122695686339187e-07
17639,,1.12269308991161e-07
17640,,1.1226912276565648e-07
17641,,1.1226904933218078e-07
17642,,1.1226899690802314e-07
17643,,1.1226869694322382e-07
17644,,1.1226854381270084e-07
17645,,1.1226847654409179e-07
17646,,1.122684252671843e-07
17647,,1.1226809461168833e-07
17648,,1.1226796667213235e-07
17649,,1.1226790409524039e-07
17650,,1.1226785369341626e-07
17651,,1.122674996733052e-07
17652,,1.1226739091105552e-07
17653,,1.1226733190592522e-07
17654,,1.1226728216953382e-07
17655,,1.1226691036630272e-07
17656,,1.1226681619920356e-07
17657,,1.1226675991374024e-07
17658,,1.1226671068465705e-07
17659,,1.1226632534294288e-07
17660,,1.1226624228983322e-07
17661,,1.1226618807490875e-07
17662,,1.1226593603818378e-07
17663,,1.1226574358504922e-07
17664,,1.1226566898937644e-07
17665,,1.122656163512664e-07
17666,,1.122653221922898e-07
17667,,1.122651643099503e-07
17668,,1.1226509615498672e-07
17669,,1.1226504471522904e-07
17670,,1.12264718491259e-07
17671,,1.122645869273603e-07
17672,,1.1226452367546081e-07
17673,,1.1226447314886138e-07
17674,,1.1226412251287239e-07
17675,,1.122640109854634e-07
17676,,1.1226395146657636e-07
17677,,1.1226390163510213e-07
17678,,1.122635324154208e-07
17679,,1.122634361416529e-07
17680,,1.1226337946397486e-07
17681,,1.1226333016266468e-07
17682,,1.1226294679479887e-07
17683,,1.1226286213373698e-07
17684,,1.1226280761967835e-07
17685,,1.1226256360792021e-07
17686,,1.122623645833806e-07
17687,,1.1226228876383155e-07
17688,,1.1226223589785696e-07
17689,,1.1226194786016799e-07
17690,,1.1226178496650235e-07
17691,,1.1226171587963619e-07
17692,,1.1226166426656376e-07
17693,,1.1226134271143715e-07
17694,,1.1226120732929687e-07
17695,,1.1226114336604126e-07
17696,,1.1226109270810384e-07
17697,,1.1226074563450004e-07
17698,,1.1226063119653208e-07
17699,,1.1226057113523551e-07
17700,,1.1226052120489895e-07
17701,,1.1226015470272941e-07
17702,,1.1226005621032136e-07
17703,,1.1225999912073844e-07
17704,,1.1225994974341667e-07
17705,,1.1225956844968791e-07
17706,,1.1225948209939303e-07
17707,,1.1225942727139057e-07
17708,,1.1225919170100974e-07
17709,,1.1225898576175548e-07
17710,,1.1225890865475856e-07
17711,,1.1225885554857097e-07
17712,,1.1225857394703436e-07
17713,,1.1225840578562594e-07
17714,,1.1225833571699506e-07
17715,,1.1225828392228414e-07
17716,,1.1225796727430037e-07
17717,,1.1225782787681655e-07
17718,,1.1225776316646274e-07
17719,,1.122577123710904e-07
17720,,1.1225736903981171e-07
17721,,1.1225725154276885e-07
17722,,1.1225719091270389e-07
17723,,1.1225714087656358e-07
17724,,1.122567772305005e-07
17725,,1.1225667640657056e-07
17726,,1.1225661888410728e-07
17727,,1.1225656942716432e-07
17728,,1.1225619031244394e-07
17729,,1.1225610218564707e-07
17730,,1.122560470284392e-07
17731,,1.1225599801301922e-07
17732,,1.1225560712104109e-07
17733,,1.1225552866079779e-07
17734,,1.1225547530456589e-07
17735,,8.170724179982154
17736,,73895.06416528409
17737,,8.092535884311236
17738,,607.6040849832692
17739,,7.997123115039397
17740,,3.405483345480809
17741,,2.9141062621636955
17742,,2.516595458833905
17743,,3.226988428942771
17744,,2.499617325057124
17745,,2.436823167083565
17746,,2.3360965590799787
17747,,2.1331182383699674
17748,,4.32085797126025
17749,,2.1164086283131347
17750,,1.9656891694202843
17751,,4.116290590650735
17752,,1.9550949980651033
17753,,1.8667309477352176
17754,,2.2208362186506454
17755,,1.8545821168458654
17756,,1.822383485410565
17757,,1.727544808167721
17758,,1.6734370507608842
17759,,1.6725176759123215
17760,,1.6724998262656396
17761,,1.6724994788474434
17762,,1.672499472085106
17763,,1.672499471953482
17764,,1.6724994719509227
17765,,1.6724994719508726
17766,,1.6724994719508712
17767,,1.6724994719508712
17768,,25.609750883228102
17769,,1.646372010608595
17770,,1.3668901689078081
17771,,1.2578682329201472
17772,,1.255432109356931
17773,,1.2553696433533983
17774,,1.2553680361999555
17775,,1.2553679948467946
17776,,1.2553679937827484
17777,,1.2553679937553677
17778,,1.2553679937546631
17779,,1.2553679937546465
17780,,1.2553679937546465
17781,,52.227468495762594
17782,,1.1993749758608234
17783,,0.7431361918835122
17784,,0.6671183711422569
17785,,0.665792137984925
17786,,0.6657618967099238
17787,,0.6657612031924954
17788,,0.6657611872861141
17789,,0.6657611869212904
17790,,0.6657611869129231
17791,,0.6657611869127279
17792,,0.665761186912725
17793,,0.6657611869127259
17794,,186452.64804492384
17795,,0.6600172313689548
17796,,1058.1836580745696
17797,,0.6502193800392171
17798,,8.785748487977992
17799,,0.6381920520789779
17800,,0.5372649741767029
17801,,0.52687120833191
17802,,0.5263385426887632
17803,,0.5263090388644809
17804,,0.5263073978138222
17805,,0.5263073065146655
17806,,0.526307301435208
17807,,0.5263073011526123
17808,,0.5263073011368868
17809,,0.5263073011360149
17810,,0.5263073011359641
17811,,0.5263073011359616
17812,,0.5263073011359616
17813,,0.3275344136512342
17814,,0.18445462819757172
17815,,2.878462096483576
17816,,0.18057017003350143
17817,,0.16120889546441272
17818,,0.08418911332334499
17819,,1.6771884714619116
17820,,0.07914129043975435
17821,,0.06708515272903708
17822,,0.06109741646123948
17823,,0.06038517876117748
17824,,0.08893579635648297
17825,,0.059398979794903856
17826,,0.05855502549010411
17827,,0.05663652737391623
17828,,0.054060637586600964
17829,,0.07102233351371053
17830,,0.05161196673417864
17831,,0.062133225347966066
17832,,0.04939054132028246
17833,,0.04647346856427479
17834,,0.04252172720842407
17835,,0.0335028699018664
17836,,0.022257702041197362
17837,,0.017288336027996714
17838,,0.013025751083946243
17839,,0.011453254896381857
17840,,0.010832189215140814
17841,,0.01011762649171335
17842,,0.009649583141605063
17843,,0.0091904542051142
17844,,0.008270188238648413
17845,,0.007076420475385124
17846,,0.005613481944009412
17847,,0.004941808461900996
17848,,0.004586360695594103
17849,,0.0043276277244895574
17850,,0.0038915534936460696
17851,,0.0034534050669360835
17852,,0.0028799415296331264
17853,,0.002277327924611614
17854,,0.0019070964477767203
17855,,0.0017823321400718517
17856,,0.0017180802264757716
17857,,0.0016435904258823729
17858,,0.0014890585205992075
17859,,0.0012682841066703492
17860,,0.001312996001936907
17861,,0.0012193375385116682
17862,,0.0011592840169547811
17863,,0.0011437095383642717
17864,,0.00113476407553623
17865,,0.001123756942099297
17866,,0.00110514642885698
17867,,0.0010773343499783808
17868,,0.0010188840147069386
17869,,0.0008607192635364323
17870,,0.000704218177660328
17871,,0.000610051932591138
17872,,0.000539033416657507
17873,,0.0005319629034077159
17874,,0.0005300562219434136
17875,,0.0005286695693049322
17876,,0.0005269048508188866
17877,,0.0005221147262649737
17878,,0.0005127420229893616
17879,,0.0004984064744737052
17880,,0.0004752519554863664
17881,,0.00044280188034970404
17882,,0.00042039641060042266
17883,,0.0004006544710385582
17884,,0.00037710187549101055
17885,,0.00034531939658935876
17886,,0.00029617522731167066
17887,,0.0002469439619393701
17888,,0.00017388823842746714
17889,,0.00011402228224282121
17890,,7.214300065497184e-05
17891,,4.759978063132655e-05
17892,,4.011389801859382e-05
17893,,3.814996762458165e-05
17894,,3.7612511555992084e-05
17895,,3.720613826314914e-05
17896,,3.649380480549992e-05
17897,,3.509414716287629e-05
17898,,3.240298502721887e-05
17899,,2.8400638278403234e-05
17900,,2.4409995670887372e-05
17901,,2.2758651543324157e-05
17902,,2.235396739566563e-05
17903,,2.2261382955439786e-05
17904,,2.222327686508728e-05
17905,,2.2169794981888032e-05
17906,,2.2036267948948806e-05
17907,,2.1797277434047755e-05
17908,,2.1230077774426952e-05
17909,,2.021184342624644e-05
17910,,1.864106079787665e-05
17911,,1.7189288133757167e-05
17912,,1.6393867243608684e-05
17913,,1.6109322101206968e-05
17914,,1.60645634768324e-05
17915,,1.6053620751258887e-05
17916,,1.603830351750615e-05
17917,,1.5995471962276527e-05
17918,,1.5912956709424e-05
17919,,1.57189481169085e-05
17920,,1.5276066432474824e-05
17921,,1.430539555506097e-05
17922,,1.2401627794873621e-05
17923,,9.350698796860595e-06
17924,,5.973510606248009e-06
17925,,4.2287239231404376e-06
17926,,3.414170867269242e-06
17927,,3.117687625080531e-06
17928,,3.089231694133001e-06
17929,,3.084914094406796e-06
17930,,3.083304723041477e-06
17931,,3.082081734872739e-06
17932,,3.080522039756362e-06
17933,,3.0770929350511337e-06
17934,,3.0683355448334094e-06
17935,,3.0486723010522377e-06
17936,,3.0040036318008223e-06
17937,,2.908422520969158e-06
17938,,2.7214701948055e-06
17939,,2.417240994550667e-06
17940,,2.0720756514413206e-06
17941,,1.8078870813836461e-06
17942,,1.7110541605178367e-06
17943,,1.6958880210380898e-06
17944,,1.6938577803305817e-06
17945,,1.6928433198380828e-06
17946,,1.6887938782542211e-06
17947,,1.668920627894039e-06
17948,,1.6332377545875089e-06
17949,,1.548739523426219e-06
17950,,1.3752399382179191e-06
17951,,1.0606269998858064e-06
17952,,6.25777459231325e-07
17953,,1.524463755423836e-06
17954,,5.633370555966537e-07
17955,,2.2828537536849831e-07
17956,,5.561212156513039e-08
17957,,2.2393948960378736e-08
17958,,1.8300574871293717e-08
17959,,1.7974274435476335e-08
17960,,1.7955060343197614e-08
17961,,1.795426791273281e-08
17962,,1.795497331319701e-08
17963,,1.7953607353466647e-08
17964,,1.7953444872896206e-08
17965,,1.795344208408243e-08
17966,,1.7953314714422914e-08
17967,,1.7953188276323786e-08
17968,,1.79532302035769e-08
17969,,1.795305114776011e-08
17970,,1.795291496072052e-08
17971,,1.795291156004865e-08
17972,,1.795278860644849e-08
17973,,1.7952663061557888e-08
17974,,1.795270487206646e-08
17975,,1.795252612904709e-08
17976,,1.7952390002006167e-08
17977,,1.795238659928202e-08
17978,,1.7952263670232967e-08
17979,,1.795213814255246e-08
17980,,1.79521799476473e-08
17981,,1.795200122757559e-08
17982,,1.795186511680216e-08
17983,,1.795186171522754e-08
17984,,1.795173880084553e-08
17985,,1.7951613288260082e-08
17986,,1.7951655086778142e-08
17987,,1.795147639031735e-08
17988,,1.7951340297316005e-08
17989,,1.7951336896611722e-08
17990,,1.7951213996148824e-08
17991,,1.795108849962862e-08
17992,,1.795113029315586e-08
17993,,1.7950951618858084e-08
17994,,1.7950815542212137e-08
17995,,1.7950812142065014e-08
17996,,1.7950689256788255e-08
17997,,1.7950563775674193e-08
17998,,1.7950605563620236e-08
17999,,1.795042691188534e-08
18000,,1.7950290852304558e-08
18001,,1.7950287452303766e-08
18002,,1.795016458226462e-08
18003,,1.7950039116975837e-08
18004,,1.795008090089232e-08
18005,,1.794990226944643e-08
18006,,1.7949766226536113e-08
18007,,1.794976282720565e-08
18008,,1.794963997276961e-08
18009,,1.7949514522586512e-08
18010,,1.7949556300493004e-08
18011,,1.794937769224744e-08
18012,,1.7949241666404185e-08
18013,,1.7949238267796508e-08
18014,,1.7949115427948482e-08
18015,,1.794898999285219e-08
18016,,1.7949031763964728e-08
18017,,1.794885317988044e-08
18018,,1.794871717100819e-08
18019,,1.7948713773842146e-08
18020,,1.7948590947648013e-08
18021,,1.7948465528365e-08
18022,,1.7948507294430918e-08
18023,,1.7948328732311733e-08
18024,,1.7948192740340027e-08
18025,,1.7948189343772147e-08
18026,,1.794806653258428e-08
18027,,1.794794112846005e-08
18028,,1.7947982888999162e-08
18029,,1.7947804349532755e-08
18030,,1.794766837426193e-08
18031,,1.79476649773665e-08
18032,,1.7947542182816338e-08
18033,,1.794741679401619e-08
18034,,1.7947458549954963e-08
18035,,1.7947280031700643e-08
18036,,1.7947144073111796e-08
18037,,1.7947140676794234e-08
18038,,1.7947017897144105e-08
18039,,1.794689252396823e-08
18040,,1.7946934274984032e-08
18041,,1.794675577842875e-08
18042,,1.7946619836966923e-08
18043,,1.7946616440867198e-08
18044,,1.7946493676357515e-08
18045,,1.794636831888531e-08
18046,,1.7946410064244255e-08
18047,,1.7946231590386426e-08
18048,,1.794609566581742e-08
18049,,1.7946092270374336e-08
18050,,1.7945969520390693e-08
18051,,1.7945844178719092e-08
18052,,1.794588592020206e-08
18053,,1.7945707466921406e-08
18054,,1.794557155887289e-08
18055,,1.7945568163039114e-08
18056,,1.794544542934908e-08
18057,,1.7945320103167494e-08
18058,,1.7945361839841044e-08
18059,,1.7945183408161158e-08
18060,,1.7945047516722664e-08
18061,,1.794504412079919e-08
18062,,1.7944921403165763e-08
18063,,1.7944796092287705e-08
18064,,1.7944837824644593e-08
18065,,1.794465941436325e-08
18066,,1.7944523539278203e-08
18067,,1.7944520143036252e-08
18068,,1.794439744141414e-08
18069,,1.7944272146794875e-08
18070,,1.794431387446106e-08
18071,,1.7944135485132802e-08
18072,,1.7943999627026887e-08
18073,,1.794399623110613e-08
18074,,1.794387354479193e-08
18075,,1.7943748265023438e-08
18076,,1.794378998801679e-08
18077,,1.794361162043372e-08
18078,,1.7943475779276207e-08
18079,,1.7943472383338126e-08
18080,,1.7943349712629213e-08
18081,,1.7943224448931898e-08
18082,,1.7943266167115454e-08
18083,,1.7943087820776843e-08
18084,,1.7942951996347698e-08
18085,,1.7942948600628102e-08
18086,,1.7942825945218926e-08
18087,,1.7942700696955965e-08
18088,,1.794274241079791e-08
18089,,1.7942564085797232e-08
18090,,1.7942428277364972e-08
18091,,1.7942424880926132e-08
18092,,1.7942302242605952e-08
18093,,1.794217700991293e-08
18094,,1.794221871899602e-08
18095,,1.7942040415524042e-08
18096,,1.794190462416445e-08
18097,,1.794190122766499e-08
18098,,1.7941778604839895e-08
18099,,1.794165338805317e-08
18100,,1.7941695093211918e-08
18101,,1.794151681003223e-08
18102,,1.7941381035087536e-08
18103,,1.7941377639357994e-08
18104,,1.7941255031576184e-08
18105,,1.794112982948407e-08
18106,,1.794117152796395e-08
18107,,1.794099326898311e-08
18108,,1.79408575114005e-08
18109,,1.794085411614133e-08
18110,,1.7940731523102027e-08
18111,,1.7940606337067896e-08
18112,,1.7940648031063413e-08
18113,,1.7940469793065855e-08
18114,,1.7940334052286882e-08
18115,,1.7940330658038837e-08
18116,,1.7940208078994856e-08
18117,,1.7940082908419166e-08
18118,,1.7940124596844952e-08
18119,,1.7939946381378275e-08
18120,,1.7939810657182516e-08
18121,,1.793980726281861e-08
18122,,1.7939684699862868e-08
18123,,1.7939559544870072e-08
18124,,1.7939601228653082e-08
18125,,1.7939423034531864e-08
18126,,1.7939287327340314e-08
18127,,1.7939283933210314e-08
18128,,1.7939161385720137e-08
18129,,1.7939036245926048e-08
18130,,1.7939077924708136e-08
18131,,1.793889975250822e-08
18132,,1.793876406161897e-08
18133,,1.7938760668175924e-08
18134,,1.7938638135550914e-08
18135,,1.7938513011387673e-08
18136,,1.7938554683666086e-08
18137,,1.7938376535115446e-08
18138,,1.793824086144713e-08
18139,,1.7938237469608057e-08
18140,,1.7938114950904106e-08
18141,,1.79379898418581e-08
18142,,1.7938031508624073e-08
18143,,1.793785338233022e-08
18144,,1.793771772597309e-08
18145,,1.793771433453393e-08
18146,,1.7937591829939002e-08
18147,,1.7937466737065118e-08
18148,,1.79375083997731e-08
18149,,1.7937330294533903e-08
18150,,1.793719465389404e-08
18151,,1.7937191261825933e-08
18152,,1.7937068774511024e-08
18153,,1.7936943696633045e-08
18154,,1.793698535448289e-08
18155,,1.7936807270925786e-08
18156,,1.7936671647179598e-08
18157,,1.7936668255136578e-08
18158,,1.7936545783154236e-08
18159,,1.7936420721376156e-08
18160,,1.7936462374659214e-08
18161,,1.793628431181834e-08
18162,,1.7936148704688614e-08
18163,,1.793614531367355e-08
18164,,1.793602285682835e-08
18165,,1.7935897809411386e-08
18166,,1.793593945616286e-08
18167,,1.7935761417668806e-08
18168,,1.7935625827554163e-08
18169,,1.793562243640945e-08
18170,,1.7935499995018423e-08
18171,,1.7935374963154525e-08
18172,,1.7935416605743418e-08
18173,,1.7935238587961403e-08
18174,,1.793510301448263e-08
18175,,1.7935099623532895e-08
18176,,1.7934977197391278e-08
18177,,1.7934852181611584e-08
18178,,1.793489381969821e-08
18179,,1.7934715822841474e-08
18180,,1.7934580266141024e-08
18181,,1.7934576874979832e-08
18182,,1.793445446480442e-08
18183,,1.7934329464435275e-08
18184,,1.7934371098158525e-08
18185,,1.7934193122544285e-08
18186,,1.7934057582359204e-08
18187,,1.7934054191573793e-08
18188,,1.7933931796719427e-08
18189,,1.7933806811450547e-08
18190,,1.7933848439619733e-08
18191,,1.7933670486808047e-08
18192,,1.793353496315386e-08
18193,,1.7933531572438673e-08
18194,,1.7933409192809717e-08
18195,,1.793328422381076e-08
18196,,1.7933325847385654e-08
18197,,1.7933147915385104e-08
18198,,1.7933012408617895e-08
18199,,1.79330090187906e-08
18200,,1.7932886653860012e-08
18201,,1.7932761700090445e-08
18202,,1.7932803318048586e-08
18203,,1.793262540876939e-08
18204,,1.793248991856144e-08
18205,,1.793248652990458e-08
18206,,1.7932364179615892e-08
18207,,1.793223924015981e-08
18208,,1.7932280851607145e-08
18209,,1.79321029665858e-08
18210,,1.7931967493481786e-08
18211,,1.793196410464246e-08
18212,,1.7931841769530925e-08
18213,,1.793171684657783e-08
18214,,1.793175845393034e-08
18215,,1.7931580588641007e-08
18216,,1.7931445132505258e-08
18217,,1.793144174490079e-08
18218,,1.793131942420099e-08
18219,,1.7931194516166115e-08
18220,,1.7931236116521157e-08
18221,,1.7931058275818653e-08
18222,,1.793092283645098e-08
18223,,1.7930919450535843e-08
18224,,1.7930797143185862e-08
18225,,1.793067225055171e-08
18226,,1.79307138440495e-08
18227,,1.7930536027321638e-08
18228,,1.793040060500868e-08
18229,,1.7930397220638917e-08
18230,,1.7930274926781894e-08
18231,,1.793015004943253e-08
18232,,1.793019163709167e-08
18233,,1.7930013843452797e-08
18234,,1.792987843802981e-08
18235,,1.792987505454004e-08
18236,,1.7929752775250097e-08
18237,,1.7929627912653075e-08
18238,,1.7929669495155165e-08
18239,,1.7929491723825185e-08
18240,,1.7929356334702914e-08
18241,,1.7929352951424806e-08
18242,,1.7929230688356546e-08
18243,,1.792910584100635e-08
18244,,1.7929147416667172e-08
18245,,1.792896966881032e-08
18246,,1.792883429711255e-08
18247,,1.7928830915994485e-08
18248,,1.792870866552962e-08
18249,,1.792858383325131e-08
18250,,1.7928625402873564e-08
18251,,1.7928447678482417e-08
18252,,1.7928312323726067e-08
18253,,1.7928308943254374e-08
18254,,1.7928186707774745e-08
18255,,1.792806189092961e-08
18256,,1.792810345519713e-08
18257,,1.792792575256493e-08
18258,,1.7927790414794184e-08
18259,,1.7927787034560878e-08
18260,,1.792766481396168e-08
18261,,1.7927540012820392e-08
18262,,1.7927581572297184e-08
18263,,1.79274038915792e-08
18264,,1.7927268570399863e-08
18265,,1.792726519141993e-08
18266,,1.7927142984676415e-08
18267,,1.7927018198538526e-08
18268,,1.7927059751584138e-08
18269,,1.792688209461087e-08
18270,,1.7926746789915468e-08
18271,,1.792674341168437e-08
18272,,1.7926621220342648e-08
18273,,1.792649644922566e-08
18274,,1.7926537996554873e-08
18275,,1.7926360362024717e-08
18276,,1.792622507440669e-08
18277,,1.7926221697102327e-08
18278,,1.7926099520107343e-08
18279,,1.7925974764298196e-08
18280,,1.7926016306286617e-08
18281,,1.7925838694366342e-08
18282,,1.7925703423126282e-08
18283,,1.7925700046460318e-08
18284,,1.792557788425397e-08
18285,,1.7925453143850863e-08
18286,,1.7925494680204884e-08
18287,,1.7925317090214626e-08
18288,,1.7925181836772812e-08
18289,,1.7925178460404445e-08
18290,,1.7925056312830177e-08
18291,,1.792493158846176e-08
18292,,1.7924973121095822e-08
18293,,1.792479555153501e-08
18294,,1.7924660313885053e-08
18295,,1.7924656936991515e-08
18296,,1.792453480575628e-08
18297,,1.7924410096941002e-08
18298,,1.7924451624818612e-08
18299,,1.792427407682741e-08
18300,,1.792413885573911e-08
18301,,1.7924135479615617e-08
18302,,1.792401336350912e-08
18303,,1.7923888669635336e-08
18304,,1.7923930191314266e-08
18305,,1.7923752666198602e-08
18306,,1.79236174623499e-08
18307,,1.7923614087454522e-08
18308,,1.792349198545051e-08
18309,,1.79233673064334e-08
18310,,1.7923408822872112e-08
18311,,1.79232313205224e-08
18312,,1.792309613323583e-08
18313,,1.7923092757598448e-08
18314,,1.7922970671813592e-08
18315,,1.7922846009054962e-08
18316,,1.7922887521262952e-08
18317,,1.7922710038779995e-08
18318,,1.7922574868490983e-08
18319,,1.792257149423033e-08
18320,,1.7922449422542267e-08
18321,,1.7922324774389586e-08
18322,,1.7922366280443315e-08
18323,,1.792218882217428e-08
18324,,1.7922053667989072e-08
18325,,1.7922050293187295e-08
18326,,1.792192823776202e-08
18327,,1.7921803605632925e-08
18328,,1.7921845107934742e-08
18329,,1.7921667668980494e-08
18330,,1.7921532531791368e-08
18331,,1.7921529157920474e-08
18332,,1.7921407116752354e-08
18333,,1.7921282500183003e-08
18334,,1.7921323995491448e-08
18335,,1.7921146580696737e-08
18336,,1.7921011460444644e-08
18337,,1.7921008088908434e-08
18338,,1.7920886060849205e-08
18339,,1.7920761458518498e-08
18340,,1.792080294757883e-08
18341,,1.792062555685474e-08
18342,,1.7920490453419865e-08
18343,,1.792048708144828e-08
18344,,1.7920365069045135e-08
18345,,1.7920240482682964e-08
18346,,1.7920281967586473e-08
18347,,1.7920104597296173e-08
18348,,1.79199695106099e-08
18349,,1.7919966138394755e-08
18350,,1.7919844141667218e-08
18351,,1.7919719570931667e-08
18352,,1.7919761052462297e-08
18353,,1.7919583701960037e-08
18354,,1.7919448631245074e-08
18355,,1.79194452584013e-08
18356,,1.791932327841332e-08
18357,,1.7919198723493083e-08
18358,,1.7919240199797394e-08
18359,,1.7919062870850514e-08
18360,,1.791892781745459e-08
18361,,1.7918924446317825e-08
18362,,1.7918802479315354e-08
18363,,1.7918677939368296e-08
18364,,1.791871940954114e-08
18365,,1.7918542104115794e-08
18366,,1.7918407067091448e-08
18367,,1.791840369611991e-08
18368,,1.791828174486279e-08
18369,,1.7918157220176116e-08
18370,,1.7918198685411046e-08
18371,,1.79180214019996e-08
18372,,1.7917886381289077e-08
18373,,1.7917883010094963e-08
18374,,1.791776107473009e-08
18375,,1.7917636566045806e-08
18376,,1.7917678026791767e-08
18377,,1.7917500763692434e-08
18378,,1.7917365759863657e-08
18379,,1.7917362390030393e-08
18380,,1.791724046908916e-08
18381,,1.7917115974427127e-08
18382,,1.7917157428320965e-08
18383,,1.79169801898429e-08
18384,,1.791684520318384e-08
18385,,1.791684183392069e-08
18386,,1.7916719927218142e-08
18387,,1.7916595448267793e-08
18388,,1.791663689797768e-08
18389,,1.7916459680716027e-08
18390,,1.7916324710181835e-08
18391,,1.7916321339668427e-08
18392,,1.7916199449879855e-08
18393,,1.7916074987563036e-08
18394,,1.7916116433795735e-08
18395,,1.7915939235276613e-08
18396,,1.7915804281764038e-08
18397,,1.791580091261588e-08
18398,,1.7915679036610938e-08
18399,,1.791555458928471e-08
18400,,1.7915596030072935e-08
18401,,1.791541885424576e-08
18402,,1.7915283916842898e-08
18403,,1.7915280546936283e-08
18404,,1.791515868790574e-08
18405,,1.7915034255820705e-08
18406,,1.791507569212148e-08
18407,,1.7914898537546143e-08
18408,,1.7914763616927265e-08
18409,,1.7914760246545964e-08
18410,,1.79146384033257e-08
18411,,1.7914513986970012e-08
18412,,1.7914555419899364e-08
18413,,1.7914378284599377e-08
18414,,1.791424338058027e-08
18415,,1.7914240009963997e-08
18416,,1.7914118182636588e-08
18417,,1.7913993782307294e-08
18418,,1.7914035210112388e-08
18419,,1.7913858096586524e-08
18420,,1.791372320881775e-08
18421,,1.791371983966365e-08
18422,,1.7913598026341178e-08
18423,,1.7913473640598473e-08
18424,,1.791351506154683e-08
18425,,1.7913337972536354e-08
18426,,1.7913203102083165e-08
18427,,1.7913199733795515e-08
18428,,1.7913077934527812e-08
18429,,1.791295356403808e-08
18430,,1.791299498062947e-08
18431,,1.7912817912699426e-08
18432,,1.7912683058081186e-08
18433,,1.7912679689225114e-08
18434,,1.791255790663872e-08
18435,,1.791243355173733e-08
18436,,1.7912474963382343e-08
18437,,1.7912297916994134e-08
18438,,1.7912163079335294e-08
18439,,1.7912159710776438e-08
18440,,1.7912037943237166e-08
18441,,1.791191360386165e-08
18442,,1.791195501115387e-08
18443,,1.7911777985488212e-08
18444,,1.7911643164698678e-08
18445,,1.791163979619535e-08
18446,,1.7911518043935702e-08
18447,,1.7911393720005157e-08
18448,,1.7911435122454432e-08
18449,,1.791125811829421e-08
18450,,1.79111233137123e-08
18451,,1.791111994567071e-08
18452,,1.7910998208655866e-08
18453,,1.791087390016385e-08
18454,,1.79109152971134e-08
18455,,1.7910738315267774e-08
18456,,1.7910603527490357e-08
18457,,1.7910600160346975e-08
18458,,1.791047843761233e-08
18459,,1.7910354144151098e-08
18460,,1.7910395535795402e-08
18461,,1.7910218576260952e-08
18462,,1.791008380528053e-08
18463,,1.7910080438208345e-08
18464,,1.7909958730786896e-08
18465,,1.7909834453126915e-08
18466,,1.790987584005441e-08
18467,,1.790969890145304e-08
18468,,1.7909564146914125e-08
18469,,1.7909560781198276e-08
18470,,1.790943908812462e-08
18471,,1.790931482493409e-08
18472,,1.7909356204173705e-08
18473,,1.7909179291027206e-08
18474,,1.79090445536285e-08
18475,,1.7909041189277216e-08
18476,,1.790891950974088e-08
18477,,1.7908795262037698e-08
18478,,1.7908836636362144e-08
18479,,1.7908659744744864e-08
18480,,1.7908525023557316e-08
18481,,1.7908521659817065e-08
18482,,1.79083999954042e-08
18483,,1.7908275762368387e-08
18484,,1.7908317130737443e-08
18485,,1.7908140261885186e-08
18486,,1.790800555828383e-08
18487,,1.7908002195303587e-08
18488,,1.7907880545159986e-08
18489,,1.7907756328019844e-08
18490,,1.7907797690884024e-08
18491,,1.790762084439793e-08
18492,,1.7907486157007316e-08
18493,,1.7907482795090932e-08
18494,,1.790736115904454e-08
18495,,1.790723695680816e-08
18496,,1.7907278314926964e-08
18497,,1.790710149011417e-08
18498,,1.7906966819185404e-08
18499,,1.7906963457056795e-08
18500,,1.790684183726545e-08
18501,,1.7906717650552897e-08
18502,,1.7906759001962835e-08
18503,,1.7906582200251478e-08
18504,,1.790644754670077e-08
18505,,1.7906444187441732e-08
18506,,1.7906322579441827e-08
18507,,1.7906198407434165e-08
18508,,1.7906239752587207e-08
18509,,1.7906062974360652e-08
18510,,1.7905928337418968e-08
18511,,1.7905924977752062e-08
18512,,1.790580338554529e-08
18513,,1.7905679228831352e-08
18514,,1.7905720569542034e-08
18515,,1.790554381289123e-08
18516,,1.7905409192305015e-08
18517,,1.7905405831847867e-08
18518,,1.7905284256017517e-08
18519,,1.790516011575513e-08
18520,,1.790520145304906e-08
18521,,1.79050247155426e-08
18522,,1.7904890111399323e-08
18523,,1.79048867521101e-08
18524,,1.7904765190674027e-08
18525,,1.7904641065085693e-08
18526,,1.790468239632077e-08
18527,,1.7904505681908088e-08
18528,,1.790437109458302e-08
18529,,1.7904367736518554e-08
18530,,1.7904246189238015e-08
18531,,1.7904122078225728e-08
18532,,1.7904163403309413e-08
18533,,1.790398671253002e-08
18534,,1.7903852141562964e-08
18535,,1.790384878292058e-08
18536,,1.790372725176847e-08
18537,,1.790360315679645e-08
18538,,1.790364447795713e-08
18539,,1.790346780696333e-08
18540,,1.7903333252717552e-08
18541,,1.7903329894915264e-08
18542,,1.7903208378642357e-08
18543,,1.7903084298245415e-08
18544,,1.790312561266408e-08
18545,,1.790294896574035e-08
18546,,1.7902814428345735e-08
18547,,1.7902811071579407e-08
18548,,1.7902689569218196e-08
18549,,1.7902565504432e-08
18550,,1.790260681438188e-08
18551,,1.7902430188375954e-08
18552,,1.7902295667731552e-08
18553,,1.7902292310660627e-08
18554,,1.7902170824165935e-08
18555,,1.790204677456427e-08
18556,,1.7902088080551436e-08
18557,,1.7901911475465056e-08
18558,,1.7901776970621518e-08
18559,,1.7901773613119344e-08
18560,,1.790165214260564e-08
18561,,22.1482529753362
18562,,92727.55304179795
18563,,21.979732598923327
18564,,669.5688051295571
18565,,21.739888947247362
18566,,3.369673514887078
18567,,3.3090899983209523
18568,,2.6988407288606315
18569,,2.2502915883121273
18570,,2.0946174411082614
18571,,0.9678943945349235
18572,,11.902648774409444
18573,,0.9569190008118753
18574,,0.8538757408715043
18575,,0.7481173185124267
18576,,0.7460456523338616
18577,,0.7459683762531276
18578,,0.7459654350031917
18579,,0.7459653229690979
18580,,0.7459653187015228
18581,,0.7459653185389608
18582,,0.7459653185327705
18583,,0.7459653185325368
18584,,0.7459653185325265
18585,,0.7459653185325265
18586,,0.6232254049272371
18587,,0.618767132275742
18588,,0.6185702301401099
18589,,0.6185614623159443
18590,,0.6185610717527604
18591,,0.6185610543548212
18592,,0.6185610535798126
18593,,0.6185610535452984
18594,,0.6185610535437656
18595,,0.6185610535436886
18596,,0.6185610535436878
18597,,0.6185610535436861
18598,,0.6185610535436861
18599,,6.669978007561895
18600,,0.5557770235752701
18601,,0.3503560631279417
18602,,0.4384737085245832
18603,,0.3170000235309188
18604,,0.30064383184945814
18605,,0.290642785741315
18606,,0.9472790928640661
18607,,0.2835453571457689
18608,,0.2618509510974143
18609,,0.19634228860090047
18610,,0.15740909968430872
18611,,0.13695308647627646
18612,,0.1360810905121577
18613,,0.13600504084048853
18614,,0.13599805549394467
18615,,0.1359974108557861
18616,,0.13599735134004629
18617,,0.13599734584507822
18618,,0.13599734533773833
18619,,0.1359973452908969
18620,,0.13599734528657248
18621,,0.13599734528617374
18622,,0.13599734528613597
18623,,0.1359973452861326
18624,,0.13599734528613222
18625,,0.13599734528613222
18626,,0.11662605915998332
18627,,0.11477024293245812
18628,,0.11450487493183026
18629,,0.11446489735996568
18630,,0.11445882782048666
18631,,0.11445790523629475
18632,,0.11445776497626801
18633,,0.11445774365202427
18634,,0.11445774041000858
18635,,0.1144577399171106
18636,,0.11445773984217346
18637,,0.11445773983077977
18638,,0.11445773982904864
18639,,0.11445773982878446
18640,,0.11445773982874391
18641,,0.11445773982873847
18642,,0.11445773982873726
18643,,0.11445773982873728
18644,,0.09836494371506047
18645,,0.09583396924065635
18646,,0.09523717619636267
18647,,0.09508354677462554
18648,,0.09504311077664612
18649,,0.09503240571549884
18650,,0.0950295672838198
18651,,0.09502881437066342
18652,,0.09502861463375861
18653,,0.09502856164494401
18654,,0.09502854758727176
18655,,0.09502854385783302
18656,,0.09502854286842949
18657,,0.0950285426059441
18658,,0.09502854253630862
18659,,0.09502854251783371
18660,,0.09502854251293312
18661,,0.09502854251163277
18662,,0.09502854251128764
18663,,0.09502854251119681
18664,,0.09502854251117213
18665,,0.09502854251116521
18666,,0.0950285425111637
18667,,0.09502854251116342
18668,,0.07702630765111901
18669,,0.06716422715236542
18670,,0.06590558429705469
18671,,0.06167826897389655
18672,,0.05590580005305428
18673,,0.047794238812619017
18674,,0.03568818460710716
18675,,0.030459539892475847
18676,,0.025833234903121303
18677,,0.02359319746337487
18678,,0.022742581971308268
18679,,0.02132919502787927
18680,,0.020653542888823276
18681,,0.019563831928402137
18682,,0.01741351066335184
18683,,0.013379985428554418
18684,,0.009356389841042085
18685,,0.0067709896683872135
18686,,0.005713258428064992
18687,,0.005295465548762435
18688,,0.004864146650422206
18689,,0.0042448654393101755
18690,,0.003575998241567191
18691,,0.0034223658182818205
18692,,0.0033275751484791844
18693,,0.003286471071670156
18694,,0.0032182589018867214
18695,,0.0030891089975405303
18696,,0.00288484722509439
18697,,0.0026206003739821133
18698,,0.002407323024196373
18699,,0.002318976367269797
18700,,0.0022868807877873703
18701,,0.002261345193574335
18702,,0.002218918125457131
18703,,0.0021427274089738883
18704,,0.0019713506945620153
18705,,0.0019068759170858798
18706,,0.0018236475250276258
18707,,0.0018021808487092299
18708,,0.0017948028414745151
18709,,0.0017865728934313054
18710,,0.0017756448766241184
18711,,0.0017525026580860797
18712,,0.0017082655079826885
18713,,0.0016239617824633868
18714,,0.0014373791756763339
18715,,0.0011799113395421482
18716,,0.0012331731687132109
18717,,0.001012772861038551
18718,,0.0007374454471229494
18719,,0.0005870192685922209
18720,,0.0005560777404564287
18721,,0.0005501887459316124
18722,,0.0005471338942693501
18723,,0.0005409965745377541
18724,,0.0005248648058687075
18725,,0.0005059719051400396
18726,,0.00049220341650036
18727,,0.0004863872620264953
18728,,0.00048376983670105615
18729,,0.0004813514491732515
18730,,0.00047771667527565705
18731,,0.00047218427951493827
18732,,0.00046351050000241814
18733,,0.00045585198508058146
18734,,0.0004493681893690368
18735,,0.00043909753625833266
18736,,0.00042039803860813855
18737,,0.00038786758402345516
18738,,0.000336915932048696
18739,,0.0003037190856424484
18740,,0.00026880359655407596
18741,,0.000253021619845324
18742,,0.00024918004218611544
18743,,0.00024742695087188673
18744,,0.0002461494584989673
18745,,0.0002452864323990891
18746,,0.00024402409529816933
18747,,0.00024142073301837685
18748,,0.00023595468505760247
18749,,0.00022498090879603398
18750,,0.00020522334192703894
18751,,0.000175831684415425
18752,,0.00015372561645540998
18753,,0.0001394451339435709
18754,,0.00013185095167074967
18755,,0.00013056198728161414
18756,,0.00013011829063993907
18757,,0.00012991324039046022
18758,,0.0001298103817452405
18759,,0.0001297392159753515
18760,,0.00012965344248406222
18761,,0.00012950981301038103
18762,,0.00012920520903561105
18763,,0.00012836529823722902
18764,,0.00012648454426114595
18765,,0.00012235120059990632
18766,,0.00011365691991383887
18767,,9.764176732820383e-05
18768,,7.464999756162797e-05
18769,,5.416338297817352e-05
18770,,4.263401253818298e-05
18771,,3.820322513699629e-05
18772,,3.744873257575963e-05
18773,,3.722568747044225e-05
18774,,3.69932623525116e-05
18775,,3.6655325105609446e-05
18776,,3.616743642620405e-05
18777,,3.535350672373096e-05
18778,,3.389372254682687e-05
18779,,3.122097375303018e-05
18780,,2.7422040878510283e-05
18781,,2.699144313530693e-05
18782,,2.4692870623326016e-05
18783,,2.3975323479970014e-05
18784,,2.384094784980024e-05
18785,,2.3821338012742427e-05
18786,,2.3816978219674467e-05
18787,,2.3813619762386326e-05
18788,,2.380680367896982e-05
18789,,2.379130764048355e-05
18790,,2.3755549913843176e-05
18791,,2.3673371638128243e-05
18792,,2.3486895599540335e-05
18793,,2.3076454482310263e-05
18794,,2.2232771111072815e-05
18795,,2.0733494099742006e-05
18796,,1.872271989163441e-05
18797,,2.252795501313184e-05
18798,,1.821456309556998e-05
18799,,1.6481074764037284e-05
18800,,1.5433603754777482e-05
18801,,1.5094232258874691e-05
18802,,1.4892615607218494e-05
18803,,1.4565241234253693e-05
18804,,1.3859079505576075e-05
18805,,1.24226262802912e-05
18806,,9.917338342394752e-06
18807,,6.684913775548637e-06
18808,,4.309304772821445e-06
18809,,3.4582842219256683e-06
18810,,3.0224899716042233e-06
18811,,2.9755975410830167e-06
18812,,2.972630364385285e-06
18813,,2.9724574149347888e-06
18814,,2.972440905031396e-06
18815,,2.972435179828622e-06
18816,,2.97243007262966e-06
18817,,2.9723872865404337e-06
18818,,2.9723803491296336e-06
18819,,2.972375025544738e-06
18820,,2.9723370266633595e-06
18821,,2.9723262588154548e-06
18822,,2.972320179681843e-06
18823,,2.9723148918678173e-06
18824,,2.972274831125178e-06
18825,,2.972266037164042e-06
18826,,2.972260057712981e-06
18827,,2.972233167410576e-06
18828,,2.9722143992519325e-06
18829,,2.9722059375512617e-06
18830,,2.9721999528769946e-06
18831,,2.9721718292799523e-06
18832,,2.9721543162705474e-06
18833,,2.9721458915896887e-06
18834,,2.9721398614881247e-06
18835,,2.9721115848016802e-06
18836,,2.9720944137249474e-06
18837,,2.972085888250466e-06
18838,,2.9720797832399224e-06
18839,,2.9720519712801323e-06
18840,,2.972034654641764e-06
18841,,2.9720259257477903e-06
18842,,2.9720197188485854e-06
18843,,2.9719928545268755e-06
18844,,2.971975029728204e-06
18845,,2.9719660057197793e-06
18846,,2.971959669621918e-06
18847,,2.971954203923476e-06
18848,,2.9719155418587205e-06
18849,,2.9719061319517467e-06
18850,,2.971899637365976e-06
18851,,2.9718941099583047e-06
18852,,2.9718562014529057e-06
18853,,2.9718463098715078e-06
18854,,2.971839624329342e-06
18855,,2.9718340237405274e-06
18856,,2.971797024609522e-06
18857,,2.971786546417016e-06
18858,,2.9717796332422275e-06
18859,,2.9717739463079225e-06
18860,,2.97173803255626e-06
18861,,2.9717268500372166e-06
18862,,2.971719667326548e-06
18863,,2.9717138788710887e-06
18864,,2.9716792514490614e-06
18865,,2.9716672308616847e-06
18866,,2.9716597304071883e-06
18867,,2.971653822846506e-06
18868,,2.9716207129009913e-06
18869,,2.97160770084114e-06
18870,,2.9715998269472264e-06
18871,,2.9715937799043166e-06
18872,,2.97156245427446e-06
18873,,2.971548274030873e-06
18874,,2.9715399621805956e-06
18875,,2.971533751983654e-06
18876,,2.971504519793059e-06
18877,,2.9714889668871356e-06
18878,,2.9714801422058057e-06
18879,,2.9714737413406815e-06
18880,,2.9714682216779386e-06
18881,,2.9714297986493227e-06
18882,,2.9714203741807365e-06
18883,,2.971413750619409e-06
18884,,2.971408148488979e-06
18885,,2.9713707918274712e-06
18886,,2.9713606664067366e-06
18887,,2.971353782900703e-06
18888,,2.971348084562094e-06
18889,,2.9713119725983077e-06
18890,,2.9713010286056046e-06
18891,,2.971293841770269e-06
18892,,2.971288031218711e-06
18893,,2.971253371614066e-06
18894,,2.9712414720740473e-06
18895,,2.97123393140737e-06
18896,,2.9712279900054474e-06
18897,,2.9711950244677483e-06
18898,,2.971182010013488e-06
18899,,2.9711740566936314e-06
18900,,2.9711679627204774e-06
18901,,2.9711369728422113e-06
18902,,2.9711226577787915e-06
18903,,2.971114223296389e-06
18904,,2.971107951463209e-06
18905,,2.971079265081209e-06
18906,,2.971063433295494e-06
18907,,2.9710544378478393e-06
18908,,2.9710479586823157e-06
18909,,2.971042406940523e-06
18910,,2.9710043574436306e-06
18911,,2.970994708052284e-06
18912,,2.970987987223196e-06
18913,,2.970982346242852e-06
18914,,2.9709454545196434e-06
18915,,2.9709350429038113e-06
18916,,2.9709280404146348e-06
18917,,2.97092229541244e-06
18918,,2.9708867529230914e-06
18919,,2.9708754528620925e-06
18920,,2.9708681221106504e-06
18921,,2.97086225587645e-06
18922,,2.970828285610089e-06
18923,,2.9708159501437187e-06
18924,,2.9708082368333985e-06
18925,,2.9708022293112998e-06
18926,,2.9707700911639937e-06
18927,,2.9707565489711647e-06
18928,,2.970748389832606e-06
18929,,2.9707422176505322e-06
18930,,2.97071221433659e-06
18931,,2.970697265906109e-06
18932,,2.9706885872308148e-06
18933,,2.9706822231598726e-06
18934,,2.9706547075068267e-06
18935,,2.9706381202517558e-06
18936,,2.9706288361526374e-06
18937,,2.970622248467528e-06
18938,,2.97061665654976e-06
18939,,2.970579134509515e-06
18940,,2.9705691449138777e-06
18941,,2.9705622966523285e-06
18942,,2.970556608529362e-06
18943,,2.9705203349192874e-06
18944,,2.9705095232024922e-06
18945,,2.970502371281915e-06
18946,,2.970496571047808e-06
18947,,2.9704617519829254e-06
18948,,2.9704499823022093e-06
18949,,2.970442476536415e-06
18950,,2.9704365456413224e-06
18951,,2.970403421347067e-06
18952,,2.97039053536044e-06
18953,,2.970382617268621e-06
18954,,2.9703765341088443e-06
18955,,2.9703453844095354e-06
18956,,2.970331197699666e-06
18957,,2.9703227991342322e-06
18958,,2.9703165385425066e-06
18959,,2.9702876896012544e-06
18960,,2.9702719871674884e-06
18961,,2.9702630287269075e-06
18962,,2.9702565613744064e-06
18963,,2.970251014207335e-06
18964,,2.9702129245599593e-06
18965,,2.9702033137501307e-06
18966,,2.9701966054452003e-06
18967,,2.9701909693331174e-06
18968,,2.9701540341433263e-06
18969,,2.9701436631267257e-06
18970,,2.9701366740623755e-06
18971,,2.970130934291003e-06
18972,,2.9700953441257838e-06
18973,,2.970084087314357e-06
18974,,2.9700767710791348e-06
18975,,2.9700709105067958e-06
18976,,2.970036887455936e-06
18977,,2.970024598458965e-06
18978,,2.9700169009865057e-06
18979,,2.970010899641819e-06
18980,,2.9699787024094565e-06
18981,,2.969965210735168e-06
18982,,2.9699570690225653e-06
18983,,2.9699509036313634e-06
18984,,2.969920833771305e-06
18985,,2.9699059406403583e-06
18986,,2.9698972812762716e-06
18987,,2.969890924718071e-06
18988,,2.9698633334751317e-06
18989,,2.96984680741901e-06
18990,,2.9698375448625868e-06
18991,,2.9698309655410486e-06
18992,,2.9698253774487856e-06
18993,,2.9697878334743344e-06
18994,,2.96977786805141e-06
18995,,2.9697710291433e-06
18996,,2.9697653452208434e-06
18997,,2.969729044894304e-06
18998,,2.969718260494592e-06
18999,,2.9697111190998443e-06
19000,,2.9697053235004318e-06
19001,,2.9696704721499208e-06
19002,,2.969658733427205e-06
19003,,2.96965123955472e-06
19004,,2.9696453138064087e-06
19005,,2.969612150649807e-06
19006,,2.969599299952207e-06
19007,,2.969591395359416e-06
19008,,2.969585317938667e-06
19009,,2.9695541217615976e-06
19010,,2.9695399753207883e-06
19011,,2.9695315921298387e-06
19012,,2.9695253379707853e-06
19013,,2.9694964335310128e-06
19014,,2.969480777331123e-06
19015,,2.969471836458065e-06
19016,,2.9694653763458167e-06
19017,,2.9694598326730927e-06
19018,,2.9694217266979146e-06
19019,,2.969412135980604e-06
19020,,2.9694054358689404e-06
19021,,2.9693998036097893e-06
19022,,2.9693628475396624e-06
19023,,2.969352499625153e-06
19024,,2.9693455198543493e-06
19025,,2.969339784343867e-06
19026,,2.9693041680282837e-06
19027,,2.969292937782279e-06
19028,,2.969285632126413e-06
19029,,2.9692797762889335e-06
19030,,2.9692457208980846e-06
19031,,2.969233462559107e-06
19032,,2.969225777170593e-06
19033,,2.9692197811197674e-06
19034,,2.96918754440125e-06
19035,,2.969174088064927e-06
19036,,2.9691659601851153e-06
19037,,2.969159800735711e-06
19038,,2.9691296829586613e-06
19039,,2.9691148307495974e-06
19040,,2.9691061872622526e-06
19041,,2.9690998373971918e-06
19042,,2.969072188539243e-06
19043,,2.9690557097520486e-06
19044,,2.96904646545536e-06
19045,,2.9690398937099746e-06
19046,,2.9690343092500315e-06
19047,,2.968996747400532e-06
19048,,2.968986803031922e-06
19049,,2.9689799727293213e-06
19050,,2.968974292816024e-06
19051,,2.968937969733138e-06
19052,,2.9689272095944286e-06
19053,,2.9689200779898515e-06
19054,,2.968914286836809e-06
19055,,2.968879406993349e-06
19056,,2.9688676963279396e-06
19057,,2.9688602136448323e-06
19058,,2.9688542928634343e-06
19059,,2.9688210945731172e-06
19060,,2.9688082762848278e-06
19061,,2.9688003844987245e-06
19062,,2.9687943126488217e-06
19063,,2.9687630735300034e-06
19064,,2.9687489646730246e-06
19065,,2.9687405961786815e-06
19066,,2.968734348291895e-06
19067,,2.968705391921749e-06
19068,,2.9686897791911274e-06
19069,,2.9686808552170244e-06
19070,,2.9686744021884294e-06
19071,,2.9686688619781325e-06
19072,,2.9686307404736527e-06
19073,,2.96862116924519e-06
19074,,2.968614477172237e-06
19075,,2.968608848713251e-06
19076,,2.968571872603951e-06
19077,,2.9685615471461744e-06
19078,,2.9685545765108657e-06
19079,,2.968548845217567e-06
19080,,2.9685132035436827e-06
19081,,2.968501999264734e-06
19082,,2.968494704041957e-06
19083,,2.9684888528974105e-06
19084,,2.9684547660092675e-06
19085,,2.9684425376689077e-06
19086,,2.9684348642094552e-06
19087,,2.9684288734013478e-06
19088,,2.9683965979691692e-06
19089,,2.968383176418498e-06
19090,,2.9683750622170736e-06
19091,,2.968368908655252e-06
19092,,2.968338743837145e-06
19093,,2.9683239318702684e-06
19094,,2.9683153040939953e-06
19095,,2.9683089608811213e-06
19096,,2.968281255158119e-06
19097,,2.9682648231249696e-06
19098,,2.968255596919775e-06
19099,,2.9682490326911744e-06
19100,,2.9682434518520258e-06
19101,,2.9682058724090504e-06
19102,,2.968195948877631e-06
19103,,2.9681891271123346e-06
19104,,2.968183451197499e-06
19105,,2.968147105612705e-06
19106,,2.9681363695576925e-06
19107,,2.9681292476953902e-06
19108,,2.9681234609788884e-06
19109,,2.9680885529624496e-06
19110,,2.968076870100092e-06
19111,,2.968069398536118e-06
19112,,2.9680634827000235e-06
19113,,2.9680302495628984e-06
19114,,2.968017463502598e-06
19115,,2.9680095844537206e-06
19116,,2.9680035181457367e-06
19117,,2.9679722364956632e-06
19118,,2.9679581649067615e-06
19119,,2.9679498110296364e-06
19120,,2.9679435693821956e-06
19121,,2.967914561402551e-06
19122,,2.9678989919549744e-06
19123,,2.9678900847951336e-06
19124,,2.967883638816525e-06
19125,,2.9678781020471666e-06
19126,,2.9678399652082263e-06
19127,,2.9678304133351827e-06
19128,,2.9678237292503077e-06
19129,,2.967818104584364e-06
19130,,2.9677811085954738e-06
19131,,2.96777080549115e-06
19132,,2.96776384395405e-06
19133,,2.967758116853238e-06
19134,,2.967722450069182e-06
19135,,2.9677112715813986e-06
19136,,2.967703986733829e-06
19137,,2.967698140264161e-06
19138,,2.9676640220858465e-06
19139,,2.9676518236246904e-06
19140,,2.9676441620360888e-06
19141,,2.9676381764514272e-06
19142,,2.96760586262445e-06
19143,,2.967592475609421e-06
19144,,2.967584375016519e-06
19145,,2.9675782273265605e-06
19146,,2.9675480157331597e-06
19147,,2.967533243853052e-06
19148,,2.9675246317249955e-06
19149,,2.9675182951221836e-06
19150,,2.967490532986225e-06
19151,,2.9674741473593947e-06
19152,,2.967464939158754e-06
19153,,2.967458382418647e-06
19154,,2.9674528051876205e-06
19155,,2.9674152082613625e-06
19156,,2.967405305502831e-06
19157,,2.967398492248934e-06
19158,,2.967392820319969e-06
19159,,2.9673564523919062e-06
19160,,2.967345740299463e-06
19161,,2.9673386281314158e-06
19162,,2.9673328458376957e-06
19163,,2.967297909781102e-06
19164,,2.9672862546581944e-06
19165,,2.967278794169752e-06
19166,,2.967272883269953e-06
19167,,2.967239615519582e-06
19168,,2.9672268615023105e-06
19169,,2.9672189951395048e-06
19170,,2.967212934367167e-06
19171,,2.9671816103474124e-06
19172,,2.9671675759396365e-06
19173,,2.9671592366280306e-06
19174,,2.9671530012007974e-06
19175,,2.9671239419354287e-06
19176,,2.967108415518209e-06
19177,,2.9670995251105643e-06
19178,,2.967093086155488e-06
19179,,2.967087552826616e-06
19180,,2.967049400715635e-06
19181,,2.9670398681527094e-06
19182,,2.9670331920427415e-06
19183,,2.9670275711611763e-06
19184,,2.966990555415563e-06
19185,,2.966980274570854e-06
19186,,2.9669733221027258e-06
19187,,2.9669675991972325e-06
19188,,2.966931907371134e-06
19189,,2.9669207546446438e-06
19190,,2.9669134801358375e-06
19191,,2.9669076383291785e-06
19192,,2.966873489033641e-06
19193,,2.966861320317853e-06
19194,,2.966853670562009e-06
19195,,2.9668476901899087e-06
19196,,2.9668153380780055e-06
19197,,2.9668019855504694e-06
19198,,2.9667938985311056e-06
19199,,2.966787756697904e-06
19200,,2.9667574985576707e-06
19201,,2.966742766584441e-06
19202,,2.9667341700468066e-06
19203,,2.9667278400460812e-06
19204,,2.966700021631518e-06
19205,,2.966683682359753e-06
19206,,2.9666744921116086e-06
19207,,2.9666679428339665e-06
19208,,2.9666623692070967e-06
19209,,2.966624754928792e-06
19210,,2.966614872844709e-06
19211,,2.966608068070203e-06
19212,,2.9666024001111573e-06
19213,,2.9665660099689442e-06
19214,,2.9665553217690108e-06
19215,,2.9665482192603567e-06
19216,,2.966542441378254e-06
19217,,2.9665074774785764e-06
19218,,2.9664958499401316e-06
19219,,2.9664884004896263e-06
19220,,2.9664824945074737e-06
19221,,2.9664491922904398e-06
19222,,2.9664364702486152e-06
19223,,2.9664286165263087e-06
19224,,2.9664225612605254e-06
19225,,2.9663911951457507e-06
19226,,2.9663771977087797e-06
19227,,2.9663688729053387e-06
19228,,2.966362643681897e-06
19229,,2.9663335333190556e-06
19230,,2.9663180498402266e-06
19231,,2.966309176117609e-06
19232,,2.9663027441687286e-06
19233,,2.9662972142692812e-06
19234,,2.9662590470334617e-06
19235,,2.966249533671675e-06
19236,,2.9662428654995204e-06
19237,,2.9662372483923474e-06
19238,,2.9662002130192966e-06
19239,,2.9661899543621877e-06
19240,,2.9661830109183257e-06
19241,,2.9661772921860934e-06
19242,,2.966141575542394e-06
19243,,2.9661304484069263e-06
19244,,2.9661231842033918e-06
19245,,2.966117347037885e-06
19246,,2.9660831668047677e-06
19247,,2.9660710277288806e-06
19248,,2.966063389757159e-06
19249,,2.9660574145772057e-06
19250,,2.9660250244743086e-06
19251,,2.966011706218333e-06
19252,,2.9660036327102156e-06
19253,,2.9659974967009578e-06
19254,,2.9659671922619213e-06
19255,,2.965952500064845e-06
19256,,2.9659439190425922e-06
19257,,2.9659375956119453e-06
19258,,2.9659097213307954e-06
19259,,2.9658934281056006e-06
19260,,2.9658842557151995e-06
19261,,2.965877713887601e-06
19262,,2.965872143843928e-06
19263,,2.965834512312419e-06
19264,,2.965824650848505e-06
19265,,2.965817854526023e-06
19266,,2.965812190531086e-06
19267,,2.965775778323663e-06
19268,,2.9657651139016547e-06
19269,,2.965758021020309e-06
19270,,2.9657522475377064e-06
19271,,2.9657172559115225e-06
19272,,2.9657056558947663e-06
19273,,2.9656982174433612e-06
19274,,2.965692316361152e-06
19275,,2.965658979899429e-06
19276,,2.965646289658303e-06
19277,,2.9656384485315087e-06
19278,,2.9656323987618803e-06
19279,,2.9656009907110164e-06
19280,,2.965587030168557e-06
19281,,2.965578719826327e-06
19282,,2.9655724967736822e-06
19283,,2.9655433356332346e-06
19284,,2.9655278948461173e-06
19285,,2.9655190377432915e-06
19286,,2.965512612783203e-06
19287,,2.9655070862982406e-06
19288,,2.9654689040015925e-06
19289,,2.9654594098133073e-06
19290,,2.9654527495605667e-06
19291,,2.9654471362202467e-06
19292,,2.965410081333027e-06
19293,,2.965399844764315e-06
19294,,2.9653929103319987e-06
19295,,2.9653871957666104e-06
19296,,2.965351454382127e-06
19297,,2.9653403527973444e-06
19298,,2.965333098866144e-06
19299,,2.965327266337474e-06
19300,,2.965293055322295e-06
19301,,2.965280945768852e-06
19302,,2.9652733195415214e-06
19303,,2.9652673495467033e-06
19304,,2.9652349215533695e-06
19305,,2.965221637523535e-06
19306,,2.9652135774811613e-06
19307,,2.9652074472915136e-06
19308,,2.965177096779592e-06
19309,,2.965162444170968e-06
19310,,2.9651538786288167e-06
19311,,2.9651475617584103e-06
19312,,2.9651196317367793e-06
19313,,2.965103384505015e-06
19314,,2.9650942299258747e-06
19315,,2.9650876955203926e-06
19316,,2.9650821290592623e-06
19317,,2.9650444804084312e-06
19318,,2.9650346394595306e-06
19319,,2.9650278515551673e-06
19320,,2.965022191514871e-06
19321,,2.96498575735566e-06
19322,,2.964975116646042e-06
19323,,2.964968033356306e-06
19324,,2.964962264256008e-06
19325,,2.9649272451010436e-06
19326,,2.9649156724574383e-06
19327,,2.9649082449690366e-06
19328,,2.964902348776474e-06
19329,,2.9648689782148127e-06
19330,,2.9648563196932467e-06
19331,,2.9648484911133468e-06
19332,,2.964842446818316e-06
19333,,2.9648109971050447e-06
19334,,2.9647970732496713e-06
19335,,2.964788777304498e-06
19336,,2.9647825604182833e-06
19337,,2.964753348684884e-06
19338,,2.9647379504940785e-06
19339,,2.9647291099613445e-06
19340,,2.964722691952708e-06
19341,,2.9647171688786635e-06
19342,,2.9646789716710125e-06
19343,,2.9646694965400352e-06
19344,,2.9646628441686994e-06
19345,,2.9646572345838203e-06
19346,,2.9646201603225165e-06
19347,,2.9646099457690372e-06
19348,,2.9646030202980547e-06
19349,,2.9645973098835505e-06
19350,,2.964561543965179e-06
19351,,2.9645504677823103e-06
19352,,2.9645432240766915e-06
19353,,2.9645373961702577e-06
19354,,2.964503154558381e-06
19355,,2.964491074412083e-06
19356,,2.9644834598834354e-06
19357,,2.9644774950527472e-06
19358,,2.9644450294612638e-06
19359,,2.9644317794345107e-06
19360,,2.9644237328019827e-06
19361,,2.964417608408494e-06
19362,,2.9643872120552364e-06
19363,,2.9643725989103697e-06
19364,,2.9643640487717008e-06
19365,,2.964357738432786e-06
19366,,2.9643297530787097e-06
19367,,2.9643135515356355e-06
19368,,2.9643044146883035e-06
19369,,2.964297887670943e-06
19370,,2.964292324784059e-06
19371,,2.9642546591053418e-06
19372,,2.964244838614445e-06
19373,,2.9642380591069587e-06
19374,,2.9642324030104925e-06
19375,,2.9641959470569237e-06
19376,,2.964185329939082e-06
19377,,2.964178256210629e-06
19378,,2.9641724914817006e-06
19379,,2.9641374449241955e-06
19380,,2.964125899583403e-06
19381,,2.9641184830104362e-06
19382,,2.9641125916907572e-06
19383,,2.9640791872522863e-06
19384,,2.964066560288867e-06
19385,,2.9640587442121483e-06
19386,,2.9640527053772007e-06
19387,,2.964021214156354e-06
19388,,2.96400732690642e-06
19389,,2.963999045315679e-06
19390,,2.9639928345635564e-06
19391,,2.9639635725491263e-06
19392,,2.963948216720372e-06
19393,,2.9639393926820774e-06
19394,,2.9639329816149127e-06
19395,,2.9639274619371917e-06
19396,,2.963889249883196e-06
19397,,2.963879793780192e-06
19398,,2.963873149275436e-06
19399,,2.9638675434293765e-06
19400,,2.9638304499090147e-06
19401,,2.963820257276655e-06
19402,,2.9638133407471436e-06
19403,,2.96380763447945e-06
19404,,2.963771844105995e-06
19405,,2.9637607932747007e-06
19406,,2.9637535597811042e-06
19407,,2.963747736477975e-06
19408,,2.9637134644298487e-06
19409,,2.9637014135723656e-06
19410,,2.963693810708111e-06
19411,,2.9636878510182017e-06
19412,,2.9636553479410655e-06
19413,,3.654527718622232
19414,,50808.556220696555
19415,,3.601673427404405
19416,,495.8514198955808
19417,,3.548207406417815
19418,,3.6027991219010933
19419,,2.3645786882419424
19420,,5.560518532862672
19421,,2.322566544104332
19422,,2.100530708476596
19423,,1.6876876391136795
19424,,1.4145953657073065
19425,,1.0822992114069352
19426,,0.5979031447028663
19427,,0.3926034339170316
19428,,0.3633954964617041
19429,,7.0860868632889655
19430,,0.330886028938253
19431,,0.28189400804590603
19432,,0.36999644874454346
19433,,0.24880243651185918
19434,,0.20033429047031542
19435,,0.14627768947904563
19436,,0.09924328504796838
19437,,0.08375044667850988
19438,,0.08345141703267363
19439,,0.07649075917517086
19440,,0.07129011386767914
19441,,0.06435119180117488
19442,,0.07876246741879603
19443,,0.06021343865272806
19444,,0.056321856869744565
19445,,0.05073876560185694
19446,,0.049161749351170674
19447,,1.8900700196792488
19448,,0.04648925863822512
19449,,0.042745758492780006
19450,,0.038861040707520014
19451,,0.03245627173021271
19452,,0.028300454071746053
19453,,0.028469688600624994
19454,,0.022401280811598222
19455,,0.01982926999978364
19456,,0.018129068553907036
19457,,0.017361379738881064
19458,,0.01721874647354874
19459,,0.01703801017708231
19460,,0.01636691940410386
19461,,0.015544708992519468
19462,,0.014679172426497755
19463,,0.013745095301327122
19464,,0.013167482262897117
19465,,0.012817911300927297
19466,,0.012397066896660218
19467,,0.01184518595596209
19468,,0.011023478091828815
19469,,0.009794738197470673
19470,,0.009093820266581811
19471,,0.008457030751543108
19472,,0.008242111618485542
19473,,0.008110349809025573
19474,,0.007984400424424014
19475,,0.007758524247565064
19476,,0.007353885851021396
19477,,0.0069426753541232695
19478,,0.00669112339374055
19479,,0.006516499118491098
19480,,0.006324345335167989
19481,,0.0061199591266881
19482,,0.006003716789947907
19483,,0.005910045208357656
19484,,0.0058063296626528395
19485,,0.005670350911282339
19486,,0.005524025014197159
19487,,0.005429167563935787
19488,,0.005372081089602939
19489,,0.005305174631186588
19490,,0.005208262830786869
19491,,0.0050730086983749876
19492,,0.004898978624762758
19493,,0.004754686975233843
19494,,0.004685775174126208
19495,,0.0046243370752056335
19496,,0.00454388293841706
19497,,0.004392495933139277
19498,,0.00400198717834237
19499,,0.0033253564057213135
19500,,0.0025856452217572733
19501,,0.002020258158883424
19502,,0.0014778415245814392
19503,,0.001231515110301359
19504,,0.0011594127125875752
19505,,0.0011354598986063492
19506,,0.00112889405648596
19507,,0.0011229475254313438
19508,,0.001115353411210932
19509,,0.0011031874378877725
19510,,0.001086769637917361
19511,,0.001062162037218069
19512,,0.001022173042197159
19513,,0.0009852845546312716
19514,,0.0009515373204382516
19515,,0.0009115530066290212
19516,,0.0008588786048461419
19517,,0.0007738542394454587
19518,,0.0006387431680735247
19519,,0.0005581757118900279
19520,,0.0005252580203963227
19521,,0.0005113139359558173
19522,,0.0004959051009320352
19523,,0.0004641845996747566
19524,,0.00039948652085060294
19525,,0.00030677411395769907
19526,,0.00024646904296420145
19527,,0.00021581429039332456
19528,,0.00019691992374475532
19529,,0.00018009922612015819
19530,,0.0001559367162000521
19531,,0.0001441935524895883
19532,,0.00013491670845023858
19533,,0.00013308922281730047
19534,,0.00013265805188836558
19535,,0.00013240211176874194
19536,,0.00013176299005421881
19537,,0.00013051631809687174
19538,,0.00012758706098416983
19539,,0.00012057058586789458
19540,,0.00010855493103831803
19541,,9.181007210969672e-05
19542,,7.211851925935206e-05
19543,,5.887356837439636e-05
19544,,5.332129203950218e-05
19545,,5.165668920880356e-05
19546,,5.061795194646241e-05
19547,,4.9071541102953505e-05
19548,,4.4923875161295914e-05
19549,,3.7248591240827205e-05
19550,,2.6015551818948582e-05
19551,,1.5178856227055228e-05
19552,,9.762769943479977e-06
19553,,8.316363332859722e-06
19554,,8.121120605094077e-06
19555,,8.10081057666108e-06
19556,,8.089970014536747e-06
19557,,8.057779908806422e-06
19558,,7.986641529099975e-06
19559,,7.826138186751932e-06
19560,,7.43997810575455e-06
19561,,6.655101626164197e-06
19562,,5.323159791862476e-06
19563,,3.77333427977382e-06
19564,,2.0632590524993195e-06
19565,,1.4443673268731749e-06
19566,,1.220235176406496e-06
19567,,1.200645022517918e-06
19568,,1.1968539440038558e-06
19569,,1.1959151568229268e-06
19570,,1.1912084189220927e-06
19571,,1.1815514635301603e-06
19572,,1.156551342407926e-06
19573,,1.1040917297198125e-06
19574,,1.0064717097650158e-06
19575,,8.639316107410874e-07
19576,,7.275756177577549e-07
19577,,6.615037325785082e-07
19578,,6.388376383493254e-07
19579,,6.345786576118375e-07
19580,,6.341888472640054e-07
19581,,6.341415311416433e-07
19582,,6.341209208234416e-07
19583,,6.340282339511482e-07
19584,,6.339098449403735e-07
19585,,6.332452395983006e-07
19586,,6.325822020106808e-07
19587,,6.277947890078526e-07
19588,,6.191585213381668e-07
19589,,5.999335758334201e-07
19590,,5.621501822539786e-07
19591,,4.999343304856617e-07
19592,,4.2706763906721353e-07
19593,,3.7700379742225133e-07
19594,,3.598279073378255e-07
19595,,3.567534407034286e-07
19596,,3.56430574811542e-07
19597,,3.564055030746385e-07
19598,,3.564029664637784e-07
19599,,3.5640178308797035e-07
19600,,3.5640075615983515e-07
19601,,3.563928828074109e-07
19602,,3.563912471919316e-07
19603,,3.563901009251659e-07
19604,,3.563842453378553e-07
19605,,3.563811181746218e-07
19606,,3.5637957949598017e-07
19607,,3.5637842451915737e-07
19608,,3.563723268797356e-07
19609,,3.563694923521653e-07
19610,,3.563679289421966e-07
19611,,3.5636675197091864e-07
19612,,3.563608184428218e-07
19613,,3.563579219594034e-07
19614,,3.563562901319638e-07
19615,,3.563550830342584e-07
19616,,3.563494970839626e-07
19617,,3.563463899754658e-07
19618,,3.5634466210344564e-07
19619,,3.5634341789401594e-07
19620,,3.563423466178175e-07
19621,,3.56334892525398e-07
19622,,3.5633304535074464e-07
19623,,3.563317569537052e-07
19624,,3.5633066960173735e-07
19625,,3.563234307609605e-07
19626,,3.563214411100344e-07
19627,,3.563201007605074e-07
19628,,3.5631899460475887e-07
19629,,3.563120084784989e-07
19630,,3.5630985113249473e-07
19631,,3.5630844999327597e-07
19632,,3.56307321873294e-07
19633,,3.5630063124195723e-07
19634,,3.5629827759542486e-07
19635,,3.562968054590862e-07
19636,,3.562956517047395e-07
19637,,3.5628930602722427e-07
19638,,3.56286723097306e-07
19639,,3.562851681058316e-07
19640,,3.562839844406896e-07
19641,,3.562780412145861e-07
19642,,3.5627519070505083e-07
19643,,3.562735390497326e-07
19644,,3.562723204833821e-07
19645,,3.562668466853731e-07
19646,,3.562636839976989e-07
19647,,3.5626191958224734e-07
19648,,3.562606603051342e-07
19649,,3.56259583517459e-07
19650,,3.56252207169506e-07
19651,,3.562503112183737e-07
19652,,3.56249004447615e-07
19653,,3.56247910529219e-07
19654,,3.562407651033051e-07
19655,,3.562387157243774e-07
19656,,3.5623735355308234e-07
19657,,3.5623623964509186e-07
19658,,3.5622936350011385e-07
19659,,3.5622713516071586e-07
19660,,3.562257083609975e-07
19661,,3.562245711329803e-07
19662,,3.562180090144735e-07
19663,,3.562155719311228e-07
19664,,3.5621406974570385e-07
19665,,3.5621290530728004e-07
19666,,3.5620670940177484e-07
19667,,3.562040288362022e-07
19668,,3.5620243871372047e-07
19669,,3.562012425356933e-07
19670,,3.561954737075776e-07
19671,,3.5619250914498473e-07
19672,,3.561908164509046e-07
19673,,3.5618958324268954e-07
19674,,3.5618431248927617e-07
19675,,3.561810166709489e-07
19676,,3.561792043324324e-07
19677,,3.5617792792473816e-07
19678,,3.561768451339991e-07
19679,,3.5616955586122236e-07
19680,,3.561676039641999e-07
19681,,3.561662771636791e-07
19682,,3.561651761951108e-07
19683,,3.561581318995545e-07
19684,,3.5615601721913784e-07
19685,,3.5615463163860227e-07
19686,,3.561535094584869e-07
19687,,3.561467508418368e-07
19688,,3.5614444628366185e-07
19689,,3.561429921338087e-07
19690,,3.5614184520878095e-07
19691,,3.5613541974096284e-07
19692,,3.561328937096738e-07
19693,,3.5613135957594165e-07
19694,,3.5613018378077324e-07
19695,,3.5612414682661447e-07
19696,,3.561213624682902e-07
19697,,3.5611973503602546e-07
19698,,3.56118525560763e-07
19699,,3.5611294170158183e-07
19700,,3.561098560294761e-07
19701,,3.5610811976776346e-07
19702,,3.561068710019824e-07
19703,,3.5610579835358637e-07
19704,,3.5609837843525536e-07
19705,,3.560965152318393e-07
19706,,3.56095220632371e-07
19707,,3.560941314530091e-07
19708,,3.560869344058538e-07
19709,,3.56084923132114e-07
19710,,3.560835750678385e-07
19711,,3.560824665977568e-07
19712,,3.560755294432682e-07
19713,,3.5607334545983025e-07
19714,,3.560719350263089e-07
19715,,3.5607080405140965e-07
19716,,3.560641699678948e-07
19717,,3.560617845307238e-07
19718,,3.560603013442848e-07
19719,,3.5605914411326116e-07
19720,,3.5605286346650575e-07
19721,,3.560502430513553e-07
19722,,3.560486750021195e-07
19723,,3.5604748713580136e-07
19724,,3.5604161867080806e-07
19725,,3.5603872417399484e-07
19726,,3.5603705713534255e-07
19727,,3.5603583353604054e-07
19728,,3.560304457672701e-07
19729,,3.5602723158132676e-07
19730,,3.560254490756394e-07
19731,,3.5602418378815533e-07
19732,,3.5602310535685913e-07
19733,,3.560157695634305e-07
19734,,3.560138523748193e-07
19735,,3.5601253845725847e-07
19736,,3.5601144248185715e-07
19737,,3.560043431263181e-07
19738,,3.5600226883772626e-07
19739,,3.5600089819247817e-07
19740,,3.559997817492029e-07
19741,,3.559929581079774e-07
19742,,3.559907005776872e-07
19743,,3.559892637576089e-07
19744,,3.559881234342629e-07
19745,,3.5598162132004356e-07
19746,,3.559791500506003e-07
19747,,3.5597763604068706e-07
19748,,3.559764678581279e-07
19749,,3.559703407060375e-07
19750,,3.5596762013132386e-07
19751,,3.559660160804713e-07
19752,,3.5596481539467777e-07
19753,,3.5595912552732854e-07
19754,,3.559561141605622e-07
19755,,3.5595440508497736e-07
19756,,3.55953166482196e-07
19757,,3.559520978479716e-07
19758,,3.55944636048173e-07
19759,,3.5594280446172e-07
19760,,3.5594152162962395e-07
19761,,3.5594043704168275e-07
19762,,3.5593319034262643e-07
19763,,3.5593121586061263e-07
19764,,3.5592988143066816e-07
19765,,3.5592877822847867e-07
19766,,3.5592178235846776e-07
19767,,3.5591964119723273e-07
19768,,3.559182465768114e-07
19769,,3.5591712165792253e-07
19770,,3.5591041828823043e-07
19771,,3.5590808271043257e-07
19772,,3.559066178811568e-07
19773,,3.5590546761981507e-07
19774,,3.558991053617586e-07
19775,,3.558965430109731e-07
19776,,3.558949962814837e-07
19777,,3.558938164586718e-07
19778,,3.558878519989341e-07
19779,,3.558850251417304e-07
19780,,3.5588338288134495e-07
19781,,3.5588216857425304e-07
19782,,3.558766680363272e-07
19783,,3.558735326543902e-07
19784,,3.5587177895919966e-07
19785,,3.558705244227035e-07
19786,,3.5586945021642077e-07
19787,,3.558620696915888e-07
19788,,3.558601860192487e-07
19789,,3.5585888454943966e-07
19790,,3.558577934140557e-07
19791,,3.5585064108383445e-07
19792,,3.5584860579773454e-07
19793,,3.558472495840139e-07
19794,,3.5584613869608873e-07
19795,,3.558392524658651e-07
19796,,3.5583704033672524e-07
19797,,3.5583562026126655e-07
19798,,3.5583448632984617e-07
19799,,3.558279104114088e-07
19800,,3.5582549200792255e-07
19801,,3.558239974392758e-07
19802,,3.5582283662056697e-07
19803,,3.558166225847427e-07
19804,,3.558139635828697e-07
19805,,3.5581238211829796e-07
19806,,3.558111899337806e-07
19807,,3.5580539792705494e-07
19808,,3.5580245828927945e-07
19809,,3.558007754664221e-07
19810,,3.557995466912139e-07
19811,,3.5579424686882497e-07
19812,,3.557909798931359e-07
19813,,3.557891788430624e-07
19814,,3.557879073820725e-07
19815,,3.5578682724429035e-07
19816,,3.5577953279273466e-07
19817,,3.557775938362918e-07
19818,,3.557762725812011e-07
19819,,3.557751744802061e-07
19820,,3.557681221132473e-07
19821,,3.557660222988363e-07
19822,,3.557646429570959e-07
19823,,3.557635238991334e-07
19824,,3.5575675383190767e-07
19825,,3.557544663898625e-07
19826,,3.5575301929140277e-07
19827,,3.5575187578013187e-07
19828,,3.557454349210844e-07
19829,,3.557429286284951e-07
19830,,3.55741402491095e-07
19831,,3.557402304524775e-07
19832,,3.5573417351599084e-07
19833,,3.5573141195139006e-07
19834,,3.5572979361869914e-07
19835,,3.557285883008342e-07
19836,,3.55722979100513e-07
19837,,3.557199197876164e-07
19838,,3.5571819391559367e-07
19839,,3.5571694977153797e-07
19840,,3.557158796618183e-07
19841,,3.5570845613254e-07
19842,,3.5570660482253524e-07
19843,,3.5570531538666196e-07
19844,,3.557042289398076e-07
19845,,3.556970256520966e-07
19846,,3.556950280263358e-07
19847,,3.556936857566116e-07
19848,,3.5569258024893924e-07
19849,,3.55685633781282e-07
19850,,3.5568346548537824e-07
19851,,3.5568206158711647e-07
19852,,3.5568093384141565e-07
19853,,3.556742868628266e-07
19854,,3.556719195001393e-07
19855,,3.556704437100602e-07
19856,,3.5566929001692597e-07
19857,,3.556629922961492e-07
19858,,3.5566039273501283e-07
19859,,3.55658833088136e-07
19860,,3.556576491274282e-07
19861,,3.556517587107146e-07
19862,,3.5564888831366485e-07
19863,,3.5564723084937875e-07
19864,,3.556460115753402e-07
19865,,3.5564059617047466e-07
19866,,3.5563740986942315e-07
19867,,3.556356383053939e-07
19868,,3.55634377837776e-07
19869,,3.5563330201312385e-07
19870,,3.5562596164410834e-07
19871,,3.556240569873647e-07
19872,,3.556227484684372e-07
19873,,3.5562165530836285e-07
19874,,3.5561454858225783e-07
19875,,3.5561248868797214e-07
19876,,3.5561112410968255e-07
19877,,3.5561001072549645e-07
19878,,3.5560317645439804e-07
19879,,3.5560093548564733e-07
19880,,3.5559950551765406e-07
19881,,3.5559836853511803e-07
19882,,3.5559185199149946e-07
19883,,3.5558939981476794e-07
19884,,3.555878935712592e-07
19885,,3.555867290588582e-07
19886,,3.555805830419672e-07
19887,,3.5557788451102727e-07
19888,,3.55576289291201e-07
19889,,3.555750926649273e-07
19890,,3.555693787619122e-07
19891,,3.55566392878674e-07
19892,,3.5556469387758963e-07
19893,,3.5556345978100137e-07
19894,,3.5556239364085945e-07
19895,,3.555549287789902e-07
19896,,3.5555310871856645e-07
19897,,3.5555183091444285e-07
19898,,3.555507490122296e-07
19899,,3.5554349671012023e-07
19900,,3.555415354434958e-07
19901,,3.555402066534266e-07
19902,,3.555391063550033e-07
19903,,3.555321019187658e-07
19904,,3.555299759475775e-07
19905,,3.555285876793722e-07
19906,,3.55527465920154e-07
19907,,3.5552075052896754e-07
19908,,3.555184324403199e-07
19909,,3.555169747935845e-07
19910,,3.5551582799578633e-07
19911,,3.5550944967711194e-07
19912,,3.5550690750210534e-07
19913,,3.5550536892798057e-07
19914,,3.5550419291906276e-07
19915,,3.554982076953008e-07
19916,,3.5549540414193115e-07
19917,,3.5549377116678167e-07
19918,,3.554925610813585e-07
19919,,3.554870342951821e-07
19920,,3.5548392586941325e-07
19921,,3.5548218278122323e-07
19922,,3.554809329406794e-07
19923,,3.5547986129594154e-07
19924,,3.554724767765156e-07
19925,,3.5547060524757107e-07
19926,,3.5546930903181284e-07
19927,,3.55468220659834e-07
19928,,3.5546106163785156e-07
19929,,3.554590402904867e-07
19930,,3.554576899769893e-07
19931,,3.554565820879047e-07
19932,,3.5544968601913336e-07
19933,,3.5544748992286693e-07
19934,,3.5544607650396695e-07
19935,,3.554449458436835e-07
19936,,3.554383564201621e-07
19937,,3.5543595648933025e-07
19938,,3.5543446946034357e-07
19939,,3.554333122312096e-07
19940,,3.554270804095286e-07
19941,,3.5542444272858996e-07
19942,,3.5542286983566086e-07
19943,,3.554216816118109e-07
19944,,3.5541586682797034e-07
19945,,3.554129518311736e-07
19946,,3.554112787781315e-07
19947,,3.5541005439813356e-07
19948,,3.554047259777573e-07
19949,,3.5540148751973414e-07
19950,,3.553996976373596e-07
19951,,3.5539843107798155e-07
19952,,3.553973535776253e-07
19953,,3.5539005413888274e-07
19954,,3.553881279835083e-07
19955,,3.553868122169206e-07
19956,,3.553857169669805e-07
19957,,3.5537865675035255e-07
19958,,3.55376571639855e-07
19959,,3.5537519847713545e-07
19960,,3.553740825161723e-07
19961,,3.553673012651139e-07
19962,,3.553650307483164e-07
19963,,3.5536359062970385e-07
19964,,3.5536245050637193e-07
19965,,3.553559945698904e-07
19966,,3.5535350779180114e-07
19967,,3.553519895725928e-07
19968,,3.5535082125999473e-07
19969,,3.553447447047321e-07
19970,,3.553420056778635e-07
19971,,3.5534039635407265e-07
19972,,3.553391951548755e-07
19973,,3.553335610424968e-07
19974,,3.553305277923922e-07
19975,,3.5532881220222226e-07
19976,,3.5532757263697595e-07
19977,,3.5532650504734366e-07
19978,,3.553190780810388e-07
19979,,3.5531723853816283e-07
19980,,3.553159542206977e-07
19981,,3.553148704874263e-07
19982,,3.5530766116006705e-07
19983,,3.5530567703039743e-07
19984,,3.553043405047288e-07
19985,,3.5530323793709516e-07
19986,,3.5529628239297577e-07
19987,,3.552941296160816e-07
19988,,3.5529273219015044e-07
19989,,3.5529160764924817e-07
19990,,3.552849480544536e-07
19991,,3.552825985645443e-07
19992,,3.5528113010076633e-07
19993,,3.5527997991795334e-07
19994,,3.5527366545211584e-07
19995,,3.552710865157135e-07
19996,,3.552695351815672e-07
19997,,3.5526835509153863e-07
19998,,3.552624431156928e-07
19999,,3.552595965453332e-07
20000,,3.5525794855425377e-07
20001,,3.552567335700098e-07
20002,,3.5525129098586835e-07
20003,,3.552481322518802e-07
20004,,3.552463715117575e-07
20005,,3.552451158218371e-07
20006,,3.552440425866826e-07
20007,,3.5523669782502717e-07
20008,,3.5523480557199394e-07
20009,,3.5523350239498076e-07
20010,,3.552324120327641e-07
20011,,3.5522529814874854e-07
20012,,3.55223252494224e-07
20013,,3.552218939247252e-07
20014,,3.55220783578399e-07
20015,,3.55213938929559e-07
20016,,3.5521171434535586e-07
20017,,3.552102911591486e-07
20018,,3.552091574944634e-07
20019,,3.5520262681668895e-07
20020,,3.552001935213653e-07
20021,,3.551986949643892e-07
20022,,3.551975340946186e-07
20023,,3.551913695628375e-07
20024,,3.5518869283042407e-07
20025,,3.551871063514275e-07
20026,,3.551859137469439e-07
20027,,3.5518017621895345e-07
20028,,3.5517721553689415e-07
20029,,3.551755265038541e-07
20030,,3.551742968735602e-07
20031,,3.5517323321377994e-07
20032,,3.551657654547732e-07
20033,,3.5516395679501635e-07
20034,,3.551626839764075e-07
20035,,3.551616047392468e-07
20036,,3.55154347025835e-07
20037,,3.551523988335393e-07
20038,,3.551510756324253e-07
20039,,3.551499782185202e-07
20040,,3.551429654421719e-07
20041,,3.5514085449406825e-07
20042,,3.5513947251848245e-07
20043,,3.551383539001973e-07
20044,,3.551316267518135e-07
20045,,3.5512932595970576e-07
20046,,3.5512787542726835e-07
20047,,3.5512673206708197e-07
20048,,3.551203380062278e-07
20049,,3.5511781577840605e-07
20050,,3.551162852768748e-07
20051,,3.5511511305042596e-07
20052,,3.55109107438402e-07
20053,,3.5510632692734096e-07
20054,,3.551047031411181e-07
20055,,3.5510349724271785e-07
20056,,3.550979446442097e-07
20057,,3.55094862870752e-07
20058,,3.550931302742103e-07
20059,,3.550918850911112e-07
20060,,3.550908159944361e-07
20061,,3.5508342765245414e-07
20062,,3.550815681366502e-07
20063,,3.5508027712891606e-07
20064,,3.550791915021756e-07
20065,,3.550720259919634e-07
20066,,3.5507001843257525e-07
20067,,3.5506867396700534e-07
20068,,3.55067569053824e-07
20069,,3.550606633916672e-07
20070,,3.550584831503589e-07
20071,,3.5505707632510664e-07
20072,,3.5505594891162887e-07
20073,,3.5504934626713953e-07
20074,,3.550469646059075e-07
20075,,3.5504548504322274e-07
20076,,3.550443313754597e-07
20077,,3.5503808210514984e-07
20078,,3.550354655064196e-07
20079,,3.5503390109493983e-07
20080,,3.5503271680102003e-07
20081,,3.5502687963615497e-07
20082,,3.5502398900500896e-07
20083,,3.550223256192507e-07
20084,,3.5502110559570784e-07
20085,,3.55015749044784e-07
20086,,3.550125387816456e-07
20087,,3.5501075994774427e-07
20088,,3.5500949824488975e-07
20089,,3.5500842336454424e-07
20090,,3.550011191243955e-07
20091,,3.549992056322316e-07
20092,,3.5499789530630435e-07
20093,,3.549968028867467e-07
20094,,3.5498973504187934e-07
20095,,3.5498766447736233e-07
20096,,3.5498629743194185e-07
20097,,3.549851845461826e-07
20098,,3.5497839236935937e-07
20099,,3.5497613859183414e-07
20100,,3.54974705385789e-07
20101,,3.5497356862253473e-07
20102,,3.5496709791582956e-07
20103,,3.549646304375434e-07
20104,,3.5496312005406425e-07
20105,,3.5496195543735254e-07
20106,,3.549558596244244e-07
20107,,3.5495314288274e-07
20108,,3.5495154247590135e-07
20109,,3.5495034536127905e-07
20110,,3.549446867585289e-07
20111,,3.549416792738971e-07
20112,,3.549399738566103e-07
20113,,3.5493873883435625e-07
20114,,3.5493767374746735e-07
20115,,3.5493024351585106e-07
20116,,3.5492841561167535e-07
20117,,3.5492713636264154e-07
20118,,3.549260553262881e-07
20119,,3.5491884015825024e-07
20120,,3.549168693801153e-07
20121,,3.5491553854336244e-07
20122,,3.549144388966981e-07
20123,,3.5490747451165924e-07
20124,,3.5490533708508305e-07
20125,,3.549039460680966e-07
20126,,3.54902824707333e-07
20127,,3.5489615277356925e-07
20128,,3.5489382096067714e-07
20129,,3.5489235974602247e-07
20130,,3.5489121304874805e-07
20131,,3.548848821622512e-07
20132,,3.5488232361790865e-07
20133,,3.5488078051691973e-07
20134,,3.5487960426588846e-07
20135,,3.548736711094092e-07
20136,,3.5487084810130467e-07
20137,,3.548692094866062e-07
20138,,3.5486799875301673e-07
20139,,3.548625294391236e-07
20140,,3.5485939796090533e-07
20141,,3.548576479333105e-07
20142,,3.5485639697392425e-07
20143,,3.548553263154788e-07
20144,,3.548479773359334e-07
20145,,3.5484609735165373e-07
20146,,3.5484479947158476e-07
20147,,3.548437118866333e-07
20148,,3.548365910616306e-07
20149,,3.5483455948955855e-07
20150,,3.5483320687359764e-07
20151,,3.548320995404187e-07
20152,,3.5482524476702355e-07
20153,,3.5482303638156304e-07
20154,,3.5482161991457953e-07
20155,,3.5482048954168675e-07
20156,,3.5481394502721147e-07
20157,,3.548115304029112e-07
20158,,3.5481003945661484e-07
20159,,3.5480888219916583e-07
20160,,3.548026995013927e-07
20161,,3.548000443213155e-07
20162,,3.5479846649250823e-07
20163,,3.5479727787580305e-07
20164,,3.547915171344664e-07
20165,,3.5478858136386545e-07
20166,,3.5478690219560336e-07
20167,,3.54785676994476e-07
20168,,3.5478040835179184e-07
20169,,3.5477714530211767e-07
20170,,3.547753479253167e-07
20171,,3.547740800452873e-07
20172,,3.5477300345730746e-07
20173,,3.547657405261615e-07
20174,,3.547638052659333e-07
20175,,3.547624876016414e-07
20176,,3.5476139305290595e-07
20177,,3.547543721641392e-07
20178,,3.547522760746206e-07
20179,,3.547509003304035e-07
20180,,3.547497848268422e-07
20181,,3.547430461911751e-07
20182,,3.547407625035106e-07
20183,,3.5473931901619583e-07
20184,,3.5473817906339737e-07
20185,,3.5473176957623706e-07
20186,,3.5472926707564077e-07
20187,,3.5472774456428056e-07
20188,,3.5472657608905474e-07
20189,,3.5472055045759e-07
20190,,3.54717792730731e-07
20191,,3.54716178039368e-07
20192,,3.5471497628829484e-07
20193,,3.5470939831423087e-07
20194,,3.5470634289127766e-07
20195,,3.5470462067901115e-07
20196,,3.5470338010881615e-07
20197,,13.314012596061986
20198,,70561.97748346395
20199,,13.206600550917367
20200,,570.8513849755877
20201,,13.071896156447567
20202,,5.280110587600789
20203,,6.742493409383732
20204,,5.2263361498734735
20205,,4.971583187991545
20206,,11.274784655635807
20207,,4.941630470319055
20208,,4.630041557451781
20209,,4.528426303925796
20210,,4.229247390772584
20211,,6.037430864223297
20212,,4.2083465073885575
20213,,4.038463966622465
20214,,4.592106627337694
20215,,4.010154766642967
20216,,3.9144006938717815
20217,,3.989138026599384
20218,,3.821981309637462
20219,,3.59093378946415
20220,,3.480685803922855
20221,,3.479706801515494
20222,,3.4796964053577715
20223,,3.4796962946774297
20224,,3.47969629349907
20225,,3.4796962934865205
20226,,3.479696293486386
20227,,3.479696293486385
20228,,3.479696293486385
20229,,9.186435730253107
20230,,3.4605280339216025
20231,,3.2293880108852395
20232,,3.820963786397701
20233,,3.2075742491808277
20234,,3.1391631485697844
20235,,2.930893173548765
20236,,2.778942594940834
20237,,2.776967384414604
20238,,2.776939891253141
20239,,2.776939508214026
20240,,2.776939502877393
20241,,2.776939502803047
20242,,2.7769395028020076
20243,,2.7769395028019934
20244,,2.7769395028019934
20245,,1.6215223523646782
20246,,0.8967742232491503
20247,,1.1346579027539214
20248,,0.8367680962260464
20249,,0.7647016315375201
20250,,0.7477438077752657
20251,,31.733458273843016
20252,,0.7365091100975791
20253,,0.7288322434424495
20254,,0.6249349568881732
20255,,1.075906422253071
20256,,0.6150502130266249
20257,,0.5828980962372711
20258,,0.8683941441097939
20259,,0.5747665547958183
20260,,0.5566630060750928
20261,,0.5735463451493762
20262,,0.5380227307126022
20263,,0.5000284680940232
20264,,0.47094481512177716
20265,,0.41679412054246445
20266,,3.4736987116918967
20267,,0.4055933828825531
20268,,0.35848246012930735
20269,,0.33876515917104477
20270,,0.337971152880805
20271,,0.33793324457126256
20272,,0.33793142057620634
20273,,0.33793133278012316
20274,,0.33793132855407576
20275,,0.3379313283506556
20276,,0.3379313283408639
20277,,0.33793132834039025
20278,,0.3379313283403705
20279,,0.3379313283403687
20280,,0.33793132834036815
20281,,0.33793132834036815
20282,,3.244117553380919
20283,,0.32417087613915596
20284,,0.26977260879956777
20285,,1.0097932608884168
20286,,0.26723920010626495
20287,,0.256596878379889
20288,,0.2619650629103137
20289,,0.2507381481227566
20290,,0.24204092004926972
20291,,0.22445970412505434
20292,,0.20750449587415978
20293,,0.20550096627839104
20294,,0.2052320688310166
20295,,0.20519539319234106
20296,,0.2051903799799716
20297,,0.20518969451718022
20298,,0.20518960078917853
20299,,0.2051895879730394
20300,,0.20518958622058803
20301,,0.2051895859809629
20302,,0.20518958594819672
20303,,0.20518958594371758
20304,,0.2051895859431054
20305,,0.20518958594302047
20306,,0.20518958594300943
20307,,0.2051895859430076
20308,,0.2051895859430078
20309,,1.4890326557743931
20310,,0.164146777644037
20311,,0.15817686336837128
20312,,0.10471774583019428
20313,,0.8320840339709622
20314,,0.09658265801352002
20315,,0.08308694291321359
20316,,0.08089883375692482
20317,,0.07024044325714802
20318,,0.051400231719435904
20319,,0.043146315677266706
20320,,0.03732954834965957
20321,,0.03569430232165219
20322,,0.03414521736640277
20323,,0.03327233703528672
20324,,0.03265768968361133
20325,,0.03143070289698794
20326,,0.02945250071016884
20327,,0.02483520780579041
20328,,0.018178118053519515
20329,,0.014367539799686047
20330,,0.013339985618995106
20331,,0.013144295976231832
20332,,0.01301436146201061
20333,,0.012823280021979678
20334,,0.01257701205506628
20335,,0.011973259953125424
20336,,0.01032303097565819
20337,,0.008788314080656197
20338,,0.007849240104498015
20339,,0.00741277300738949
20340,,0.007202749620090125
20341,,0.006987849852437246
20342,,0.006604640622377251
20343,,0.005984399410410987
20344,,0.004951912496606573
20345,,0.0036272972970929364
20346,,0.0023689125859546584
20347,,0.0017310841546077527
20348,,0.0014571312074454445
20349,,0.001259603282317188
20350,,0.0011026267562557108
20351,,0.0010401888590851724
20352,,0.0010272753033114031
20353,,0.0010234956279495213
20354,,0.0010212738921069958
20355,,0.001017053080211245
20356,,0.001008845910838116
20357,,0.0009929978175371554
20358,,0.0009692160563338251
20359,,0.0009370845542311468
20360,,0.0008673640374013668
20361,,0.0007234711997299217
20362,,0.0005913265247864109
20363,,0.00047824409154937194
20364,,0.00043128782421263367
20365,,0.0004171692308365598
20366,,0.0004088079305503656
20367,,0.00039363271561247253
20368,,0.00036721506001258637
20369,,0.000351768752291964
20370,,0.00034561416785437466
20371,,0.0003440957324793401
20372,,0.00034346145831211063
20373,,0.00034260364167877937
20374,,0.00034100080445842
20375,,0.00033765553704826173
20376,,0.00033108863258366844
20377,,0.0003195442065623833
20378,,0.00030321578465435073
20379,,0.0002861930136249845
20380,,0.00027588115992895746
20381,,0.0002715938867634386
20382,,0.0002686296535261455
20383,,0.00026789345506475016
20384,,0.00026655793065499876
20385,,0.0002638375272843418
20386,,0.0002583453650163024
20387,,0.00024734659029478735
20388,,0.00022853549539691404
20389,,0.00020594763603327487
20390,,0.00019150500642329532
20391,,0.00018622180064216005
20392,,0.00018453881327654652
20393,,0.000184318343336309
20394,,0.00018421497477204472
20395,,0.00018404175783620698
20396,,0.0001837367318369122
20397,,0.00018303680755066282
20398,,0.00018145864048932893
20399,,0.00017785467516494123
20400,,0.0001703186034149008
20401,,0.00015571581999047963
20402,,0.0001332274520246755
20403,,0.00010996143243602674
20404,,9.506494785464373e-05
20405,,9.072247471804096e-05
20406,,8.999756915202378e-05
20407,,8.989839764488535e-05
20408,,8.988127098833442e-05
20409,,8.985904142738463e-05
20410,,8.976728942204279e-05
20411,,8.95757861592917e-05
20412,,8.910578521808602e-05
20413,,8.804632595662435e-05
20414,,8.564784799419327e-05
20415,,8.048290777012358e-05
20416,,7.033332574602143e-05
20417,,5.3897536021587064e-05
20418,,3.521365638391733e-05
20419,,2.5378306675959326e-05
20420,,2.007417686457893e-05
20421,,1.815646681953411e-05
20422,,1.7801383650225667e-05
20423,,1.7744983152967893e-05
20424,,1.7730967150814796e-05
20425,,1.771684735270774e-05
20426,,1.7685654228370426e-05
20427,,1.7616388288635388e-05
20428,,1.74578174714316e-05
20429,,1.7098574371462943e-05
20430,,1.630311767627439e-05
20431,,1.4640920087533344e-05
20432,,1.1580510259055067e-05
20433,,7.205093371052495e-06
20434,,3.1415418711786594e-06
20435,,1.157268759477776e-06
20436,,6.370432263354812e-07
20437,,5.668266162035686e-07
20438,,5.607532574392669e-07
20439,,5.603163022835228e-07
20440,,5.602772833510548e-07
20441,,5.602720472693608e-07
20442,,5.602698610493888e-07
20443,,5.602682685907686e-07
20444,,5.602600769610619e-07
20445,,5.602557488820338e-07
20446,,5.602535469160744e-07
20447,,5.602519343870181e-07
20448,,5.602439584417759e-07
20449,,5.602395168039862e-07
20450,,5.602372421267724e-07
20451,,5.602356032746931e-07
20452,,5.602280129808909e-07
20453,,5.602233127124951e-07
20454,,5.602209454098478e-07
20455,,5.602192753870605e-07
20456,,5.602178177446373e-07
20457,,5.602071342200903e-07
20458,,5.602046572803546e-07
20459,,5.602029509830724e-07
20460,,5.602014814595571e-07
20461,,5.60190983260986e-07
20462,,5.601883786521158e-07
20463,,5.60186630393069e-07
20464,,5.601851471568554e-07
20465,,5.601748629993612e-07
20466,,5.60172110674164e-07
20467,,5.601703140116417e-07
20468,,5.601688149647344e-07
20469,,5.601587774169632e-07
20470,,5.601558547075284e-07
20471,,5.601540022945807e-07
20472,,5.60152485039764e-07
20473,,5.601427312549288e-07
20474,,5.601396123483009e-07
20475,,5.601376957722486e-07
20476,,5.601361575591305e-07
20477,,5.60126730064028e-07
20478,,5.601233854521629e-07
20479,,5.601213950656668e-07
20480,,5.601198327233651e-07
20481,,5.601107802972122e-07
20482,,5.601071761691659e-07
20483,,5.601051008880233e-07
20484,,5.60103510771832e-07
20485,,5.600948894505795e-07
20486,,5.600909869860939e-07
20487,,5.6008881406197e-07
20488,,5.600871919785035e-07
20489,,5.600790661846125e-07
20490,,5.600748207806842e-07
20491,,5.600725355449301e-07
20492,,5.600708766591021e-07
20493,,5.600633205427169e-07
20494,,5.600586808785637e-07
20495,,5.600562664379185e-07
20496,,5.600545651778592e-07
20497,,5.600530938037169e-07
20498,,5.600425711235423e-07
20499,,5.60040008016146e-07
20500,,5.600382579588968e-07
20501,,5.600367705871008e-07
20502,,5.600264959641619e-07
20503,,5.600237617458266e-07
20504,,5.600219554883784e-07
20505,,5.600204496729507e-07
20506,,5.6001046052708e-07
20507,,5.600075293363284e-07
20508,,5.600056583317278e-07
20509,,5.600041312439623e-07
20510,,5.599944707408396e-07
20511,,5.599913127440586e-07
20512,,5.59989367136735e-07
20513,,5.599878155215941e-07
20514,,5.599785334542786e-07
20515,,5.599751142415728e-07
20516,,5.599730826530348e-07
20517,,5.59971502750495e-07
20518,,5.599626565791318e-07
20519,,5.599589364466369e-07
20520,,5.599568057532276e-07
20521,,5.599551932148532e-07
20522,,5.599468492456935e-07
20523,,5.599427823864517e-07
20524,,5.599405374379113e-07
20525,,5.599388872582436e-07
20526,,5.599311220127934e-07
20527,,5.599266555549216e-07
20528,,5.599242788645435e-07
20529,,5.59922585251815e-07
20530,,5.599211154747249e-07
20531,,5.599105599922815e-07
20532,,5.599080313709755e-07
20533,,5.59906287644472e-07
20534,,5.599048013675873e-07
20535,,5.598945003614834e-07
20536,,5.598917964991701e-07
20537,,5.598899949485741e-07
20538,,5.598884896159059e-07
20539,,5.598784820460378e-07
20540,,5.598755760425012e-07
20541,,5.598737077508555e-07
20542,,5.598721804187303e-07
20543,,5.598625112700373e-07
20544,,5.598593720533307e-07
20545,,5.598574267417395e-07
20546,,5.598558739973177e-07
20547,,5.598465952177913e-07
20548,,5.598431869137318e-07
20549,,5.598411527029764e-07
20550,,5.598395706144428e-07
20551,,5.5983074219676e-07
20552,,5.598270233797984e-07
20553,,5.598248865515856e-07
20554,,5.598232705746492e-07
20555,,5.59814961789195e-07
20556,,5.598108846255518e-07
20557,,5.598086293352722e-07
20558,,5.598069742262256e-07
20559,,5.597992650779578e-07
20560,,5.597947743195224e-07
20561,,5.597923822744092e-07
20562,,5.597906819705074e-07
20563,,5.597892099057918e-07
20564,,5.597786967051034e-07
20565,,5.597761467701479e-07
20566,,5.597743942733201e-07
20567,,5.597729049894365e-07
20568,,5.597626566774314e-07
20569,,5.597599244502718e-07
20570,,5.597581116721391e-07
20571,,5.597566024897679e-07
20572,,5.59746659893607e-07
20573,,5.597437171863033e-07
20574,,5.597418347878958e-07
20575,,5.597403026174803e-07
20576,,5.597307128934119e-07
20577,,5.597275271419989e-07
20578,,5.597255643411237e-07
20579,,5.597240056041778e-07
20580,,5.597148232211428e-07
20581,,5.597113568241e-07
20582,,5.597093011577291e-07
20583,,5.597077117270569e-07
20584,,5.596989996040683e-07
20585,,5.59695209119304e-07
20586,,5.596930461984416e-07
20587,,5.596914213045384e-07
20588,,5.596832521113059e-07
20589,,5.596790873685402e-07
20590,,5.596768005650568e-07
20591,,5.596751347010306e-07
20592,,5.596675923875146e-07
20593,,5.596629954295731e-07
20594,,5.596605655415839e-07
20595,,5.596588523420232e-07
20596,,5.596573762687352e-07
20597,,5.596469377538131e-07
20598,,5.596443425985136e-07
20599,,5.596425747190389e-07
20600,,5.596410805873035e-07
20601,,5.596309194927769e-07
20602,,5.596281334467298e-07
20603,,5.59626302389882e-07
20604,,5.596247873901682e-07
20605,,5.596149465929173e-07
20606,,5.596119400564931e-07
20607,,5.596100360159666e-07
20608,,5.596084968960696e-07
20609,,5.595990259238558e-07
20610,,5.595957647029292e-07
20611,,5.595937763461995e-07
20612,,5.595922093515948e-07
20613,,5.595831654183686e-07
20614,,5.595796100153033e-07
20615,,5.595775242533242e-07
20616,,5.595759250455088e-07
20617,,5.595673742481962e-07
20618,,5.595634790335426e-07
20619,,5.595612807459948e-07
20620,,5.595596443148088e-07
20621,,5.595516630030125e-07
20622,,5.595473752696832e-07
20623,,5.595450469889634e-07
20624,,5.595433675440495e-07
20625,,5.595360439213821e-07
20626,,5.595313027764634e-07
20627,,5.595288243211213e-07
20628,,5.595270951790978e-07
20629,,5.59525614215578e-07
20630,,5.595152662335861e-07
20631,,5.595126142976274e-07
20632,,5.595108277281744e-07
20633,,5.595093277988699e-07
20634,,5.594992710640209e-07
20635,,5.594964187126067e-07
20636,,5.594945657929748e-07
20637,,5.594930439359918e-07
20638,,5.594833235098903e-07
20639,,5.594802396375388e-07
20640,,5.594783100568282e-07
20641,,5.594767628575246e-07
20642,,5.594674308008067e-07
20643,,5.594640794668332e-07
20644,,5.59462061314111e-07
20645,,5.594604848254061e-07
20646,,5.594516012764241e-07
20647,,5.594479409655509e-07
20648,,5.594458204840492e-07
20649,,5.594442101414241e-07
20650,,5.594358445784273e-07
20651,,5.594318273295232e-07
20652,,5.594295886193467e-07
20653,,5.594279391596093e-07
20654,,5.59420171841276e-07
20655,,5.59415742244813e-07
20656,,5.594133669498549e-07
20657,,5.59411672281597e-07
20658,,5.59410203138428e-07
20659,,5.59399689982244e-07
20660,,5.593971568821746e-07
20661,,5.59395409979077e-07
20662,,5.593939235860281e-07
20663,,5.593836754621155e-07
20664,,5.593809600523536e-07
20665,,5.593791527924354e-07
20666,,5.593776464550357e-07
20667,,5.593677043769697e-07
20668,,5.593647783465336e-07
20669,,5.593629013452581e-07
20670,,5.593613719543053e-07
20671,,5.593517833013199e-07
20672,,5.593486139456474e-07
20673,,5.593466563602046e-07
20674,,5.593451003248711e-07
20675,,5.593359198300348e-07
20676,,5.593324693589092e-07
20677,,5.5933041867111e-07
20678,,5.593288318417441e-07
20679,,5.59320122736822e-07
20680,,5.593163475028693e-07
20681,,5.59314189242628e-07
20682,,5.593125668217285e-07
20683,,5.593044021567464e-07
20684,,5.59300251731309e-07
20685,,5.592979691883186e-07
20686,,5.592963056380597e-07
20687,,5.592887697999682e-07
20688,,5.592841859321425e-07
20689,,5.592817597944421e-07
20690,,5.592800487139035e-07
20691,,5.592785746067636e-07
20692,,5.592681545780542e-07
20693,,5.592655625449955e-07
20694,,5.592637965439432e-07
20695,,5.592623042931917e-07
20696,,5.592521628565384e-07
20697,,5.592493791575553e-07
20698,,5.592475496934457e-07
20699,,5.592460364744977e-07
20700,,5.592362167532751e-07
20701,,5.592332116183746e-07
20702,,5.592313088246637e-07
20703,,5.592297713619314e-07
20704,,5.592203231737381e-07
20705,,5.592170622144337e-07
20706,,5.5921507469433e-07
20707,,5.592135092115168e-07
20708,,5.592044901097778e-07
20709,,5.59200933594939e-07
20710,,5.591988481796777e-07
20711,,5.591972503097658e-07
20712,,5.591887267880045e-07
20713,,5.591848288160185e-07
20714,,5.59182630294004e-07
20715,,5.591809949970486e-07
20716,,5.591730438631873e-07
20717,,5.591687514116107e-07
20718,,5.591664222073408e-07
20719,,5.591647436611121e-07
20720,,5.591574536515005e-07
20721,,5.591527054622664e-07
20722,,5.591502252729126e-07
20723,,5.591484967488097e-07
20724,,5.591470173424804e-07
20725,,5.591366956831063e-07
20726,,5.591340410563497e-07
20727,,5.59132254775582e-07
20728,,5.591307562902047e-07
20729,,5.59120727520451e-07
20730,,5.591178713583167e-07
20731,,5.591160183430508e-07
20732,,5.591144978017379e-07
20733,,5.591048072659835e-07
20734,,5.591017182670424e-07
20735,,5.590997881417262e-07
20736,,5.590982421043139e-07
20737,,5.590889421913515e-07
20738,,5.590855841885998e-07
20739,,5.590835649695209e-07
20740,,5.590819894611912e-07
20741,,5.590731406953275e-07
20742,,5.59069471910499e-07
20743,,5.590673497478336e-07
20744,,5.590657401821624e-07
20745,,5.590574124737595e-07
20746,,5.590533846462224e-07
20747,,5.590511435464524e-07
20748,,5.590494946200326e-07
20749,,5.590417687446406e-07
20750,,5.590373261102665e-07
20751,,5.590349475902897e-07
20752,,5.590332531811416e-07
20753,,5.590317855101829e-07
20754,,5.59021300593943e-07
20755,,5.59018763306437e-07
20756,,5.590170163353271e-07
20757,,5.590155313044708e-07
20758,,5.590053130570091e-07
20759,,5.590025923380989e-07
20760,,5.590007846317903e-07
20761,,5.589992795310923e-07
20762,,5.589893692263665e-07
20763,,5.589864365793984e-07
20764,,5.589845586950516e-07
20765,,5.589830303956423e-07
20766,,5.589734757192539e-07
20767,,5.589702982279112e-07
20768,,5.589683392539384e-07
20769,,5.589667841396329e-07
20770,,5.589576401778188e-07
20771,,5.58954179815241e-07
20772,,5.589521271491782e-07
20773,,5.589505410408477e-07
20774,,5.589418714351038e-07
20775,,5.589380842686415e-07
20776,,5.589359233471392e-07
20777,,5.589343014230462e-07
20778,,5.58926179691894e-07
20779,,5.589220149675108e-07
20780,,5.589197289734975e-07
20781,,5.589180656556967e-07
20782,,5.589105767385314e-07
20783,,5.589059758221977e-07
20784,,5.589035453177863e-07
20785,,5.589018341648095e-07
20786,,5.589003614352852e-07
20787,,5.58889971342741e-07
20788,,5.588873738805405e-07
20789,,5.588856074520288e-07
20790,,5.588841164583442e-07
20791,,5.58874006743183e-07
20792,,5.588712163839152e-07
20793,,5.588693860848852e-07
20794,,5.588678739868043e-07
20795,,5.58858088045028e-07
20796,,5.588550748311886e-07
20797,,5.588531707286899e-07
20798,,5.588516342287113e-07
20799,,5.588422222114014e-07
20800,,5.588389515236326e-07
20801,,5.588369621465824e-07
20802,,5.588353974431174e-07
20803,,5.588264172772149e-07
20804,,5.588228491263518e-07
20805,,5.58820761218259e-07
20806,,5.588191639209484e-07
20807,,5.588106825283947e-07
20808,,5.588067707177876e-07
20809,,5.58804568968804e-07
20810,,5.588029340023516e-07
20811,,5.587950286956535e-07
20812,,5.587907198527141e-07
20813,,5.587883865758857e-07
20814,,5.587867080727121e-07
20815,,5.587794681732884e-07
20816,,5.587747006395005e-07
20817,,5.587722153976761e-07
20818,,5.587704865907721e-07
20819,,5.587690084969697e-07
20820,,5.58758717826179e-07
20821,,5.587560570103877e-07
20822,,5.587542700720629e-07
20823,,5.587527727715186e-07
20824,,5.58742776891918e-07
20825,,5.587399132287662e-07
20826,,5.587380591196712e-07
20827,,5.587365396159321e-07
20828,,5.587268841703334e-07
20829,,5.587237861532136e-07
20830,,5.587218544316137e-07
20831,,5.587203092644262e-07
20832,,5.587110469839562e-07
20833,,5.587076782084916e-07
20834,,5.587056568107487e-07
20835,,5.587040819797116e-07
20836,,5.586952737792869e-07
20837,,5.586915921951375e-07
20838,,5.586894671808728e-07
20839,,5.586878580720016e-07
20840,,5.586795743265871e-07
20841,,5.586755313510449e-07
20842,,5.586732866212758e-07
20843,,5.586716378947768e-07
20844,,5.586639599000983e-07
20845,,5.58659499417232e-07
20846,,5.586571163685163e-07
20847,,5.586554218583024e-07
20848,,5.586539555601403e-07
20849,,5.58643500711192e-07
20850,,5.58640957852231e-07
20851,,5.586392104379876e-07
20852,,5.586377266660097e-07
20853,,5.586275402218342e-07
20854,,5.586248127322324e-07
20855,,5.586230041830317e-07
20856,,5.586215002100306e-07
20857,,5.586116237167227e-07
20858,,5.586086829131803e-07
20859,,5.586068037258709e-07
20860,,5.586052763988637e-07
20861,,5.58595757855744e-07
20862,,5.585925706061292e-07
20863,,5.585906097952903e-07
20864,,5.585890554770495e-07
20865,,5.58579950335341e-07
20866,,5.585764783579207e-07
20867,,5.585744232421817e-07
20868,,5.585728377261369e-07
20869,,5.585642100398918e-07
20870,,5.58560409118022e-07
20871,,5.585582450388561e-07
20872,,5.585566234694006e-07
20873,,5.585485472445013e-07
20874,,5.585443662878346e-07
20875,,5.585420763128912e-07
20876,,5.585404130790297e-07
20877,,5.585329738085193e-07
20878,,5.585283538031991e-07
20879,,5.585259183705479e-07
20880,,5.585242069878392e-07
20881,,5.585227355833387e-07
20882,,5.585123762025086e-07
20883,,5.585097727137553e-07
20884,,5.585080056924183e-07
20885,,5.585065159110192e-07
20886,,5.584964387325599e-07
20887,,5.584936410844184e-07
20888,,5.584918097727555e-07
20889,,5.584902987416158e-07
20890,,5.58480547461834e-07
20891,,5.584775254940635e-07
20892,,5.58475619890191e-07
20893,,5.584740842984092e-07
20894,,5.584647093878643e-07
20895,,5.584614282565367e-07
20896,,5.584594368200083e-07
20897,,5.584578728411657e-07
20898,,5.58448932607846e-07
20899,,5.584453520588909e-07
20900,,5.584432614466727e-07
20901,,5.584416646573521e-07
20902,,5.584332264635628e-07
20903,,5.584292999998411e-07
20904,,5.584270947986686e-07
20905,,5.584254600912078e-07
20906,,5.584176017595836e-07
20907,,5.584132756561671e-07
20908,,5.584109380598347e-07
20909,,5.584092595327189e-07
20910,,5.584020709673931e-07
20911,,5.583972831642168e-07
20912,,5.583947926062035e-07
20913,,5.583930634399688e-07
20914,,5.583915866324332e-07
20915,,5.583813273025705e-07
20916,,5.583786600157429e-07
20917,,5.583768723362758e-07
20918,,5.583753761959646e-07
20919,,5.583654135830977e-07
20920,,5.583625421169605e-07
20921,,5.583606868258257e-07
20922,,5.583591683373942e-07
20923,,5.583495483883692e-07
20924,,5.583464410272485e-07
20925,,5.583445076131766e-07
20926,,5.583429632906661e-07
20927,,5.583337390799423e-07
20928,,5.583303591838546e-07
20929,,5.58328335502293e-07
20930,,5.583267613230485e-07
20931,,5.583179941674106e-07
20932,,5.583142994082183e-07
20933,,5.583121714300211e-07
20934,,5.583105627450862e-07
20935,,5.583023234794777e-07
20936,,5.582982649598539e-07
20937,,5.582960164760725e-07
20938,,5.582943679108323e-07
20939,,5.582867383760568e-07
20940,,5.582822595991915e-07
20941,,5.58279871888808e-07
20942,,5.582781772375502e-07
20943,,5.582767122986901e-07
20944,,5.582662876741536e-07
20945,,5.582637391075091e-07
20946,,5.582619912025416e-07
20947,,5.582605086737455e-07
20948,,5.582503542110462e-07
20949,,5.582476197971494e-07
20950,,5.582458103582821e-07
20951,,5.582443074922286e-07
20952,,5.582344650121387e-07
20953,,5.582315158820992e-07
20954,,5.582296353405567e-07
20955,,5.582281089702643e-07
20956,,5.582186267833315e-07
20957,,5.582154295853169e-07
20958,,5.582134668839425e-07
20959,,5.58211913342447e-07
20960,,5.582028472643737e-07
20961,,5.581993634705933e-07
20962,,5.581973058421838e-07
20963,,5.581957209016967e-07
20964,,5.5818713540846e-07
20965,,5.581833205058581e-07
20966,,5.581811531965715e-07
20967,,5.581795319616596e-07
20968,,5.581715015485266e-07
20969,,5.581673041194106e-07
20970,,5.581650100857515e-07
20971,,5.581633469090641e-07
20972,,5.58155957630493e-07
20973,,5.581513182614874e-07
20974,,5.581488778144992e-07
20975,,5.581471661726838e-07
20976,,5.581456960904228e-07
20977,,5.58135367511798e-07
20978,,5.581327579054289e-07
20979,,5.581309902568974e-07
20980,,5.581295016730476e-07
20981,,5.581194571490229e-07
20982,,5.58116652106491e-07
20983,,5.581148197446676e-07
20984,,5.581133097715891e-07
20985,,5.581035932774626e-07
20986,,5.581005624387561e-07
20987,,5.580986553014798e-07
20988,,5.580971206024062e-07
20989,,5.580877829448224e-07
20990,,5.580844912390377e-07
20991,,5.580824977025582e-07
20992,,5.580809344282071e-07
20993,,5.580720342985268e-07
20994,,5.580684412101515e-07
20995,,5.580663478438068e-07
20996,,5.580647515429598e-07
20997,,5.580563567463534e-07
20998,,5.580524154651004e-07
20999,,5.580502067583828e-07
21000,,5.580485722905148e-07
21001,,5.58040761157708e-07
21002,,5.580364176127693e-07
21003,,5.580340756394735e-07
21004,,5.580323970642588e-07
21005,,5.580309383656032e-07
21006,,5.580204518126939e-07
21007,,5.580179558672901e-07
21008,,5.580162263210715e-07
21009,,5.580147507908983e-07
21010,,5.5800452287134e-07
21011,,5.580018490399142e-07
21012,,5.580000605931055e-07
21013,,5.579985655992019e-07
21014,,5.579886363432279e-07
21015,,5.579857569882362e-07
21016,,5.579839004843049e-07
21017,,5.579823829974834e-07
21018,,5.579727986481355e-07
21019,,5.579696818463507e-07
21020,,5.579677467048899e-07
21021,,5.57966203215923e-07
21022,,5.579570171973548e-07
21023,,5.579536260699573e-07
21024,,5.579516000685299e-07
21025,,5.579500265213665e-07
21026,,5.5794130055819e-07
21027,,5.579375924964475e-07
21028,,5.579354615115577e-07
21029,,5.579338532341821e-07
21030,,5.579256586251942e-07
21031,,5.579215844078384e-07
21032,,5.579193321266904e-07
21033,,5.579176837034211e-07
21034,,5.579101028235675e-07
21035,,5.579056055897997e-07
21036,,5.57903213167057e-07
21037,,5.579015183547534e-07
21038,,5.579000547642043e-07
21039,,5.578896604205545e-07
21040,,18.505295867440477
21041,,80776.98410168299
21042,,18.371341647314622
21043,,590.5151391438175
21044,,18.1834958070714
21045,,4.562800110156995
21046,,55.55674204502331
21047,,4.501487227470646
21048,,2.8814197919957247
21049,,4.570200300325036
21050,,2.822081703851927
21051,,2.5520618790729026
21052,,2.527989507156527
21053,,2.3807714312807846
21054,,7.517193636561744
21055,,2.3660439243541393
21056,,2.240372540442828
21057,,2.084863435816855
21058,,1.7393353277616435
21059,,2.5599420166687956
21060,,1.651546168918545
21061,,1.4933878470088933
21062,,0.8555670326947745
21063,,0.8779435323847004
21064,,0.6992601117097231
21065,,1.0608220856222912
21066,,0.6823760600696318
21067,,0.6544877310364186
21068,,0.5535223921169006
21069,,9.476358090623759
21070,,0.5478846589313989
21071,,0.5265445763907772
21072,,0.4945755873772374
21073,,1.0121371125685072
21074,,0.48877409339917066
21075,,0.4708646821776977
21076,,0.4441242373477164
21077,,0.4218561108469392
21078,,0.42094262807905647
21079,,0.42090336367730297
21080,,0.42090167261413053
21081,,0.420901599776167
21082,,0.4209015966388585
21083,,0.42090159650372605
21084,,0.4209015964979059
21085,,0.4209015964976548
21086,,0.4209015964976429
21087,,0.42090159649764286
21088,,0.32798620895159086
21089,,0.3234036964628133
21090,,0.32310548307348447
21091,,0.32308574492922887
21092,,0.3230844370416175
21093,,0.3230843503720426
21094,,0.3230843446286965
21095,,0.3230843442481024
21096,,0.32308434422287974
21097,,0.3230843442212086
21098,,0.3230843442210993
21099,,0.32308434422109117
21100,,0.3230843442210904
21101,,0.3230843442210904
21102,,0.30249578392848353
21103,,0.18291123283929248
21104,,0.15665798995948488
21105,,0.11575183948212088
21106,,0.11427289112118175
21107,,0.11399395550356929
21108,,0.11392773955396542
21109,,0.11391117073072482
21110,,0.11390697025389455
21111,,0.11390590183343931
21112,,0.11390562984462291
21113,,0.11390556058934616
21114,,0.11390554295422953
21115,,0.11390553846357178
21116,,0.11390553732005458
21117,,0.11390553702886395
21118,,0.1139055369547143
21119,,0.11390553693583276
21120,,0.11390553693102408
21121,,0.11390553692980028
21122,,0.113905536929488
21123,,0.11390553692940943
21124,,0.11390553692938882
21125,,0.11390553692938342
21126,,0.11390553692938225
21127,,0.11390553692938181
21128,,0.11390553692938178
21129,,0.44695083601130686
21130,,0.111366240654324
21131,,0.10996272111526635
21132,,0.09783571612621102
21133,,4.6114114109074835
21134,,0.09430544893965845
21135,,0.08914283491764895
21136,,0.08519647435236943
21137,,0.07642284676415723
21138,,0.06845063258146276
21139,,0.06299171926366398
21140,,0.06241388316468595
21141,,0.062331528267905105
21142,,0.06231931723513911
21143,,0.062317496114974946
21144,,0.06231722428296526
21145,,0.06231718370234585
21146,,0.062317177644124415
21147,,0.06231717673969838
21148,,0.06231717660467883
21149,,0.0623171765845207
21150,,0.06231717658151186
21151,,0.06231717658106239
21152,,0.06231717658099536
21153,,0.0623171765809851
21154,,0.06231717658098385
21155,,0.062317176580983506
21156,,0.06231717658098349
21157,,0.05123515287094124
21158,,0.04301990480295086
21159,,0.03698738557946332
21160,,0.035416599785357994
21161,,0.03303487649020499
21162,,0.030844917971318758
21163,,0.02757760441516459
21164,,0.024473035123148423
21165,,0.022146293717150125
21166,,0.02065016294721676
21167,,0.01941946187563179
21168,,0.018570558412125328
21169,,0.017208943303954848
21170,,0.015709047506665144
21171,,0.013109725000912554
21172,,0.011656550882834838
21173,,0.010818149834556994
21174,,0.010452146678622003
21175,,0.009937036249561907
21176,,0.00943738123740522
21177,,0.008956064321072972
21178,,0.008299091377551235
21179,,0.007550308276127639
21180,,0.0069297590310577984
21181,,0.006644423036385301
21182,,0.006410163943712323
21183,,0.006278618765408085
21184,,0.006230499419643049
21185,,0.005896663680673043
21186,,0.0055758607087010486
21187,,0.004943600870536202
21188,,0.0038471423033259833
21189,,0.002359347627135425
21190,,0.001566020699644842
21191,,0.0011488437753353576
21192,,0.0010608200875160657
21193,,0.0010450666765907779
21194,,0.0010353148832640113
21195,,0.0010140433744811694
21196,,0.0009648455663898029
21197,,0.0008838420748451167
21198,,0.0007185185668311542
21199,,0.0005437486912303233
21200,,0.0004272856290030477
21201,,0.00034967911978801207
21202,,0.0003173155786348953
21203,,0.00028437832962506244
21204,,0.0002524777608408775
21205,,0.00022977560965030627
21206,,0.00021299079729418126
21207,,0.0002019207936691361
21208,,0.0001962751348683465
21209,,0.0001923033032555264
21210,,0.00018996879891595663
21211,,0.0001885017933071276
21212,,0.00018595344530516754
21213,,0.00017698419167662985
21214,,0.00016133058253643476
21215,,0.0001332491857858983
21216,,9.661244406039978e-05
21217,,6.78226529082489e-05
21218,,4.5699107437430884e-05
21219,,4.132372224550929e-05
21220,,4.04742811583407e-05
21221,,3.9896185887588544e-05
21222,,3.7973298096964746e-05
21223,,3.494635107344191e-05
21224,,3.0034146029962815e-05
21225,,2.5031315140414854e-05
21226,,2.371860384198167e-05
21227,,2.2555812522214553e-05
21228,,2.2408853197394594e-05
21229,,2.2388782341232805e-05
21230,,2.238345181353674e-05
21231,,2.237307371170679e-05
21232,,2.234220085933714e-05
21233,,2.227020351999801e-05
21234,,2.2105812250877983e-05
21235,,2.173048546039759e-05
21236,,2.089748544301966e-05
21237,,1.9158693592407556e-05
21238,,1.597061237536969e-05
21239,,1.2563893533571733e-05
21240,,9.342000156210583e-06
21241,,5.217624457256181e-06
21242,,4.642782034125626e-06
21243,,4.569232263921316e-06
21244,,4.560842434477686e-06
21245,,4.5590804859407465e-06
21246,,4.556906586547518e-06
21247,,4.5524169036397875e-06
21248,,4.5411355918412075e-06
21249,,4.516841419272858e-06
21250,,4.465158676998204e-06
21251,,4.369229507415074e-06
21252,,4.2293631220701415e-06
21253,,4.110526471804897e-06
21254,,4.041772076693241e-06
21255,,4.008277675090539e-06
21256,,4.004311668311128e-06
21257,,4.003329109232218e-06
21258,,4.002348394867471e-06
21259,,4.002010982933399e-06
21260,,4.001711527341287e-06
21261,,4.0010522069743074e-06
21262,,3.999528279097593e-06
21263,,3.996060522757127e-06
21264,,3.988270210849279e-06
21265,,3.971667534334998e-06
21266,,3.939894838497866e-06
21267,,3.8910921875597715e-06
21268,,3.839299944175818e-06
21269,,3.8112456615473806e-06
21270,,3.7980018550536256e-06
21271,,3.795644247280765e-06
21272,,3.7949578469958294e-06
21273,,3.7944749833100414e-06
21274,,3.7929294358390178e-06
21275,,3.7894785913985034e-06
21276,,3.7814930828460815e-06
21277,,3.7625574307823198e-06
21278,,3.718869585102959e-06
21279,,3.6186296414681994e-06
21280,,3.4038921503209232e-06
21281,,2.9853234653271194e-06
21282,,2.339692797572136e-06
21283,,1.653074526333939e-06
21284,,1.2157826346684352e-06
21285,,1.0648603646149743e-06
21286,,1.0440506171862462e-06
21287,,1.0424067960450226e-06
21288,,1.0423136423010909e-06
21289,,1.0423060266302867e-06
21290,,1.0423026667760428e-06
21291,,1.042299514079461e-06
21292,,1.0422963802466335e-06
21293,,1.042278376992119e-06
21294,,1.0422731585568661e-06
21295,,1.0422691045131572e-06
21296,,1.0422656564036297e-06
21297,,1.0422625789707982e-06
21298,,1.0422597656241009e-06
21299,,1.042257166748885e-06
21300,,1.0422547604309354e-06
21301,,1.0422525398867343e-06
21302,,1.0422505078904289e-06
21303,,1.042241655338047e-06
21304,,1.0422385396013283e-06
21305,,1.0422354251561849e-06
21306,,1.0422323121718804e-06
21307,,1.0422292008400786e-06
21308,,1.04222609137958e-06
21309,,1.0422229840534475e-06
21310,,1.0422198791495157e-06
21311,,1.0422167769998943e-06
21312,,1.0422136779798673e-06
21313,,1.0422105825289005e-06
21314,,1.0422074911274896e-06
21315,,1.0422044043370736e-06
21316,,1.0422013227974854e-06
21317,,1.0421982472261343e-06
21318,,1.0421951784434906e-06
21319,,1.0421921173932167e-06
21320,,1.04218906513365e-06
21321,,1.0421860228907785e-06
21322,,1.0421829920260548e-06
21323,,1.0421799741272372e-06
21324,,1.042176970968219e-06
21325,,1.0421739845932316e-06
21326,,1.0421710173156044e-06
21327,,1.042168071763807e-06
21328,,1.0421651509460506e-06
21329,,1.0421622582733964e-06
21330,,1.0421593976214985e-06
21331,,1.0421565734194292e-06
21332,,1.0421537906910466e-06
21333,,1.0421510551714017e-06
21334,,1.0421483733609537e-06
21335,,1.042145752686648e-06
21336,,1.0421432015831481e-06
21337,,1.0421407296546802e-06
21338,,1.0421383478257057e-06
21339,,1.0421360685355903e-06
21340,,1.042133905940797e-06
21341,,1.0421318761537517e-06
21342,,1.0421299974983857e-06
21343,,1.0421212770231906e-06
21344,,1.042118161298652e-06
21345,,1.0421150467895873e-06
21346,,1.0421119336620796e-06
21347,,1.0421088221049232e-06
21348,,1.0421057123398016e-06
21349,,1.042102604605089e-06
21350,,1.0420994991882763e-06
21351,,1.0420963963963869e-06
21352,,1.0420932965994833e-06
21353,,1.0420902002064878e-06
21354,,1.0420871076874965e-06
21355,,1.0420840195778472e-06
21356,,1.0420809364813172e-06
21357,,1.0420778590908377e-06
21358,,1.0420747881898402e-06
21359,,1.042071724675945e-06
21360,,1.0420686695695127e-06
21361,,1.0420656240220559e-06
21362,,1.0420625893592359e-06
21363,,1.0420595670837067e-06
21364,,1.0420565588984825e-06
21365,,1.0420535667494531e-06
21366,,1.0420505928511653e-06
21367,,1.0420476397200778e-06
21368,,1.042044710223391e-06
21369,,1.0420418076228488e-06
21370,,1.0420389356275161e-06
21371,,1.0420360984623424e-06
21372,,1.0420333009376416e-06
21373,,1.0420305485204213e-06
21374,,1.042027847438514e-06
21375,,1.0420252047776812e-06
21376,,1.0420226286063503e-06
21377,,1.042020128092573e-06
21378,,1.0420177136911822e-06
21379,,1.0420153972805365e-06
21380,,1.0420131923880967e-06
21381,,1.042011114414292e-06
21382,,1.0420091808783848e-06
21383,,1.0420009127105506e-06
21384,,1.0419977977467253e-06
21385,,1.0419946840537723e-06
21386,,1.0419915718078326e-06
21387,,1.0419884612036925e-06
21388,,1.0419853524747323e-06
21389,,1.0419822458696822e-06
21390,,1.0419791416824993e-06
21391,,1.0419760402466762e-06
21392,,1.0419729419480579e-06
21393,,1.0419698472060066e-06
21394,,1.0419667565181329e-06
21395,,1.0419636704369456e-06
21396,,1.0419605896013885e-06
21397,,1.0419575147361845e-06
21398,,1.041954446660914e-06
21399,,1.0419513863122288e-06
21400,,1.0419483347587418e-06
21401,,1.041945293207036e-06
21402,,1.041942263041684e-06
21403,,1.041939245832368e-06
21404,,1.0419362433636401e-06
21405,,1.0419332576736686e-06
21406,,1.0419302910736489e-06
21407,,1.0419273462001692e-06
21408,,1.041924426051227e-06
21409,,1.0419215340379862e-06
21410,,1.0419186740446593e-06
21411,,1.0419158504890118e-06
21412,,1.041913068400271e-06
21413,,1.0419103335061308e-06
21414,,1.0419076523141452e-06
21415,,1.0419050322394846e-06
21416,,1.0419024817201128e-06
21417,,1.0419000103528864e-06
21418,,1.0418976290708167e-06
21419,,1.0418953503020477e-06
21420,,1.0418931882044759e-06
21421,,1.041891158880266e-06
21422,,1.0418892806558593e-06
21423,,1.0418805622072608e-06
21424,,1.0418774471940105e-06
21425,,1.041874333398746e-06
21426,,1.0418712209851035e-06
21427,,1.0418681101446883e-06
21428,,1.0418650010919561e-06
21429,,1.0418618940718722e-06
21430,,1.0418587893629678e-06
21431,,1.0418556872846696e-06
21432,,1.0418525881975866e-06
21433,,1.0418494925189041e-06
21434,,1.0418464007095585e-06
21435,,1.0418433133066243e-06
21436,,1.0418402309203593e-06
21437,,1.0418371542315195e-06
21438,,1.0418340840366957e-06
21439,,1.0418310212258288e-06
21440,,1.0418279668193544e-06
21441,,1.0418249219723233e-06
21442,,1.0418218880078655e-06
21443,,1.041818866425088e-06
21444,,1.0418158589314695e-06
21445,,1.0418128674741524e-06
21446,,1.0418098942543234e-06
21447,,1.0418069418022994e-06
21448,,1.0418040129810895e-06
21449,,1.041801111046698e-06
21450,,1.0417982397105994e-06
21451,,1.0417954031999054e-06
21452,,1.0417926063160602e-06
21453,,1.0417898545362144e-06
21454,,1.041787154078212e-06
21455,,1.0417845120293375e-06
21456,,1.0417819364520291e-06
21457,,1.0417794365190286e-06
21458,,1.0417770226709712e-06
21459,,1.0417747067997188e-06
21460,,1.041772502426521e-06
21461,,1.0417704249379617e-06
21462,,1.0417684918525163e-06
21463,,1.0417602255072588e-06
21464,,1.041757111259256e-06
21465,,1.0417539982806192e-06
21466,,1.0417508867469758e-06
21467,,1.0417477768607799e-06
21468,,1.0417446688434815e-06
21469,,1.0417415629513231e-06
21470,,1.0417384594759836e-06
21471,,1.0417353587522958e-06
21472,,1.0417322611642676e-06
21473,,1.041729167128919e-06
21474,,1.0417260771504313e-06
21475,,1.0417229917800284e-06
21476,,1.0417199116506721e-06
21477,,1.0417168374914556e-06
21478,,1.0417137701197627e-06
21479,,1.0417107104738313e-06
21480,,1.0417076596203081e-06
21481,,1.0417046187671403e-06
21482,,1.0417015892961217e-06
21483,,1.0416985727761653e-06
21484,,1.0416955710001767e-06
21485,,1.0416925859945209e-06
21486,,1.041689620072819e-06
21487,,1.0416866758777455e-06
21488,,1.0416837563977835e-06
21489,,1.041680865051592e-06
21490,,1.0416780057137784e-06
21491,,1.0416751828050761e-06
21492,,1.041672401355806e-06
21493,,1.0416696670899016e-06
21494,,1.0416669865132698e-06
21495,,1.0416643670404303e-06
21496,,1.0416618171079861e-06
21497,,1.0416593463118509e-06
21498,,1.0416569655786156e-06
21499,,1.0416546873336702e-06
21500,,1.041652525737286e-06
21501,,1.0416504968827063e-06
21502,,1.0416486190937917e-06
21503,,1.0416399026199373e-06
21504,,1.0416367883202525e-06
21505,,1.0416336752410514e-06
21506,,1.0416305635413586e-06
21507,,1.0416274534136628e-06
21508,,1.0416243450738295e-06
21509,,1.0416212387675964e-06
21510,,1.0416181347717879e-06
21511,,1.0416150334042025e-06
21512,,1.0416119350332241e-06
21513,,1.0416088400588398e-06
21514,,1.0416057489588288e-06
21515,,1.041602662265232e-06
21516,,1.0415995805838542e-06
21517,,1.0415965046064967e-06
21518,,1.041593435112545e-06
21519,,1.0415903730084295e-06
21520,,1.0415873192995045e-06
21521,,1.0415842751528292e-06
21522,,1.041581241883421e-06
21523,,1.0415782209953892e-06
21524,,1.0415752141905358e-06
21525,,1.0415722234174837e-06
21526,,1.0415692508827817e-06
21527,,1.0415662991122964e-06
21528,,1.0415633709619315e-06
21529,,1.041560469694103e-06
21530,,1.0415575990147754e-06
21531,,1.0415547631577478e-06
21532,,1.0415519669206625e-06
21533,,1.0415492157697787e-06
21534,,1.0415465159353365e-06
21535,,1.041543874493364e-06
21536,,1.04154129950955e-06
21537,,1.0415388001489559e-06
21538,,1.0415363868643223e-06
21539,,1.0415340715272792e-06
21540,,1.041531867661944e-06
21541,,1.0415297906540898e-06
21542,,1.041527858022674e-06
21543,,1.0415195935306557e-06
21544,,1.0415164799964918e-06
21545,,1.0415133677336862e-06
21546,,1.0415102569140731e-06
21547,,1.041507147739304e-06
21548,,1.041504040433552e-06
21549,,1.0415009352551433e-06
21550,,1.0414978324949532e-06
21551,,1.041494732484845e-06
21552,,1.0414916355997266e-06
21553,,1.0414885422800088e-06
21554,,1.0414854530072307e-06
21555,,1.0414823683451853e-06
21556,,1.041479288923903e-06
21557,,1.0414762154700032e-06
21558,,1.041473148800927e-06
21559,,1.0414700898570647e-06
21560,,1.0414670397016667e-06
21561,,1.0414639995469093e-06
21562,,1.0414609707695908e-06
21563,,1.0414579549433646e-06
21564,,1.0414549538550188e-06
21565,,1.0414519695315285e-06
21566,,1.0414490042946611e-06
21567,,1.0414460607705276e-06
21568,,1.0414431419640198e-06
21569,,1.0414402512766826e-06
21570,,1.0414373925949735e-06
21571,,1.041434570336949e-06
21572,,1.041431789522337e-06
21573,,1.0414290558831967e-06
21574,,1.0414263759199303e-06
21575,,1.0414237570500611e-06
21576,,1.0414212077001276e-06
21577,,1.0414187374708734e-06
21578,,1.0414163572823735e-06
21579,,1.0414140795639751e-06
21580,,1.0414119184592775e-06
21581,,1.0414098900684608e-06
21582,,1.041408012713311e-06
21583,,1.041399298250284e-06
21584,,1.0413961846685589e-06
21585,,1.0413930723041991e-06
21586,,1.0413899613164812e-06
21587,,1.04138685190187e-06
21588,,1.0413837442759125e-06
21589,,1.0413806386833146e-06
21590,,1.0413775353975446e-06
21591,,1.0413744347428112e-06
21592,,1.0413713370801441e-06
21593,,1.0413682428192874e-06
21594,,1.0413651524302736e-06
21595,,1.0413620664445681e-06
21596,,1.0413589854687682e-06
21597,,1.0413559101964522e-06
21598,,1.0413528414092103e-06
21599,,1.0413497800057901e-06
21600,,1.041346726995512e-06
21601,,1.0413436835512034e-06
21602,,1.0413406509784806e-06
21603,,1.0413376307827423e-06
21604,,1.0413346246684044e-06
21605,,1.0413316345825449e-06
21606,,1.0413286627318162e-06
21607,,1.0413257116374504e-06
21608,,1.041322784155472e-06
21609,,1.0413198835564008e-06
21610,,1.0413170135417363e-06
21611,,1.0413141783309477e-06
21612,,1.041311382737923e-06
21613,,1.0413086322235344e-06
21614,,1.0413059330061574e-06
21615,,1.0413032921739937e-06
21616,,1.0413007177814339e-06
21617,,1.0412982189995457e-06
21618,,1.0412958062739507e-06
21619,,1.0412934914715366e-06
21620,,1.0412912881178854e-06
21621,,1.0412892115962788e-06
21622,,1.0412872794115369e-06
21623,,1.0412790167697473e-06
21624,,1.041275903949523e-06
21625,,1.0412727924006486e-06
21626,,1.0412696822942133e-06
21627,,1.0412665738326044e-06
21628,,1.0412634672406622e-06
21629,,1.0412603627746968e-06
21630,,1.0412572607232252e-06
21631,,1.0412541614238014e-06
21632,,1.0412510652537183e-06
21633,,1.0412479726450328e-06
21634,,1.0412448840797071e-06
21635,,1.041241800125049e-06
21636,,1.0412387214099386e-06
21637,,1.0412356486614834e-06
21638,,1.041232582699025e-06
21639,,1.0412295244542896e-06
21640,,1.0412264749978563e-06
21641,,1.0412234355418189e-06
21642,,1.041220407460604e-06
21643,,1.0412173923287628e-06
21644,,1.0412143919281036e-06
21645,,1.0412114082898197e-06
21646,,1.041208443734834e-06
21647,,1.0412055008867685e-06
21648,,1.0412025827464848e-06
21649,,1.0411996927261798e-06
21650,,1.0411968347034518e-06
21651,,1.0411940130917424e-06
21652,,1.041191232920627e-06
21653,,1.041188499906441e-06
21654,,1.0411858205632273e-06
21655,,1.0411832022952724e-06
21656,,1.0411806535371172e-06
21657,,1.0411781838759537e-06
21658,,1.0411758042382003e-06
21659,,1.041173527047814e-06
21660,,1.0411713664473441e-06
21661,,1.0411693385307034e-06
21662,,1.0411674616103185e-06
21663,,1.0411587490892839e-06
21664,,1.041155636222369e-06
21665,,1.0411525245689953e-06
21666,,1.0411494142972177e-06
21667,,1.0411463055990075e-06
21668,,1.0411431986852584e-06
21669,,1.0411400938047166e-06
21670,,1.0411369912310364e-06
21671,,1.0411338912893724e-06
21672,,1.0411307943366547e-06
21673,,1.0411277007855229e-06
21674,,1.0411246111021914e-06
21675,,1.041121525829053e-06
21676,,1.0411184455586866e-06
21677,,1.0411153709934571e-06
21678,,1.0411123029113367e-06
21679,,1.0411092422075294e-06
21680,,1.0411061899038642e-06
21681,,1.0411031471519263e-06
21682,,1.041100115276557e-06
21683,,1.0410970957762155e-06
21684,,1.0410940903503574e-06
21685,,1.0410911009489109e-06
21686,,1.0410881297841802e-06
21687,,1.0410851793630131e-06
21688,,1.0410822525578621e-06
21689,,1.0410793526240623e-06
21690,,1.0410764832701188e-06
21691,,1.0410736487120256e-06
21692,,1.0410708537615621e-06
21693,,1.0410681038767933e-06
21694,,1.0410654052832703e-06
21695,,1.0410627650607473e-06
21696,,1.0410601912609566e-06
21697,,1.0410576930590935e-06
21698,,1.041055280887942e-06
21699,,1.041052966623502e-06
21700,,1.0410507637786332e-06
21701,,1.0410486877385295e-06
21702,,1.041046756006609e-06
21703,,1.0410384952091196e-06
21704,,1.0410353831029924e-06
21705,,1.0410322722673679e-06
21706,,1.041029162876309e-06
21707,,1.0410260551282902e-06
21708,,1.041022949248665e-06
21709,,1.0410198454938797e-06
21710,,1.041016744154946e-06
21711,,1.0410136455700402e-06
21712,,1.0410105501066641e-06
21713,,1.0410074582033362e-06
21714,,1.041004370349346e-06
21715,,1.0410012871019196e-06
21716,,1.0409982090929774e-06
21717,,1.0409951370473274e-06
21718,,1.0409920717885303e-06
21719,,1.04098901424904e-06
21720,,1.0409859654922395e-06
21721,,1.0409829267300829e-06
21722,,1.0409798993468247e-06
21723,,1.0409768849042304e-06
21724,,1.0409738851896444e-06
21725,,1.040970902238408e-06
21726,,1.0409679383634439e-06
21727,,1.0409649961903583e-06
21728,,1.040962078719928e-06
21729,,1.0409591893612843e-06
21730,,1.0409563319929117e-06
21731,,1.040953511028479e-06
21732,,1.040950731495933e-06
21733,,1.0409479991110138e-06
21734,,1.0409453203810201e-06
21735,,1.040942702712441e-06
21736,,1.0409401545394126e-06
21737,,1.0409376854461124e-06
21738,,1.0409353063536615e-06
21739,,1.0409330296856017e-06
21740,,1.0409308695794621e-06
21741,,1.040928842127186e-06
21742,,1.0409269656449922e-06
21743,,1.0409182551256975e-06
21744,,1.04091514297222e-06
21745,,1.0409120320328931e-06
21746,,1.0409089224780813e-06
21747,,1.040905814487746e-06
21748,,1.040902708286688e-06
21749,,1.0408996041194902e-06
21750,,1.0408965022603583e-06
21751,,1.0408934030268848e-06
21752,,1.0408903067833905e-06
21753,,1.0408872139410182e-06
21754,,1.0408841249736354e-06
21755,,1.040881040403e-06
21756,,1.0408779608400574e-06
21757,,1.0408748869811382e-06
21758,,1.0408718195978373e-06
21759,,1.040868759602152e-06
21760,,1.0408657079948936e-06
21761,,1.0408626659434082e-06
21762,,1.040859634762733e-06
21763,,1.0408566159515224e-06
21764,,1.0408536112200198e-06
21765,,1.0408506225058912e-06
21766,,1.0408476520192542e-06
21767,,1.0408447022773419e-06
21768,,1.0408417761435865e-06
21769,,1.040838876875021e-06
21770,,1.0408360081785518e-06
21771,,1.040833174269299e-06
21772,,1.04083037996076e-06
21773,,1.0408276307068212e-06
21774,,1.0408249327351114e-06
21775,,1.0408222931163585e-06
21776,,1.0408197199097287e-06
21777,,1.0408172222813685e-06
21778,,1.0408148106638923e-06
21779,,1.040812496929952e-06
21780,,1.04081029459586e-06
21781,,1.0408082190348557e-06
21782,,1.0408062877482963e-06
21783,,1.0407980288355655e-06
21784,,1.0407949174449902e-06
21785,,1.0407918073252548e-06
21786,,1.0407886986454016e-06
21787,,1.040785591609941e-06
21788,,1.0407824864427452e-06
21789,,1.0407793834004745e-06
21790,,1.040776282774514e-06
21791,,1.0407731848986844e-06
21792,,1.0407700901467008e-06
21793,,1.040766998954206e-06
21794,,1.04076391180921e-06
21795,,1.0407608292672134e-06
21796,,1.0407577519686226e-06
21797,,1.040754680626376e-06
21798,,1.0407516160684484e-06
21799,,1.0407485592318453e-06
21800,,1.0407455111748904e-06
21801,,1.0407424731116964e-06
21802,,1.0407394464202609e-06
21803,,1.040736432669872e-06
21804,,1.0407334336438453e-06
21805,,1.0407304513795672e-06
21806,,1.0407274881841846e-06
21807,,1.0407245466889918e-06
21808,,1.0407216298912507e-06
21809,,1.0407187411930305e-06
21810,,1.0407158844834636e-06
21811,,1.040713064167915e-06
21812,,1.0407102852729758e-06
21813,,1.0407075535171685e-06
21814,,1.040704875404346e-06
21815,,1.040702258341938e-06
21816,,1.0406997107531974e-06
21817,,1.040697242233268e-06
21818,,1.0406948636900974e-06
21819,,1.0406925875490183e-06
21820,,1.0406904279470467e-06
21821,,1.0406884009713258e-06
21822,,1.040686524922879e-06
21823,,1.0406778163422767e-06
21824,,1.0406747049047663e-06
21825,,1.0406715946787583e-06
21826,,1.040668485835454e-06
21827,,1.040665378563655e-06
21828,,1.0406622730725953e-06
21829,,1.0406591696158415e-06
21830,,1.0406560684689995e-06
21831,,1.0406529699487578e-06
21832,,1.040649874416174e-06
21833,,1.0406467822846091e-06
21834,,1.0406436940242107e-06
21835,,1.0406406101586096e-06
21836,,1.040637531305885e-06
21837,,1.0406344581484962e-06
21838,,1.0406313914742663e-06
21839,,1.0406283321765137e-06
21840,,1.0406252812707917e-06
21841,,1.0406222399191774e-06
21842,,1.0406192094339235e-06
21843,,1.040616191318149e-06
21844,,1.040613187273544e-06
21845,,1.0406101992443464e-06
21846,,1.0406072294417593e-06
21847,,1.040604280376997e-06
21848,,1.0406013549157647e-06
21849,,1.0405984563128075e-06
21850,,1.040595588276939e-06
21851,,1.0405927550234555e-06
21852,,1.0405899613546279e-06
21853,,1.040587212735695e-06
21854,,1.0405845153825121e-06
21855,,1.0405818763736696e-06
21856,,1.0405793037607925e-06
21857,,1.040576806711323e-06
21858,,1.040574395651897e-06
21859,,1.0405720824532852e-06
21860,,1.0405698806295702e-06
21861,,1.040567805552144e-06
21862,,1.040565874717039e-06
21863,,1.0405576176412793e-06
21864,,1.0405545069649257e-06
21865,,1.0405513975528406e-06
21866,,1.0405482895910674e-06
21867,,1.0405451832698185e-06
21868,,1.0405420788155235e-06
21869,,1.04053897648347e-06
21870,,1.04053587656678e-06
21871,,1.0405327794000878e-06
21872,,1.0405296853616829e-06
21873,,1.0405265948775705e-06
21874,,1.040523508438528e-06
21875,,1.0405204266075594e-06
21876,,1.0405173500117732e-06
21877,,1.0405142793766523e-06
21878,,1.0405112155231417e-06
21879,,1.0405081593867918e-06
21880,,1.04050511202807e-06
21881,,1.040502074660965e-06
21882,,1.0404990486643984e-06
21883,,1.0404960356083648e-06
21884,,1.0404930372705712e-06
21885,,1.040490055688382e-06
21886,,1.0404870931719592e-06
21887,,1.0404841523522693e-06
21888,,84.88063940952293
21889,,107261.42033482266
21890,,84.55848344264548
21891,,558.5279743616039
21892,,83.83342606310063
21893,,36.98573001129456
21894,,36.65148161451702
21895,,12.627599438117645
21896,,12.512954775883035
21897,,5.502596585040539
21898,,41.72149664118587
21899,,5.481628985468511
21900,,4.851896868391814
21901,,21.33029211770956
21902,,4.8418418427479875
21903,,4.683982015005353
21904,,4.475686096589826
21905,,4.473038810568105
21906,,4.4730006232223865
21907,,4.4730000713932565
21908,,4.4730000634188
21909,,4.4730000633035605
21910,,4.473000063301898
21911,,4.473000063301872
21912,,4.473000063301872
21913,,4.25648434875145
21914,,4.253417435496127
21915,,4.253371353232429
21916,,4.253370660213709
21917,,4.253370649791442
21918,,4.25337064963471
21919,,4.253370649632359
21920,,4.253370649632326
21921,,4.253370649632326
21922,,37.961491881285205
21923,,4.017665143717707
21924,,2.2888014392322606
21925,,16.582269387225132
21926,,2.178934497635201
21927,,1.6364058904614942
21928,,2.3286782284049403
21929,,1.6147407578729027
21930,,1.5591499213226752
21931,,1.3268363075103304
21932,,1.320481856539231
21933,,1.0102367383539748
21934,,0.8502774171963753
21935,,0.6785541555589172
21936,,0.7669072638809524
21937,,0.5269335224298034
21938,,1.912934384407451
21939,,0.4890503411202985
21940,,0.3203186905799547
21941,,0.2722930907593007
21942,,0.2185081175436518
21943,,9.097936566268958
21944,,0.2126520189973401
21945,,0.18781731672513594
21946,,0.18120740823025017
21947,,0.1805843156439459
21948,,0.1805208390232736
21949,,0.18051432199956682
21950,,0.18051365237617933
21951,,0.18051358356682706
21952,,0.180513576496041
21953,,0.18051357576945032
21954,,0.18051357569478668
21955,,0.18051357568711532
21956,,0.18051357568632345
21957,,0.18051357568624507
21958,,0.18051357568623594
21959,,0.18051357568623502
21960,,0.180513575686235
21961,,0.15254317819031835
21962,,0.14885625124194724
21963,,0.14799819291316307
21964,,0.1477777692695428
21965,,0.14771981884604024
21966,,0.14770449263014465
21967,,0.147700432956434
21968,,0.14769935716875762
21969,,0.14769907206070995
21970,,0.14769899649844478
21971,,0.14769897647200186
21972,,0.15404337340179153
21973,,0.1440275005261493
21974,,0.1318698751156356
21975,,0.11341923885601327
21976,,0.08781364347349409
21977,,0.04920262791989371
21978,,0.09344218602717047
21979,,0.038063794345557345
21980,,0.03340485633304363
21981,,0.03099918908435553
21982,,0.028755308583945333
21983,,0.02685509049663669
21984,,0.02192367354771442
21985,,0.020350913396039037
21986,,0.01963191680467935
21987,,0.01912580000985538
21988,,0.018574327556903022
21989,,0.01759630952114751
21990,,0.015477062002734798
21991,,0.01305340529454595
21992,,0.011667721342859191
21993,,0.01077279983971618
21994,,0.010187480552057565
21995,,0.009385656093316326
21996,,0.008065916090416346
21997,,0.006949320811321827
21998,,0.006563906689483923
21999,,0.0064211890730378075
22000,,0.006325048412903742
22001,,0.006185247758745235
22002,,0.005884978579733446
22003,,0.005413694428971409
22004,,0.004644526817792555
22005,,0.004272222336148242
22006,,0.004028833633674359
22007,,0.003925665537988642
22008,,0.003850174447804107
22009,,0.003716416458382997
22010,,0.003471137181140747
22011,,0.003079188830977054
22012,,0.0022720043657648878
22013,,0.003273090191349554
22014,,0.0019708466133277975
22015,,0.0011971557959616472
22016,,0.0008915597525195959
22017,,0.0008268375026449101
22018,,0.000817516290371921
22019,,0.0008140645291552147
22020,,0.0008069709218471119
22021,,0.0007948272719321674
22022,,0.0007851918538758527
22023,,0.0007786220353648558
22024,,0.000774347636556432
22025,,0.0007725714094375824
22026,,0.0007702135739947303
22027,,0.0007668288166657372
22028,,0.0007640718858011142
22029,,0.0007596087243279444
22030,,0.0007523878406134571
22031,,0.0007447136474546077
22032,,0.000733729113258477
22033,,0.0007082331271389099
22034,,0.0006668486159112491
22035,,0.0006288395972180773
22036,,0.000556592740556248
22037,,0.0005347226613142855
22038,,0.0005292807618305132
22039,,0.0005259205690326496
22040,,0.0005232335317876307
22041,,0.0005151592791090298
22042,,0.0005018029647075425
22043,,0.00047267043728524275
22044,,0.00042268007623880264
22045,,0.00035230441351006463
22046,,0.0002922199661970152
22047,,0.0002660888876276053
22048,,0.0002494644307416974
22049,,0.000245714202854839
22050,,0.00024309274746753135
22051,,0.00024087953384733667
22052,,0.00023924023026758006
22053,,0.000236503026538067
22054,,0.00023125548073468042
22055,,0.00022057589264234858
22056,,0.00019944032821499997
22057,,0.00016205884761838447
22058,,0.00011040072090253175
22059,,6.672326749618196e-05
22060,,4.860527211103034e-05
22061,,4.2287108400686183e-05
22062,,4.1659682549142276e-05
22063,,4.1606437174886916e-05
22064,,4.1594271985099036e-05
22065,,4.157553525822391e-05
22066,,4.1533563263582535e-05
22067,,4.1439729946993204e-05
22068,,4.122748073809564e-05
22069,,4.075610094691782e-05
22070,,3.976198610231581e-05
22071,,3.789505663187322e-05
22072,,3.511868299922855e-05
22073,,3.235179871613075e-05
22074,,3.1041158546748196e-05
22075,,3.0448866282122283e-05
22076,,3.0242491524472324e-05
22077,,3.0222448943994454e-05
22078,,3.0209816149200067e-05
22079,,3.017485839979371e-05
22080,,3.0093689548443665e-05
22081,,2.9907339514534346e-05
22082,,2.9489953151777444e-05
22083,,2.860123220276996e-05
22084,,2.6904780381995033e-05
22085,,2.43062163011581e-05
22086,,2.1516745314183033e-05
22087,,1.981071767596611e-05
22088,,1.9256303032579735e-05
22089,,1.910337812590407e-05
22090,,1.9055003539182293e-05
22091,,1.902512018814043e-05
22092,,1.8907043988774334e-05
22093,,1.8629060084669476e-05
22094,,1.79950951767707e-05
22095,,1.6650777078583218e-05
22096,,1.4071699862998663e-05
22097,,1.066069702166326e-05
22098,,7.096797033689214e-06
22099,,3.272040327235367e-06
22100,,2.436084410747727e-06
22101,,2.345688383026007e-06
22102,,2.3392417654356805e-06
22103,,2.33886016538603e-06
22104,,2.338800578836957e-06
22105,,2.3387622359196227e-06
22106,,2.3384747804756053e-06
22107,,2.337360368471546e-06
22108,,2.333585403630982e-06
22109,,2.325382942110828e-06
22110,,2.3063158345770902e-06
22111,,2.263137666935201e-06
22112,,2.1682071652019126e-06
22113,,1.9737794331111344e-06
22114,,1.6308997097728867e-06
22115,,1.1778076909445814e-06
22116,,8.182337363878998e-07
22117,,6.55713355805994e-07
22118,,6.089526276248038e-07
22119,,6.037732656062256e-07
22120,,6.033837077562848e-07
22121,,6.033610246403554e-07
22122,,6.033596823525531e-07
22123,,6.033593450837625e-07
22124,,6.033590660453584e-07
22125,,6.033567906846802e-07
22126,,6.033563410618454e-07
22127,,6.033560514116623e-07
22128,,6.033541711004607e-07
22129,,6.033533660184905e-07
22130,,6.033530400378316e-07
22131,,6.033527602722259e-07
22132,,6.033504936933911e-07
22133,,6.03350040347049e-07
22134,,6.033497462595349e-07
22135,,6.033479888561819e-07
22136,,6.033470827687543e-07
22137,,6.033467371343406e-07
22138,,6.033464547411082e-07
22139,,6.033442774113598e-07
22140,,6.033437457072062e-07
22141,,6.033434417575472e-07
22142,,6.033420232644167e-07
22143,,6.033408185160331e-07
22144,,6.033404363389588e-07
22145,,6.033401495237804e-07
22146,,6.033381247908967e-07
22147,,6.033374584758517e-07
22148,,6.033371382372233e-07
22149,,6.033368585966489e-07
22150,,6.033345811771529e-07
22151,,6.033341390300403e-07
22152,,6.03333844825659e-07
22153,,6.033320714469376e-07
22154,,6.0333118415237e-07
22155,,6.03330836508628e-07
22156,,6.033305533899822e-07
22157,,6.033283923163763e-07
22158,,6.033278483639104e-07
22159,,6.033275411166234e-07
22160,,6.033262013290677e-07
22161,,6.033249350293125e-07
22162,,6.033245384161124e-07
22163,,6.033242487676049e-07
22164,,6.033222998809507e-07
22165,,6.033215715774879e-07
22166,,6.033212395172996e-07
22167,,6.03320957752745e-07
22168,,6.033187395731553e-07
22169,,6.033182483855162e-07
22170,,6.033179454405592e-07
22171,,6.033164160633499e-07
22172,,6.033153262138207e-07
22173,,6.033149428206696e-07
22174,,6.033146535304177e-07
22175,,6.033126674373611e-07
22176,,6.03311977546279e-07
22177,,6.033116452025944e-07
22178,,6.033113626289374e-07
22179,,6.033091567066586e-07
22180,,6.033086582422072e-07
22181,,6.033083513124271e-07
22182,,6.033068960554777e-07
22183,,6.03305754801396e-07
22184,,6.033053528090735e-07
22185,,6.033050592570548e-07
22186,,6.033031788400983e-07
22187,,6.03302404831255e-07
22188,,6.033020542642906e-07
22189,,6.033017681582647e-07
22190,,6.032996566734896e-07
22191,,6.032990809366157e-07
22192,,6.032987593371914e-07
22193,,6.032984775931075e-07
22194,,6.032962336203957e-07
22195,,6.032957708790608e-07
22196,,6.032954664204143e-07
22197,,6.032938884808741e-07
22198,,6.032928638268282e-07
22199,,6.032924685915177e-07
22200,,6.032921746836228e-07
22201,,6.032902825227325e-07
22202,,6.032895242455839e-07
22203,,6.032891708834952e-07
22204,,6.032888836715572e-07
22205,,6.032867945282191e-07
22206,,6.032862026396164e-07
22207,,6.032858759872708e-07
22208,,6.032855931204032e-07
22209,,6.032833773503405e-07
22210,,6.032828921462458e-07
22211,,6.032825828804242e-07
22212,,6.032811270951827e-07
22213,,6.032800042466147e-07
22214,,6.032795887225598e-07
22215,,6.032792909369446e-07
22216,,6.03277502750358e-07
22217,,6.032766593154496e-07
22218,,6.032762898923285e-07
22219,,6.032759997622466e-07
22220,,6.032739908958742e-07
22221,,6.032733327371861e-07
22222,,6.032729940986677e-07
22223,,6.032727091013581e-07
22224,,6.03270552564656e-07
22225,,6.032700182810212e-07
22226,,6.032697003248264e-07
22227,,6.032694187950607e-07
22228,,6.032671628730436e-07
22229,,6.032667119064193e-07
22230,,6.032664079116592e-07
22231,,6.032647933674551e-07
22232,,6.032638056360341e-07
22233,,6.032634109566975e-07
22234,,6.032631164220852e-07
22235,,6.03261230989239e-07
22236,,6.032604701903647e-07
22237,,6.032601136653905e-07
22238,,6.032598255567777e-07
22239,,6.032577563321471e-07
22240,,6.032571494415891e-07
22241,,6.032568188521597e-07
22242,,6.032565351278007e-07
22243,,6.032543408560717e-07
22244,,6.032538386400209e-07
22245,,6.03253525729249e-07
22246,,6.032521610589373e-07
22247,,6.032509654469747e-07
22248,,6.032505345903158e-07
22249,,6.03250233757974e-07
22250,,6.032485247384828e-07
22251,,6.032476172300431e-07
22252,,6.03247235141151e-07
22253,,6.03246942578134e-07
22254,,6.032449980802918e-07
22255,,6.032442875138975e-07
22256,,6.032439388281096e-07
22257,,6.032436519454188e-07
22258,,6.032415460505813e-07
22259,,6.032409704196868e-07
22260,,6.032406446678236e-07
22261,,6.032403616882275e-07
22262,,6.032381449199966e-07
22263,,6.03237661953131e-07
22264,,6.032373519849718e-07
22265,,6.032358975181053e-07
22266,,6.032347785772913e-07
22267,,6.032343594016687e-07
22268,,6.032340603207803e-07
22269,,6.032322971672124e-07
22270,,6.032314360668865e-07
22271,,6.032310609104696e-07
22272,,6.032307693642084e-07
22273,,6.032287930416421e-07
22274,,6.032281099254137e-07
22275,,6.032277652225544e-07
22276,,6.032274788974502e-07
22277,,6.032253549854693e-07
22278,,6.032247950443047e-07
22279,,6.032244714707817e-07
22280,,6.032241887797987e-07
22281,,6.032219624073742e-07
22282,,6.032214879397144e-07
22283,,6.032211790619572e-07
22284,,6.032196869252926e-07
22285,,6.032186012013075e-07
22286,,6.032181862128692e-07
22287,,6.032178875889306e-07
22288,,6.032161066946122e-07
22289,,6.03215261700122e-07
22290,,6.032148882222906e-07
22291,,6.032145967755878e-07
22292,,6.032126141909316e-07
22293,,6.032119372555476e-07
22294,,6.032115928338992e-07
22295,,6.032113064209724e-07
22296,,6.032091825454409e-07
22297,,6.032086232846827e-07
22298,,6.032082992617208e-07
22299,,6.03208016395971e-07
22300,,6.032057932317501e-07
22301,,6.032053166210474e-07
22302,,6.032050069675017e-07
22303,,6.032035291280094e-07
22304,,6.032024334520155e-07
22305,,6.032020150762355e-07
22306,,6.032017155755999e-07
22307,,6.031999539817867e-07
22308,,6.031990943432871e-07
22309,,6.031987171269237e-07
22310,,6.031984248215838e-07
22311,,6.031964624915066e-07
22312,,6.031957697414056e-07
22313,,6.03195421711079e-07
22314,,6.031951345255942e-07
22315,,6.031930297238115e-07
22316,,6.03192455358243e-07
22317,,6.031921280915431e-07
22318,,6.031918445565907e-07
22319,,6.031896383183477e-07
22320,,6.031891481963876e-07
22321,,6.031888357447595e-07
22322,,6.031874279602568e-07
22323,,6.031862761362899e-07
22324,,6.031858461579009e-07
22325,,6.031855443143175e-07
22326,,6.031838423504814e-07
22327,,6.031829346693862e-07
22328,,6.031825477588419e-07
22329,,6.031822535335905e-07
22330,,6.03180340707435e-07
22331,,6.031796079328131e-07
22332,,6.031792519677542e-07
22333,,6.031789632313358e-07
22334,,6.031768987873574e-07
22335,,6.031762917096632e-07
22336,,6.031759580425976e-07
22337,,6.031756732708128e-07
22338,,6.031734994849229e-07
22339,,6.031729830142136e-07
22340,,6.031726654617918e-07
22341,,6.03172383562392e-07
22342,,6.031701306931683e-07
22343,,6.031696797272839e-07
22344,,6.031693738544144e-07
22345,,6.031677777222575e-07
22346,,6.031667838104123e-07
22347,,6.031663803374866e-07
22348,,6.031660829538129e-07
22349,,6.03164253498003e-07
22350,,6.031634527133218e-07
22351,,6.031630837700013e-07
22352,,6.031627925688358e-07
22353,,6.031607933653736e-07
22354,,6.031601330267987e-07
22355,,6.031597892442775e-07
22356,,6.03159502564589e-07
22357,,6.031573795509414e-07
22358,,6.031568216067069e-07
22359,,6.031564962143784e-07
22360,,6.031562128431719e-07
22361,,6.031539993004547e-07
22362,,6.031535161977114e-07
22363,,6.031532042712524e-07
22364,,6.031517690164591e-07
22365,,6.031506434495252e-07
22366,,6.031502151732558e-07
22367,,6.031499131349379e-07
22368,,6.031482077290519e-07
22369,,6.031473053752081e-07
22370,,6.031469173535861e-07
22371,,6.031466225855629e-07
22372,,6.031447187271163e-07
22373,,6.031439802926391e-07
22374,,6.031436218836322e-07
22375,,6.03143332474897e-07
22376,,6.03141282540594e-07
22377,,6.031406647259638e-07
22378,,6.03140328144809e-07
22379,,6.031400426908901e-07
22380,,6.031378850359257e-07
22381,,6.03137356143956e-07
22382,,6.031370356800082e-07
22383,,6.031367531529623e-07
22384,,6.03134515925031e-07
22385,,6.031340527044125e-07
22386,,6.031337441610831e-07
22387,,6.031322129885407e-07
22388,,6.031311676956873e-07
22389,,6.031307530545473e-07
22390,,6.031304533399816e-07
22391,,6.031286821640587e-07
22392,,6.03127834862962e-07
22393,,6.03127456209524e-07
22394,,6.031271630455047e-07
22395,,6.031252140015967e-07
22396,,6.031245133987515e-07
22397,,6.031241614418142e-07
22398,,6.031238731421604e-07
22399,,6.031217921036627e-07
22400,,6.03121200342095e-07
22401,,6.03120868215896e-07
22402,,6.031205835328567e-07
22403,,6.031184044250562e-07
22404,,6.031178935179792e-07
22405,,6.031175761388145e-07
22406,,6.031172941465538e-07
22407,,6.031150420944187e-07
22408,,6.031145913217212e-07
22409,,6.031142849207875e-07
22410,,6.031126935302485e-07
22411,,6.031116985657556e-07
22412,,6.031112925626892e-07
22413,,6.031109943398933e-07
22414,,6.031091813821403e-07
22415,,6.031083690050241e-07
22416,,6.031079963647198e-07
22417,,6.031077042419273e-07
22418,,6.031057261350714e-07
22419,,6.0310504983795e-07
22420,,6.031047020759459e-07
22421,,6.031044145086001e-07
22422,,6.031023132060254e-07
22423,,6.03101738404542e-07
22424,,6.03101409220255e-07
22425,,6.031011250493957e-07
22426,,6.03098931773981e-07
22427,,6.030984327432736e-07
22428,,6.030981174281801e-07
22429,,6.030967659476545e-07
22430,,6.030955738184636e-07
22431,,6.030951313862778e-07
22432,,6.030948264391257e-07
22433,,6.030931945831075e-07
22434,,6.030922333761852e-07
22435,,6.030918332468349e-07
22436,,6.030915360552484e-07
22437,,6.030896945977053e-07
22438,,6.030889060066276e-07
22439,,6.03088537516334e-07
22440,,6.030882461278313e-07
22441,,6.030862478911449e-07
22442,,6.030855884019582e-07
22443,,6.030852435880581e-07
22444,,6.030849565428966e-07
22445,,6.030828409843552e-07
22446,,6.030822781044308e-07
22447,,6.030819510141067e-07
22448,,6.030816672218513e-07
22449,,6.030794638253134e-07
22450,,6.030789732739869e-07
22451,,6.03078659454528e-07
22452,,6.030772666647474e-07
22453,,6.03076108915685e-07
22454,,6.030756725337349e-07
22455,,6.030753686631143e-07
22456,,6.030737073303442e-07
22457,,6.030727706631216e-07
22458,,6.03072374867119e-07
22459,,6.030720784474264e-07
22460,,6.03070215893939e-07
22461,,6.030694448757852e-07
22462,,6.030690795015534e-07
22463,,6.030687886708876e-07
22464,,6.030667752963351e-07
22465,,6.030661284334846e-07
22466,,6.030657858632e-07
22467,,6.030654992237264e-07
22468,,6.030633727755679e-07
22469,,6.030628189940969e-07
22470,,6.030624935285337e-07
22471,,6.030622100315954e-07
22472,,6.030599987833855e-07
22473,,6.030595148079318e-07
22474,,6.030592021727349e-07
22475,,6.030577772222779e-07
22476,,6.030566461822748e-07
22477,,6.030562145679824e-07
22478,,6.030559115534661e-07
22479,,6.03054226921736e-07
22480,,6.030533096116316e-07
22481,,6.030529172851736e-07
22482,,6.030526214937503e-07
22483,,6.030507420213595e-07
22484,,6.030499850751675e-07
22485,,6.030496222291552e-07
22486,,6.030493318574583e-07
22487,,6.03047306173244e-07
22488,,6.030466695663352e-07
22489,,6.03046328847244e-07
22490,,6.0304604254583e-07
22491,,6.030439071190452e-07
22492,,6.030433608352031e-07
22493,,6.030430367220783e-07
22494,,6.030427534791905e-07
22495,,6.030405356764418e-07
22496,,6.030400571911825e-07
22497,,6.030397455508935e-07
22498,,6.030382936661612e-07
22499,,6.03037184952307e-07
22500,,6.030367573721446e-07
22501,,6.030364550953273e-07
22502,,6.030347507040743e-07
22503,,6.030338497896783e-07
22504,,6.030334604286994e-07
22505,,6.030331651848815e-07
22506,,6.030312711898936e-07
22507,,6.030305263096232e-07
22508,,6.030301656490974e-07
22509,,6.030298756848721e-07
22510,,6.030278393152064e-07
22511,,6.030272116005691e-07
22512,,6.030268724981496e-07
22513,,6.030265865011266e-07
22514,,6.030244432028981e-07
22515,,6.030239034869727e-07
22516,,6.030235805714747e-07
22517,,6.030232975558248e-07
22518,,6.030210739529248e-07
22519,,6.030206003266379e-07
22520,,6.030202895750644e-07
22521,,6.030188138090936e-07
22522,,6.030177248731324e-07
22523,,6.03017300891721e-07
22524,,6.030169992770002e-07
22525,,6.030152772126525e-07
22526,,6.030143909473964e-07
22527,,6.030140042608559e-07
22528,,6.030137095087023e-07
22529,,6.030118024236437e-07
22530,,6.030110684106155e-07
22531,,6.030107097391128e-07
22532,,6.030104201418425e-07
22533,,6.030083740677692e-07
22534,,6.030077544291087e-07
22535,,6.030074168059425e-07
22536,,6.030071310817518e-07
22537,,6.030049805917552e-07
22538,,6.030044468806277e-07
22539,,6.030041250712098e-07
22540,,6.030038422599059e-07
22541,,6.030016133185918e-07
22542,,6.03001144165527e-07
22543,,6.030008342385766e-07
22544,,6.029993364560292e-07
22545,,6.029982657352435e-07
22546,,6.02997845092448e-07
22547,,6.029975440906734e-07
22548,,6.029958056380653e-07
22549,,6.029949329510584e-07
22550,,6.029945487540404e-07
22551,,6.029942544629914e-07
22552,,6.029923351765434e-07
22553,,6.02991611287251e-07
22554,,6.029912544760254e-07
22555,,6.02990965227758e-07
22556,,6.029889100657642e-07
22557,,6.029882979874694e-07
22558,,6.029879617533851e-07
22559,,6.029876762938625e-07
22560,,6.0298551903248e-07
22561,,6.029849909705678e-07
22562,,6.029846702017707e-07
22563,,6.029843875898131e-07
22564,,6.029821536103334e-07
22565,,6.029816886817181e-07
22566,,6.029813795342688e-07
22567,,6.029798609487727e-07
22568,,6.029788074344977e-07
22569,,6.029783899509346e-07
22570,,6.029780895382464e-07
22571,,6.029763355444107e-07
22572,,6.029754757279817e-07
22573,,6.029750938967679e-07
22574,,6.029748000455668e-07
22575,,6.029728691514412e-07
22576,,6.029721548972997e-07
22577,,6.029717998581859e-07
22578,,6.029715109434782e-07
22579,,6.029694471076315e-07
22580,,6.02968842244324e-07
22581,,6.029685073405511e-07
22582,,6.02968222132817e-07
22583,,6.029660583945577e-07
22584,,6.02965535736963e-07
22585,,6.029652159694363e-07
22586,,6.029649335477503e-07
22587,,6.029626947358791e-07
22588,,6.029622338574181e-07
22589,,6.02961925464412e-07
22590,,6.029603869138614e-07
22591,,6.029593499083324e-07
22592,,6.029589354612884e-07
22593,,6.029586356141684e-07
22594,,6.029568666770078e-07
22595,,6.029560192355462e-07
22596,,6.029556396829728e-07
22597,,6.029553462603804e-07
22598,,6.029534041819203e-07
22599,,6.029526992038939e-07
22600,,6.029523458773899e-07
22601,,6.029520572839438e-07
22602,,6.029499850827224e-07
22603,,6.029493871774612e-07
22604,,6.029490535645014e-07
22605,,6.029487685963526e-07
22606,,6.029465986037972e-07
22607,,6.029460811681917e-07
22608,,6.02945762367305e-07
22609,,6.029454801327602e-07
22610,,6.029432366470214e-07
22611,,6.029427796892163e-07
22612,,6.029424720218242e-07
22613,,6.029409141490927e-07
22614,,6.029398931192757e-07
22615,,6.029394816165832e-07
22616,,6.029391823179959e-07
22617,,6.029373988992674e-07
22618,,6.029365634495623e-07
22619,,6.029361861088359e-07
22620,,6.029358931005897e-07
22621,,6.029339401712358e-07
22622,,6.029332441988805e-07
22623,,6.029328925339339e-07
22624,,6.029326042547297e-07
22625,,6.029305239261528e-07
22626,,6.029299327823162e-07
22627,,6.029296004160813e-07
22628,,6.029293156888601e-07
22629,,6.02927139615914e-07
22630,,6.029266272580152e-07
22631,,6.029263093988102e-07
22632,,6.029260273429383e-07
22633,,6.029237793105075e-07
22634,,6.029233261683224e-07
22635,,6.029230192099988e-07
22636,,6.029214425373825e-07
22637,,6.029204370505733e-07
22638,,6.02920028413789e-07
22639,,6.02919729650975e-07
22640,,6.029179321349003e-07
22641,,6.029171083578076e-07
22642,,6.029167331726392e-07
22643,,6.029164405677326e-07
22644,,6.029144770716442e-07
22645,,6.029137898650166e-07
22646,,6.029134398264069e-07
22647,,6.029131518476391e-07
22648,,6.029110636048492e-07
22649,,6.029104790477561e-07
22650,,6.029101479031712e-07
22651,,6.029098634063462e-07
22652,,6.029076814062058e-07
22653,,6.029071739983345e-07
22654,,6.029068570557429e-07
22655,,6.029065751787955e-07
22656,,6.02904322712749e-07
22657,,6.02903873293225e-07
22658,,6.029035670249596e-07
22659,,6.029019720121699e-07
22660,,6.029009816905003e-07
22661,,6.029005758525039e-07
22662,,6.029002776107702e-07
22663,,6.028984663358163e-07
22664,,6.028976539546443e-07
22665,,6.028972808715309e-07
22666,,6.028969886606322e-07
22667,,6.028950148487807e-07
22668,,6.028943362058697e-07
22669,,6.028939877464541e-07
22670,,6.028937000702791e-07
22671,,6.028916040954099e-07
22672,,6.02891025974306e-07
22673,,6.028906960185679e-07
22674,,6.028904117483079e-07
22675,,6.028882239599165e-07
22676,,6.02887721388148e-07
22677,,6.028874053458255e-07
22678,,6.028871236380529e-07
22679,,6.028848668431952e-07
22680,,6.028844210612581e-07
22681,,6.028841154695892e-07
22682,,6.028825025304243e-07
22683,,6.02881527033073e-07
22684,,6.028811239277258e-07
22685,,6.028808261970751e-07
22686,,6.028790014756504e-07
22687,,6.028782002323141e-07
22688,,6.028778292078688e-07
22689,,6.028775373831918e-07
22690,,6.028755534826275e-07
22691,,6.028748832154882e-07
22692,,6.028745363038812e-07
22693,,6.028742489172189e-07
22694,,6.028721453831849e-07
22695,,6.028715735526859e-07
22696,,6.02871244766313e-07
22697,,6.028709607167672e-07
22698,,6.028687672678517e-07
22699,,6.028682694300966e-07
22700,,6.02867954263619e-07
22701,,6.028665997475157e-07
22702,,6.028654116937169e-07
22703,,6.028649694696607e-07
22704,,6.028646645413947e-07
22705,,6.028630340715905e-07
22706,,6.028620730699292e-07
22707,,6.028616726429254e-07
22708,,6.028613754108202e-07
22709,,6.02859537533236e-07
22710,,6.028587471869052e-07
22711,,6.028583781767766e-07
22712,,6.028580867285423e-07
22713,,6.028560929637538e-07
22714,,6.028554308855056e-07
22715,,6.028550854873115e-07
22716,,6.028547983891716e-07
22717,,6.02852687460589e-07
22718,,6.028521217909449e-07
22719,,6.028517941436392e-07
22720,,6.028515103118205e-07
22721,,58.48368514729448
22722,,103953.13026109757
22723,,58.20256880812306
22724,,620.4843248742219
22725,,57.68555503109826
22726,,19.724053340275233
22727,,19.503977449970428
22728,,3.464145416174611
22729,,3.4133789651847812
22730,,3.583701726708459
22731,,2.347303652352502
22732,,6422.188008530051
22733,,2.3188095212198276
22734,,55.71382923447895
22735,,2.2855974830959456
22736,,1.7036288010984384
22737,,1.5549306207581421
22738,,1.1800062972027514
22739,,4.901365575233756
22740,,1.1712390951653584
22741,,1.1113399054255713
22742,,1.0345155848500518
22743,,1.0329342664676977
22744,,1.032894970614682
22745,,1.032893989741078
22746,,1.0328939652545255
22747,,1.0328939646432378
22748,,1.0328939646279753
22749,,1.0328939646276003
22750,,1.0328939646275899
22751,,1.0328939646275899
22752,,0.9572399401956505
22753,,0.9552690165725455
22754,,0.9552099766838209
22755,,0.955208200968507
22756,,0.9552081475546715
22757,,0.9552081459479673
22758,,0.9552081458996422
22759,,0.9552081458981869
22760,,0.9552081458981398
22761,,0.9552081458981351
22762,,0.9552081458981351
22763,,0.8848071453725597
22764,,0.882654858165755
22765,,0.8825792499283367
22766,,0.8825765813277755
22767,,0.8825764871236035
22768,,0.882576483798081
22769,,0.8825764836806896
22770,,0.8825764836765468
22771,,0.8825764836763981
22772,,0.882576483676394
22773,,0.8825764836763946
22774,,0.8195529594218136
22775,,0.8173183482995808
22776,,0.8172264802556665
22777,,0.8172226812582951
22778,,0.8172225241212904
22779,,0.8172225176216014
22780,,0.8172225173527562
22781,,0.8172225173416366
22782,,0.8172225173411717
22783,,0.8172225173411568
22784,,0.8172225173411557
22785,,0.8172225173411557
22786,,182633.02489337872
22787,,0.7997380045691515
22788,,1086.1973584140646
22789,,0.7720461331935914
22790,,9.078592544134596
22791,,0.7396158413318229
22792,,0.6038196123851635
22793,,0.5968637281587074
22794,,0.5845613043143434
22795,,0.5584401196313264
22796,,0.8498169295834398
22797,,0.5404909297729443
22798,,0.4866248650814379
22799,,0.4502261571198675
22800,,0.40251514665007676
22801,,5.364467607580808
22802,,0.3943021227400965
22803,,0.35157385898827725
22804,,0.33238937980714955
22805,,0.3318015651577076
22806,,0.33178038259186626
22807,,0.33177961497694575
22808,,0.33177958715445194
22809,,0.3317795861460058
22810,,0.33177958610945524
22811,,0.3317795861081321
22812,,0.3317795861080817
22813,,0.3317795861080809
22814,,0.33177958610808045
22815,,0.33177958610808045
22816,,1517.366565197248
22817,,0.32396834487709186
22818,,13.975932630174013
22819,,0.3159904747023475
22820,,0.29734013075196114
22821,,0.268828072074263
22822,,0.2603207688493789
22823,,0.25787542073213826
22824,,0.24830820433924725
22825,,0.22073346755977813
22826,,0.1383397169380561
22827,,0.12126485637165699
22828,,0.1136121041786193
22829,,0.10728630208034282
22830,,0.10558789709667497
22831,,0.5571037446321386
22832,,0.10097724102145428
22833,,0.09108292918489592
22834,,0.08237480542167479
22835,,0.05724939213063335
22836,,0.042535206969520616
22837,,0.03225133946470411
22838,,0.3438999937006261
22839,,0.028335272701079838
22840,,0.024670925806605935
22841,,0.02230713505842772
22842,,0.01795881123681162
22843,,0.015850909677063083
22844,,0.013612589803764308
22845,,0.009820271327611723
22846,,0.008389456269336066
22847,,0.007226638079379235
22848,,0.005438814257232681
22849,,0.0031799918968839365
22850,,0.0026446172484512176
22851,,0.002584036840840363
22852,,0.002557752818562297
22853,,0.002527885659194912
22854,,0.0023731027130466345
22855,,0.0022533990246485845
22856,,0.0021772471813712706
22857,,0.002159461779840646
22858,,0.002155121826826983
22859,,0.0021519255120694895
22860,,0.0021466032860510305
22861,,0.00213793206109362
22862,,0.0021242194105243455
22863,,0.0020893437612866657
22864,,0.0020092669872245235
22865,,0.0018993319502812684
22866,,0.0017630283291801875
22867,,0.0016083991409708085
22868,,0.001425884955094279
22869,,0.0013276038197806163
22870,,0.001187559585488145
22871,,0.0009914544335855161
22872,,0.0008537177951018148
22873,,0.0007715590033509194
22874,,0.0006804114505479107
22875,,0.000566921305111096
22876,,0.0005026363152643294
22877,,0.00047231199366639705
22878,,0.0004644385161196658
22879,,0.00046195450140209377
22880,,0.0004584936502893273
22881,,0.0004516549192655781
22882,,0.00044193339715858476
22883,,0.0004318660707434956
22884,,0.00042731123411896617
22885,,0.00042249140336794505
22886,,0.0004146305924223867
22887,,0.00040033070730731044
22888,,0.00038598133631080226
22889,,0.0003757784145212949
22890,,0.00037118743458907613
22891,,0.0003679997573015439
22892,,0.0003639707590834172
22893,,0.00035733792348055906
22894,,0.00034871421134822003
22895,,0.0003409294157598769
22896,,0.00033715230330993935
22897,,0.00033532951375657655
22898,,0.00033445291237981065
22899,,0.00033288471696706003
22900,,0.00032918833763586247
22901,,0.0003213437069957879
22902,,0.00030392861385060015
22903,,0.00026997065490613574
22904,,0.00021487848826370318
22905,,0.00015174821602813312
22906,,0.00011530771542029432
22907,,0.00010105148289661696
22908,,9.31708970397211e-05
22909,,9.254435702462692e-05
22910,,9.219550771963267e-05
22911,,9.123060889821961e-05
22912,,8.986515090610346e-05
22913,,8.729930214498993e-05
22914,,8.328162846960901e-05
22915,,7.802588269029156e-05
22916,,7.124248233581713e-05
22917,,6.802464550022703e-05
22918,,6.60919476857272e-05
22919,,6.584237100198587e-05
22920,,6.573330650551837e-05
22921,,6.556342729549481e-05
22922,,6.522502074116089e-05
22923,,6.452624592442415e-05
22924,,6.31040152613763e-05
22925,,6.031593478568621e-05
22926,,5.518685025406334e-05
22927,,4.652017849668471e-05
22928,,3.184970758216701e-05
22929,,3.183129111692899e-05
22930,,2.502816955527976e-05
22931,,1.3842768580882562e-05
22932,,6.247479338150189e-06
22933,,5.100076832238374e-06
22934,,4.9611238264513115e-06
22935,,4.949271743270888e-06
22936,,4.948088632221909e-06
22937,,4.947098193687053e-06
22938,,4.9433379095315275e-06
22939,,4.935341664752429e-06
22940,,4.916974683987796e-06
22941,,4.875413449922683e-06
22942,,4.78373559094822e-06
22943,,4.594412977222833e-06
22944,,4.255070180139819e-06
22945,,3.7935972457727097e-06
22946,,5.088158492587833e-06
22947,,3.7275948917928367e-06
22948,,3.3647200337676307e-06
22949,,3.205895722022204e-06
22950,,3.174919543883579e-06
22951,,3.1713868745812754e-06
22952,,3.1711158692129283e-06
22953,,3.1710876355672556e-06
22954,,3.171075525503998e-06
22955,,3.171011395414479e-06
22956,,3.170964304991609e-06
22957,,3.170951137977343e-06
22958,,3.1709397012333333e-06
22959,,3.170842951210646e-06
22960,,3.170826944222026e-06
22961,,3.170815270580354e-06
22962,,3.1707277056160932e-06
22963,,3.1707033742709715e-06
22964,,3.170690920478671e-06
22965,,3.1706325000139777e-06
22966,,3.1705424572305913e-06
22967,,3.169782170157559e-06
22968,,3.1613972448499583e-06
22969,,3.1432635870707817e-06
22970,,3.1023165239771485e-06
22971,,3.014734756751396e-06
22972,,2.8448055584452906e-06
22973,,2.5760971965382066e-06
22974,,2.2828990884280624e-06
22975,,2.1005251265737724e-06
22976,,2.0420362135470974e-06
22977,,2.031445455790121e-06
22978,,2.0304146582470284e-06
22979,,2.030339854504583e-06
22980,,2.030331929757339e-06
22981,,2.0303274982991804e-06
22982,,2.030300937853246e-06
22983,,2.030286955216364e-06
22984,,2.030281926159416e-06
22985,,2.030277669365309e-06
22986,,2.0302437548115645e-06
22987,,2.0302366306168168e-06
22988,,2.0302320872797463e-06
22989,,2.030207054028077e-06
22990,,2.0301923261778163e-06
22991,,2.0301866899459642e-06
22992,,2.0301823063948428e-06
22993,,2.0301517712359174e-06
22994,,2.0301419476142506e-06
22995,,2.0301368748290424e-06
22996,,2.0301325647569444e-06
22997,,2.0300997135290995e-06
22998,,2.0300919325786186e-06
22999,,2.0300871270103108e-06
23000,,2.030082856320407e-06
23001,,2.0300488743397717e-06
23002,,2.030042087527257e-06
23003,,2.0300374251182553e-06
23004,,2.030013287836674e-06
23005,,2.0299985829086506e-06
23006,,2.0299923356351615e-06
23007,,2.0299877600290173e-06
23008,,2.0299612071273667e-06
23009,,2.029948560035743e-06
23010,,2.0299426434626782e-06
23011,,2.0299381276708744e-06
23012,,2.0299100472912086e-06
23013,,2.0298986829351505e-06
23014,,2.0298929960568955e-06
23015,,2.029888526167591e-06
23016,,2.029859356690969e-06
23017,,2.029848896431625e-06
23018,,2.0298433865399984e-06
23019,,2.029838954639947e-06
23020,,2.0298089316337415e-06
23021,,2.0297991751365863e-06
23022,,2.0297938116600218e-06
23023,,2.029789412638317e-06
23024,,2.0297586780018265e-06
23025,,2.0297495068643696e-06
23026,,2.0297442697345213e-06
23027,,2.0297398998875654e-06
23028,,2.0297085501537777e-06
23029,,2.0296998853881403e-06
23030,,2.0296947598423725e-06
23031,,2.0296904162451425e-06
23032,,2.029658524615506e-06
23033,,2.029650307159699e-06
23034,,2.0296452813898747e-06
23035,,2.0296409615727025e-06
23036,,2.0296085876729714e-06
23037,,2.02960076994025e-06
23038,,2.029595833960134e-06
23039,,2.029591535785533e-06
23040,,2.0295587306936412e-06
23041,,2.0295512721135874e-06
23042,,2.029546417221895e-06
23043,,2.029542138806462e-06
23044,,2.0295089471816803e-06
23045,,2.029501812410959e-06
23046,,2.0294970309123543e-06
23047,,2.029475683216887e-06
23048,,2.0294592321957008e-06
23049,,2.029452389788428e-06
23050,,2.0294476747767605e-06
23051,,2.0294248459381367e-06
23052,,2.0294095815275185e-06
23053,,2.0294030033425918e-06
23054,,2.029398348629307e-06
23055,,2.02937418443868e-06
23056,,2.0293599914730758e-06
23057,,2.029353652246402e-06
23058,,2.0293490522570197e-06
23059,,2.0293236831705876e-06
23060,,2.029310458856841e-06
23061,,2.029304335815679e-06
23062,,2.0292997855054544e-06
23063,,2.0292733297207826e-06
23064,,2.0292609807674924e-06
23065,,2.0292550533705347e-06
23066,,2.029250548200733e-06
23067,,2.0292231118477212e-06
23068,,2.0292115546545025e-06
23069,,2.029205804354688e-06
23070,,2.0292013402208085e-06
23071,,2.029173019576149e-06
23072,,2.029162178183292e-06
23073,,2.029156588218801e-06
23074,,2.029152161417801e-06
23075,,2.0291230430635364e-06
23076,,2.0291128492738717e-06
23077,,2.0291074045126747e-06
23078,,2.0291030116848077e-06
23079,,2.0290731742032228e-06
23080,,2.029063566029436e-06
23081,,2.029058252781654e-06
23082,,2.0290538909061474e-06
23083,,2.029023405022334e-06
23084,,2.02901432674888e-06
23085,,2.0290091326560758e-06
23086,,2.0290047989858797e-06
23087,,2.0289737288859244e-06
23088,,2.0289651298839572e-06
23089,,2.028960043766123e-06
23090,,2.0289557358276105e-06
23091,,2.0289241393100684e-06
23092,,2.0289159740525875e-06
23093,,2.0289109857949604e-06
23094,,2.028906701353424e-06
23095,,2.028874630867202e-06
23096,,2.0288668579788064e-06
23097,,2.0288619584491736e-06
23098,,2.0288576954754376e-06
23099,,2.0288251982805196e-06
23100,,2.0288177805322853e-06
23101,,2.028812961464879e-06
23102,,2.028808718120302e-06
23103,,2.0287758370904397e-06
23104,,2.028768740673663e-06
23105,,2.028763994589014e-06
23106,,2.028742945264737e-06
23107,,2.0287265430447936e-06
23108,,2.0287197374742055e-06
23109,,2.028715057619404e-06
23110,,2.0286925343463018e-06
23111,,2.028677312364062e-06
23112,,2.0286707700586856e-06
23113,,2.028666150330761e-06
23114,,2.0286422956351893e-06
23115,,2.0286281416939583e-06
23116,,2.028621837700759e-06
23117,,2.028617272558642e-06
23118,,2.0285922160681803e-06
23119,,2.0285790279036137e-06
23120,,2.0285729396642425e-06
23121,,2.028568424122231e-06
23122,,2.0285422824233085e-06
23123,,2.0285299682375872e-06
23124,,2.0285240753465588e-06
23125,,2.0285196048810503e-06
23126,,2.0284924839392427e-06
23127,,2.0284809601519587e-06
23128,,2.0284752441541843e-06
23129,,2.0284708146800865e-06
23130,,2.028442809876291e-06
23131,,2.028432001376288e-06
23132,,2.0284264455901457e-06
23133,,2.0284220534056705e-06
23134,,2.0283932513778365e-06
23135,,2.0283830898259133e-06
23136,,2.0283776791609316e-06
23137,,2.028373320927811e-06
23138,,2.028343799707746e-06
23139,,2.0283342236496907e-06
23140,,2.028328944450467e-06
23141,,2.0283246171352555e-06
23142,,2.028294447577733e-06
23143,,2.0282854011420085e-06
23144,,2.0282802410672133e-06
23145,,2.0282759419442685e-06
23146,,2.0282451878625926e-06
23147,,2.0282366207747634e-06
23148,,2.028231568660736e-06
23149,,2.028227295246434e-06
23150,,2.0281960145900106e-06
23151,,2.0281878811530384e-06
23152,,2.0281829268990086e-06
23153,,2.0281786769689786e-06
23154,,2.028146921949438e-06
23155,,2.0281391810274043e-06
23156,,2.028134315504753e-06
23157,,2.028130087025533e-06
23158,,2.0280979050189367e-06
23159,,2.0280905192520822e-06
23160,,2.0280857342036985e-06
23161,,2.028081525349349e-06
23162,,2.0280489590714614e-06
23163,,2.0280418948081355e-06
23164,,2.028037182757732e-06
23165,,2.02801645790849e-06
23166,,2.028000080032095e-06
23167,,2.0279933067387076e-06
23168,,2.0279886609381185e-06
23169,,2.027966460768964e-06
23170,,2.027951264146458e-06
23171,,2.0279447542270764e-06
23172,,2.0279401685553153e-06
23173,,2.027916636405494e-06
23174,,2.027902507953468e-06
23175,,2.027896236477264e-06
23176,,2.027891705418029e-06
23177,,2.027866970189067e-06
23178,,2.0278538084323077e-06
23179,,2.027847752817712e-06
23180,,2.027843271364329e-06
23181,,2.0278174502748866e-06
23182,,2.0278051627429895e-06
23183,,2.0277993025932992e-06
23184,,2.027794866230484e-06
23185,,2.027768064752287e-06
23186,,2.027756568403176e-06
23187,,2.0277508852605557e-06
23188,,2.0277464898893677e-06
23189,,2.0277188038761605e-06
23190,,2.0277080230990707e-06
23191,,2.0277025002747113e-06
23192,,2.027698142203944e-06
23193,,2.0276696579424068e-06
23194,,2.027659524794091e-06
23195,,2.0276541471743277e-06
23196,,2.02764982305642e-06
23197,,2.0276206189499956e-06
23198,,2.027611071590388e-06
23199,,2.0276058255327767e-06
23200,,2.0276015323364016e-06
23201,,2.027571678988541e-06
23202,,2.0275626618158586e-06
23203,,2.0275575349581444e-06
23204,,2.0275532699580676e-06
23205,,2.027522831470209e-06
23206,,2.0275142939232127e-06
23207,,2.0275092750980834e-06
23208,,2.0275050358097214e-06
23209,,2.0274740699521945e-06
23210,,2.027465966523342e-06
23211,,2.0274610456359025e-06
23212,,2.0274568298260033e-06
23213,,2.0274253890230574e-06
23214,,2.0274176783741957e-06
23215,,2.027412846271723e-06
23216,,2.02740865191486e-06
23217,,2.0273767834311923e-06
23218,,2.0273694283239756e-06
23219,,2.027364676749766e-06
23220,,2.027360502006326e-06
23221,,2.0273282487231726e-06
23222,,2.0273212153429078e-06
23223,,2.027316536813951e-06
23224,,2.0272961379035736e-06
23225,,2.0272797806587858e-06
23226,,2.0272730385067195e-06
23227,,2.0272684262636005e-06
23228,,2.0272465507723e-06
23229,,2.0272313754622897e-06
23230,,2.0272248969401718e-06
23231,,2.0272203448747927e-06
23232,,2.0271971354368498e-06
23233,,2.027183029780512e-06
23234,,2.0271767899111692e-06
23235,,2.027172292483504e-06
23236,,2.027147878828732e-06
23237,,2.027134740484412e-06
23238,,2.0271287166929242e-06
23239,,2.027124268911721e-06
23240,,2.027098767736388e-06
23241,,2.0270865048311373e-06
23242,,2.0270806766865344e-06
23243,,2.027076274005814e-06
23244,,2.0270497914139934e-06
23245,,2.027038320249795e-06
23246,,2.027032669288833e-06
23247,,2.0270283076292312e-06
23248,,2.0270009391105564e-06
23249,,2.0269901845002206e-06
23250,,2.026984694001987e-06
23251,,2.026980369654291e-06
23252,,2.026952201978921e-06
23253,,2.026942095483123e-06
23254,,2.0269367503322475e-06
23255,,2.0269324599544754e-06
23256,,2.026903571254919e-06
23257,,2.0268940513498557e-06
23258,,2.0268888378756102e-06
23259,,2.0268845784360197e-06
23260,,2.0268550396778306e-06
23261,,2.026846050383392e-06
23262,,2.0268409562256493e-06
23263,,2.026836724987543e-06
23264,,2.026806600093148e-06
23265,,2.026798091067673e-06
23266,,2.026793105040099e-06
23267,,2.026788899524459e-06
23268,,2.0267582465315362e-06
23269,,2.026750171997401e-06
23270,,2.026745283996305e-06
23271,,2.0267411019575584e-06
23272,,2.0267099731670007e-06
23273,,2.026702291926994e-06
23274,,2.0266974928018893e-06
23275,,2.0266933322069047e-06
23276,,2.026661775091385e-06
23277,,2.0266544497119425e-06
23278,,2.0266497311808804e-06
23279,,2.026645590208706e-06
23280,,2.026613647557852e-06
23281,,2.0266066443246463e-06
23282,,2.0266019989033603e-06
23283,,2.026581925590317e-06
23284,,2.0265655864902484e-06
23285,,2.0265588748105367e-06
23286,,2.026554295739973e-06
23287,,2.0265327434424556e-06
23288,,2.0265175881176955e-06
23289,,2.026511140355898e-06
23290,,2.0265066215004014e-06
23291,,2.0264837338347406e-06
23292,,2.0264696489967117e-06
23293,,2.026463440158469e-06
23294,,2.026458975987982e-06
23295,,2.0264348821099393e-06
23296,,2.026421766082373e-06
23297,,2.026415773550734e-06
23298,,2.0264113590471103e-06
23299,,2.0263861764116987e-06
23300,,2.026373936539996e-06
23301,,2.0263681398726306e-06
23302,,2.0263637705164333e-06
23303,,2.026337604808675e-06
23304,,2.0263261578768272e-06
23305,,2.026320538573822e-06
23306,,2.0263162102620437e-06
23307,,2.026289157536106e-06
23308,,2.0262784277855678e-06
23309,,2.02627296912051e-06
23310,,2.026268678147539e-06
23311,,2.0262408248769506e-06
23312,,2.0262307442145428e-06
23313,,2.026225431053176e-06
23314,,2.0262211740664532e-06
23315,,2.026192598805971e-06
23316,,2.026183105267779e-06
23317,,2.0261779239308988e-06
23318,,2.0261736978944015e-06
23319,,2.0261444714129476e-06
23320,,2.026135509268927e-06
23321,,2.0261304473743542e-06
23322,,2.026126249548995e-06
23323,,2.0260964360910744e-06
23324,,2.0260879546662703e-06
23325,,2.026083001021997e-06
23326,,2.026078828926213e-06
23327,,2.0260484863834252e-06
23328,,2.0260404400865853e-06
23329,,2.026035584561618e-06
23330,,2.0260314359470967e-06
23331,,2.0260006168711644e-06
23332,,2.0259929642572863e-06
23333,,2.025988197691692e-06
23334,,2.0259840705336576e-06
23335,,2.0259528222887475e-06
23336,,2.025945526040423e-06
23337,,2.0259408401539125e-06
23338,,2.0259367326135375e-06
23339,,2.0259050981753337e-06
23340,,2.0258981244036374e-06
23341,,2.025893511696321e-06
23342,,2.025873762606937e-06
23343,,2.0258574402898163e-06
23344,,2.0258507584185425e-06
23345,,2.0258462121106243e-06
23346,,2.0258249823347575e-06
23347,,2.025809844835099e-06
23348,,2.025803427209725e-06
23349,,2.025798941184937e-06
23350,,2.0257763736719596e-06
23351,,2.0257623084611737e-06
23352,,2.0257561300444502e-06
23353,,2.025751698743985e-06
23354,,2.025727923532027e-06
23355,,2.025714828033631e-06
23356,,2.0257088661932227e-06
23357,,2.0257044846121466e-06
23358,,2.025679618684387e-06
23359,,2.0256674007907114e-06
23360,,2.0256616350521685e-06
23361,,2.0256572986473736e-06
23362,,2.0256314483535328e-06
23363,,2.0256200241756733e-06
23364,,2.0256144360217603e-06
23365,,2.0256101406956725e-06
23366,,2.025583401752764e-06
23367,,2.0255726959290498e-06
23368,,2.0255672686064934e-06
23369,,2.0255630106428493e-06
23370,,2.025535470032509e-06
23371,,2.0255254139527885e-06
23372,,2.025520132309805e-06
23373,,2.025515908353908e-06
23374,,2.0254876444023127e-06
23375,,2.02547817639047e-06
23376,,2.02547302672227e-06
23377,,2.025468833737865e-06
23378,,2.0254399175794154e-06
23379,,2.0254309815272227e-06
23380,,2.025425951442069e-06
23381,,2.025421786689517e-06
23382,,2.0253922824067044e-06
23383,,2.0253838278396845e-06
23384,,2.025378906131147e-06
23385,,2.0253747671113448e-06
23386,,2.0253447328927392e-06
23387,,2.025336713921582e-06
23388,,2.025331890445888e-06
23389,,2.0253277749216308e-06
23390,,2.0252972631987946e-06
23391,,2.025289638528631e-06
23392,,2.0252849041143014e-06
23393,,2.025280810047022e-06
23394,,2.0252498684107586e-06
23395,,2.0252426005025002e-06
23396,,2.0252379468570787e-06
23397,,2.0252338724165748e-06
23398,,2.0252025437614734e-06
23399,,2.025195598826002e-06
23400,,2.0251910184359547e-06
23401,,2.025186961959111e-06
23402,,2.025155285205548e-06
23403,,2.0251486325412864e-06
23404,,2.0251441186276214e-06
23405,,2.0251232096456357e-06
23406,,2.025108088899722e-06
23407,,2.025101700822499e-06
23408,,2.0250972472401493e-06
23409,,2.0250749987846236e-06
23410,,2.025060951415724e-06
23411,,2.0250548028699884e-06
23412,,2.0250504040813736e-06
23413,,2.0250269456420466e-06
23414,,2.025013869697547e-06
23415,,2.025007938015907e-06
23416,,2.0250035889862657e-06
23417,,2.0249790383251993e-06
23418,,2.0249668409256665e-06
23419,,2.0249611056011426e-06
23420,,2.0249568018014033e-06
23421,,2.0249312648831934e-06
23422,,2.024919862586541e-06
23423,,2.024914305081035e-06
23424,,2.024910042380763e-06
23425,,2.0248836155189515e-06
23426,,2.0248729323655065e-06
23427,,2.0248675359009266e-06
23428,,2.0248633106053922e-06
23429,,2.0248360804997847e-06
23430,,2.024826048211973e-06
23431,,2.024820797619894e-06
23432,,2.024816606353054e-06
23433,,2.0247886517794627e-06
23434,,2.024779208232434e-06
23435,,2.024774089794106e-06
23436,,2.0247699295166843e-06
23437,,2.0247413214135555e-06
23438,,2.0247324107345308e-06
23439,,2.0247274120329654e-06
23440,,2.0247232799980997e-06
23441,,2.024694082796962e-06
23442,,2.024685654171869e-06
23443,,2.02468076397691e-06
23444,,2.0246766577023506e-06
23445,,2.0246469294535158e-06
23446,,2.0246389371554015e-06
23447,,2.0246341453165004e-06
23448,,2.024630062547798e-06
23449,,2.024599855942945e-06
23450,,2.0245922584221694e-06
23451,,2.024587555752685e-06
23452,,2.024583494449667e-06
23453,,2.0245528569925966e-06
23454,,2.02454561682587e-06
23455,,2.0245409950193704e-06
23456,,2.0245369533513196e-06
23457,,2.0245059281317286e-06
23458,,2.0244990113310562e-06
23459,,2.0244944628780927e-06
23460,,2.024490439169683e-06
23461,,2.0244590650553895e-06
23462,,2.0244524410065734e-06
23463,,2.024447959106446e-06
23464,,2.0244273698962474e-06
23465,,2.024412264053892e-06
23466,,2.024405904978668e-06
23467,,2.0244014834941447e-06
23468,,2.024379552159962e-06
23469,,2.024365521724148e-06
23470,,2.024359402518561e-06
23471,,2.0243550358718134e-06
23472,,2.024331892828929e-06
23473,,2.0243188349172754e-06
23474,,2.0243129328872295e-06
23475,,2.02430861606223e-06
23476,,2.0242843786102327e-06
23477,,2.0242722008730845e-06
23478,,2.024266495479512e-06
23479,,2.0242622239166655e-06
23480,,2.024236998715306e-06
23481,,2.0242256170223376e-06
23482,,2.024220089702553e-06
23483,,2.0242158592905557e-06
23484,,2.0241897423283408e-06
23485,,2.0241790810966217e-06
23486,,2.0241737150439437e-06
23487,,2.0241695220628768e-06
23488,,2.0241426005689408e-06
23489,,2.0241325909990043e-06
23490,,2.024127371017519e-06
23491,,2.0241232121019186e-06
23492,,2.024095564628163e-06
23493,,2.024086144865003e-06
23494,,2.024081057214728e-06
23495,,2.0240769293147213e-06
23496,,2.0240486272067895e-06
23497,,2.0240397409752498e-06
23498,,2.024034773227936e-06
23499,,2.0240306735961848e-06
23500,,2.0240017811236003e-06
23501,,2.023993377801506e-06
23502,,2.0239885187179126e-06
23503,,2.023984444852263e-06
23504,,2.023955020366186e-06
23505,,2.0239470539429612e-06
23506,,2.0239422933460335e-06
23507,,2.0239382430031918e-06
23508,,2.0239083390954573e-06
23509,,2.0239007681387957e-06
23510,,2.0238960968313697e-06
23511,,2.02389206796597e-06
23512,,2.0238617323684037e-06
23513,,2.0238545192384005e-06
23514,,2.0238499289021293e-06
23515,,2.023845919673551e-06
23516,,2.0238151954096206e-06
23517,,2.0238083062091505e-06
23518,,2.023803789316504e-06
23519,,2.023799798054152e-06
23520,,2.023768724169212e-06
23521,,2.0237621281112348e-06
23522,,2.0237576778521305e-06
23523,,2.023737406896794e-06
23524,,2.0237223147789404e-06
23525,,2.0237159840977376e-06
23526,,2.023711594315313e-06
23527,,2.0236899792136496e-06
23528,,2.023675963810732e-06
23529,,2.0236698733751264e-06
23530,,2.023665538511877e-06
23531,,2.023642709149172e-06
23532,,2.0236296682073406e-06
23533,,2.0236237952775037e-06
23534,,2.023619510280014e-06
23535,,2.0235955847735313e-06
23536,,2.0235834251226825e-06
23537,,2.0235777491388093e-06
23538,,2.023573509464321e-06
23539,,2.023548594098573e-06
23540,,2.023537232052201e-06
23541,,2.023531734407501e-06
23542,,2.023527535927868e-06
23543,,2.023501727315181e-06
23544,,2.0234910866776533e-06
23545,,2.0234857505423395e-06
23546,,2.0234815895334984e-06
23547,,2.0234549746398916e-06
23548,,2.023444986927476e-06
23549,,2.0234397970889866e-06
23550,,2.023435670177036e-06
23551,,2.0234083280173795e-06
23552,,2.023398930907117e-06
23553,,2.0233938736008836e-06
23554,,2.0233897777367887e-06
23555,,2.023361779482415e-06
23556,,2.0233529169291586e-06
23557,,2.0233479797013207e-06
23558,,2.0233439121224698e-06
23559,,2.0233153223980577e-06
23560,,2.023306943428752e-06
23561,,2.0233021150252504e-06
23562,,2.023298073235627e-06
23563,,2.023268950278786e-06
23564,,2.023261009028446e-06
23565,,2.023256279251708e-06
23566,,2.023252261006981e-06
23567,,2.0232226576700178e-06
23568,,2.0232151124462836e-06
23569,,2.0232104720925483e-06
23570,,2.0232064753312973e-06
23571,,2.0231764392701287e-06
23572,,2.0231692525487154e-06
23573,,2.0231646932835634e-06
23574,,2.023160716164116e-06
23575,,2.023130290613869e-06
23576,,2.0231234282876147e-06
23577,,2.0231189425625875e-06
23578,,2.023114983427566e-06
23579,,5.2768430901347445
23580,,65558.8183106734
23581,,5.2174270876964
23582,,532.5870206313468
23583,,5.144536279762322
23584,,3.149955714212611
23585,,2.1540402425597103
23586,,1.8617059431054293
23587,,1.3584772664029567
23588,,1.9967827627888743
23589,,1.0453781170061343
23590,,0.821340701000392
23591,,5.988942028247046
23592,,0.7814005573068893
23593,,0.601428139392242
23594,,0.5574451163795656
23595,,0.46434029761504503
23596,,0.46222036770473096
23597,,0.4620574602819411
23598,,0.4620440880116106
23599,,0.4620429845161564
23600,,0.462042893414656
23601,,0.4620428858933024
23602,,0.4620428852723314
23603,,0.46204288522107095
23604,,0.4620428852168339
23605,,0.4620428852164855
23606,,0.4620428852164541
23607,,0.462042885216452
23608,,0.46204288521645176
23609,,0.46204288521645176
23610,,402.0209079672346
23611,,0.45746463047751706
23612,,3.994610189136034
23613,,0.45328071331138836
23614,,0.43407649687960476
23615,,0.4282935208869717
23616,,0.413152759701869
23617,,0.39025461842573844
23618,,0.3493128424674782
23619,,0.19036102929974313
23620,,0.06889622084704727
23621,,0.08874854524156417
23622,,0.053572512210418345
23623,,0.07257049665645267
23624,,0.046971190511334825
23625,,0.07181946295634149
23626,,0.043458873074449664
23627,,0.040161584176894013
23628,,0.034595991475752375
23629,,0.03075781583221161
23630,,0.03432050001304364
23631,,0.0279347811208221
23632,,0.02502956469096486
23633,,0.0230082285443359
23634,,0.022598766524734318
23635,,0.022375029209357824
23636,,0.02214481495429653
23637,,0.5164174883237398
23638,,0.021263977392808893
23639,,0.020006638540989614
23640,,0.01891724627748157
23641,,0.01764379789334554
23642,,0.01633942152086967
23643,,0.014909039039721832
23644,,0.014463294301444779
23645,,0.014191970968349319
23646,,0.01378550251627977
23647,,0.01303878280116347
23648,,0.012068474389922704
23649,,0.011174251344963774
23650,,0.010837300207633713
23651,,0.010578396832412114
23652,,0.01031058410839496
23653,,0.010014848489572023
23654,,0.009684335988455375
23655,,0.009393893146952166
23656,,0.009190482989396209
23657,,0.008996144270710335
23658,,0.008709965002797509
23659,,0.008210589402619943
23660,,0.007441706763648968
23661,,0.006303111642888155
23662,,0.006361627730831743
23663,,0.005838624529895534
23664,,0.00533202325585789
23665,,0.005100621191823808
23666,,0.005001346507610627
23667,,0.004887095192375998
23668,,0.004621455466824144
23669,,0.004164735541652545
23670,,0.0034840101576294434
23671,,0.0024012861760995216
23672,,0.0014871112970245917
23673,,0.0008780212618777233
23674,,0.0006418790663332585
23675,,0.0005175217005469837
23676,,0.00037956392739274417
23677,,0.00023946176264785159
23678,,0.00013972726800090505
23679,,0.00011452982700304629
23680,,0.00010909605662930834
23681,,0.00010731458367727957
23682,,0.00010565656210695142
23683,,0.00010403424400631187
23684,,0.00010310039117590602
23685,,0.0001025226225209481
23686,,0.0001018574230857593
23687,,0.00010071752508064585
23688,,9.870056543288821e-05
23689,,9.4525115527969e-05
23690,,8.619245487729503e-05
23691,,7.938325796762682e-05
23692,,7.41543597094997e-05
23693,,7.216324300150269e-05
23694,,7.103583988600535e-05
23695,,6.949922561967083e-05
23696,,6.580495612243716e-05
23697,,6.0093551722666626e-05
23698,,5.455800724211785e-05
23699,,5.0869072996417495e-05
23700,,4.8774414593088726e-05
23701,,4.6461187019968266e-05
23702,,4.351990051518195e-05
23703,,4.0202231633897595e-05
23704,,3.883868499014458e-05
23705,,3.854356506454548e-05
23706,,3.846269924848267e-05
23707,,3.8413477687415034e-05
23708,,3.829541026785357e-05
23709,,3.8099659304777543e-05
23710,,3.7745459647488174e-05
23711,,3.70498668162067e-05
23712,,3.564137165020645e-05
23713,,3.342350021034264e-05
23714,,3.4674847237110865e-05
23715,,3.279428246750339e-05
23716,,3.13301582270229e-05
23717,,3.0694078980858936e-05
23718,,3.0558802290523466e-05
23719,,3.0510376506111184e-05
23720,,3.0440215314496606e-05
23721,,3.02976375555559e-05
23722,,2.9946938506477113e-05
23723,,2.920515116825598e-05
23724,,2.761878919604515e-05
23725,,2.4694233917592372e-05
23726,,2.0444274877402706e-05
23727,,1.6546040072918393e-05
23728,,1.4476126391915136e-05
23729,,1.3789365834327143e-05
23730,,1.3696454854493533e-05
23731,,1.3683338926189312e-05
23732,,1.3670506695250827e-05
23733,,1.3624483492777985e-05
23734,,1.3516310874358871e-05
23735,,1.3286730381625842e-05
23736,,1.2781505296706747e-05
23737,,1.1768806752572424e-05
23738,,1.0022998699161262e-05
23739,,7.843449355581852e-06
23740,,6.177224882615889e-06
23741,,5.4597408129370055e-06
23742,,5.313002119133071e-06
23743,,5.297028306884131e-06
23744,,5.295633956144737e-06
23745,,5.294822494963325e-06
23746,,5.291712256292922e-06
23747,,5.285750913033853e-06
23748,,5.270368326620939e-06
23749,,5.236960770116847e-06
23750,,5.1627392384907836e-06
23751,,5.010812255335283e-06
23752,,4.741350347520021e-06
23753,,4.382012849545118e-06
23754,,4.649960499186438e-06
23755,,4.307256115936813e-06
23756,,4.065481184800041e-06
23757,,3.937762911011869e-06
23758,,3.913752219141982e-06
23759,,3.9103856094302416e-06
23760,,3.908518657179258e-06
23761,,3.904105595435639e-06
23762,,3.896150059497271e-06
23763,,3.876605052892212e-06
23764,,3.833490053961535e-06
23765,,3.7385967351393143e-06
23766,,3.5459463656839475e-06
23767,,3.21139844329296e-06
23768,,2.7825336152602938e-06
23769,,2.6442012061545784e-06
23770,,2.41474943532784e-06
23771,,2.2990888437455012e-06
23772,,2.2809390099444726e-06
23773,,2.2784953148328134e-06
23774,,2.2782179906795126e-06
23775,,2.278176173874524e-06
23776,,2.278167551807099e-06
23777,,2.278163827182286e-06
23778,,2.2781618634477347e-06
23779,,2.278160694920652e-06
23780,,2.27815990415413e-06
23781,,2.2781592967737275e-06
23782,,2.2781566305742016e-06
23783,,2.2781555125991967e-06
23784,,2.278154749764317e-06
23785,,2.2781541575554453e-06
23786,,2.2781514183974497e-06
23787,,2.278150340450681e-06
23788,,2.27814960047059e-06
23789,,2.2781490209299484e-06
23790,,2.2781462254234e-06
23791,,2.278145177706945e-06
23792,,2.278144455856617e-06
23793,,2.2781438866698743e-06
23794,,2.278141050533213e-06
23795,,2.278140023751618e-06
23796,,2.2781393155794923e-06
23797,,2.278138754593578e-06
23798,,2.2781358928975432e-06
23799,,2.2781348780844186e-06
23800,,2.278134179361462e-06
23801,,2.2781336245446636e-06
23802,,2.278130751966233e-06
23803,,2.2781297403551657e-06
23804,,2.278129046981793e-06
23805,,2.278128496397099e-06
23806,,2.278125627451381e-06
23807,,2.2781246103139193e-06
23808,,2.278123918275837e-06
23809,,2.278123370051129e-06
23810,,2.2781205193078552e-06
23811,,2.2781194878420057e-06
23812,,2.2781187931463996e-06
23813,,2.2781182454387384e-06
23814,,2.2781154277244177e-06
23815,,2.278114372923634e-06
23816,,2.2781136715300004e-06
23817,,2.2781131225089853e-06
23818,,2.2781103531763557e-06
23819,,2.27810926566516e-06
23820,,2.2781085534390056e-06
23821,,2.278108001239191e-06
23822,,2.2781052963658865e-06
23823,,2.2781041662870247e-06
23824,,2.278103438911557e-06
23825,,2.2781028816414805e-06
23826,,2.2781002582911686e-06
23827,,2.2780990751280692e-06
23828,,2.2780983280639947e-06
23829,,2.2780977637284592e-06
23830,,2.278095240215809e-06
23831,,2.2780939926475153e-06
23832,,2.2780932210497447e-06
23833,,2.2780926475569923e-06
23834,,2.2780921575989096e-06
23835,,2.2780889194447338e-06
23836,,2.2780881180854416e-06
23837,,2.2780875332032128e-06
23838,,2.2780870389730054e-06
23839,,2.278083856256276e-06
23840,,2.2780830194636897e-06
23841,,2.278082420762547e-06
23842,,2.278081921226472e-06
23843,,2.278078803972218e-06
23844,,2.2780779255118477e-06
23845,,2.2780773103760165e-06
23846,,2.278076804419316e-06
23847,,2.278073763649131e-06
23848,,2.2780728366583674e-06
23849,,2.2780722022032e-06
23850,,2.278071688609972e-06
23851,,2.278068736529589e-06
23852,,2.278067753385889e-06
23853,,2.2780670964417488e-06
23854,,2.2780665738671708e-06
23855,,2.278063724051213e-06
23856,,2.278062676277873e-06
23857,,2.278061993305316e-06
23858,,2.278061460287989e-06
23859,,2.2780587278808018e-06
23860,,2.278057606013328e-06
23861,,2.278056893077443e-06
23862,,2.2780563479752627e-06
23863,,2.278053749949583e-06
23864,,2.2780525433591697e-06
23865,,2.2780517960718486e-06
23866,,2.2780512370589504e-06
23867,,2.278048792442303e-06
23868,,2.278047489203992e-06
23869,,2.278046702643257e-06
23870,,2.2780461276810515e-06
23871,,2.278045639703631e-06
23872,,2.278042444578626e-06
23873,,2.278041613212334e-06
23874,,2.27804102001419e-06
23875,,2.278040524623265e-06
23876,,2.278037410656492e-06
23877,,2.2780365282517128e-06
23878,,2.278035914248556e-06
23879,,2.2780354103859035e-06
23880,,2.278032388765679e-06
23881,,2.278031448301635e-06
23882,,2.2780308106044438e-06
23883,,2.278030297077356e-06
23884,,2.2780273804172754e-06
23885,,2.278026373995119e-06
23886,,2.278025709333767e-06
23887,,2.2780251848025467e-06
23888,,2.278022387357478e-06
23889,,2.278021306027181e-06
23890,,2.278020610734404e-06
23891,,2.278020073676453e-06
23892,,2.2780174115352204e-06
23893,,2.2780162452054423e-06
23894,,2.278015515130828e-06
23895,,2.2780149638359857e-06
23896,,2.278012455181109e-06
23897,,2.278011192447337e-06
23898,,2.2780104228951067e-06
23899,,2.278009855436797e-06
23900,,2.2780093709160737e-06
23901,,2.278006148783953e-06
23902,,2.278005334452509e-06
23903,,2.278004748646486e-06
23904,,2.2780042566129895e-06
23905,,2.2780011153904114e-06
23906,,2.2780002502862415e-06
23907,,2.2779996436688953e-06
23908,,2.2779991431060405e-06
23909,,2.2779960936119285e-06
23910,,2.27799517093854e-06
23911,,2.277994540731561e-06
23912,,2.2779940304923953e-06
23913,,2.277991084950253e-06
23914,,2.2779900970394116e-06
23915,,2.2779894400759978e-06
23916,,2.2779889188683272e-06
23917,,2.2779860911306473e-06
23918,,2.277985029289707e-06
23919,,2.277984341995357e-06
23920,,2.2779838083560746e-06
23921,,2.2779811140917704e-06
23922,,2.2779799684800993e-06
23923,,2.277979246826379e-06
23924,,2.2779786990901137e-06
23925,,2.2779761560415363e-06
23926,,2.277974915528842e-06
23927,,2.277974154936934e-06
23928,,2.277973591221137e-06
23929,,2.2779731083162528e-06
23930,,2.2779698714518986e-06
23931,,2.2779690667418953e-06
23932,,2.277968484918269e-06
23933,,2.2779679945914164e-06
23934,,2.277964837418434e-06
23935,,2.277963982722895e-06
23936,,2.2779633803864204e-06
23937,,2.2779628816405953e-06
23938,,2.2779598147283947e-06
23939,,2.27795890341953e-06
23940,,2.2779582778437937e-06
23941,,2.2779577695630898e-06
23942,,2.2779548048941974e-06
23943,,2.277953829442419e-06
23944,,2.277953177540022e-06
23945,,2.2779526584490825e-06
23946,,2.2779498095934694e-06
23947,,2.2779487614889366e-06
23948,,2.2779480797601785e-06
23949,,2.277947548429803e-06
23950,,2.2779448307453306e-06
23951,,2.2779437003441676e-06
23952,,2.277942984833828e-06
23953,,2.2779424396272962e-06
23954,,2.277939870508939e-06
23955,,2.277938646895176e-06
23956,,2.2779378931113107e-06
23957,,2.2779373321984663e-06
23958,,2.2779349313476062e-06
23959,,2.2779336021543615e-06
23960,,2.2779328050207435e-06
23961,,2.2779322263095686e-06
23962,,2.2779317372886753e-06
23963,,2.277928567261186e-06
23964,,2.277927721025571e-06
23965,,2.2779271221584123e-06
23966,,2.2779266248560672e-06
23967,,2.2779235435143787e-06
23968,,2.2779226416580625e-06
23969,,2.2779220199532417e-06
23970,,2.277921513277865e-06
23971,,2.2779185323740368e-06
23972,,2.277917567522702e-06
23973,,2.277916919948584e-06
23974,,2.277916402653679e-06
23975,,2.2779135355030485e-06
23976,,2.2779124992950965e-06
23977,,2.2779118224229012e-06
23978,,2.2779112931002354e-06
23979,,2.277908554780493e-06
23980,,2.27790743775953e-06
23981,,2.277906727691567e-06
23982,,2.2779061847435126e-06
23983,,2.277903592339948e-06
23984,,2.277902383776182e-06
23985,,2.2779016361241236e-06
23986,,2.2779010777379387e-06
23987,,2.2778986505920458e-06
23988,,2.2778973383437655e-06
23989,,2.2778965481125105e-06
23990,,2.277895972241488e-06
23991,,2.2778954844148263e-06
23992,,2.277892302589229e-06
23993,,2.2778914641285167e-06
23994,,2.2778908684564743e-06
23995,,2.277890372491972e-06
23996,,2.2778872777723523e-06
23997,,2.2778863846912695e-06
23998,,2.2778857665866513e-06
23999,,2.277885261416593e-06
24000,,2.27788226534505e-06
24001,,2.277881310385674e-06
24002,,2.2778806668741547e-06
24003,,2.2778801512704614e-06
24004,,2.277877266930283e-06
24005,,2.277876241895812e-06
24006,,2.2778755696015154e-06
24007,,2.277875042185355e-06
24008,,2.277872284377185e-06
24009,,2.277871179966842e-06
24010,,2.2778704750799175e-06
24011,,2.2778699342754956e-06
24012,,2.2778673197831963e-06
24013,,2.2778661254661456e-06
24014,,2.2778653836543297e-06
24015,,2.277864827686435e-06
24016,,2.277862375509981e-06
24017,,2.277861079362179e-06
24018,,2.2778602957316365e-06
24019,,2.27785972259581e-06
24020,,2.2778592359119066e-06
24021,,2.277856042764044e-06
24022,,2.2778552117600224e-06
24023,,2.277854619172378e-06
24024,,2.277854124502356e-06
24025,,2.2778510169143484e-06
24026,,2.2778501322616046e-06
24027,,2.2778495176353285e-06
24028,,2.2778490139225153e-06
24029,,2.2778460032253266e-06
24030,,2.2778450578054897e-06
24031,,2.2778444182277917e-06
24032,,2.2778439042647758e-06
24033,,2.2778410033106445e-06
24034,,2.2778399890570016e-06
24035,,2.2778393212069893e-06
24036,,2.2778387956427394e-06
24037,,2.277836018980433e-06
24038,,2.2778349267589706e-06
24039,,2.277834226887968e-06
24040,,2.277833688174965e-06
24041,,2.2778310522777764e-06
24042,,2.2778298717563857e-06
24043,,2.2778291356236135e-06
24044,,2.277828582020158e-06
24045,,2.2778261055485815e-06
24046,,2.2778248250083655e-06
24047,,2.277824047796989e-06
24048,,2.2778234773208726e-06
24049,,2.2778229917624543e-06
24050,,2.2778197875924893e-06
24051,,2.277818963852256e-06
24052,,2.2778183742684353e-06
24053,,2.27781788086455e-06
24054,,2.2778147607361197e-06
24055,,2.2778138842977664e-06
24056,,2.27781327307311e-06
24057,,2.277812770786206e-06
24058,,2.2778097458340883e-06
24059,,2.2778088097050483e-06
24060,,2.277808173965365e-06
24061,,2.2778076616093366e-06
24062,,2.2778047444580456e-06
24063,,2.2778037407168114e-06
24064,,2.2778030772141423e-06
24065,,2.277802553458095e-06
24066,,2.2777997583819142e-06
24067,,2.2777986780673244e-06
24068,,2.277797983112333e-06
24069,,2.277797446437715e-06
24070,,2.2777947896409275e-06
24071,,2.277793622586158e-06
24072,,2.2777928920029854e-06
24073,,2.27779234071054e-06
24074,,2.2777898405089343e-06
24075,,2.2777885752124856e-06
24076,,2.277787804282561e-06
24077,,2.277787236415018e-06
24078,,2.2777867519577375e-06
24079,,2.2777835370075987e-06
24080,,2.2777827203770694e-06
24081,,2.277782133742226e-06
24082,,2.277781641580113e-06
24083,,2.2777785091764724e-06
24084,,2.277777640784178e-06
24085,,2.277777032891153e-06
24086,,2.2777765319981e-06
24087,,2.277773493090264e-06
24088,,2.2777725660608816e-06
24089,,2.2777719340904454e-06
24090,,2.2777714233130158e-06
24091,,2.2777684902903145e-06
24092,,2.2777674968485325e-06
24093,,2.2777668376030154e-06
24094,,2.2777663156293865e-06
24095,,2.2777635025265195e-06
24096,,2.277762433867235e-06
24097,,2.277761743727612e-06
24098,,2.27776120906363e-06
24099,,2.2777585317829393e-06
24100,,2.27775737792429e-06
24101,,2.2777566527939573e-06
24102,,2.277756103764797e-06
24103,,2.277753580304923e-06
24104,,2.2777523299496804e-06
24105,,2.277751565182127e-06
24106,,2.277750999877633e-06
24107,,2.2777505164987327e-06
24108,,2.277747290984483e-06
24109,,2.277746481325416e-06
24110,,2.2777458975812875e-06
24111,,2.27774540663536e-06
24112,,2.277742262205926e-06
24113,,2.27774140170041e-06
24114,,2.277740797076392e-06
24115,,2.2777402975582e-06
24116,,2.2777372449655657e-06
24117,,2.2777363268666516e-06
24118,,2.2777356985938606e-06
24119,,2.2777351893643918e-06
24120,,2.2777322407802904e-06
24121,,2.277731257445645e-06
24122,,2.277730602381376e-06
24123,,2.277730082152276e-06
24124,,2.2777272513645347e-06
24125,,2.277726194149447e-06
24126,,2.2777255087353474e-06
24127,,2.2777249760420435e-06
24128,,2.2777222786697036e-06
24129,,2.2777211377656794e-06
24130,,2.2777204179815567e-06
24131,,2.277719871177915e-06
24132,,2.2777173249012316e-06
24133,,2.2777160892075176e-06
24134,,2.2777153304880427e-06
24135,,2.277714767701914e-06
24136,,2.2777142853873057e-06
24137,,2.2777110495002326e-06
24138,,2.2777102466884878e-06
24139,,2.2777096657890608e-06
24140,,2.277709176039916e-06
24141,,2.2777060198074593e-06
24142,,2.277705167050441e-06
24143,,2.2777045656385927e-06
24144,,2.27770406747311e-06
24145,,2.2777010014481807e-06
24146,,2.277700092114805e-06
24147,,2.2776994674710237e-06
24148,,2.277698959766024e-06
24149,,2.2776959959078785e-06
24150,,2.2776950224987916e-06
24151,,2.2776943715413814e-06
24152,,2.2776938530255553e-06
24153,,2.2776910048832273e-06
24154,,2.27768995889963e-06
24155,,2.2776892781319394e-06
24156,,2.2776887473777472e-06
24157,,2.2776860302805646e-06
24158,,2.277684902093117e-06
24159,,2.277684187563599e-06
24160,,2.2776836429452985e-06
24161,,2.2776810742757473e-06
24162,,2.27767985297517e-06
24163,,2.2776791002040246e-06
24164,,2.2776785398849898e-06
24165,,2.277676139314518e-06
24166,,2.277674812555765e-06
24167,,2.277674016466904e-06
24168,,2.2776734383602167e-06
24169,,2.2776729497858313e-06
24170,,2.277669781969455e-06
24171,,2.2776689368253555e-06
24172,,2.2776683385659454e-06
24173,,2.2776678417217144e-06
24174,,2.2776647625210706e-06
24175,,2.277663861800478e-06
24176,,2.277663240724605e-06
24177,,2.2776627345130753e-06
24178,,2.277659755669741e-06
24179,,2.277658792009503e-06
24180,,2.277658145077754e-06
24181,,2.277657628251813e-06
24182,,2.2776547630693798e-06
24183,,2.2776537281167403e-06
24184,,2.277653051913742e-06
24185,,2.27765252306379e-06
24186,,2.277649786610047e-06
24187,,2.27764867091204e-06
24188,,2.277647961539622e-06
24189,,2.2776474190720585e-06
24190,,2.2776448284124754e-06
24191,,2.2776436212515884e-06
24192,,2.2776428743210012e-06
24193,,2.2776423164271848e-06
24194,,2.2776398908909072e-06
24195,,2.277638580140133e-06
24196,,2.277637790659935e-06
24197,,2.2776372152930683e-06
24198,,2.27763672787701e-06
24199,,2.2776335486948043e-06
24200,,2.27763271102045e-06
24201,,2.277632115860705e-06
24202,,2.277631620325223e-06
24203,,2.2776285281847008e-06
24204,,2.2776276359249413e-06
24205,,2.2776270183500677e-06
24206,,2.277626513606552e-06
24207,,2.2776235200474154e-06
24208,,2.2776225659599683e-06
24209,,2.2776219229987193e-06
24210,,2.277621407830502e-06
24211,,2.277618525917723e-06
24212,,2.277617501799799e-06
24213,,2.2776168300759122e-06
24214,,2.2776163030978695e-06
24215,,2.2776135476373314e-06
24216,,2.2776124442108217e-06
24217,,2.27761173990373e-06
24218,,2.2776111995515058e-06
24219,,2.277608587301038e-06
24220,,2.2776073940302212e-06
24221,,2.277606652832421e-06
24222,,2.2776060973266803e-06
24223,,2.2776036472803275e-06
24224,,2.2776023522536924e-06
24225,,2.2776015692581757e-06
24226,,2.2776009965847283e-06
24227,,2.277600510310869e-06
24228,,2.2775973199673105e-06
24229,,2.2775964896354868e-06
24230,,2.2775958975240587e-06
24231,,2.277595403264664e-06
24232,,2.277592298426841e-06
24233,,2.2775914144720917e-06
24234,,2.277590800340047e-06
24235,,2.277590297047527e-06
24236,,2.277587289042094e-06
24237,,2.2775863443617843e-06
24238,,2.277585705286733e-06
24239,,2.2775851917512434e-06
24240,,2.277582293416889e-06
24241,,2.277581279946979e-06
24242,,2.2775806126267264e-06
24243,,2.2775800874850563e-06
24244,,2.277577313365048e-06
24245,,2.2775762219846886e-06
24246,,2.2775755226610626e-06
24247,,2.2775749843824408e-06
24248,,2.2775723509444746e-06
24249,,2.277571171306081e-06
24250,,2.277570435747681e-06
24251,,2.277569882580272e-06
24252,,2.2775674084668455e-06
24253,,2.2775661288794755e-06
24254,,2.277565352264089e-06
24255,,2.2775647822439967e-06
24256,,2.277564297082973e-06
24257,,2.2775610957821574e-06
24258,,2.277560272670076e-06
24259,,2.2775596835478617e-06
24260,,2.277559190551058e-06
24261,,2.2775560732427895e-06
24262,,2.2775551974534854e-06
24263,,2.2775545867065506e-06
24264,,2.277554084829176e-06
24265,,2.277551062645561e-06
24266,,2.2775501272011445e-06
24267,,2.277549491951526e-06
24268,,2.277548980014596e-06
24269,,2.2775460655596676e-06
24270,,2.2775450625525996e-06
24271,,2.2775443995529884e-06
24272,,2.277543876220827e-06
24273,,2.277541083779596e-06
24274,,2.2775400042316996e-06
24275,,2.2775393098020597e-06
24276,,2.277538773566703e-06
24277,,2.2775361193093255e-06
24278,,2.277534953081024e-06
24279,,2.277534223052908e-06
24280,,2.277533672189628e-06
24281,,2.277531174437263e-06
24282,,2.2775299100315012e-06
24283,,2.2775291396760955e-06
24284,,2.277528572252464e-06
24285,,2.277528088191768e-06
24286,,2.277524876144404e-06
24287,,2.277524060112614e-06
24288,,2.277523473936639e-06
24289,,2.2775229821710853e-06
24290,,2.277519852627607e-06
24291,,2.2775189848622427e-06
24292,,2.277518377437687e-06
24293,,2.277517876957141e-06
24294,,2.277514840846756e-06
24295,,2.277513914482089e-06
24296,,2.2775132829935433e-06
24297,,2.2775127726284014e-06
24298,,2.277509842343561e-06
24299,,2.277508849603393e-06
24300,,2.2775081908644162e-06
24301,,2.2775076692997455e-06
24302,,2.277504858869598e-06
24303,,2.2775037909575104e-06
24304,,2.2775031013314354e-06
24305,,2.277502567096436e-06
24306,,2.27749989240424e-06
24307,,2.2774987393389555e-06
24308,,2.277498014750582e-06
24309,,2.2774974661512963e-06
24310,,2.2774949451952017e-06
24311,,2.2774936956875293e-06
24312,,2.2774929314861403e-06
24313,,2.277492366619497e-06
24314,,2.277491883639836e-06
24315,,2.2774886610413094e-06
24316,,2.2774878519721027e-06
24317,,2.277487268680537e-06
24318,,2.2774867781365437e-06
24319,,2.2774836365813345e-06
24320,,2.277482776692991e-06
24321,,2.2774821725306127e-06
24322,,2.2774816734222863e-06
24323,,2.2774786236428873e-06
24324,,2.2774777061964143e-06
24325,,2.277477078400697e-06
24326,,2.277476569578899e-06
24327,,2.2774736237549485e-06
24328,,2.2774726411106826e-06
24329,,2.277471986539034e-06
24330,,2.277471466728707e-06
24331,,2.2774686386302e-06
24332,,2.2774675821436277e-06
24333,,2.2774668972439394e-06
24334,,2.2774663649752e-06
24335,,2.277463670218712e-06
24336,,2.277462530088089e-06
24337,,2.277461810836357e-06
24338,,2.27746126446449e-06
24339,,2.277458720719665e-06
24340,,2.277457485855081e-06
24341,,2.2774567276959935e-06
24342,,2.2774561653429064e-06
24343,,2.277455683424601e-06
24344,,2.2774524504682126e-06
24345,,2.2774516482330833e-06
24346,,2.2774510677898674e-06
24347,,2.277450578442337e-06
24348,,2.2774474250887847e-06
24349,,2.277446572936668e-06
24350,,2.2774459719908617e-06
24351,,2.2774454742249626e-06
24352,,2.277442411032159e-06
24353,,2.277441502343852e-06
24354,,2.277440878176751e-06
24355,,2.2774403708780607e-06
24356,,2.277437409800125e-06
24357,,2.2774364370671934e-06
24358,,2.277435786597304e-06
24359,,2.2774352685006825e-06
24360,,2.2774324230611308e-06
24361,,2.2774313777939416e-06
24362,,2.2774306975337585e-06
24363,,2.2774301672056446e-06
24364,,2.2774274527427116e-06
24365,,2.2774263253145475e-06
24366,,2.2774256113127977e-06
24367,,2.2774250671317437e-06
24368,,2.277422501006079e-06
24369,,2.2774212805229913e-06
24370,,2.277420528301413e-06
24371,,2.277419968418081e-06
24372,,2.2774175703042466e-06
24373,,2.2774162444209106e-06
24374,,8.361268539856535
24375,,61270.4148616727
24376,,8.280795199452353
24377,,487.3998292718419
24378,,8.178984594610627
24379,,3.455310000866615
24380,,3.0857668014740463
24381,,2.5355701088829337
24382,,17.7437323086399
24383,,2.5137224867433194
24384,,2.1743792397825104
24385,,2.043974629943962
24386,,1.6950208754609275
24387,,1.6923111384962823
24388,,1.6922832216909713
24389,,1.6922829323960047
24390,,1.6922829293979305
24391,,1.6922829293668549
24392,,1.692282929366537
24393,,1.6922829293665334
24394,,1.6922829293665334
24395,,24.84714953988469
24396,,1.6766022130405245
24397,,1.3722815233551837
24398,,1.2518639808528464
24399,,1.0432138783786336
24400,,1.0397559330355197
24401,,1.0396694543103069
24402,,1.0396672715225124
24403,,1.0396672164145038
24404,,1.0396672150232062
24405,,1.0396672149880795
24406,,1.0396672149871948
24407,,1.039667214987175
24408,,1.0396672149871737
24409,,1.0396672149871737
24410,,0.8414464704245177
24411,,0.8359176919198508
24412,,0.8357156331577076
24413,,0.8357081808377349
24414,,0.8357079058893826
24415,,0.8357078957452256
24416,,0.8357078953709538
24417,,0.8357078953571466
24418,,0.8357078953566409
24419,,0.8357078953566212
24420,,0.8357078953566192
24421,,0.8357078953566192
24422,,0.6484878947444231
24423,,0.641556098394207
24424,,0.6412175940782061
24425,,0.6412008549780732
24426,,0.6412000267145301
24427,,0.6411999857301567
24428,,0.6411999837021587
24429,,0.641199983601804
24430,,0.6411999835968399
24431,,0.6411999835965935
24432,,0.6411999835965809
24433,,0.6411999835965807
24434,,0.6411999835965807
24435,,5.269019998005815e+17
24436,,0.6411999826275699
24437,,524756558052.01044
24438,,0.6411904128960995
24439,,2242930.684743156
24440,,0.6192008914141617
24441,,9965.098921900879
24442,,0.572767640143336
24443,,91.28290673650284
24444,,0.5271133511484881
24445,,0.6307519817205529
24446,,0.375207069042578
24447,,0.38920106847617447
24448,,0.33063324363853186
24449,,0.32842488908115364
24450,,0.32384679739369243
24451,,0.32272722626477407
24452,,0.31408548650444623
24453,,0.30102939282944
24454,,0.2826666469043537
24455,,0.22967405828289617
24456,,0.17924313719528467
24457,,0.11317504808870392
24458,,0.12514512342470438
24459,,0.08535861326849806
24460,,0.0751729105168479
24461,,0.07062509746716071
24462,,0.06522637618424643
24463,,0.06096284826447097
24464,,0.05279124448459103
24465,,0.043901893562142434
24466,,0.035151287873064395
24467,,0.028829436000135517
24468,,0.024473217540077127
24469,,0.021794205676657793
24470,,0.019758158230841004
24471,,0.018988372865377263
24472,,0.018530178362612833
24473,,0.016880665260915296
24474,,0.015253865465457319
24475,,0.013488667203408026
24476,,0.011926507414221623
24477,,0.010985090391397393
24478,,0.010271810351706028
24479,,0.009981734982239867
24480,,0.00964353586401881
24481,,0.008938303736235232
24482,,0.007996962455894971
24483,,0.0067688118604562275
24484,,0.005481942005673999
24485,,0.004750910816126182
24486,,0.004230125103845612
24487,,0.004109920700109793
24488,,0.004003610610390089
24489,,0.0038698098220482273
24490,,0.0037700344624058903
24491,,0.003698352876271363
24492,,0.0035389782145553443
24493,,0.0032237991054391234
24494,,0.002696430936442855
24495,,0.001849672394745844
24496,,0.0015820180601559546
24497,,0.0007996260557780949
24498,,0.0005921865037312462
24499,,0.0005359701534046804
24500,,0.0005151557884503286
24501,,0.0004972665254543411
24502,,0.00048003588485946507
24503,,0.00045449991039223157
24504,,0.0004150868029972663
24505,,0.00037737294546294183
24506,,0.00034126332612351005
24507,,0.00029932737055388754
24508,,0.00026694935532464443
24509,,0.00021986953557879464
24510,,0.0001766380850133447
24511,,0.00012929264031700364
24512,,6.315356079627343e-05
24513,,3.206073760054494e-05
24514,,2.3139034345766926e-05
24515,,1.9111643664743616e-05
24516,,1.8672052172840274e-05
24517,,1.85876523023028e-05
24518,,1.8495706904398192e-05
24519,,1.8408334671776868e-05
24520,,1.8223515158555935e-05
24521,,1.7844100403685454e-05
24522,,1.713199020649099e-05
24523,,1.6117302088085556e-05
24524,,1.616043473414218e-05
24525,,1.5717036456228223e-05
24526,,1.5199604586842524e-05
24527,,1.4929708611466478e-05
24528,,1.4851418149100512e-05
24529,,1.4780204234707716e-05
24530,,1.4671416915576173e-05
24531,,1.439459512959227e-05
24532,,1.3819579078681009e-05
24533,,1.2697210029372905e-05
24534,,1.094762865323329e-05
24535,,9.03539656051362e-06
24536,,8.02813282125527e-06
24537,,7.69693450306372e-06
24538,,7.583611950765679e-06
24539,,7.559901290038331e-06
24540,,7.550271457013512e-06
24541,,7.525335039643721e-06
24542,,7.478124978193255e-06
24543,,7.354025162942734e-06
24544,,7.111023008390605e-06
24545,,6.677342116754184e-06
24546,,6.122547549416231e-06
24547,,5.6833777337649776e-06
24548,,5.480738766458606e-06
24549,,5.436471280647528e-06
24550,,5.4311508577646765e-06
24551,,5.4297349257403765e-06
24552,,5.4266131626885005e-06
24553,,5.419182224049036e-06
24554,,5.3998658763676445e-06
24555,,5.3652879523829805e-06
24556,,5.299812108213892e-06
24557,,5.160132212525738e-06
24558,,5.0627730148491935e-06
24559,,4.990568840615251e-06
24560,,4.961233385803489e-06
24561,,4.957793743763478e-06
24562,,4.957386902203243e-06
24563,,4.957133106175962e-06
24564,,4.956948707202843e-06
24565,,4.955479327977824e-06
24566,,4.947158525456338e-06
24567,,4.926597952891862e-06
24568,,4.883645711460271e-06
24569,,4.795759387843275e-06
24570,,4.638944743476935e-06
24571,,4.424178071254309e-06
24572,,4.318498726474516e-06
24573,,4.1984753050583845e-06
24574,,4.142625621800197e-06
24575,,4.135845689111781e-06
24576,,4.135182364699916e-06
24577,,4.135111122899676e-06
24578,,4.1350882300864595e-06
24579,,4.135067841712207e-06
24580,,4.134893944886204e-06
24581,,4.1348668006411775e-06
24582,,4.134845989756201e-06
24583,,4.134686527685653e-06
24584,,4.1346465783152915e-06
24585,,4.1346243485738e-06
24586,,4.134512253182119e-06
24587,,4.134339421699764e-06
24588,,4.133067379800985e-06
24589,,4.128655139561333e-06
24590,,4.11427272155754e-06
24591,,4.085559775514813e-06
24592,,4.021426165211881e-06
24593,,3.884777117871438e-06
24594,,3.619568206728149e-06
24595,,3.2014976514047405e-06
24596,,2.7524800543617248e-06
24597,,2.4854679831843777e-06
24598,,2.39968769124107e-06
24599,,2.3770919870282413e-06
24600,,2.3754116666408765e-06
24601,,2.375314367331332e-06
24602,,2.375306897891722e-06
24603,,2.3753043710461584e-06
24604,,2.3753020668998285e-06
24605,,2.3752820140518644e-06
24606,,2.3751492508303274e-06
24607,,2.3748522904812e-06
24608,,2.3737017375788196e-06
24609,,2.3697839710366983e-06
24610,,2.3611728199572113e-06
24611,,2.3411672488538472e-06
24612,,2.2955839354234203e-06
24613,,2.1940874820610325e-06
24614,,1.9802443480407504e-06
24615,,1.5800146484448305e-06
24616,,9.87808799316816e-07
24617,,4.0506217769995384e-07
24618,,9.442483682477139e-08
24619,,1.3334878202931966e-08
24620,,1.767154320004671e-09
24621,,6.641417662947395e-10
24622,,5.839861438110031e-10
24623,,5.792384989848774e-10
24624,,5.790118818520824e-10
24625,,5.789983307020921e-10
24626,,5.789971976942569e-10
24627,,5.789970515974486e-10
24628,,5.789970164536844e-10
