iter,linear_loss,nonlinear_loss
0,1182.4525387587457,0.10996404199158413
1,293691.9476171292,507959.41519329447
2,1181.7255568455269,0.10848241630156763
3,694.8540251107788,5070.5126783826245
4,691.6703416123185,0.10722894738566678
5,443.9695336273276,50.12522813829544
6,442.6809683136718,0.10620083684464394
7,276.5739728220186,0.551664923581812
8,275.96790685123364,0.1053530445804613
9,172.32228070323458,0.34035097425114635
10,172.04290108122356,0.10465954150844878
11,115.81093959547607,0.10346227913562707
12,142.95727157410707,0.10274607475000194
13,115.16111464271376,0.10206533482457925
14,102.87484742872722,0.09596263528890148
15,102.61829590140741,0.07240985107566594
16,94.51455061364184,0.07271720757213124
17,1505.9966572464684,0.061740010836783446
18,94.42690493722888,0.05482766505684891
19,82.43507909246789,0.04897304655415082
20,76.29411917092229,0.037137184687659364
21,76.23839506261183,0.03100414387379447
22,76.23783839007783,0.024915926627243224
23,76.23783282340935,0.02077307431250586
24,76.23783276774267,0.0159394770431829
25,76.237832767186,0.01300541046134582
26,76.23783276718044,0.008342741903112587
27,76.23783276718038,0.006198005527445774
28,76.23783276718038,0.0067255695997383924
29,70.61817316947297,0.0017911364016958838
30,70.56612749373868,0.0015489830876432918
31,70.56560745207334,0.0013864229222736617
32,70.56560225169822,0.0013086122340144122
33,70.56560219969448,0.0011889475531113606
34,70.56560219917442,0.0010296954146482875
35,70.56560219916922,0.0010035308884011073
36,70.56560219916918,0.0009911220705922002
37,70.56560219916918,0.000986017482270704
38,47570.38292751358,0.0009829624950170321
39,70.37314909905034,0.0009786215849156598
40,380.9829880499341,0.0009709167618327173
41,70.08178195664942,0.0009587663047442039
42,56.920124344525384,0.000937193558380945
43,57.15394479962909,0.0008975886453591482
44,53.40927487350532,0.000856356700400931
45,49.02225726667916,0.0008142435621735713
46,41.838470145540484,0.0007712818832569077
47,49.4861034079183,0.0007224465187718625
48,41.570451443159804,0.0006164341617425537
49,39.450664783195855,0.00039050190693121786
50,25.97624986350669,0.00023347174103572848
51,19.93632571836096,0.00013191303934409503
52,48.22113939628793,7.849626931734162e-05
53,19.811766019826514,6.58710100098596e-05
54,17.7425549466492,6.361784441196345e-05
55,18.15008616243729,6.224913445896061e-05
56,16.64269632620484,5.977328435981891e-05
57,21.508240689979353,5.549131830091516e-05
58,16.432871795801088,4.938590635955271e-05
59,15.491619674303871,4.548733437423013e-05
60,15.890426380803106,4.4553028456638696e-05
61,14.833431662217745,4.436616158589362e-05
62,13.249350296729489,4.4293992988287215e-05
63,12.7345141596495,4.420107478382952e-05
64,12.729568652525625,4.4136931900562996e-05
65,12.729519217739814,4.412019483585059e-05
66,12.729518723393983,4.411283797374691e-05
67,12.729518718450525,4.410221836732122e-05
68,12.729518718401092,4.407863828626798e-05
69,12.729518718400595,4.402482059905654e-05
70,12.729518718400591,4.390658486615602e-05
71,12.729518718400591,4.366754839936897e-05
72,9.544150797148363,4.326002386100295e-05
73,6.567716512798294,4.2751148139123626e-05
74,5.555209650007229,4.2304829349898246e-05
75,4.838254675542259,4.2068712334901085e-05
76,4.827951637523566,4.2007608103220915e-05
77,4.827615946424437,4.197903146587466e-05
78,4.827604770851109,4.193831914508465e-05
79,4.827604398537094,4.184814554554575e-05
80,4.827604386133165,4.165216033797443e-05
81,4.8276043857199165,4.125668702317712e-05
82,4.8276043857061515,4.058226683845016e-05
83,4.827604385705691,3.974235792109383e-05
84,4.827604385705676,3.9196387156535e-05
85,4.827604385705675,3.892412189386837e-05
86,4.827604385705675,3.882191799570283e-05
87,6585.136363538166,3.88132704579162e-05
88,4.795518552623451,3.881171329963074e-05
89,63.197463834688676,3.8810334112995296e-05
90,4.762371005032806,3.880702304151674e-05
91,4.659483649812905,3.8799457673570224e-05
92,4.5162164471360775,3.878279519580899e-05
93,4.6632584032707936,3.874922917718839e-05
94,4.496963138449811,3.868270661574858e-05
95,4.471410744712331,3.856410700537493e-05
96,4.88842828055132,3.8388266289537844e-05
97,4.455090653463586,3.8190647020276846e-05
98,4.4204360898840385,3.796197862625072e-05
99,4.333373286370037,3.7802244458550037e-05
100,4.246040188744015,3.759529011305711e-05
101,4.066720444289517,3.723003300073564e-05
102,3.655440565556008,3.649399785067681e-05
103,3.1304956997107203,3.523137086104761e-05
104,1.551248008269435,3.3195759365335765e-05
105,0.9267772481673341,3.0922722692160164e-05
106,1.9591285898145496,2.9674000698068235e-05
107,0.8907675870493594,2.9331913213231093e-05
108,0.7970497405279814,2.9280892514626815e-05
109,2.099846284129752,2.9274686048474748e-05
110,0.7763308208209198,2.9273332218051963e-05
111,0.7158620670219715,2.927251554141793e-05
112,12.111834301893769,2.9271439550538604e-05
113,0.7080102807938422,2.9269945093706183e-05
114,0.7289157332051581,2.9268309335810542e-05
115,0.6919069626152201,2.926739799402833e-05
116,0.6615720431422266,2.926703533754168e-05
117,0.6414077602231779,2.9266948581927976e-05
118,0.6399866683989179,2.9266931422717448e-05
119,0.6398815234911703,2.9266920364961778e-05
120,0.6398737163972363,2.9266862108360544e-05
121,0.6398731365622818,2.926682762687089e-05
122,0.6398730934969465,2.926681330210923e-05
123,0.6398730902984058,2.9266802455736453e-05
124,0.6398730900608443,2.926673565206837e-05
125,0.6398730900432001,2.926670892888556e-05
126,0.6398730900418896,2.9266695342567204e-05
127,0.6398730900417924,2.9266684569867153e-05
128,0.639873090041785,2.9266614634151437e-05
129,0.6398730900417846,2.926659070519932e-05
130,0.6398730900417845,2.9266577453071204e-05
131,0.6398730900417845,2.9266566701066936e-05
132,18.183560896860293,2.9266495173859064e-05
133,0.5671904585906072,2.926647272228093e-05
134,0.3524986610262086,2.9266459613835134e-05
135,0.3275224859837392,2.9266448847295923e-05
136,0.3247857787516771,2.9266376592678354e-05
137,0.32418062748507515,2.9266354910744644e-05
138,0.32403128491800065,2.926634181716652e-05
139,0.32399350707595836,2.926633100787236e-05
140,0.3239838921884447,2.926625863090938e-05
141,0.3239814413047723,2.9266237239285868e-05
142,0.3239808163161853,2.9266224060207932e-05
143,0.3239806569247291,2.9266213182989918e-05
144,0.323980616273929,2.926614115974368e-05
145,0.3239806059063826,2.9266119694729887e-05
146,0.32398060326224765,2.926610634313472e-05
147,0.32398060258788824,2.9266095373367712e-05
148,0.32398060241589977,2.9266024118937734e-05
149,0.3239806023720359,2.9266002274825863e-05
150,0.3239806023608489,2.9265988668071397e-05
151,0.3239806023579957,2.9265977580169946e-05
152,0.32398060235726805,2.9265907489965283e-05
153,0.32398060235708254,2.9265884984711736e-05
154,0.3239806023570353,2.9265871038743752e-05
155,0.32398060235702303,2.9265859804997326e-05
156,0.3239806023570201,2.9265791281490447e-05
157,0.32398060235701925,2.926576783495542e-05
158,0.3239806023570189,2.9265753460157664e-05
159,0.32398060235701903,2.926574204985099e-05
160,0.29786109423264784,2.9265675521762187e-05
161,0.2604011888841664,2.926565084067391e-05
162,44.976126889969,2.9265635938660115e-05
163,0.2529467493894954,2.926562431713275e-05
164,0.24505200511476133,2.92655602546814e-05
165,0.21948564748925303,2.9265534021285707e-05
166,0.18603993688328502,2.9265518481970023e-05
167,0.14937608193346083,2.926550660974542e-05
168,0.1214616756066577,2.9265445538386226e-05
169,0.0893403243614481,2.926537853836249e-05
170,0.07458942694809434,2.9264920724612203e-05
171,0.06756062115404161,2.9263632858048356e-05
172,0.06304178418452963,2.925661941641171e-05
173,0.060330001238408336,2.9242392182861824e-05
174,0.059209730454799145,2.9208695698843225e-05
175,0.05765500455235385,2.913164015374002e-05
176,0.0559455052331584,2.8956955442367115e-05
177,0.05587122737669994,2.857482950313896e-05
178,0.05529178488504269,2.7799200063609203e-05
179,0.054892202814379225,2.6454361885534934e-05
180,0.054553612504825884,2.4719906387508314e-05
181,0.05335002419083114,2.3316937238245836e-05
182,0.05293184379032428,2.2668575975513896e-05
183,0.052632740268486015,2.248868956009836e-05
184,0.052092072905978094,2.243946591598426e-05
185,0.05115156691259793,2.2382004033785333e-05
186,0.0499037386992516,2.2053067650371135e-05
187,0.04814860547613605,2.1415615404035156e-05
188,0.046267252101542776,1.9982746363500083e-05
189,0.04359311031766018,1.7125625483237296e-05
190,0.04212720535170532,1.2298014998561585e-05
191,0.040649094583949365,6.390653348872605e-06
192,0.03600716370941547,2.0968395342400005e-06
193,0.028671269720058765,3.638329567831363e-07
194,0.018274030338821586,3.6826565560108676e-08
195,0.014194212275557685,6.130880142352433e-09
196,0.012862361405411459,3.6985743196585946e-09
197,0.01251064532468654,3.486904282802383e-09
198,0.012313902341048288,3.4616926204729702e-09
199,0.011613966241422188,3.4569400712107248e-09
200,0.01031659037849804,3.454259576702625e-09
201,0.010409028949705778,3.4521719180679836e-09
202,0.009670725575675602,3.4422961799939123e-09
203,0.008953538896195783,3.4403818983513544e-09
204,0.00863911876974297,3.439591051936401e-09
205,0.008492686899735664,3.4390818575088075e-09
206,0.008319791820148113,3.4386523966501326e-09
207,0.00800411588820931,3.4357161713037904e-09
208,0.007626575940051202,3.4349898253204294e-09
209,0.007376458983057398,3.434532725190552e-09
210,0.007246022470920286,3.4341475644178816e-09
211,0.0072118416894774405,3.4314485673513472e-09
212,0.007189324583587613,3.4307216436067926e-09
213,0.007151509104877806,3.4302659979775057e-09
214,0.007089190372055064,3.42988295254465e-09
215,0.006959611389197434,3.4272062011438256e-09
216,0.006714344669086678,3.4264726133209377e-09
217,0.0063104403277204684,3.426015603712304e-09
218,0.005864599724648148,3.425632869424677e-09
219,0.005424380289305969,3.4229761020380974e-09
220,0.005214317618606084,3.422232290153378e-09
221,0.0051152415455114515,3.4217728080197645e-09
222,0.00510037704558799,3.4213899535971375e-09
223,0.00508956748115824,3.418757220764598e-09
224,0.005071568459988269,3.4180001287991893e-09
225,0.005037868298826858,3.4175372164258967e-09
226,0.005003430110276075,3.4171538984557464e-09
227,0.004973761598287238,3.414549324379173e-09
228,0.004955477058106363,3.4137759717783186e-09
229,0.004933730653472337,3.4133087290173735e-09
230,0.004885248493349084,3.4129246392360832e-09
231,0.004799837295031867,3.4103522136337817e-09
232,0.004667929403359999,3.4095597441054993e-09
233,0.004979588258860724,3.4090872908121085e-09
234,0.0046354070033078395,3.40870213539607e-09
235,0.004510030148874227,3.406165981241014e-09
236,0.0044285626648704075,3.4053514091155097e-09
237,0.0043880610214220295,3.4048728595423247e-09
238,0.004364454869499824,3.40448635415259e-09
239,0.004328751446771119,3.4019906643984355e-09
240,0.004259119063989656,3.401150980672079e-09
241,0.004139693418616509,3.400665420502252e-09
242,0.0039914221754614124,3.400277274764435e-09
243,0.0039075988204544075,3.3978265587241215e-09
244,0.0038860472536972838,3.3969584939855385e-09
245,0.003882396665795531,3.3964649619954647e-09
246,0.0038818557573814146,3.3960748790496754e-09
247,0.003881560242206501,3.3936738722415904e-09
248,0.0038809537251301434,3.3927740272426083e-09
249,0.003879596911901877,3.3922714960773767e-09
250,0.00387645464304265,3.391879158793711e-09
251,0.00386957463664024,3.3895330745051426e-09
252,0.003854146801425915,3.3885976733474298e-09
253,0.003822111098287552,3.3880850333043024e-09
254,0.003763707233532577,3.3876901054831796e-09
255,0.0036831257706431975,3.385404526595487e-09
256,0.0037285401816902685,3.384429566253284e-09
257,0.003662588684888641,3.3839056071753683e-09
258,0.0036067498937194685,3.383507719741017e-09
259,0.0035730145150761955,3.38128887584517e-09
260,0.0035669062360564364,3.380269852197362e-09
261,0.003565560316456322,3.3797332466343523e-09
262,0.0035647773640165555,3.3793320004528557e-09
263,0.0035631572379266844,3.37718664150921e-09
264,0.0035594116555197953,3.3761187218903106e-09
265,0.00355071668766559,3.375568005131996e-09
266,0.003530968971361736,3.3751629552552214e-09
267,0.0034872529666867746,3.3730986719122025e-09
268,0.0033965546647183316,3.3719763782040715e-09
269,0.0032323876392471042,3.3714099294087594e-09
270,0.0030054310953309448,3.3710005894223417e-09
271,0.008886944934392342,3.3690256661060603e-09
272,0.002999741201263287,3.3678430752126896e-09
273,0.0028045086348245573,3.3672590949336647e-09
274,0.0027119044482411506,3.3668449183399754e-09
275,0.0026904597473382938,3.3649687120060028e-09
276,0.002687691068653752,3.3637190816505554e-09
277,0.002687426395172097,3.3631155674233053e-09
278,0.0026873395562479066,3.3626959532686728e-09
279,0.002687057798470679,3.3623290176997092e-09
280,0.0026861713625710975,3.359604716659416e-09
281,0.002684241567939623,3.3589794445168676e-09
282,0.0026801899291776306,3.3585537170544063e-09
283,0.0026730062633503423,3.3581853307254126e-09
284,0.002662932267584796,3.355500358729266e-09
285,0.002654235032072229,3.354850823731768e-09
286,0.002648715512896201,3.3544182301723032e-09
287,0.002647534193183872,3.3540481654663198e-09
288,0.002647352845277193,3.3514063863239688e-09
289,0.0026473335631027307,3.350729824115636e-09
290,0.002647329014759883,3.3502895231474015e-09
291,0.002647323922736396,3.3499175237691552e-09
292,0.002647296659218249,3.3473232930512236e-09
293,0.0026472326167885675,3.346616574923535e-09
294,0.0026470948430184016,3.3461676258184736e-09
295,0.0026467586682970483,3.345793407213621e-09
296,0.0026459872781419602,3.343251562477116e-09
297,0.00264419576424888,3.3425112303292416e-09
298,0.0026399976779327046,3.3420525797001383e-09
299,0.0026302925964572462,3.341675821019615e-09
300,0.0026079604375658224,3.3391918220730136e-09
301,0.0025574516983423025,3.338413958010598e-09
302,0.002447163256589374,3.3379444259897496e-09
303,0.0022247359667158517,3.337564770101781e-09
304,0.001844736907803917,3.3351446862963883e-09
305,0.0013709024276084719,3.3343249548034077e-09
306,0.0010129769407123924,3.333843220026073e-09
307,0.0008706949592635903,3.3334602645586963e-09
308,0.0008418116797027043,3.3311109514340495e-09
309,0.0008381641884124306,3.3302444360432157e-09
310,0.000837902023711574,3.3297490170183296e-09
311,0.000837881598732984,3.32936231315844e-09
312,0.0008378650370490078,3.3270913959496543e-09
313,0.0008377788630253748,3.3261726539016438e-09
314,0.0008375695924034343,3.3256618893626236e-09
315,0.0008369102680403361,3.3252709312531814e-09
316,0.0008355326508544103,3.323087029754588e-09
317,0.0008322435440356756,3.322109882281573e-09
318,0.0008247416145352064,3.3215819096159368e-09
319,0.0008076432541246544,3.3211861330959837e-09
320,0.0007696857973437567,3.3190988370160316e-09
321,0.0006913583394569844,3.318056443011194e-09
322,0.0005428535565115477,3.3175091727528652e-09
323,0.0003304803546260921,3.3171079408975272e-09
324,0.0001396801955314769,3.3151280983376926e-09
325,3.97164420864025e-05,3.314012684649231e-09
326,4.39642061594966e-06,3.313443772494079e-09
327,3.4250573375631264e-07,3.3130363752445725e-09
328,2.101234373188581e-08,3.3111760558358445e-09
329,1.6886940900399757e-09,3.309979016382328e-09
330,7.330257947545941e-10,3.3093858319126547e-09
331,7.188842853075308e-10,3.308971467320936e-09
332,6.873878302865361e-10,3.3086102511270963e-09
333,6.857408856130971e-10,3.305955889186956e-09
334,6.856084975657109e-10,3.305335474281613e-09
335,6.855875637552815e-10,3.3049132462918756e-09
336,6.855825476302802e-10,3.304550016654871e-09
337,6.855811860980152e-10,3.301943798151531e-09
338,6.855808054510279e-10,3.301292851051857e-09
339,6.855806982522042e-10,3.300861752024501e-09
340,,3.3004962019672638e-09
341,,3.2979433406013056e-09
342,,3.297258127523544e-09
343,,3.2968170268421685e-09
344,,3.296448812087928e-09
345,,3.2939551352945503e-09
346,,3.2932314955029986e-09
347,,3.292779122848195e-09
348,,3.292407856349963e-09
349,,3.2899799405934032e-09
350,,3.289213166518898e-09
351,,3.288748095877175e-09
352,,3.2883733443383566e-09
353,,3.2860185384299714e-09
354,,3.285203385163646e-09
355,,3.2847240154002293e-09
356,,3.284345290204529e-09
357,,3.2820718920393877e-09
358,,3.281202421407445e-09
359,,3.280706953759734e-09
360,,3.28032370850619e-09
361,,3.2781409883082693e-09
362,,3.2772105873368528e-09
363,,3.276697001909626e-09
364,,3.276308620180788e-09
365,,3.274227050927245e-09
366,,3.2732282263559245e-09
367,,3.272694253495541e-09
368,,3.272300046276687e-09
369,,3.270331323928098e-09
370,,3.2692557357268916e-09
371,,3.2686988268568113e-09
372,,3.268298016137585e-09
373,,3.266455360634543e-09
374,,3.265293551240732e-09
375,,3.264710842470637e-09
376,,3.2643025586767594e-09
377,,3.2639469087160227e-09
378,,3.2613421712548005e-09
379,,3.260730450636534e-09
380,,3.2603137139310812e-09
381,,3.259955853792583e-09
382,,3.25740216878478e-09
383,,3.2567578124123658e-09
384,,3.256331522072519e-09
385,,3.255971117298599e-09
386,,3.2534741556099704e-09
387,,3.252793114439878e-09
388,,3.2523560345138543e-09
389,,3.25199270764239e-09
390,,3.249558866285907e-09
391,,3.248836564165438e-09
392,,3.2483873058496965e-09
393,,3.248020634434075e-09
394,,3.2456570739883424e-09
395,,3.2448884007500575e-09
396,,3.2444254037118563e-09
397,,3.2440549114882815e-09
398,,3.241769711952607e-09
399,,3.240948888941638e-09
400,,3.2404703995983763e-09
401,,3.2400955530588372e-09
402,,3.2378977567156704e-09
403,,3.2370183333918705e-09
404,,3.236522381541276e-09
405,,3.2361425795356715e-09
406,,3.23404239343474e-09
407,,3.2330970709364838e-09
408,,3.232581442422805e-09
409,,3.2321960116719676e-09
410,,3.2302048537925145e-09
411,,3.2291854897697386e-09
412,,3.2286476966966026e-09
413,,3.2282558779990208e-09
414,,3.2263866431271187e-09
415,,3.2252840172324455e-09
416,,3.2247212636209974e-09
417,,3.2243222073055568e-09
418,,3.222589314048196e-09
419,,3.2213931471240154e-09
420,,3.220802291198512e-09
421,,3.2203950381285068e-09
422,,3.2200435254535943e-09
423,,3.2175134281181775e-09
424,,3.2168909341703575e-09
425,,3.2164744099690438e-09
426,,3.216120428455248e-09
427,,3.213645467487557e-09
428,,3.212987376817133e-09
429,,3.212560373034319e-09
430,,3.2122035539704835e-09
431,,3.2097899806803195e-09
432,,3.209091822669342e-09
433,,3.208652981190565e-09
434,,3.208292911169044e-09
435,,3.205947729768869e-09
436,,3.20520450550122e-09
437,,3.2047523001841834e-09
438,,3.204388513135851e-09
439,,3.202119623613206e-09
440,,3.2013256848544512e-09
441,,3.200858400455666e-09
442,,3.200490374526537e-09
443,,3.19830662450455e-09
444,,3.1974556588976296e-09
445,,3.196971367887102e-09
446,,3.1965985148183276e-09
447,,3.1945098871812113e-09
448,,3.1935947584041896e-09
449,,3.193091293957281e-09
450,,3.192712954714638e-09
451,,3.190730625495816e-09
452,,3.1897433625932272e-09
453,,3.1892182900412626e-09
454,,3.1888337214342134e-09
455,,3.186970306019428e-09
456,,3.18590189124959e-09
457,,3.1853524739021927e-09
458,,3.184960843895519e-09
459,,3.1832304590312755e-09
460,,3.1820708273655287e-09
461,,3.181493989455519e-09
462,,3.181094359232765e-09
463,,3.1807486429034874e-09
464,,3.1782507082245705e-09
465,,3.17764298919841e-09
466,,3.177234306884446e-09
467,,3.1768861810279763e-09
468,,3.174442130384178e-09
469,,3.1737996534438075e-09
470,,3.173380735328253e-09
471,,3.1730298389707378e-09
472,,3.170645793158809e-09
473,,3.16996418141733e-09
474,,3.169533697876837e-09
475,,3.1691796257171465e-09
476,,3.166862445166061e-09
477,,3.1661368023136293e-09
478,,3.16569325841278e-09
479,,3.165335554531274e-09
480,,3.163092974833214e-09
481,,3.1623177707365544e-09
482,,3.16185948626481e-09
483,,3.1614976391825703e-09
484,,3.159338327800187e-09
485,,3.1585073784215367e-09
486,,3.158032465295739e-09
487,,3.157665898935288e-09
488,,3.1555996324514506e-09
489,,3.1547059496956642e-09
490,,3.154212285704076e-09
491,,3.1538403539690844e-09
492,,3.1518780823009698e-09
493,,3.1509138560830083e-09
494,,3.150399056059451e-09
495,,3.1500210313358926e-09
496,,3.1481751097240787e-09
497,,3.1471315093406965e-09
498,,3.1465928921886383e-09
499,,3.1462079589160163e-09
500,,3.1444922202341936e-09
501,,3.1433593820287906e-09
502,,3.142793934489984e-09
503,,3.1424011732498763e-09
504,,3.1420609929492776e-09
505,,3.1395980016338434e-09
506,,3.1390023331988036e-09
507,,3.1386007128430375e-09
508,,3.1382581758855776e-09
509,,3.135847952833414e-09
510,,3.1352182643701424e-09
511,,3.1348066256147586e-09
512,,3.1344613778321857e-09
513,,3.1321099197914367e-09
514,,3.131441923836303e-09
515,,3.13101896322109e-09
516,,3.130670607904344e-09
517,,3.1283846378162894e-09
518,,3.127673535582974e-09
519,,3.127237788537657e-09
520,,3.1268858785711026e-09
521,,3.1246729758063496e-09
522,,3.1239133494945104e-09
523,,3.1234631695522903e-09
524,,3.1231072038212745e-09
525,,3.1209758629349533e-09
526,,3.1201616515221466e-09
527,,3.119695188327591e-09
528,,3.1193346022965425e-09
529,,3.1172944023017676e-09
530,,3.116418759359081e-09
531,,3.1159339332785915e-09
532,,3.1155680938002e-09
533,,3.1136297666267775e-09
534,,3.1126850372160833e-09
535,,3.1121795107473606e-09
536,,3.1118077045476896e-09
537,,3.1099833570584896e-09
538,,3.108960888761525e-09
539,,3.1084320343961766e-09
540,,3.1080534622461307e-09
541,,3.1063566522672807e-09
542,,3.105246777062575e-09
543,,3.1046916418499984e-09
544,,3.1043054027406286e-09
545,,3.1039706063874326e-09
546,,3.1015432187462687e-09
547,,3.100958480022639e-09
548,,3.1005635633622514e-09
549,,3.100226459899853e-09
550,,3.0978507876385e-09
551,,3.097232721584041e-09
552,,3.096827991208167e-09
553,,3.096488233566662e-09
554,,3.094170153561861e-09
555,,3.0935145586316704e-09
556,,3.0930987370992937e-09
557,,3.092755936285839e-09
558,,3.090502038029325e-09
559,,3.0898042106408145e-09
560,,3.089375862378941e-09
561,,3.089029580385121e-09
562,,3.0868472918555333e-09
563,,3.086101922386101e-09
564,,3.0856594338668465e-09
565,,3.0853091791426277e-09
566,,3.0832068264358614e-09
567,,3.0824079742480805e-09
568,,3.0819495318576506e-09
569,,3.0815947514159522e-09
570,,3.0795817223077483e-09
571,,3.0787226776475995e-09
572,,3.0782462428923317e-09
573,,3.0778863161886484e-09
574,,3.075973130205459e-09
575,,3.0750463893950116e-09
576,,3.074549671438473e-09
577,,3.0741838992896477e-09
578,,3.0723824214106677e-09
579,,3.071379505287852e-09
580,,3.0708599286761766e-09
581,,3.0704875278910647e-09
582,,3.0688110475993165e-09
583,,3.0677224790009124e-09
584,,3.067177149439347e-09
585,,3.0667972367202234e-09
586,,3.0664677128955077e-09
587,,3.0640758169550063e-09
588,,3.0635014781607048e-09
589,,3.063113063051839e-09
590,,3.0627812795817783e-09
591,,3.0604400820266473e-09
592,,3.059833083561079e-09
593,,3.059435052186758e-09
594,,3.0591006694622596e-09
595,,3.056815930281317e-09
596,,3.0561721541542405e-09
597,,3.0557632545585336e-09
598,,3.055425890966256e-09
599,,3.0532040691281937e-09
600,,3.052518905029526e-09
601,,3.052097730050077e-09
602,,3.0517569562975668e-09
603,,3.049605332152178e-09
604,,3.04887357603798e-09
605,,3.0484385442016734e-09
606,,3.0480938786232723e-09
607,,3.046020613391023e-09
608,,3.0452364417260914e-09
609,,3.0447857756409844e-09
610,,3.0444366759570017e-09
611,,3.0424509710252345e-09
612,,3.0416078079299145e-09
613,,3.0411395091814165e-09
614,,3.0407853673933567e-09
615,,3.038897533967451e-09
616,,3.0379880239378e-09
617,,3.03749984711806e-09
618,,3.037139977876042e-09
619,,3.0353616454803396e-09
620,,3.034377477878479e-09
621,,3.0338668986567412e-09
622,,3.033500534131886e-09
623,,3.031844729365363e-09
624,,3.0307766142885023e-09
625,,3.030240795945769e-09
626,,3.029867070064607e-09
627,,3.0295427230785793e-09
628,,3.0271859297807885e-09
629,,3.0266216798863314e-09
630,,3.026239622431755e-09
631,,3.0259130623868523e-09
632,,3.0236059758366308e-09
633,,3.023009716707182e-09
634,,3.0226182355709334e-09
635,,3.0222891293175106e-09
636,,3.0200373953723677e-09
637,,3.0194050906724936e-09
638,,3.019002958638691e-09
639,,3.0186709325077375e-09
640,,3.0164808821757635e-09
641,,3.0158080125589595e-09
642,,3.0153938505656433e-09
643,,3.0150584835905487e-09
644,,3.0129372529321775e-09
645,,3.012218717798367e-09
646,,3.0117909756749148e-09
647,,3.011451795666728e-09
648,,3.0094073844769415e-09
649,,3.0086374755501583e-09
650,,3.0081944104433276e-09
651,,3.007850886186613e-09
652,,3.005892313290441e-09
653,,3.0050645849788606e-09
654,,3.0046042387876146e-09
655,,3.0042557738787062e-09
656,,3.002393146665864e-09
657,,3.00150038901547e-09
658,,3.0010205602958164e-09
659,,3.000666483094615e-09
660,,2.9989112007369215e-09
661,,2.9979452677579346e-09
662,,2.997443482527483e-09
663,,2.997083040200607e-09
664,,2.9954478716773927e-09
665,,2.99439965689242e-09
666,,2.993873134359411e-09
667,,2.993505478588931e-09
668,,2.993186219601627e-09
669,,2.9908640432448814e-09
670,,2.9903096545541616e-09
671,,2.989933833725594e-09
672,,2.989612407242562e-09
673,,2.9873389676452537e-09
674,,2.9867532055634353e-09
675,,2.9863681493413514e-09
676,,2.9860442289490577e-09
677,,2.983825059859201e-09
678,,2.9832039680149658e-09
679,,2.9828084736983373e-09
680,,2.9824816928045713e-09
681,,2.980323000489735e-09
682,,2.979662148993014e-09
683,,2.9792548644766425e-09
684,,2.9789248102667372e-09
685,,2.9768335892230115e-09
686,,2.9761279786861947e-09
687,,2.975707384541384e-09
688,,2.97537359460021e-09
689,,2.9733576863497285e-09
690,,2.9726017210351484e-09
691,,2.972166109259038e-09
692,,2.971828062491972e-09
693,,2.9698963072275406e-09
694,,2.9690836695354643e-09
695,,2.96863112029113e-09
696,,2.9682882323472686e-09
697,,2.9664505377857365e-09
698,,2.9655741598489383e-09
699,,2.965102515756709e-09
700,,2.9647541282974523e-09
701,,2.9630216671763108e-09
702,,2.9620735648304126e-09
703,,2.9615804005908474e-09
704,,2.9612257757440606e-09
705,,2.959611064974848e-09
706,,2.958582311757174e-09
707,,2.9580649013912317e-09
708,,2.9577032075227312e-09
709,,2.9573889512458303e-09
710,,2.955100877160487e-09
711,,2.9545561540485753e-09
712,,2.95418645840869e-09
713,,2.9538700791911536e-09
714,,2.9516297918090855e-09
715,,2.951054317964443e-09
716,,2.9506755714885714e-09
717,,2.950356749127506e-09
718,,2.9481696725493993e-09
719,,2.9475595701721773e-09
720,,2.9471705937417778e-09
721,,2.9468489691295895e-09
722,,2.9447211868589387e-09
723,,2.944072113345037e-09
724,,2.9436715816221475e-09
725,,2.9433467503555276e-09
726,,2.941285118112236e-09
727,,2.9405921732242603e-09
728,,2.940178596867404e-09
729,,2.939850105395178e-09
730,,2.93786231000861e-09
731,,2.9371200086763242e-09
732,,2.9366917136059835e-09
733,,2.936359051021308e-09
734,,2.934453757378326e-09
735,,2.9336559070206466e-09
736,,2.933211011493868e-09
737,,2.9328736051767865e-09
738,,2.9310605252318556e-09
739,,2.9302001974983375e-09
740,,2.929736586666854e-09
741,,2.929393791180442e-09
742,,2.9276838764302006e-09
743,,2.9267532459329612e-09
744,,2.926268542170353e-09
745,,2.9259196343798655e-09
746,,2.92432515446728e-09
747,,2.9233154701890745e-09
748,,2.9228070019753144e-09
749,,2.9224511667781638e-09
750,,2.9221418298374636e-09
751,,2.9198873383029766e-09
752,,2.9193520995018595e-09
753,,2.918988422233587e-09
754,,2.9186770061663477e-09
755,,2.9164693700436597e-09
756,,2.915903990464229e-09
757,,2.9155314433226534e-09
758,,2.9152176338286813e-09
759,,2.913062169941868e-09
760,,2.912462848858278e-09
761,,2.9120802756250146e-09
762,,2.911763721038275e-09
763,,2.9096663925356975e-09
764,,2.9090288729242824e-09
765,,2.9086349749257982e-09
766,,2.9083152786920076e-09
767,,2.9062828056628215e-09
768,,2.9056022844630962e-09
769,,2.9051956014127956e-09
770,,2.9048723190204868e-09
771,,2.9029122362655814e-09
772,,2.9021833367485557e-09
773,,2.9017622275880376e-09
774,,2.9014348583706057e-09
775,,2.899555659181723e-09
776,,2.8987723112712886e-09
777,,2.898334932004792e-09
778,,2.898002914423301e-09
779,,2.8962141187140865e-09
780,,2.8953695314279154e-09
781,,2.89491380861483e-09
782,,2.8945765100182452e-09
783,,2.892888852461227e-09
784,,2.8919753550931896e-09
785,,2.891498958364631e-09
786,,2.8911556701105574e-09
787,,2.8895811776999384e-09
788,,2.888590192293576e-09
789,,2.888090502777113e-09
790,,2.887740425577249e-09
791,,2.8874359267688944e-09
792,,2.8852145012834687e-09
793,,2.8846885724491895e-09
794,,2.8843308102459384e-09
795,,2.8840242748472936e-09
796,,2.881848792195694e-09
797,,2.881293320490279e-09
798,,2.8809268651773855e-09
799,,2.880617985552746e-09
800,,2.8784936570191776e-09
801,,2.8779049168538733e-09
802,,2.8775286355962003e-09
803,,2.8772170665650466e-09
804,,2.875149737686437e-09
805,,2.87452355635542e-09
806,,2.8741361757746366e-09
807,,2.87382152882383e-09
808,,2.8718177864753387e-09
809,,2.8711494560017787e-09
810,,2.8707495449209134e-09
811,,2.8704313842966134e-09
812,,2.8684986142688537e-09
813,,2.867782863927535e-09
814,,2.867368813959678e-09
815,,2.867046648932948e-09
816,,2.865193176452157e-09
817,,2.864424056859782e-09
818,,2.863994059858524e-09
819,,2.8636673400557855e-09
820,,2.8619024967784216e-09
821,,2.8610733505706646e-09
822,,2.860625374589185e-09
823,,2.8602934800424965e-09
824,,2.8586277879557356e-09
825,,2.8577310966530003e-09
826,,2.8572628574218754e-09
827,,2.856925093111234e-09
828,,2.8553703418786915e-09
829,,2.854397697017416e-09
830,,2.853906627292957e-09
831,,2.8535622099487797e-09
832,,2.853262469169064e-09
833,,2.8510736005399348e-09
834,,2.8505568121794474e-09
835,,2.8502048632352296e-09
836,,2.8499031278797057e-09
837,,2.847759307135205e-09
838,,2.8472135618853823e-09
839,,2.846853093503043e-09
840,,2.8465490617431485e-09
841,,2.844455397401283e-09
842,,2.8438770434639052e-09
843,,2.843506945019854e-09
844,,2.8432002786105896e-09
845,,2.841162500289576e-09
846,,2.8405474474141297e-09
847,,2.840166470845141e-09
848,,2.8398567890496126e-09
849,,2.837881353486145e-09
850,,2.837224986697384e-09
851,,2.836831729112668e-09
852,,2.8365186046814183e-09
853,,2.834612751628559e-09
854,,2.8339099046280178e-09
855,,2.8335027892655513e-09
856,,2.833185741341749e-09
857,,2.8313576310684837e-09
858,,2.8306024721297566e-09
859,,2.8301797267647296e-09
860,,2.8298582156018823e-09
861,,2.8281169957116862e-09
862,,2.82730299898196e-09
863,,2.826862631755718e-09
864,,2.826536049784487e-09
865,,2.824892033573797e-09
866,,2.8240118295732883e-09
867,,2.8235516014683365e-09
868,,2.823219267450816e-09
869,,2.821684011533185e-09
870,,2.820729357902946e-09
871,,2.820246752540773e-09
872,,2.8199078985410405e-09
873,,2.819612837503032e-09
874,,2.817456023886988e-09
875,,2.816948210357214e-09
876,,2.8166019752704667e-09
877,,2.8163049605452105e-09
878,,2.8141923179142084e-09
879,,2.81365612177261e-09
880,,2.813301537278219e-09
881,,2.8130022732465066e-09
882,,2.810938808576783e-09
883,,2.8103706502965144e-09
884,,2.8100066278823473e-09
885,,2.809704782802877e-09
886,,2.807696112788689e-09
887,,2.8070919829482138e-09
888,,2.8067172990227762e-09
889,,2.8064124997355144e-09
890,,2.804464953320591e-09
891,,2.803820328324943e-09
892,,2.8034336078688327e-09
893,,2.8031254355994822e-09
894,,2.801246109211612e-09
895,,2.8005559248443958e-09
896,,2.800155622366169e-09
897,,2.7998436054506504e-09
898,,2.798040498146832e-09
899,,2.797299038168635e-09
900,,2.796883416303696e-09
901,,2.796567026196743e-09
902,,2.794849104162597e-09
903,,2.7940499718993105e-09
904,,2.793617078148176e-09
905,,2.7932957191158314e-09
906,,2.7916730921200867e-09
907,,2.790809063581097e-09
908,,2.790356703511441e-09
909,,2.790029707530187e-09
910,,2.788513703594465e-09
911,,2.787576699271727e-09
912,,2.7871024060749165e-09
913,,2.786769020810208e-09
914,,2.786478562434365e-09
915,,2.7843533104586264e-09
916,,2.783854309083307e-09
917,,2.783513690363302e-09
918,,2.7832213183299537e-09
919,,2.781139377619151e-09
920,,2.7806125565120236e-09
921,,2.7802637549326927e-09
922,,2.779969179628697e-09
923,,2.777935458209939e-09
924,,2.7773773084839e-09
925,,2.77701925733502e-09
926,,2.7767221535637565e-09
927,,2.7747421567977125e-09
928,,2.7741487485071536e-09
929,,2.7737802481779436e-09
930,,2.773480250344339e-09
931,,2.771560181616724e-09
932,,2.770927080881712e-09
933,,2.7705467835154872e-09
934,,2.7702434808851076e-09
935,,2.768390296800242e-09
936,,2.7677125392481142e-09
937,,2.767318929935672e-09
938,,2.76701186036124e-09
939,,2.765233401337794e-09
940,,2.7645053839724126e-09
941,,2.7640967598933103e-09
942,,2.7637854049297725e-09
943,,2.762090460565098e-09
944,,2.7613059127413332e-09
945,,2.760880359978257e-09
946,,2.760564135851634e-09
947,,2.7589626153267693e-09
948,,2.7581144564219166e-09
949,,2.7576698236483604e-09
950,,2.7573480756796633e-09
951,,2.755851083241619e-09
952,,2.754931393215497e-09
953,,2.7544652626908544e-09
954,,2.7541372533919965e-09
955,,2.7538513219651558e-09
956,,2.75175714652836e-09
957,,2.751266797882735e-09
958,,2.7509316994912213e-09
959,,2.750643893915339e-09
960,,2.748592186727366e-09
961,,2.748074569983236e-09
962,,2.747731452295137e-09
963,,2.747441488333776e-09
964,,2.745437060222022e-09
965,,2.7448887365088852e-09
966,,2.744536553351385e-09
967,,2.744244112539889e-09
968,,2.7422923603484687e-09
969,,2.741709476634489e-09
970,,2.741347052523179e-09
971,,2.7410517763523277e-09
972,,2.739158780670407e-09
973,,2.738536990884881e-09
974,,2.7381630047190663e-09
975,,2.737864490639835e-09
976,,2.7360370703890813e-09
977,,2.7353715084087594e-09
978,,2.734984474973367e-09
979,,2.7346822699778637e-09
980,,2.7329281108077845e-09
981,,2.73221328428866e-09
982,,2.7318115346989673e-09
983,,2.731505130459288e-09
984,,2.7298328477550376e-09
985,,2.7290626103951586e-09
986,,2.7286442683720453e-09
987,,2.7283330927525743e-09
988,,2.7267523996292228e-09
989,,2.725919810786734e-09
990,,2.7254827675311944e-09
991,,2.7251661789324117e-09
992,,2.7236879605242792e-09
993,,2.7227852566366926e-09
994,,2.7223271421833793e-09
995,,2.7220044173213523e-09
996,,2.7217229385222103e-09
997,,2.7196593622531434e-09
998,,2.7191775102975563e-09
999,,2.7188478382769314e-09
1000,,2.718564523662356e-09
1001,,2.716542589270034e-09
1002,,2.7160340100651178e-09
1003,,2.7156964786102026e-09
1004,,2.7154110501309052e-09
1005,,2.7134354733565496e-09
1006,,2.7128967955714026e-09
1007,,2.712550379532577e-09
1008,,2.712262524698378e-09
1009,,2.7103385955197275e-09
1010,,2.7097660427461685e-09
1011,,2.7094095899026033e-09
1012,,2.709118956963264e-09
1013,,2.707252635971217e-09
1014,,2.706641948016023e-09
1015,,2.706274163096111e-09
1016,,2.7059803577922067e-09
1017,,2.704178329005193e-09
1018,,2.7035247359479373e-09
1019,,2.7031441634224488e-09
1020,,2.702846741600492e-09
1021,,2.7011165383745195e-09
1022,,2.7004146567333635e-09
1023,,2.7000196601179904e-09
1024,,2.6997181239094857e-09
1025,,2.6980681916459405e-09
1026,,2.697311996052351e-09
1027,,2.6969007368109983e-09
1028,,2.696594524947768e-09
1029,,2.695034384541084e-09
1030,,2.6942170720551362e-09
1031,,2.6937874829567348e-09
1032,,2.693475966404569e-09
1033,,2.6920162877273723e-09
1034,,2.6911302480010077e-09
1035,,2.690680005799888e-09
1036,,2.69036247603125e-09
1037,,2.690085376789065e-09
1038,,2.6880519303439365e-09
1039,,2.687578421536667e-09
1040,,2.687254083490576e-09
1041,,2.6869751862939683e-09
1042,,2.6849825715672e-09
1043,,2.6844828655313606e-09
1044,,2.6841508249339156e-09
1045,,2.6838698570300712e-09
1046,,2.681922696717245e-09
1047,,2.6813934886140676e-09
1048,,2.681052740747526e-09
1049,,2.68076939575181e-09
1050,,2.6788728753013203e-09
1051,,2.6783104635656204e-09
1052,,2.6779598785835765e-09
1053,,2.6776738120742564e-09
1054,,2.6758337737743105e-09
1055,,2.6752339824477205e-09
1056,,2.6748722911225965e-09
1057,,2.67458311645432e-09
1058,,2.6728061124015272e-09
1059,,2.6721642657814147e-09
1060,,2.6717900409402687e-09
1061,,2.671497322931186e-09
1062,,2.6697907374189873e-09
1063,,2.6691015584453874e-09
1064,,2.668713196444735e-09
1065,,2.6684164466281602e-09
1066,,2.6667885580502652e-09
1067,,2.666046140704439e-09
1068,,2.6656418389742777e-09
1069,,2.6653405075089806e-09
1070,,2.6638006485072496e-09
1071,,2.6629983241384586e-09
1072,,2.662576056429059e-09
1073,,2.6622695268468267e-09
1074,,2.6608281564624164e-09
1075,,2.6599584653151704e-09
1076,,2.6595159542361e-09
1077,,2.659203531734629e-09
1078,,2.6589307401400367e-09
1079,,2.6569269621761186e-09
1080,,2.6564616459021107e-09
1081,,2.6561425510964394e-09
1082,,2.6558679986591527e-09
1083,,2.653904258353228e-09
1084,,2.653413264268818e-09
1085,,2.6530866205579803e-09
1086,,2.6528100399788666e-09
1087,,2.6508908682530844e-09
1088,,2.650370957211966e-09
1089,,2.650035779701531e-09
1090,,2.6497568705375393e-09
1091,,2.6478873505426615e-09
1092,,2.647334893613906e-09
1093,,2.6469900751985893e-09
1094,,2.646708499746762e-09
1095,,2.6448943581885186e-09
1096,,2.6443052624184738e-09
1097,,2.643949558457913e-09
1098,,2.6436649377780593e-09
1099,,2.6419125975919565e-09
1100,,2.641282279379729e-09
1101,,2.640914291344724e-09
1102,,2.6406261984681883e-09
1103,,2.638942897630616e-09
1104,,2.638266184419242e-09
1105,,2.637884340159073e-09
1106,,2.637592296907857e-09
1107,,2.635986150124104e-09
1108,,2.6352572525547244e-09
1109,,2.6348597851003803e-09
1110,,2.6345632521739815e-09
1111,,2.633043407726625e-09
1112,,2.6322557889094958e-09
1113,,2.6318407122868276e-09
1114,,2.631539085377384e-09
1115,,2.6301157953903664e-09
1116,,2.629262142955845e-09
1117,,2.6288272246573543e-09
1118,,2.628519822847949e-09
1119,,2.6272046489906536e-09
1120,,2.6262767022535625e-09
1121,,2.625819433173312e-09
1122,,2.6255054929426098e-09
1123,,2.6252352142746158e-09
1124,,2.6232999067609345e-09
1125,,2.622817469006534e-09
1126,,2.6224961309507927e-09
1127,,2.622223865501424e-09
1128,,2.620332258319068e-09
1129,,2.6198214768625665e-09
1130,,2.619491775131419e-09
1131,,2.619217228853776e-09
1132,,2.6173743041246457e-09
1133,,2.61683162214246e-09
1134,,2.616492471594249e-09
1135,,2.616215313123903e-09
1136,,2.614426684573784e-09
1137,,2.6138480900198887e-09
1138,,2.6134982706066506e-09
1139,,2.613218128605811e-09
1140,,2.611490091948587e-09
1141,,2.6108710915193097e-09
1142,,2.610509232532146e-09
1143,,2.610225688613236e-09
1144,,2.608565338618338e-09
1145,,2.607900862509424e-09
1146,,2.6075254227241687e-09
1147,,2.6072380080231858e-09
1148,,2.6056532993023346e-09
1149,,2.6049376721015806e-09
1150,,2.604546919651444e-09
1151,,2.6042551052945523e-09
1152,,2.602755004685062e-09
1153,,2.601981819687754e-09
1154,,2.601573807589243e-09
1155,,2.6012770015762603e-09
1156,,2.599871558703144e-09
1157,,2.599033647398387e-09
1158,,2.5986061877005245e-09
1159,,2.5983037222153142e-09
1160,,2.5970042701030475e-09
1161,,2.5960935353433362e-09
1162,,2.595644168274186e-09
1163,,2.5953352952417796e-09
1164,,2.595069220366495e-09
1165,,2.593161914799135e-09
1166,,2.5926878784161916e-09
1167,,2.5923717552517316e-09
1168,,2.5921037341281735e-09
1169,,2.5902392774000523e-09
1170,,2.589737459404082e-09
1171,,2.589413139456196e-09
1172,,2.5891428840461155e-09
1173,,2.587326159965775e-09
1174,,2.586793073670823e-09
1175,,2.5864594932431988e-09
1176,,2.5861866787681364e-09
1177,,2.584423189812458e-09
1178,,2.583854902599229e-09
1179,,2.5835108657900583e-09
1180,,2.5832351282874118e-09
1181,,2.5815310456577387e-09
1182,,2.580923153139226e-09
1183,,2.580567316294524e-09
1184,,2.580288245654958e-09
1185,,2.578650523834913e-09
1186,,2.5779980565391744e-09
1187,,2.5776289089101852e-09
1188,,2.577346045243848e-09
1189,,2.5757824816082594e-09
1190,,2.575079876240604e-09
1191,,2.5746957201812057e-09
1192,,2.5744085456147975e-09
1193,,2.572927929585667e-09
1194,,2.5721689060310626e-09
1195,,2.571767833080391e-09
1196,,2.5714757668188237e-09
1197,,2.5700879493266972e-09
1198,,2.5692654810894435e-09
1199,,2.568845346541182e-09
1200,,2.5685477342243152e-09
1201,,2.567263823842671e-09
1202,,2.5663699739049614e-09
1203,,2.5659283667891095e-09
1204,,2.5656244750520353e-09
1205,,2.5653625350728284e-09
1206,,2.5634828075884536e-09
1207,,2.563017020341218e-09
1208,,2.56270602310805e-09
1209,,2.562442176926839e-09
1210,,2.5606044635386808e-09
1211,,2.5601114456489313e-09
1212,,2.559792415211446e-09
1213,,2.5595263803137307e-09
1214,,2.5577354683488455e-09
1215,,2.5572118018704095e-09
1216,,2.5568836954416172e-09
1217,,2.5566151534546184e-09
1218,,2.554876436649381e-09
1219,,2.554318266674985e-09
1220,,2.553979912332671e-09
1221,,2.5537085064311822e-09
1222,,2.552028033925437e-09
1223,,2.5514310433943508e-09
1224,,2.551081123537239e-09
1225,,2.55080645183582e-09
1226,,2.549191040484444e-09
1227,,2.548550358110676e-09
1228,,2.5481873921360796e-09
1229,,2.5479090038491173e-09
1230,,2.5463662967752995e-09
1231,,2.5456764692350366e-09
1232,,2.545298793053529e-09
1233,,2.5450161806389585e-09
1234,,2.543554793269954e-09
1235,,2.542809664766793e-09
1236,,2.5424154077372892e-09
1237,,2.5421280016401064e-09
1238,,2.5407575906104523e-09
1239,,2.539950273278789e-09
1240,,2.539537332956965e-09
1241,,2.5392444918848158e-09
1242,,2.5379759456958036e-09
1243,,2.537098659955245e-09
1244,,2.5366646730287443e-09
1245,,2.5363656780893474e-09
1246,,2.536107805459162e-09
1247,,2.534255239219358e-09
1248,,2.5337975516827043e-09
1249,,2.5334915932441428e-09
1250,,2.533231853659716e-09
1251,,2.531420483163721e-09
1252,,2.5309361048170006e-09
1253,,2.530622273399461e-09
1254,,2.5303603896146784e-09
1255,,2.5285949078578235e-09
1256,,2.528080488473421e-09
1257,,2.5277577618449204e-09
1258,,2.5274934220669774e-09
1259,,2.5257791157226922e-09
1260,,2.5252308766732125e-09
1261,,2.5248981061735013e-09
1262,,2.5246309604547747e-09
1263,,2.5229737592201476e-09
1264,,2.5223874685929944e-09
1265,,2.5220433627673424e-09
1266,,2.5217730171318735e-09
1267,,2.520179603120689e-09
1268,,2.5195504860381167e-09
1269,,2.5191935935783026e-09
1270,,2.5189196062522526e-09
1271,,2.517397471268726e-09
1272,,2.5167201823309196e-09
1273,,2.516348871717637e-09
1274,,2.5160707451318157e-09
1275,,2.514628334576409e-09
1276,,2.5138968393991763e-09
1277,,2.5135092772921234e-09
1278,,2.513226453351602e-09
1279,,2.5118732325150357e-09
1280,,2.5110807797678027e-09
1281,,2.510674905146e-09
1282,,2.5103867551245124e-09
1283,,2.5091333973131232e-09
1284,,2.5082723610237305e-09
1285,,2.5078458574623343e-09
1286,,2.5075516765681485e-09
1287,,2.507297804811275e-09
1288,,2.5054719894764824e-09
1289,,2.505022255380308e-09
1290,,2.5047212501028206e-09
1291,,2.504465549545897e-09
1292,,2.5026801280923224e-09
1293,,2.5022042322092835e-09
1294,,2.5018955110510275e-09
1295,,2.501637710313445e-09
1296,,2.4998972823440664e-09
1297,,2.4993919409055e-09
1298,,2.4990745017630767e-09
1299,,2.498814294909845e-09
1300,,2.4971240430056807e-09
1301,,2.4965855520442927e-09
1302,,2.4962582689930372e-09
1303,,2.495995312893034e-09
1304,,2.4943610496370087e-09
1305,,2.493785260754133e-09
1306,,2.493446867810133e-09
1307,,2.4931807766397583e-09
1308,,2.4916090515048586e-09
1309,,2.4909912843224433e-09
1310,,2.490640358890118e-09
1311,,2.4903706995511447e-09
1312,,2.4888688566736245e-09
1313,,2.4882038712730994e-09
1314,,2.487838814399027e-09
1315,,2.4875650988070736e-09
1316,,2.486141416235834e-09
1317,,2.4854232982039325e-09
1318,,2.485042312297325e-09
1319,,2.4847639935859047e-09
1320,,2.4834277497422585e-09
1321,,2.4826498804986e-09
1322,,2.4822509457010763e-09
1323,,2.481967407594705e-09
1324,,2.480729064386356e-09
1325,,2.4798839691630765e-09
1326,,2.4794648146276224e-09
1327,,2.4791753663418247e-09
1328,,2.478925430238274e-09
1329,,2.4771259625873e-09
1330,,2.4766840380231024e-09
1331,,2.4763879015957626e-09
1332,,2.4761361743692464e-09
1333,,2.474376313956962e-09
1334,,2.473908746527754e-09
1335,,2.473605048092901e-09
1336,,2.473351263371741e-09
1337,,2.471635519647572e-09
1338,,2.4711390897777987e-09
1339,,2.4708268472226407e-09
1340,,2.470570705423449e-09
1341,,2.468904157856874e-09
1342,,2.4683752354069667e-09
1343,,2.468053344807835e-09
1344,,2.4677945096646377e-09
1345,,2.4661828558010635e-09
1346,,2.465617374183651e-09
1347,,2.4652845949071972e-09
1348,,2.465022687918377e-09
1349,,2.463472348083483e-09
1350,,2.462865719662348e-09
1351,,2.4625206570037636e-09
1352,,2.462255253458615e-09
1353,,2.4607734266215443e-09
1354,,2.460120514880843e-09
1355,,2.459761601378553e-09
1356,,2.4594922233531116e-09
1357,,2.4580870235878038e-09
1358,,2.4573820310872232e-09
1359,,2.457007504874706e-09
1360,,2.4567336161481136e-09
1361,,2.4554141386204945e-09
1362,,2.454650577566965e-09
1363,,2.454258458561517e-09
1364,,2.4539794550393225e-09
1365,,2.452755954874853e-09
1366,,2.451926498267293e-09
1367,,2.4515145606157437e-09
1368,,2.451229765113758e-09
1369,,2.4509837005504086e-09
1370,,2.4492101836180533e-09
1371,,2.4487759277179197e-09
1372,,2.4484845775721876e-09
1373,,2.448236758680192e-09
1374,,2.4465020782247095e-09
1375,,2.4460426875359267e-09
1376,,2.4457439262251383e-09
1377,,2.445494091987453e-09
1378,,2.4438026679892686e-09
1379,,2.4433149870515164e-09
1380,,2.4430078519371432e-09
1381,,2.4427557084232338e-09
1382,,2.4411125200436202e-09
1383,,2.4405929901844733e-09
1384,,2.4402763990843415e-09
1385,,2.440021616771848e-09
1386,,2.43843224935746e-09
1387,,2.437876884419474e-09
1388,,2.4375496211372357e-09
1389,,2.4372918290707383e-09
1390,,2.4357625755082742e-09
1391,,2.435166878655988e-09
1392,,2.4348275761484294e-09
1393,,2.4345663582188573e-09
1394,,2.433104275159586e-09
1395,,2.432463211326301e-09
1396,,2.4321103331917333e-09
1397,,2.4318452205728013e-09
1398,,2.4304582618334065e-09
1399,,2.4297661481250826e-09
1400,,2.429397967487453e-09
1401,,2.4291284344910106e-09
1402,,2.427825515738362e-09
1403,,2.4270759924796745e-09
1404,,2.426690568071184e-09
1405,,2.426416022862327e-09
1406,,2.425207195842216e-09
1407,,2.424393081460964e-09
1408,,2.4239882314512336e-09
1409,,2.4237080100725526e-09
1410,,2.4234657541672243e-09
1411,,2.4217177975993878e-09
1412,,2.4212910716408695e-09
1413,,2.4210044266408794e-09
1414,,2.4207604523609624e-09
1415,,2.41905057648435e-09
1416,,2.418599214244855e-09
1417,,2.4183053059117013e-09
1418,,2.418059357388257e-09
1419,,2.4163918948814675e-09
1420,,2.4159128029087246e-09
1421,,2.4156106875420453e-09
1422,,2.415362476780921e-09
1423,,2.413742308402164e-09
1424,,2.4132319986388674e-09
1425,,2.4129206154905586e-09
1426,,2.412669819512862e-09
1427,,2.4111024199895954e-09
1428,,2.410556984745562e-09
1429,,2.4102351418614645e-09
1430,,2.4099813967843333e-09
1431,,2.40847293490505e-09
1432,,2.407887966314537e-09
1433,,2.407554323509263e-09
1434,,2.4072972218101654e-09
1435,,2.405854614581216e-09
1436,,2.4052251770223686e-09
1437,,2.4048782283579475e-09
1438,,2.4046173101958562e-09
1439,,2.40324835403133e-09
1440,,2.4025688773055256e-09
1441,,2.402206929733021e-09
1442,,2.4019416800539443e-09
1443,,2.4006551146125123e-09
1444,,2.3999193643901963e-09
1445,,2.399540515462884e-09
1446,,2.3992703538411474e-09
1447,,2.3980760320366543e-09
1448,,2.3972769688396163e-09
1449,,2.396879079597229e-09
1450,,2.396603355267715e-09
1451,,2.3963648461050523e-09
1452,,2.3946420656026713e-09
1453,,2.394222734241758e-09
1454,,2.3939407145462704e-09
1455,,2.393700522130546e-09
1456,,2.3920150816398097e-09
1457,,2.391571602162832e-09
1458,,2.3912824639926708e-09
1459,,2.3910403377851262e-09
1460,,2.3893964842254467e-09
1461,,2.388925824464801e-09
1462,,2.388628642822521e-09
1463,,2.3883843004271036e-09
1464,,2.3867868179527942e-09
1465,,2.386285558595354e-09
1466,,2.3859792938309915e-09
1467,,2.3857324186392794e-09
1468,,2.384186673757954e-09
1469,,2.3836509847347503e-09
1470,,2.383334468177143e-09
1471,,2.3830847036380254e-09
1472,,2.381596743154473e-09
1473,,2.3810223035172667e-09
1474,,2.3806942215908294e-09
1475,,2.3804411677479786e-09
1476,,2.3790177722794013e-09
1477,,2.378399744060158e-09
1478,,2.3780586206691403e-09
1479,,2.3778018272350742e-09
1480,,2.3764506387317923e-09
1481,,2.3757835616257714e-09
1482,,2.375427737086667e-09
1483,,2.3751666991619994e-09
1484,,2.3738962846396844e-09
1485,,2.3731740476279736e-09
1486,,2.3728016571760433e-09
1487,,2.3725358055773725e-09
1488,,2.3713558231844385e-09
1489,,2.3705715260302775e-09
1490,,2.370180472858924e-09
1491,,2.3699091698659475e-09
1492,,2.369674346589397e-09
1493,,2.3679763643765082e-09
1494,,2.3675642941310524e-09
1495,,2.3672868215608736e-09
1496,,2.3670503497026146e-09
1497,,2.3653889809549033e-09
1498,,2.3649532413744745e-09
1499,,2.3646687923662796e-09
1500,,2.36443042603907e-09
1501,,2.3628098342156064e-09
1502,,2.3623474526040678e-09
1503,,2.3620551204961717e-09
1504,,2.3618145832727863e-09
1505,,2.360239457608211e-09
1506,,2.359747082745501e-09
1507,,2.359445848319696e-09
1508,,2.359202829429068e-09
1509,,2.35767843053124e-09
1510,,2.3571523076519656e-09
1511,,2.3568410254029915e-09
1512,,2.3565951756821796e-09
1513,,2.355127430792833e-09
1514,,2.354563324619254e-09
1515,,2.3542407067572444e-09
1516,,2.3539916341816868e-09
1517,,2.3525871898643032e-09
1518,,2.351980357835403e-09
1519,,2.351644957431614e-09
1520,,2.3513922204392317e-09
1521,,2.350058567694488e-09
1522,,2.3494036576337286e-09
1523,,2.3490538480652976e-09
1524,,2.3487969515458023e-09
1525,,2.347542488051792e-09
1526,,2.346833509605693e-09
1527,,2.34646746268142e-09
1528,,2.3462058491415712e-09
1529,,2.3450400419555503e-09
1530,,2.3442702312845757e-09
1531,,2.343885891838043e-09
1532,,2.3436189359137435e-09
1533,,2.343387738754478e-09
1534,,2.3417141828093715e-09
1535,,2.3413092430752714e-09
1536,,2.341036240842214e-09
1537,,2.34080342885562e-09
1538,,2.3391657746239275e-09
1539,,2.338737634577484e-09
1540,,2.3384577950830973e-09
1541,,2.338223127390459e-09
1542,,2.3366254555186784e-09
1543,,2.3361712015183415e-09
1544,,2.335883635850458e-09
1545,,2.335646841495508e-09
1546,,2.334093748947363e-09
1547,,2.333610095525537e-09
1548,,2.333313804721381e-09
1549,,2.3330745791053126e-09
1550,,2.3315712225192424e-09
1551,,2.3310544893174574e-09
1552,,2.3307483505946257e-09
1553,,2.3305063511851506e-09
1554,,2.329058540422677e-09
1555,,2.328504575899779e-09
1556,,2.3281873269948014e-09
1557,,2.3279421698330035e-09
1558,,2.3265564201500494e-09
1559,,2.32596057546944e-09
1560,,2.3256307978612288e-09
1561,,2.325382050023205e-09
1562,,2.3240657042468244e-09
1563,,2.323422733098756e-09
1564,,2.3230788324130055e-09
1565,,2.322826008514824e-09
1566,,2.321587298556476e-09
1567,,2.3208913287517912e-09
1568,,2.3205315128257358e-09
1569,,2.320274066304739e-09
1570,,2.3191222721158293e-09
1571,,2.3183666735511265e-09
1572,,2.3179889280253823e-09
1573,,2.317726245989679e-09
1574,,2.3174986162355146e-09
1575,,2.3158491210096887e-09
1576,,2.315451183473084e-09
1577,,2.3151825757899577e-09
1578,,2.3149533643904475e-09
1579,,2.3133390726475636e-09
1580,,2.3129183946341185e-09
1581,,2.31264308620747e-09
1582,,2.312412057063354e-09
1583,,2.310836969171451e-09
1584,,2.3103906944189977e-09
1585,,2.3101078137165092e-09
1586,,2.309874701216466e-09
1587,,2.3083433231539857e-09
1588,,2.3078682312608834e-09
1589,,2.3075767990892483e-09
1590,,2.3073413047117796e-09
1591,,2.305858691059136e-09
1592,,2.30535117445318e-09
1593,,2.3050500902531878e-09
1594,,2.304811878287671e-09
1595,,2.303383724107443e-09
1596,,2.3028397132523315e-09
1597,,2.302527739721727e-09
1598,,2.3022864333900983e-09
1599,,2.30091912548518e-09
1600,,2.3003340631411133e-09
1601,,2.300009809956426e-09
1602,,2.299764985198097e-09
1603,,2.2984657209114167e-09
1604,,2.297834464812222e-09
1605,,2.2974963686881484e-09
1606,,2.2972475497608825e-09
1607,,2.296024398595657e-09
1608,,2.2953411924749006e-09
1609,,2.2949874969691294e-09
1610,,2.2947341479225025e-09
1611,,2.293596206137733e-09
1612,,2.2928545509531823e-09
1613,,2.292483281612896e-09
1614,,2.2922248016920704e-09
1615,,2.292000681534003e-09
1616,,2.2903748869039605e-09
1617,,2.2899838256537026e-09
1618,,2.2897195386167466e-09
1619,,2.289493869346586e-09
1620,,2.2879025940609217e-09
1621,,2.287489242757572e-09
1622,,2.287218388651501e-09
1623,,2.2869909388842647e-09
1624,,2.2854381040261272e-09
1625,,2.2849996633068902e-09
1626,,2.284721387727471e-09
1627,,2.2844918969279956e-09
1628,,2.282981919436069e-09
1629,,2.282515232255931e-09
1630,,2.2822285755249833e-09
1631,,2.2819967512079914e-09
1632,,2.280534585885129e-09
1633,,2.2800361158682907e-09
1634,,2.2797399990862337e-09
1635,,2.2795055120462825e-09
1636,,2.2780967414197767e-09
1637,,2.277562499592028e-09
1638,,2.277255709814134e-09
1639,,2.2770181909553155e-09
1640,,2.275669075333817e-09
1641,,2.2750945944949506e-09
1642,,2.274775769056444e-09
1643,,2.274534802454102e-09
1644,,2.273252397351409e-09
1645,,2.2726326366892634e-09
1646,,2.272300243180536e-09
1647,,2.2720553626490295e-09
1648,,2.270847577795119e-09
1649,,2.2701768949871353e-09
1650,,2.2698292113515426e-09
1651,,2.26957989157897e-09
1652,,2.2684556436155174e-09
1653,,2.2677276680440543e-09
1654,,2.2673627590242638e-09
1655,,2.2671084109479417e-09
1656,,2.2668877436658147e-09
1657,,2.26528529567402e-09
1658,,2.2649009871256263e-09
1659,,2.2646409478256326e-09
1660,,2.264418763260456e-09
1661,,2.2628501636684933e-09
1662,,2.2624440070332234e-09
1663,,2.2621775315507127e-09
1664,,2.2619536028871804e-09
1665,,2.260422695306859e-09
1666,,2.2599919459079218e-09
1667,,2.2597181971975613e-09
1668,,2.259492269084968e-09
1669,,2.258003383143465e-09
1670,,2.2575449468737486e-09
1671,,2.2572629836901526e-09
1672,,2.2570347693012615e-09
1673,,2.2555927621206383e-09
1674,,2.255103172237367e-09
1675,,2.254811937107966e-09
1676,,2.254581113971809e-09
1677,,2.253191457453065e-09
1678,,2.2526668037632516e-09
1679,,2.252365107890705e-09
1680,,2.252131313976269e-09
1681,,2.2508001451953055e-09
1682,,2.250236048796722e-09
1683,,2.249922556099429e-09
1684,,2.249685383964268e-09
1685,,2.248419618431847e-09
1686,,2.2478111383167553e-09
1687,,2.2474843468856815e-09
1688,,2.247243339243546e-09
1689,,2.246050730921373e-09
1690,,2.245392335703159e-09
1691,,2.2450505576625706e-09
1692,,2.244805199713582e-09
1693,,2.243694488869436e-09
1694,,2.2429799342675533e-09
1695,,2.242621272214835e-09
1696,,2.242370986732879e-09
1697,,2.2421537166330968e-09
1698,,2.240574266575603e-09
1699,,2.240196589550632e-09
1700,,2.2399407264857953e-09
1701,,2.239721970312763e-09
1702,,2.2381757110119822e-09
1703,,2.2377766188271637e-09
1704,,2.237514447895487e-09
1705,,2.237293983346082e-09
1706,,2.2357846824714954e-09
1707,,2.235361484766966e-09
1708,,2.2350921854577937e-09
1709,,2.234869762137378e-09
1710,,2.2334016637630983e-09
1711,,2.2329513273104964e-09
1712,,2.232673977135481e-09
1713,,2.2324493139306495e-09
1714,,2.231027179184519e-09
1715,,2.23054630584193e-09
1716,,2.230259868081092e-09
1717,,2.2300326488864234e-09
1718,,2.228661841432118e-09
1719,,2.2281465982776302e-09
1720,,2.2278499079271285e-09
1721,,2.2276197778553226e-09
1722,,2.226306313627088e-09
1723,,2.225752408290651e-09
1724,,2.2254441551132676e-09
1725,,2.225210714790599e-09
1726,,2.2239613727052366e-09
1727,,2.2233639617102992e-09
1728,,2.2230426739319603e-09
1729,,2.2228054750391363e-09
1730,,2.2216278557506784e-09
1731,,2.220981517068759e-09
1732,,2.220645540114813e-09
1733,,2.2204040782229004e-09
1734,,2.2193067489555865e-09
1735,,2.218605361844191e-09
1736,,2.218252835550832e-09
1737,,2.218006544596428e-09
1738,,2.2177926167885914e-09
1739,,2.216235821883411e-09
1740,,2.2158646574700883e-09
1741,,2.2156129004106154e-09
1742,,2.2153975171855835e-09
1743,,2.2138732681867587e-09
1744,,2.2134811127834697e-09
1745,,2.2132231737028577e-09
1746,,2.2130061171265703e-09
1747,,2.2115181073121406e-09
1748,,2.211102323999351e-09
1749,,2.210837398422787e-09
1750,,2.2106184229998164e-09
1751,,2.209170812463129e-09
1752,,2.2087284278708742e-09
1753,,2.208455611854179e-09
1754,,2.2082344420179558e-09
1755,,2.206831897958083e-09
1756,,2.2063595808840112e-09
1757,,2.2060778578990455e-09
1758,,2.2058541837506232e-09
1759,,2.2045019641378242e-09
1760,,2.2039959574443664e-09
1761,,2.203704185477158e-09
1762,,2.2034776592001596e-09
1763,,2.202181660759232e-09
1764,,2.201637756884041e-09
1765,,2.201334652017326e-09
1766,,2.2011048820013246e-09
1767,,2.1998717495900562e-09
1768,,2.1992852008751706e-09
1769,,2.1989693199179265e-09
1770,,2.198735866953819e-09
1771,,2.1975730515086116e-09
1772,,2.1969385427393626e-09
1773,,2.1966082639505026e-09
1774,,2.1963706331941993e-09
1775,,2.195286532597031e-09
1776,,2.194598064101318e-09
1777,,2.194251564217547e-09
1778,,2.1940092011388206e-09
1779,,2.1937985616794966e-09
1780,,2.192264084697747e-09
1781,,2.1918993160344086e-09
1782,,2.1916515958290126e-09
1783,,2.1914395311579484e-09
1784,,2.189936967652775e-09
1785,,2.1895516240852005e-09
1786,,2.1892978452549053e-09
1787,,2.1890841414085086e-09
1788,,2.187617112109867e-09
1789,,2.1872086083538826e-09
1790,,2.186947982321421e-09
1791,,2.186732398598619e-09
1792,,2.1853049812957244e-09
1793,,2.184870403134478e-09
1794,,2.184602043748042e-09
1795,,2.184384310160995e-09
1796,,2.1830010798656082e-09
1797,,2.1825371616220486e-09
1798,,2.1822600725410244e-09
1799,,2.1820398853872064e-09
1800,,2.180705995833648e-09
1801,,2.1802090549120143e-09
1802,,2.179922116416858e-09
1803,,2.179699134621151e-09
1804,,2.178420366515594e-09
1805,,2.177886278130558e-09
1806,,2.177588231775869e-09
1807,,2.1773620715823505e-09
1808,,2.1761449386446277e-09
1809,,2.1755690488989203e-09
1810,,2.1752584801836697e-09
1811,,2.1750287108126573e-09
1812,,2.1738805163578574e-09
1813,,2.1732576152707137e-09
1814,,2.172932934210601e-09
1815,,2.1726990708811123e-09
1816,,2.171628046983704e-09
1817,,2.1709522533838546e-09
1818,,2.1706116728037316e-09
1819,,2.170373171825314e-09
1820,,2.170165768005878e-09
1821,,2.1686532764492314e-09
1822,,2.1682947892761274e-09
1823,,2.1680510383114426e-09
1824,,2.167842238530502e-09
1825,,2.166361040827366e-09
1826,,2.1659823861952394e-09
1827,,2.165732697481685e-09
1828,,2.1655222920389835e-09
1829,,2.1640759373928842e-09
1830,,2.1636745811841665e-09
1831,,2.1634181818146024e-09
1832,,2.1632059348113803e-09
1833,,2.161798420414515e-09
1834,,2.1613715060678963e-09
1835,,2.161107527049744e-09
1836,,2.1608931739527924e-09
1837,,2.1595289842384138e-09
1838,,2.159073310639588e-09
1839,,2.1588007755256194e-09
1840,,2.1585840184351128e-09
1841,,2.157268205658397e-09
1842,,2.156780162729098e-09
1843,,2.1564979741048573e-09
1844,,2.156278478832051e-09
1845,,2.1550167092555386e-09
1846,,2.154492253785493e-09
1847,,2.1541991779266084e-09
1848,,2.1539765680395884e-09
1849,,2.1527752265385582e-09
1850,,2.152209796843996e-09
1851,,2.1519044469368937e-09
1852,,2.1516783005663805e-09
1853,,2.1505445466337456e-09
1854,,2.1499330351722213e-09
1855,,2.149613852886813e-09
1856,,2.1493836946146057e-09
1857,,2.148325597456095e-09
1858,,2.1476622394086792e-09
1859,,2.1473274729361863e-09
1860,,2.147092769599381e-09
1861,,2.14688854948832e-09
1862,,2.145397716666234e-09
1863,,2.1450453984713925e-09
1864,,2.1448055499970527e-09
1865,,2.144599962554023e-09
1866,,2.1431398160750343e-09
1867,,2.1427677299200377e-09
1868,,2.1425220623469383e-09
1869,,2.1423149019230842e-09
1870,,2.1408889208715764e-09
1871,,2.140494582788467e-09
1872,,2.140242337977116e-09
1873,,2.140033373839889e-09
1874,,2.1386454763182356e-09
1875,,2.138226085932368e-09
1876,,2.13796641266046e-09
1877,,2.1377553849278606e-09
1878,,2.136409967174604e-09
1879,,2.1359623866737904e-09
1880,,2.135694327391105e-09
1881,,2.135480944510654e-09
1882,,2.1341829584365783e-09
1883,,2.133703649298258e-09
1884,,2.1334261281427554e-09
1885,,2.133210062243325e-09
1886,,2.13196506256761e-09
1887,,2.1314500612192952e-09
1888,,2.131161869057521e-09
1889,,2.1309427513282983e-09
1890,,2.129756996678685e-09
1891,,2.1292018314249234e-09
1892,,2.1289016089866553e-09
1893,,2.1286790257235624e-09
1894,,2.127559533992981e-09
1895,,2.1269591984546707e-09
1896,,2.1266454179831374e-09
1897,,2.1264189032415594e-09
1898,,2.1253735843836994e-09
1899,,2.1247224274454098e-09
1900,,2.1243933717936657e-09
1901,,2.124162402848261e-09
1902,,2.123961315162547e-09
1903,,2.122491819661107e-09
1904,,2.1221455599267116e-09
1905,,2.121909548708274e-09
1906,,2.1217071217996862e-09
1907,,2.120267716984016e-09
1908,,2.1199020810575635e-09
1909,,2.1196603666213732e-09
1910,,2.1194563991108897e-09
1911,,2.1180504952430505e-09
1912,,2.11766304792799e-09
1913,,2.1174148876410717e-09
1914,,2.11720915305167e-09
1915,,2.115840590967296e-09
1916,,2.115428587323475e-09
1917,,2.1151731461878484e-09
1918,,2.114965389888371e-09
1919,,2.113638479096523e-09
1920,,2.1131988433345225e-09
1921,,2.112935182970197e-09
1922,,2.1127251191783116e-09
1923,,2.1114447135225168e-09
1924,,2.1109739769639764e-09
1925,,2.1107010429139007e-09
1926,,2.1104883503635663e-09
1927,,2.109259894980271e-09
1928,,2.1087541721159267e-09
1929,,2.1084707788676402e-09
1930,,2.108255095977171e-09
1931,,2.1070847259439094e-09
1932,,2.106539633603468e-09
1933,,2.1062444488227203e-09
1934,,2.1060253699037136e-09
1935,,2.1049199645275177e-09
1936,,2.1043305951162476e-09
1937,,2.1040221212469147e-09
1938,,2.103799189502447e-09
1939,,2.1027665025063315e-09
1940,,2.102127316763091e-09
1941,,2.1018038704681925e-09
1942,,2.1015765737042437e-09
1943,,2.101378568115205e-09
1944,,2.0999300933254575e-09
1945,,2.099589783878606e-09
1946,,2.0993575457137723e-09
1947,,2.099158228488434e-09
1948,,2.0977392605046714e-09
1949,,2.0973799586724656e-09
1950,,2.0971421308879067e-09
1951,,2.0969413047286685e-09
1952,,2.0955551863321794e-09
1953,,2.0951745051932385e-09
1954,,2.0949303598675207e-09
1955,,2.0947278026867298e-09
1956,,2.0933782988562035e-09
1957,,2.0929735474731663e-09
1958,,2.0927222663721035e-09
1959,,2.0925177286475255e-09
1960,,2.0912090637402893e-09
1961,,2.090777226831542e-09
1962,,2.09051789005432e-09
1963,,2.0903110914638848e-09
1964,,2.0890480236805863e-09
1965,,2.088585701463313e-09
1966,,2.0883172751414744e-09
1967,,2.0881079007727826e-09
1968,,2.0868957674903848e-09
1969,,2.086399150995315e-09
1970,,2.08612047327385e-09
1971,,2.085908168758067e-09
1972,,2.0847529839501947e-09
1973,,2.0842177767576527e-09
1974,,2.0839275414513753e-09
1975,,2.0837119091527243e-09
1976,,2.0826204162736024e-09
1977,,2.0820418074126245e-09
1978,,2.081738546501127e-09
1979,,2.0815191387353425e-09
1980,,2.080498938262278e-09
1981,,2.0798714980246747e-09
1982,,2.079553561601156e-09
1983,,2.079329876052953e-09
1984,,2.0791349031306697e-09
1985,,2.0777071377360413e-09
1986,,2.077372672435774e-09
1987,,2.077144143892796e-09
1988,,2.076947886511864e-09
1989,,2.0755490552889466e-09
1990,,2.0751959737075187e-09
1991,,2.0749619673111348e-09
1992,,2.07476423194024e-09
1993,,2.0733976117859952e-09
1994,,2.073023573990295e-09
1995,,2.0727833760481634e-09
1996,,2.072583944835298e-09
1997,,2.0712532263673126e-09
1998,,2.0708555950437805e-09
1999,,2.070608403090215e-09
2000,,2.0704070318181636e-09
2001,,2.069116355810589e-09
2002,,2.0686921749678434e-09
2003,,2.0684370877382024e-09
2004,,2.068233501139982e-09
2005,,2.0669875320607196e-09
2006,,2.0665334689593363e-09
2007,,2.066269472715813e-09
2008,,2.066063362356423e-09
2009,,2.064867332151089e-09
2010,,2.064379653345092e-09
2011,,2.0641056091086677e-09
2012,,2.063896627633351e-09
2013,,2.062756431305279e-09
2014,,2.0622309248739978e-09
2015,,2.061945552552865e-09
2016,,2.0617333100702365e-09
2017,,2.0606555582491067e-09
2018,,2.0600875081562867e-09
2019,,2.0597893686628347e-09
2020,,2.0595734263016746e-09
2021,,2.0585655690958223e-09
2022,,2.0579496530913714e-09
2023,,2.057637128920171e-09
2024,,2.0574169944236632e-09
2025,,2.0572250058404547e-09
2026,,2.0558176430456896e-09
2027,,2.055488917482375e-09
2028,,2.0552640368520277e-09
2029,,2.0550707902725796e-09
2030,,2.053691800324505e-09
2031,,2.0533448272364707e-09
2032,,2.053114577931696e-09
2033,,2.052919883609635e-09
2034,,2.051572478938161e-09
2035,,2.0512049645902455e-09
2036,,2.0509686469862638e-09
2037,,2.0507722914194204e-09
2038,,2.049460089521255e-09
2039,,2.0490694485211215e-09
2040,,2.048826276369013e-09
2041,,2.0486280200135447e-09
2042,,2.0473550799571118e-09
2043,,2.0469384148716013e-09
2044,,2.046687504398581e-09
2045,,2.0464870776849873e-09
2046,,2.0452579715771244e-09
2047,,2.0448120154773817e-09
2048,,2.0445523730313104e-09
2049,,2.0443494734509055e-09
2050,,2.0431693304008097e-09
2051,,2.0426904232139647e-09
2052,,2.042420932431792e-09
2053,,2.0422152194422435e-09
2054,,2.041089817593222e-09
2055,,2.0405738310274005e-09
2056,,2.040293236804014e-09
2057,,2.0400843283623308e-09
2058,,2.039020148038957e-09
2059,,2.0384624590529053e-09
2060,,2.0381693507265814e-09
2061,,2.0379568166418772e-09
2062,,2.036961160864419e-09
2063,,2.0363565521187995e-09
2064,,2.0360493443822707e-09
2065,,2.0358327021083883e-09
2066,,2.0356436498192496e-09
2067,,2.0342563881575526e-09
2068,,2.033933299960088e-09
2069,,2.0337120063165797e-09
2070,,2.0335217219934e-09
2071,,2.0321622829185608e-09
2072,,2.031821308571044e-09
2073,,2.031594753447307e-09
2074,,2.0314030510798413e-09
2075,,2.030074583413142e-09
2076,,2.029713474485745e-09
2077,,2.02948097202942e-09
2078,,2.029287642445456e-09
2079,,2.02799369237328e-09
2080,,2.0276099145697e-09
2081,,2.0273706939042654e-09
2082,,2.027175502098881e-09
2083,,2.0259200486362745e-09
2084,,2.025510761666818e-09
2085,,2.025263956509841e-09
2086,,2.02506663826828e-09
2087,,2.0238541631873938e-09
2088,,2.0234161646771508e-09
2089,,2.0231608011310005e-09
2090,,2.0229610600784692e-09
2091,,2.021796590956314e-09
2092,,2.0213262931051884e-09
2093,,2.021061276656446e-09
2094,,2.020858778797555e-09
2095,,2.019747980060314e-09
2096,,2.0192413360537222e-09
2097,,2.0189654364894906e-09
2098,,2.0187598074425337e-09
2099,,2.017709031214298e-09
2100,,2.0171615091696773e-09
2101,,2.01687334378644e-09
2102,,2.0166641618293842e-09
2103,,2.0156805667578305e-09
2104,,2.0150870527399727e-09
2105,,2.014785067351445e-09
2106,,2.0145718591823117e-09
2107,,2.0143856965438007e-09
2108,,2.013018238840668e-09
2109,,2.0127006876051e-09
2110,,2.0124829210275054e-09
2111,,2.0122955517076875e-09
2112,,2.010955377229581e-09
2113,,2.010620294031347e-09
2114,,2.0103973710239463e-09
2115,,2.0102086126876745e-09
2116,,2.008898807876911e-09
2117,,2.008543988813118e-09
2118,,2.0083152369247586e-09
2119,,2.0081248846007646e-09
2120,,2.00684892554408e-09
2121,,2.006471886235482e-09
2122,,2.0062365499469252e-09
2123,,2.006044373324676e-09
2124,,2.0048061606731725e-09
2125,,2.004404116899591e-09
2126,,2.004161346910715e-09
2127,,2.003967086857835e-09
2128,,2.0027710138507163e-09
2129,,2.0023408264617007e-09
2130,,2.0020896681612396e-09
2131,,2.0018930341813505e-09
2132,,2.000744029030217e-09
2133,,2.000282181150723e-09
2134,,2.0000215616685778e-09
2135,,1.9998222264319023e-09
2136,,1.9987258417380585e-09
2137,,1.998228366282679e-09
2138,,1.9979570796358493e-09
2139,,1.9977546760541216e-09
2140,,1.9967171389959684e-09
2141,,1.996179593456738e-09
2142,,1.995896284149941e-09
2143,,1.995690398914824e-09
2144,,1.994718726257193e-09
2145,,1.994136097727231e-09
2146,,1.993839242381657e-09
2147,,1.9936294117424067e-09
2148,,1.9927314706317593e-09
2149,,1.9920981480546218e-09
2150,,1.9917860340362457e-09
2151,,1.9915717355417176e-09
2152,,1.9913872345301625e-09
2153,,1.9900660444094026e-09
2154,,1.9897367455249967e-09
2155,,1.9895173934019156e-09
2156,,1.9893315317873857e-09
2157,,1.9880401218478754e-09
2158,,1.987691477626371e-09
2159,,1.987466412761795e-09
2160,,1.98727898951191e-09
2161,,1.9860207672214338e-09
2162,,1.985650342376511e-09
2163,,1.9854188239636217e-09
2164,,1.9852296136012775e-09
2165,,1.984008402417543e-09
2166,,1.9836134675460387e-09
2167,,1.983374663322597e-09
2168,,1.9831834118395097e-09
2169,,1.982003518162238e-09
2170,,1.981580996192101e-09
2171,,1.9813339701638086e-09
2172,,1.981140392668867e-09
2173,,1.9800066477834387e-09
2174,,1.9795530910684694e-09
2175,,1.979296791626584e-09
2176,,1.9791005672205182e-09
2177,,1.978018413996471e-09
2178,,1.977529934047032e-09
2179,,1.977263179016319e-09
2180,,1.9770639478187688e-09
2181,,1.976039490328233e-09
2182,,1.9755117321343915e-09
2183,,1.9752331928599637e-09
2184,,1.9750305496135124e-09
2185,,1.9740706664258922e-09
2186,,1.9734987160759606e-09
2187,,1.9732068990059836e-09
2188,,1.9730003892926795e-09
2189,,1.972112792541405e-09
2190,,1.9714911493093924e-09
2191,,1.971184375790795e-09
2192,,1.9709734876105187e-09
2193,,1.9707918087954893e-09
2194,,1.9694893259213764e-09
2195,,1.9691657078461613e-09
2196,,1.968949866723244e-09
2197,,1.9687668554304435e-09
2198,,1.967493574529743e-09
2199,,1.967150993815038e-09
2200,,1.9669295537451907e-09
2201,,1.9667450127359954e-09
2202,,1.965504274091728e-09
2203,,1.9651403436834675e-09
2204,,1.964912578581882e-09
2205,,1.9647262866944605e-09
2206,,1.963521838295348e-09
2207,,1.9631338825967358e-09
2208,,1.9628989763034344e-09
2209,,1.9627106847573658e-09
2210,,1.961546748044123e-09
2211,,1.96113175058606e-09
2212,,1.9608887860233135e-09
2213,,1.9606982151652306e-09
2214,,1.959579526345503e-09
2215,,1.9591341075999586e-09
2216,,1.958882053603213e-09
2217,,1.958688889193093e-09
2218,,1.9576207833998094e-09
2219,,1.9571411314823366e-09
2220,,1.956878829409687e-09
2221,,1.9566827185271156e-09
2222,,1.9556711794731414e-09
2223,,1.9551530255181335e-09
2224,,1.954879172608625e-09
2225,,1.9546797182179917e-09
2226,,1.9537314886454047e-09
2227,,1.9531700157260557e-09
2228,,1.9528831480184725e-09
2229,,1.9526799045530737e-09
2230,,1.9518025444625947e-09
2231,,1.9511923600789713e-09
2232,,1.9508908323368992e-09
2233,,1.9506832976506676e-09
2234,,1.95050439631566e-09
2235,,1.949220347287782e-09
2236,,1.9489023082734622e-09
2237,,1.9486899195217046e-09
2238,,1.9485097128805023e-09
2239,,1.947254299136457e-09
2240,,1.946917672778641e-09
2241,,1.946699796659739e-09
2242,,1.946518091449409e-09
2243,,1.945294587248938e-09
2244,,1.9449370335210137e-09
2245,,1.944712958086386e-09
2246,,1.944529537641303e-09
2247,,1.9433416170546797e-09
2248,,1.942960513052789e-09
2249,,1.94272943858861e-09
2250,,1.9425440588536498e-09
2251,,1.9413958600794806e-09
2252,,1.9409882490818918e-09
2253,,1.9407492761991543e-09
2254,,1.940561663342741e-09
2255,,1.9394578290174e-09
2256,,1.9390203978283613e-09
2257,,1.9387725159627618e-09
2258,,1.9385823618044775e-09
2259,,1.937528121780078e-09
2260,,1.9370571339799913e-09
2261,,1.936799207152309e-09
2262,,1.9366061657189136e-09
2263,,1.935607385673173e-09
2264,,1.9350986565739125e-09
2265,,1.9348294079883874e-09
2266,,1.9346330899987885e-09
2267,,1.9336963796136215e-09
2268,,1.9331451872911204e-09
2269,,1.9328631817613777e-09
2270,,1.9326631503854976e-09
2271,,1.9317959205999656e-09
2272,,1.9311969790396453e-09
2273,,1.930900603567346e-09
2274,,1.9306963669295793e-09
2275,,1.930520198474144e-09
2276,,1.9292543146231084e-09
2277,,1.928941754911947e-09
2278,,1.9287327608007804e-09
2279,,1.9285553138557446e-09
2280,,1.9273175098211865e-09
2281,,1.9269867302656473e-09
2282,,1.9267723581795286e-09
2283,,1.926593443444021e-09
2284,,1.9253869284170545e-09
2285,,1.925035635586932e-09
2286,,1.92481518747795e-09
2287,,1.9246345923304794e-09
2288,,1.9234629681264095e-09
2289,,1.923088590816533e-09
2290,,1.9228612828365045e-09
2291,,1.9226787680614153e-09
2292,,1.92154609122666e-09
2293,,1.9211457307978272e-09
2294,,1.920910681405836e-09
2295,,1.920725978545388e-09
2296,,1.9196368000304138e-09
2297,,1.9192072088457644e-09
2298,,1.9189634271857177e-09
2299,,1.918776234219842e-09
2300,,1.917735680628345e-09
2301,,1.9172731962664476e-09
2302,,1.917019568809118e-09
2303,,1.9168295465669223e-09
2304,,1.9158433681960057e-09
2305,,1.915343887821276e-09
2306,,1.9150791630751138e-09
2307,,1.914885929921434e-09
2308,,1.913960605781318e-09
2309,,1.9134195012092752e-09
2310,,1.9131422721752566e-09
2311,,1.912945399944489e-09
2312,,1.912088194741917e-09
2313,,1.911500283990211e-09
2314,,1.911208969666063e-09
2315,,1.911007976031773e-09
2316,,1.910834497016937e-09
2317,,1.9095865136132107e-09
2318,,1.9092793352839536e-09
2319,,1.909073679188703e-09
2320,,1.908898947905256e-09
2321,,1.907678499427152e-09
2322,,1.9073534617451395e-09
2323,,1.9071425346776997e-09
2324,,1.906966365682202e-09
2325,,1.9057765980432296e-09
2326,,1.9054314528107628e-09
2327,,1.905214570872921e-09
2328,,1.9050367555006e-09
2329,,1.9038811996112865e-09
2330,,1.903513426303111e-09
2331,,1.903289820650506e-09
2332,,1.903110124682895e-09
2333,,1.9019927567832127e-09
2334,,1.9015995141034195e-09
2335,,1.9013683206098335e-09
2336,,1.901186480964392e-09
2337,,1.9001117623876043e-09
2338,,1.899689866605813e-09
2339,,1.899450114413917e-09
2340,,1.8992658344616514e-09
2341,,1.8982387908088532e-09
2342,,1.8977846517765998e-09
2343,,1.8975352489848606e-09
2344,,1.897348196533269e-09
2345,,1.896374464418419e-09
2346,,1.895884060430094e-09
2347,,1.8956237802767833e-09
2348,,1.895433581376212e-09
2349,,1.8945195119287836e-09
2350,,1.8939883059679798e-09
2351,,1.8937157691466126e-09
2352,,1.893522004098037e-09
2353,,1.8926747187900215e-09
2354,,1.8920976310256164e-09
2355,,1.891811287894622e-09
2356,,1.891613483610991e-09
2357,,1.891442651183604e-09
2358,,1.8902123074567587e-09
2359,,1.8899104144298575e-09
2360,,1.8897080407406514e-09
2361,,1.8895359817834514e-09
2362,,1.8883326387927096e-09
2363,,1.888013239749756e-09
2364,,1.8878057002236955e-09
2365,,1.887632232779531e-09
2366,,1.8864589746235e-09
2367,,1.8861198656798703e-09
2368,,1.8859064895299964e-09
2369,,1.8857314092412828e-09
2370,,1.884591697040971e-09
2371,,1.8842304074161365e-09
2372,,1.8840104412027585e-09
2373,,1.8838335184611827e-09
2374,,1.8827312499067856e-09
2375,,1.8823449944537464e-09
2376,,1.88211759120392e-09
2377,,1.881938567849832e-09
2378,,1.8808781164087376e-09
2379,,1.880463774069169e-09
2380,,1.8802279818556026e-09
2381,,1.880046567603569e-09
2382,,1.879032859359686e-09
2383,,1.8785869108859186e-09
2384,,1.878341659356125e-09
2385,,1.8781575284178463e-09
2386,,1.8771960891288587e-09
2387,,1.8767145920323776e-09
2388,,1.87645867892297e-09
2389,,1.876271464524974e-09
2390,,1.8753685197953985e-09
2391,,1.8748470266026317e-09
2392,,1.874579099707792e-09
2393,,1.8743883904629025e-09
2394,,1.873550921486836e-09
2395,,1.8729844525403722e-09
2396,,1.8727029926298647e-09
2397,,1.8725083249720765e-09
2398,,1.872340097037343e-09
2399,,1.871127136537006e-09
2400,,1.8708304342050387e-09
2401,,1.8706312882202725e-09
2402,,1.8704618590853866e-09
2403,,1.8692753755317578e-09
2404,,1.8689615137164195e-09
2405,,1.8687573047195e-09
2406,,1.8685864957725274e-09
2407,,1.86742951249652e-09
2408,,1.867096330630294e-09
2409,,1.8668864011731485e-09
2410,,1.8667140124162706e-09
2411,,1.8655899221543712e-09
2412,,1.8652349981465663e-09
2413,,1.865018609720442e-09
2414,,1.864844415597017e-09
2415,,1.863757039490164e-09
2416,,1.8633776430984904e-09
2417,,1.8631539653259517e-09
2418,,1.862977713022408e-09
2419,,1.8619313380187446e-09
2420,,1.8615244098333645e-09
2421,,1.86129250953485e-09
2422,,1.8611139143907014e-09
2423,,1.860113369510611e-09
2424,,1.8596754596472794e-09
2425,,1.8594342878103933e-09
2426,,1.8592530306121009e-09
2427,,1.8583037323834373e-09
2428,,1.8578309761469267e-09
2429,,1.8575793536910355e-09
2430,,1.8573950749034011e-09
2431,,1.856503126446952e-09
2432,,1.8559911640117496e-09
2433,,1.8557277657894823e-09
2434,,1.8555400620914685e-09
2435,,1.8547123067536526e-09
2436,,1.8541562568250813e-09
2437,,1.8538795934401936e-09
2438,,1.8536880103937112e-09
2439,,1.8535223456144693e-09
2440,,1.8523265154415137e-09
2441,,1.8520349116087768e-09
2442,,1.851838939618187e-09
2443,,1.851672098129027e-09
2444,,1.850502231673414e-09
2445,,1.8501938077469993e-09
2446,,1.8499928735406096e-09
2447,,1.8498246806053286e-09
2448,,1.848683741266633e-09
2449,,1.848356379241378e-09
2450,,1.8481498384612106e-09
2451,,1.8479800978066281e-09
2452,,1.8468714117076214e-09
2453,,1.846522737257733e-09
2454,,1.8463098659041586e-09
2455,,1.846138356483963e-09
2456,,1.845065668984182e-09
2457,,1.8446930060369042e-09
2458,,1.844472990093154e-09
2459,,1.8442994640480929e-09
2460,,1.8432669778430775e-09
2461,,1.84286732714316e-09
2462,,1.8426392516629715e-09
2463,,1.8424634302089392e-09
2464,,1.8414758786579582e-09
2465,,1.841045858487502e-09
2466,,1.8408086953184898e-09
2467,,1.8406302652597493e-09
2468,,1.8396929585040917e-09
2469,,1.839228780081455e-09
2470,,1.8389813735811148e-09
2471,,1.838799982467951e-09
2472,,1.8379189028025699e-09
2473,,1.8374162928656929e-09
2474,,1.8371573438888555e-09
2475,,1.8369725962015382e-09
2476,,1.836154452431489e-09
2477,,1.8356086253114776e-09
2478,,1.8353366737422476e-09
2479,,1.83514812429374e-09
2480,,1.8349849819346177e-09
2481,,1.8338060334648433e-09
2482,,1.833519437164449e-09
2483,,1.8333265863389328e-09
2484,,1.8331622913778202e-09
2485,,1.8320088032635292e-09
2486,,1.8317057195616834e-09
2487,,1.831508005241237e-09
2488,,1.8313423865836608e-09
2489,,1.8302172638398788e-09
2490,,1.8298956165499885e-09
2491,,1.8296924072956102e-09
2492,,1.8295252723094868e-09
2493,,1.828431775286644e-09
2494,,1.8280892369192655e-09
2495,,1.8278798229162494e-09
2496,,1.8277109549699968e-09
2497,,1.8266527553737368e-09
2498,,1.8262867026624356e-09
2499,,1.8260702859248735e-09
2500,,1.8258994422536756e-09
2501,,1.8248806594201454e-09
2502,,1.8244881523370963e-09
2503,,1.8242638361645395e-09
2504,,1.824090743028006e-09
2505,,1.8231160176063559e-09
2506,,1.8226937407934806e-09
2507,,1.8224605171065017e-09
2508,,1.8222848680000812e-09
2509,,1.8213594047584748e-09
2510,,1.820903644600185e-09
2511,,1.8206603805379261e-09
2512,,1.8204818296930215e-09
2513,,1.81961149339419e-09
2514,,1.8191180605369803e-09
2515,,1.8188634825721732e-09
2516,,1.8186816423552438e-09
2517,,1.8178730092410246e-09
2518,,1.8173372126397722e-09
2519,,1.8170698895709798e-09
2520,,1.816884323644539e-09
2521,,1.8167236637078864e-09
2522,,1.8155613519441372e-09
2523,,1.8152796739135225e-09
2524,,1.8150898922074335e-09
2525,,1.8149281034889327e-09
2526,,1.813790758618068e-09
2527,,1.8134929192744206e-09
2528,,1.8132983712134598e-09
2529,,1.8131352856595444e-09
2530,,1.8120257553490913e-09
2531,,1.8117097195090982e-09
2532,,1.8115097858540767e-09
2533,,1.8113452148893115e-09
2534,,1.8102666951314612e-09
2535,,1.809930181361297e-09
2536,,1.8097241660665672e-09
2537,,1.8095578974564625e-09
2538,,1.8085139874521218e-09
2539,,1.8081544239558429e-09
2540,,1.8079415449852907e-09
2541,,1.8077733406172637e-09
2542,,1.8067680786499727e-09
2543,,1.8063825834960125e-09
2544,,1.8061619619412123e-09
2545,,1.8059915533400988e-09
2546,,1.8050294884476613e-09
2547,,1.8046148116351038e-09
2548,,1.804385459392662e-09
2549,,1.8042125459583557e-09
2550,,1.803298780337659e-09
2551,,1.80285128144743e-09
2552,,1.8026120877119298e-09
2553,,1.8024363308628435e-09
2554,,1.801576613367891e-09
2555,,1.8010921858184588e-09
2556,,1.8008419022545845e-09
2557,,1.8006629219070703e-09
2558,,1.799863699276274e-09
2559,,1.799337744506479e-09
2560,,1.7990749680825714e-09
2561,,1.7988923363850864e-09
2562,,1.798734119561065e-09
2563,,1.797588203301067e-09
2564,,1.7973113559497913e-09
2565,,1.7971245926724734e-09
2566,,1.7969652702565059e-09
2567,,1.795843837075963e-09
2568,,1.7955511481242212e-09
2569,,1.795359713316091e-09
2570,,1.7951991205652716e-09
2571,,1.7941049618171582e-09
2572,,1.7937944364682459e-09
2573,,1.793597723035426e-09
2574,,1.7934356751378565e-09
2575,,1.7923719240215323e-09
2576,,1.7920413253259569e-09
2577,,1.7918386513960938e-09
2578,,1.7916749402251509e-09
2579,,1.7906451246624726e-09
2580,,1.7902919318791601e-09
2581,,1.7900825306146907e-09
2582,,1.7899169227299197e-09
2583,,1.7889250015871119e-09
2584,,1.7885463892610713e-09
2585,,1.7883293990365966e-09
2586,,1.7881616314582625e-09
2587,,1.7872120639063242e-09
2588,,1.7868048465335342e-09
2589,,1.7865792986522635e-09
2590,,1.7864090766061916e-09
2591,,1.7855068643171065e-09
2592,,1.7850674731323506e-09
2593,,1.7848322788284068e-09
2594,,1.7846592703335876e-09
2595,,1.7838100485795132e-09
2596,,1.7833344580838054e-09
2597,,1.7830883936273598e-09
2598,,1.7829122260739252e-09
2599,,1.7821223147604168e-09
2600,,1.781606016667355e-09
2601,,1.781347706650377e-09
2602,,1.7811679608525783e-09
2603,,1.7810121483577238e-09
2604,,1.7798823903190826e-09
2605,,1.779610287720504e-09
2606,,1.7794264926273492e-09
2607,,1.7792695973506992e-09
2608,,1.7781638478464013e-09
2609,,1.777876217149733e-09
2610,,1.7776878435440255e-09
2611,,1.7775297039714712e-09
2612,,1.7764506994618018e-09
2613,,1.776145584783457e-09
2614,,1.7759520377851063e-09
2615,,1.7757924727441801e-09
2616,,1.7747432844382824e-09
2617,,1.774418493360635e-09
2618,,1.7742191042578847e-09
2619,,1.774057909631929e-09
2620,,1.7730419961851408e-09
2621,,1.7726950574739689e-09
2622,,1.7724890746279686e-09
2623,,1.7723260216409678e-09
2624,,1.7713472637700058e-09
2625,,1.7709754078369343e-09
2626,,1.7707619866290775e-09
2627,,1.7705968173853271e-09
2628,,1.7696595860521485e-09
2629,,1.769259690214328e-09
2630,,1.7690378809568172e-09
2631,,1.76887030665398e-09
2632,,1.7679795052932294e-09
2633,,1.7675480708388253e-09
2634,,1.7673168063786915e-09
2635,,1.7671465014957871e-09
2636,,1.7663076540087017e-09
2637,,1.7658407351051833e-09
2638,,1.7655988157397451e-09
2639,,1.7654254150509917e-09
2640,,1.7646447166117559e-09
2641,,1.7641378939346407e-09
2642,,1.7638839714852595e-09
2643,,1.7637070638686737e-09
2644,,1.7635536176977138e-09
2645,,1.7624397838422306e-09
2646,,1.7621723417461307e-09
2647,,1.761991465741716e-09
2648,,1.7618369591901318e-09
2649,,1.7607466686112121e-09
2650,,1.7604640055319544e-09
2651,,1.7602786421585627e-09
2652,,1.7601229167685754e-09
2653,,1.7590588522250418e-09
2654,,1.7587590509440595e-09
2655,,1.7585686171424472e-09
2656,,1.7584114951698347e-09
2657,,1.757376667182564e-09
2658,,1.757057578449365e-09
2659,,1.7568614187082503e-09
2660,,1.7567027002207199e-09
2661,,1.755700499207229e-09
2662,,1.7553597004869291e-09
2663,,1.7551570779099935e-09
2664,,1.7549965386430713e-09
2665,,1.754030768779533e-09
2666,,1.7536655450173138e-09
2667,,1.7534556315956347e-09
2668,,1.7532930189145807e-09
2669,,1.7523679650309371e-09
2670,,1.7519752552436841e-09
2671,,1.7517571201539228e-09
2672,,1.751592150638193e-09
2673,,1.7507126193159904e-09
2674,,1.7502889938479607e-09
2675,,1.7500615909610405e-09
2676,,1.74989394547733e-09
2677,,1.7490653520364647e-09
2678,,1.7486069425456283e-09
2679,,1.7483690958456102e-09
2680,,1.7481984166543183e-09
2681,,1.7474268337282356e-09
2682,,1.7469293083542368e-09
2683,,1.7466796960902941e-09
2684,,1.7465055800915587e-09
2685,,1.7463544629688251e-09
2686,,1.7452563228216868e-09
2687,,1.7449934585646033e-09
2688,,1.7448154532047706e-09
2689,,1.7446632973663465e-09
2690,,1.7435882447067253e-09
2691,,1.743310460410101e-09
2692,,1.7431280572182518e-09
2693,,1.74297470747003e-09
2694,,1.7419253718152696e-09
2695,,1.7416307881393434e-09
2696,,1.7414434154261793e-09
2697,,1.7412886975759432e-09
2698,,1.74026803031399e-09
2699,,1.739954540296083e-09
2700,,1.7397615554637052e-09
2701,,1.7396052735198706e-09
2702,,1.7386165979256383e-09
2703,,1.7382818271419297e-09
2704,,1.7380825077494881e-09
2705,,1.7379244418944964e-09
2706,,1.7369714873357326e-09
2707,,1.7366127738987462e-09
2708,,1.73640630843195e-09
2709,,1.7362462107722748e-09
2710,,1.735333177596112e-09
2711,,1.7349475210634997e-09
2712,,1.7347329968024605e-09
2713,,1.7345705897876496e-09
2714,,1.7337021897017687e-09
2715,,1.7332862280304202e-09
2716,,1.7330626195396189e-09
2717,,1.7328975903855955e-09
2718,,1.732079131842829e-09
2719,,1.7316290729493707e-09
2720,,1.731395227560103e-09
2721,,1.731227225315171e-09
2722,,1.7304646613495215e-09
2723,,1.729976258696204e-09
2724,,1.729730880649993e-09
2725,,1.7295595102833996e-09
2726,,1.7294106853044117e-09
2727,,1.728328012404734e-09
2728,,1.728069644504758e-09
2729,,1.7278944623538278e-09
2730,,1.727744620157764e-09
2731,,1.7266845874627985e-09
2732,,1.7264115945527718e-09
2733,,1.726232102263542e-09
2734,,1.726081090591861e-09
2735,,1.7250462759891095e-09
2736,,1.7247568159254237e-09
2737,,1.7245724529675693e-09
2738,,1.7244201010794657e-09
2739,,1.7234133975171084e-09
2740,,1.7231054049221017e-09
2741,,1.722915541389061e-09
2742,,1.7227616570659187e-09
2743,,1.7217863227429523e-09
2744,,1.7214574697128435e-09
2745,,1.7212613974399252e-09
2746,,1.721105765190566e-09
2747,,1.7201654555973286e-09
2748,,1.7198131330235285e-09
2749,,1.7196100563932345e-09
2750,,1.7194524335245404e-09
2751,,1.718551266048165e-09
2752,,1.7181725324751593e-09
2753,,1.71796155694961e-09
2754,,1.7178016710681786e-09
2755,,1.7169442648486391e-09
2756,,1.716535824471909e-09
2757,,1.7163159448037249e-09
2758,,1.7161534893069241e-09
2759,,1.7153450478611996e-09
2760,,1.7149031837570509e-09
2761,,1.7146732696955025e-09
2762,,1.7145079006668696e-09
2763,,1.7137542599824486e-09
2764,,1.713274808800011e-09
2765,,1.7130335904034442e-09
2766,,1.712864920625301e-09
2767,,1.7127183516768752e-09
2768,,1.711650922363471e-09
2769,,1.7113969712678826e-09
2770,,1.7112245656842258e-09
2771,,1.7110770005055597e-09
2772,,1.7100317731088834e-09
2773,,1.709763486150276e-09
2774,,1.7095868563054356e-09
2775,,1.7094381456399664e-09
2776,,1.708417647071041e-09
2777,,1.7081332186479065e-09
2778,,1.7079518149248682e-09
2779,,1.7078017912709874e-09
2780,,1.7068088577477867e-09
2781,,1.7065062629068436e-09
2782,,1.7063194679747333e-09
2783,,1.7061679431517749e-09
2784,,1.705205768133891e-09
2785,,1.7048827250857886e-09
2786,,1.7046898447893027e-09
2787,,1.7045366072451173e-09
2788,,1.7036087745582031e-09
2789,,1.7032627255180283e-09
2790,,1.703062979798968e-09
2791,,1.702907791863945e-09
2792,,1.7020183374965415e-09
2793,,1.7016463991436374e-09
2794,,1.7014389111200327e-09
2795,,1.7012815055125097e-09
2796,,1.7004349576770488e-09
2797,,1.7000338991486423e-09
2798,,1.699817683387147e-09
2799,,1.6996577598488324e-09
2800,,1.6988592192201018e-09
2801,,1.6984253965409123e-09
2802,,1.6981993453633197e-09
2803,,1.698036566480532e-09
2804,,1.6972917542033116e-09
2805,,1.696821086546287e-09
2806,,1.6965839547783022e-09
2807,,1.6964179409676319e-09
2808,,1.696273592581612e-09
2809,,1.695221187076182e-09
2810,,1.6949715743615432e-09
2811,,1.6948018995658757e-09
2812,,1.6946565753161341e-09
2813,,1.6936259420218674e-09
2814,,1.6933622769681602e-09
2815,,1.6931884619072494e-09
2816,,1.6930420156813418e-09
2817,,1.6920356315324923e-09
2818,,1.691756144036142e-09
2819,,1.691577650241224e-09
2820,,1.6914299178131283e-09
2821,,1.6904505631356747e-09
2822,,1.6901532684114074e-09
2823,,1.6899694904902473e-09
2824,,1.6898202872859157e-09
2825,,1.6888710925468952e-09
2826,,1.6885537536075773e-09
2827,,1.6883640111596251e-09
2828,,1.6882131301512512e-09
2829,,1.6872976084314605e-09
2830,,1.6869577180167235e-09
2831,,1.6867612462877779e-09
2832,,1.6866084539853448e-09
2833,,1.685730561907945e-09
2834,,1.6853652934602237e-09
2835,,1.6851612330783079e-09
2836,,1.6850062678727296e-09
2837,,1.6841704442710159e-09
2838,,1.6837766304407887e-09
2839,,1.6835640151793196e-09
2840,,1.683406582459781e-09
2841,,1.6826178275529472e-09
2842,,1.6821918964821735e-09
2843,,1.6819696406403037e-09
2844,,1.6818094097688033e-09
2845,,1.6810733317213443e-09
2846,,1.6806112829857754e-09
2847,,1.6803781657739167e-09
2848,,1.6802147645820256e-09
2849,,1.680072601857859e-09
2850,,1.6790350033897552e-09
2851,,1.6787896522189426e-09
2852,,1.6786226630441735e-09
2853,,1.678479544536406e-09
2854,,1.67746329688121e-09
2855,,1.6772041714187501e-09
2856,,1.677033124464653e-09
2857,,1.6768889068689678e-09
2858,,1.675896438203804e-09
2859,,1.6756218029542745e-09
2860,,1.6754461704916804e-09
2861,,1.675300692918968e-09
2862,,1.6743347285984977e-09
2863,,1.6740426380193556e-09
2864,,1.6738618263577785e-09
2865,,1.6737149080592918e-09
2866,,1.6727785169901306e-09
2867,,1.672466778143944e-09
2868,,1.6722801203615127e-09
2869,,1.6721315579492662e-09
2870,,1.6712281839543743e-09
2871,,1.6708943390971453e-09
2872,,1.670701085766011e-09
2873,,1.670550650704916e-09
2874,,1.6696841720979674e-09
2875,,1.66932545045917e-09
2876,,1.6691247587596479e-09
2877,,1.6689721943977623e-09
2878,,1.6681469628958547e-09
2879,,1.6677602593994683e-09
2880,,1.6675511824541683e-09
2881,,1.6673962000817712e-09
2882,,1.66661711706943e-09
2883,,1.6661989304796881e-09
2884,,1.6659804036775493e-09
2885,,1.6658226792159836e-09
2886,,1.6650952424203692e-09
2887,,1.6646416508815254e-09
2888,,1.6644124777091946e-09
2889,,1.6642516463822793e-09
2890,,1.6641116346868446e-09
2891,,1.6630886301609931e-09
2892,,1.6628474651836917e-09
2893,,1.6626831173400936e-09
2894,,1.6625421695993758e-09
2895,,1.6615401027689917e-09
2896,,1.6612854356256364e-09
2897,,1.6611171109346102e-09
2898,,1.6609750867021283e-09
2899,,1.659996337724385e-09
2900,,1.6597264676141772e-09
2901,,1.6595536485756335e-09
2902,,1.659410390022613e-09
2903,,1.6584576306439192e-09
2904,,1.6581706501206423e-09
2905,,1.6579927548166897e-09
2906,,1.6578480847410284e-09
2907,,1.6569243232763296e-09
2908,,1.6566180827383981e-09
2909,,1.6564344575708103e-09
2910,,1.6562881766592535e-09
2911,,1.65539678916546e-09
2912,,1.6550688791452707e-09
2913,,1.6548787891707839e-09
2914,,1.6547306733475166e-09
2915,,1.6538754617350871e-09
2916,,1.6535231660572888e-09
2917,,1.6533257852364573e-09
2918,,1.6531755830539604e-09
2919,,1.6523608129357541e-09
2920,,1.6519810880076048e-09
2921,,1.6517754879920902e-09
2922,,1.6516229162912147e-09
2923,,1.6508533925573045e-09
2924,,1.650442806044173e-09
2925,,1.6502279434407392e-09
2926,,1.6500726844875196e-09
2927,,1.6493537966570317e-09
2928,,1.6489085037952814e-09
2929,,1.6486832055109077e-09
2930,,1.648524901856666e-09
2931,,1.648387007518896e-09
2932,,1.6473783866368832e-09
2933,,1.6471413337585343e-09
2934,,1.64697958375266e-09
2935,,1.6468407726746335e-09
2936,,1.645852684492626e-09
2937,,1.645602396450617e-09
2938,,1.6454367488242867e-09
2939,,1.64529688337326e-09
2940,,1.6443316610317364e-09
2941,,1.6440664704488914e-09
2942,,1.6438964179007249e-09
2943,,1.6437553433233785e-09
2944,,1.6428156057842155e-09
2945,,1.642533643003763e-09
2946,,1.6423586151494437e-09
2947,,1.6422161576844545e-09
2948,,1.6413048540339878e-09
2949,,1.6410040118679642e-09
2950,,1.6408233678053532e-09
2951,,1.6406793319937024e-09
2952,,1.6397997718378988e-09
2953,,1.639477688060345e-09
2954,,1.6392907076115355e-09
2955,,1.639144873916778e-09
2956,,1.6383007840235998e-09
2957,,1.637954796214021e-09
2958,,1.637760669461001e-09
2959,,1.6376127914008158e-09
2960,,1.6368083535224032e-09
2961,,1.6364354778158812e-09
2962,,1.6362332948096074e-09
2963,,1.6360830947350063e-09
2964,,1.635323018861167e-09
2965,,1.6349198907649573e-09
2966,,1.6347086284912295e-09
2967,,1.634555795097997e-09
2968,,1.6338453646565005e-09
2969,,1.633408215008782e-09
2970,,1.633186723669439e-09
2971,,1.6330309063139763e-09
2972,,1.6328950960701711e-09
2973,,1.6319006521183592e-09
2974,,1.631667638483282e-09
2975,,1.6315084435474298e-09
2976,,1.6313717355115193e-09
2977,,1.6303974269741725e-09
2978,,1.6301514401163649e-09
2979,,1.6299884251909418e-09
2980,,1.629850684221224e-09
2981,,1.628898798359521e-09
2982,,1.6286382035675602e-09
2983,,1.6284708713887093e-09
2984,,1.6283319460870321e-09
2985,,1.6274050501916676e-09
2986,,1.627128014484741e-09
2987,,1.6269558059494453e-09
2988,,1.6268155258258735e-09
2989,,1.6259165109984207e-09
2990,,1.6256209687577004e-09
2991,,1.6254432556026175e-09
2992,,1.6253014291005157e-09
2993,,1.6244335394471286e-09
2994,,1.6241171752052577e-09
2995,,1.6239332512647937e-09
2996,,1.623789663181431e-09
2997,,1.622956552268679e-09
2998,,1.6226167559585245e-09
2999,,1.622425827449159e-09
3000,,1.6222802360149852e-09
3001,,1.6214860030071964e-09
3002,,1.6211198496341713e-09
3003,,1.6209210244263442e-09
3004,,1.6207731576685263e-09
3005,,1.6200224197844375e-09
3006,,1.6196266111542664e-09
3007,,1.6194188863628157e-09
3008,,1.6192684389456049e-09
3009,,1.6185663753299164e-09
3010,,1.6181372166815077e-09
3011,,1.6179194654155062e-09
3012,,1.6177660937138226e-09
3013,,1.6176323348466104e-09
3014,,1.6166518639581893e-09
3015,,1.616422818359678e-09
3016,,1.616266136438057e-09
3017,,1.61613149830294e-09
3018,,1.6151707734680077e-09
3019,,1.6149290110333842e-09
3020,,1.6147685854263446e-09
3021,,1.614632935540672e-09
3022,,1.6136941987211233e-09
3023,,1.6134381172036792e-09
3024,,1.613273460156628e-09
3025,,1.6131366500344788e-09
3026,,1.6122224181965205e-09
3027,,1.6119502205938083e-09
3028,,1.6117807841705584e-09
3029,,1.6116426467468503e-09
3030,,1.6107557537469028e-09
3031,,1.6104654152508835e-09
3032,,1.6102905834361049e-09
3033,,1.6101509310487935e-09
3034,,1.60929455719639e-09
3035,,1.6089838079411737e-09
3036,,1.6088028884871912e-09
3037,,1.6086615100345112e-09
3038,,1.6078392367927135e-09
3039,,1.6075055180723096e-09
3040,,1.6073177330110927e-09
3041,,1.6071743916182402e-09
3042,,1.6063902373812937e-09
3043,,1.6060306818757642e-09
3044,,1.6058351565936072e-09
3045,,1.6056895854241416e-09
3046,,1.6049480763733654e-09
3047,,1.604559451050159e-09
3048,,1.604355202344755e-09
3049,,1.6042071022864026e-09
3050,,1.6035133157013035e-09
3051,,1.60309199824323e-09
3052,,1.6028779214809461e-09
3053,,1.6027269555104516e-09
3054,,1.6025952158937646e-09
3055,,1.6016285172552437e-09
3056,,1.6014033697192464e-09
3057,,1.6012491596645779e-09
3058,,1.6011165589812133e-09
3059,,1.6001692243671957e-09
3060,,1.599931611497791e-09
3061,,1.5997737321591416e-09
3062,,1.599640140532073e-09
3063,,1.5987143680905123e-09
3064,,1.598462718996704e-09
3065,,1.5983006924940349e-09
3066,,1.5981659643047882e-09
3067,,1.5972642213167414e-09
3068,,1.5969967746078527e-09
3069,,1.596830063623536e-09
3070,,1.5966940350692707e-09
3071,,1.5958190993170484e-09
3072,,1.5955338701273377e-09
3073,,1.5953618710796428e-09
3074,,1.5952243580539503e-09
3075,,1.5943793473386231e-09
3076,,1.5940741103471685e-09
3077,,1.5938961446233517e-09
3078,,1.5937569403803169e-09
3079,,1.5929453654242641e-09
3080,,1.5926176125257107e-09
3081,,1.5924329170784856e-09
3082,,1.592291789464224e-09
3083,,1.591517589688921e-09
3084,,1.5911645098704939e-09
3085,,1.5909722276324376e-09
3086,,1.5908289150634162e-09
3087,,1.5900965272502053e-09
3088,,1.5897149513544014e-09
3089,,1.5895141184967109e-09
3090,,1.589368327504509e-09
3091,,1.5886827288949532e-09
3092,,1.5882691061696681e-09
3093,,1.5880586395402106e-09
3094,,1.5879100400177289e-09
3095,,1.5877802879996313e-09
3096,,1.5868271640217972e-09
3097,,1.5866058455765517e-09
3098,,1.5864540667789653e-09
3099,,1.5863234714290818e-09
3100,,1.5853893371559913e-09
3101,,1.5851557998621082e-09
3102,,1.5850004248944773e-09
3103,,1.5848688588806255e-09
3104,,1.5839558689765567e-09
3105,,1.5837085731053658e-09
3106,,1.5835491333690715e-09
3107,,1.5834164541024858e-09
3108,,1.5825270272572338e-09
3109,,1.5822642457259243e-09
3110,,1.5821002148436972e-09
3111,,1.5819662615363502e-09
3112,,1.5811031209890378e-09
3113,,1.5808229082415094e-09
3114,,1.5806536941647365e-09
3115,,1.5805182866097728e-09
3116,,1.5796844884806971e-09
3117,,1.579384663053644e-09
3118,,1.5792096005408817e-09
3119,,1.5790725359125426e-09
3120,,1.5782715218821183e-09
3121,,1.5779496250766253e-09
3122,,1.5777679664567345e-09
3123,,1.5776290170082067e-09
3124,,1.5768646486825543e-09
3125,,1.5765179250247009e-09
3126,,1.576328829824444e-09
3127,,1.576187739261319e-09
3128,,1.57546436612668e-09
3129,,1.57508970866578e-09
3130,,1.5748922322222897e-09
3131,,1.5747487129888885e-09
3132,,1.5740712141521625e-09
3133,,1.573665142145143e-09
3134,,1.573458222578229e-09
3135,,1.5733119509693564e-09
3136,,1.5726858230690418e-09
3137,,1.572244410428795e-09
3138,,1.5720268543311345e-09
3139,,1.5718774669962415e-09
3140,,1.571748845566997e-09
3141,,1.5708277231288361e-09
3142,,1.5705981899563657e-09
3143,,1.5704452780646324e-09
3144,,1.5703157059974816e-09
3145,,1.5694153182747454e-09
3146,,1.5691722982965594e-09
3147,,1.5690154028514518e-09
3148,,1.5688847400493118e-09
3149,,1.5680074580875095e-09
3150,,1.5677492586998093e-09
3151,,1.567587863239156e-09
3152,,1.5674559523760675e-09
3153,,1.566604445559709e-09
3154,,1.5663291592940107e-09
3155,,1.5661626837449155e-09
3156,,1.5660293480473238e-09
3157,,1.5652066123578e-09
3158,,1.5649121008252909e-09
3159,,1.5647398928654718e-09
3160,,1.564604933711952e-09
3161,,1.563814342897129e-09
3162,,1.5634981959509845e-09
3163,,1.563319522642033e-09
3164,,1.5631827166475024e-09
3165,,1.5624280562933069e-09
3166,,1.562087572559468e-09
3167,,1.561901610037728e-09
3168,,1.5617627059433442e-09
3169,,1.5610482397858886e-09
3170,,1.5606803737635604e-09
3171,,1.5604861959979925e-09
3172,,1.5603449118104328e-09
3173,,1.5596754227642536e-09
3174,,1.5592767620978918e-09
3175,,1.5590733281926083e-09
3176,,1.5589293467405154e-09
3177,,1.558310223108665e-09
3178,,1.5578769192390215e-09
3179,,1.5576630592667294e-09
3180,,1.5575160242677857e-09
3181,,1.5573893458512627e-09
3182,,1.556481050621228e-09
3183,,1.556255450240937e-09
3184,,1.5561049610760021e-09
3185,,1.5559773515232165e-09
3186,,1.5550893893429306e-09
3187,,1.5548505689350657e-09
3188,,1.5546961752768702e-09
3189,,1.5545674973883488e-09
3190,,1.5537021925786693e-09
3191,,1.553448492689773e-09
3192,,1.5532896884495196e-09
3193,,1.5531597879743905e-09
3194,,1.5523197572086203e-09
3195,,1.5520493081828942e-09
3196,,1.5518855247283468e-09
3197,,1.5517542283645243e-09
3198,,1.550942408632366e-09
3199,,1.5506531140502283e-09
3200,,1.5504837119584812e-09
3201,,1.5503508247316332e-09
3202,,1.5495705233045838e-09
3203,,1.5492600205485692e-09
3204,,1.5490842814733016e-09
3205,,1.5489495845178656e-09
3206,,1.5482045122980102e-09
3207,,1.5478701533121929e-09
3208,,1.5476872694401332e-09
3209,,1.5475505165650065e-09
3210,,1.546844853287425e-09
3211,,1.5464836525009824e-09
3212,,1.546292716133251e-09
3213,,1.5461536308732812e-09
3214,,1.5454920652215833e-09
3215,,1.5451006776186985e-09
3216,,1.5449006682915447e-09
3217,,1.5447589395447622e-09
3218,,1.544146753615359e-09
3219,,1.5437214063197647e-09
3220,,1.5435111773144544e-09
3221,,1.543366456061223e-09
3222,,1.5432416902527202e-09
3223,,1.5423460402702572e-09
3224,,1.5421243030489596e-09
3225,,1.5419761965015996e-09
3226,,1.5418505186898686e-09
3227,,1.540974807943397e-09
3228,,1.5407401121448351e-09
3229,,1.5405881788546643e-09
3230,,1.5404614545269272e-09
3231,,1.5396079615777976e-09
3232,,1.5393586802519897e-09
3233,,1.539202424127419e-09
3234,,1.5390745020351825e-09
3235,,1.53824579193399e-09
3236,,1.5379800923598692e-09
3237,,1.537818955898883e-09
3238,,1.5376896661742217e-09
3239,,1.536888618111311e-09
3240,,1.5366044451438857e-09
3241,,1.5364378016780091e-09
3242,,1.536306953164802e-09
3243,,1.5355368091666245e-09
3244,,1.535231846832304e-09
3245,,1.5350589919154028e-09
3246,,1.5349263701655233e-09
3247,,1.5341907678923593e-09
3248,,1.5338624203266515e-09
3249,,1.533682562281057e-09
3250,,1.5335479259320763e-09
3251,,1.5328509626842283e-09
3252,,1.5324963030916826e-09
3253,,1.5323085520473796e-09
3254,,1.5321716300178581e-09
3255,,1.5315179021532198e-09
3256,,1.5311336515181415e-09
3257,,1.5309370070835032e-09
3258,,1.5307974945256258e-09
3259,,1.530192179975984e-09
3260,,1.5297746398790734e-09
3261,,1.5295679777950138e-09
3262,,1.5294255324689661e-09
3263,,1.5293026492890952e-09
3264,,1.5284194656055777e-09
3265,,1.5282015230306172e-09
3266,,1.5280557597825447e-09
3267,,1.5279319833483645e-09
3268,,1.527068352752647e-09
3269,,1.526837707675942e-09
3270,,1.5266881940307993e-09
3271,,1.526563392453975e-09
3272,,1.5257215484997757e-09
3273,,1.5254766061792085e-09
3274,,1.525322855703517e-09
3275,,1.5251968807374404e-09
3276,,1.5243793380304168e-09
3277,,1.5241183018369127e-09
3278,,1.523959767939109e-09
3279,,1.5238324531102192e-09
3280,,1.5230420340741227e-09
3281,,1.5227628894069562e-09
3282,,1.5225989577051119e-09
3283,,1.5224701155597674e-09
3284,,1.5217099983161108e-09
3285,,1.521410474797168e-09
3286,,1.5212404549018493e-09
3287,,1.5211098752501525e-09
3288,,1.5203836257899724e-09
3289,,1.5200611787284936e-09
3290,,1.5198842943978906e-09
3291,,1.5197517404485264e-09
3292,,1.5190633753761552e-09
3293,,1.5187151357127065e-09
3294,,1.5185305146721317e-09
3295,,1.5183957209949242e-09
3296,,1.5177497460779926e-09
3297,,1.5173724991987648e-09
3298,,1.5171791608654494e-09
3299,,1.5170418284404846e-09
3300,,1.5164433193520782e-09
3301,,1.5160334399698627e-09
3302,,1.5158302822507867e-09
3303,,1.5156900755754077e-09
3304,,1.515569045569689e-09
3305,,1.5146981514651606e-09
3306,,1.5144839362952823e-09
3307,,1.5143404779602289e-09
3308,,1.5142185730648727e-09
3309,,1.5133668536002504e-09
3310,,1.5131401870084817e-09
3311,,1.5129930527674007e-09
3312,,1.5128701437775159e-09
3313,,1.5120397882227877e-09
3314,,1.5117991069804546e-09
3315,,1.5116478201754234e-09
3316,,1.5115237617270834e-09
3317,,1.5107172353148162e-09
3318,,1.5104607781011539e-09
3319,,1.5103048029821415e-09
3320,,1.5101794316933264e-09
3321,,1.5093995011814815e-09
3322,,1.5091252931452406e-09
3323,,1.5089640273388364e-09
3324,,1.5088371596674226e-09
3325,,1.5080869404912447e-09
3326,,1.507792755971727e-09
3327,,1.5076255226846238e-09
3328,,1.5074969523708703e-09
3329,,1.506779940381716e-09
3330,,1.5064632848292458e-09
3331,,1.506289323195505e-09
3332,,1.5061588183409735e-09
3333,,1.5054789507491106e-09
3334,,1.5051370116787816e-09
3335,,1.5049554665409557e-09
3336,,1.504822766830408e-09
3337,,1.504184460618873e-09
3338,,1.5038140867607444e-09
3339,,1.503623996964949e-09
3340,,1.503488809247534e-09
3341,,1.5028970400493524e-09
3342,,1.5024946777453708e-09
3343,,1.502294962647819e-09
3344,,1.5021569581611872e-09
3345,,1.5020377524528023e-09
3346,,1.5011789740210926e-09
3347,,1.5009684202482514e-09
3348,,1.5008272288581991e-09
3349,,1.5007071661712492e-09
3350,,1.499867191156861e-09
3351,,1.4996444321434629e-09
3352,,1.4994996380620785e-09
3353,,1.4993785917359775e-09
3354,,1.4985595665802623e-09
3355,,1.4983230697810026e-09
3356,,1.4981742057052447e-09
3357,,1.4980520332412528e-09
3358,,1.4972563742122035e-09
3359,,1.4970044130728698e-09
3360,,1.496850953741384e-09
3361,,1.4967274952304333e-09
3362,,1.495957914656373e-09
3363,,1.4956885532204046e-09
3364,,1.495529908367195e-09
3365,,1.4954049835871397e-09
3366,,1.494664535391614e-09
3367,,1.4943755920244788e-09
3368,,1.4942110978712092e-09
3369,,1.494084504952114e-09
3370,,1.493376616227236e-09
3371,,1.493065645167121e-09
3372,,1.4928945561961136e-09
3373,,1.4927660674490876e-09
3374,,1.4920945977353645e-09
3375,,1.4917588423911815e-09
3376,,1.491580319930041e-09
3377,,1.4914496804483924e-09
3378,,1.4908189596971013e-09
3379,,1.4904553306690087e-09
3380,,1.4902684326590921e-09
3381,,1.4901353549029472e-09
3382,,1.4895502607277674e-09
3383,,1.4891552742342115e-09
3384,,1.4889589415299907e-09
3385,,1.4888231032262738e-09
3386,,1.488705693124002e-09
3387,,1.4878588591226124e-09
3388,,1.4876519019679732e-09
3389,,1.487512940267783e-09
3390,,1.4873946910048646e-09
3391,,1.4865662963639744e-09
3392,,1.486347375282529e-09
3393,,1.4862048825542807e-09
3394,,1.486085669745082e-09
3395,,1.4852778187829887e-09
3396,,1.4850454312530203e-09
3397,,1.4848989495476205e-09
3398,,1.4847786336183076e-09
3399,,1.4839936948768626e-09
3400,,1.483746148568665e-09
3401,,1.4835951628593132e-09
3402,,1.4834735868827348e-09
3403,,1.4827142192672755e-09
3404,,1.4824496162536816e-09
3405,,1.4822935478534704e-09
3406,,1.4821705353127558e-09
3407,,1.4814397326914766e-09
3408,,1.4811559343069013e-09
3409,,1.4809941327941378e-09
3410,,1.480869485485488e-09
3411,,1.480170607354434e-09
3412,,1.479865216132644e-09
3413,,1.4796969503744564e-09
3414,,1.4795704455739805e-09
3415,,1.4789072751900933e-09
3416,,1.478577588811282e-09
3417,,1.4784020368020492e-09
3418,,1.4782734241889744e-09
3419,,1.4776502064336621e-09
3420,,1.4772931963877992e-09
3421,,1.477109434630688e-09
3422,,1.4769784325418764e-09
3423,,1.4763999488317765e-09
3424,,1.476012200022772e-09
3425,,1.475819190127312e-09
3426,,1.4756854825752651e-09
3427,,1.4755698403390562e-09
3428,,1.474734781882186e-09
3429,,1.4745313576106922e-09
3430,,1.4743945890568705e-09
3431,,1.474278124831881e-09
3432,,1.4734611488935313e-09
3433,,1.473245997185976e-09
3434,,1.4731057679152497e-09
3435,,1.4729883599439718e-09
3436,,1.4721915292032795e-09
3437,,1.471963177361906e-09
3438,,1.4718190383425011e-09
3439,,1.4717005495398485e-09
3440,,1.4709261862658439e-09
3441,,1.4706829748706474e-09
3442,,1.470534421527249e-09
3443,,1.4704146981669036e-09
3444,,1.469665408685209e-09
3445,,1.4694054775476735e-09
3446,,1.4692519422937334e-09
3447,,1.4691308114163307e-09
3448,,1.468409530514735e-09
3449,,1.4681307829095732e-09
3450,,1.4679716281688718e-09
3451,,1.4678488955323095e-09
3452,,1.4671589164462355e-09
3453,,1.4668590023489259e-09
3454,,1.4666935114330736e-09
3455,,1.4665689585629918e-09
3456,,1.4659139902121397e-09
3457,,1.4655902602643686e-09
3458,,1.4654176275363706e-09
3459,,1.4652910091072225e-09
3460,,1.4646752126545747e-09
3461,,1.4643246981098539e-09
3462,,1.464144017977381e-09
3463,,1.4640150579561724e-09
3464,,1.4634431205590549e-09
3465,,1.4630624736992135e-09
3466,,1.462872728380163e-09
3467,,1.4627411169928638e-09
3468,,1.4626272148589186e-09
3469,,1.4618037655821327e-09
3470,,1.4616038118863744e-09
3471,,1.461469200385286e-09
3472,,1.461354493146313e-09
3473,,1.4605487765846135e-09
3474,,1.4603373272308097e-09
3475,,1.4601993240908286e-09
3476,,1.4600836923715275e-09
3477,,1.4592977306295954e-09
3478,,1.4590733418513758e-09
3479,,1.4589315065470271e-09
3480,,1.4588148162941488e-09
3481,,1.458050885552855e-09
3482,,1.4578119308005389e-09
3483,,1.4576657689514946e-09
3484,,1.4575478690051855e-09
3485,,1.4568085244829722e-09
3486,,1.4565531800864433e-09
3487,,1.4564021352339014e-09
3488,,1.4562828562798083e-09
3489,,1.455570974787116e-09
3490,,1.455297185515143e-09
3491,,1.4551406326297132e-09
3492,,1.4550197842012955e-09
3493,,1.4543385942826415e-09
3494,,1.4540440561330396e-09
3495,,1.453881292477408e-09
3496,,1.4537586604903547e-09
3497,,1.4531117977952993e-09
3498,,1.4527939139474618e-09
3499,,1.4526241499044492e-09
3500,,1.452499493641195e-09
3501,,1.4518910374214523e-09
3502,,1.451546897442651e-09
3503,,1.4513692453954287e-09
3504,,1.4512422944332184e-09
3505,,1.4506768393216736e-09
3506,,1.4503031614225028e-09
3507,,1.4501166236261067e-09
3508,,1.4499870741686944e-09
3509,,1.4498748850696455e-09
3510,,1.449062881135213e-09
3511,,1.4488663365871752e-09
3512,,1.4487338468545417e-09
3513,,1.4486208693188927e-09
3514,,1.4478262550162929e-09
3515,,1.4476184421662997e-09
3516,,1.4474826282379076e-09
3517,,1.4473687450754749e-09
3518,,1.4465935027137223e-09
3519,,1.446373005984315e-09
3520,,1.4462334362956208e-09
3521,,1.4461185160674043e-09
3522,,1.4453648769650353e-09
3523,,1.4451301020918746e-09
3524,,1.4449862916214601e-09
3525,,1.4448701864320768e-09
3526,,1.4441406554078758e-09
3527,,1.4438898145033795e-09
3528,,1.4437412179724948e-09
3529,,1.4436237615025684e-09
3530,,1.442921158870358e-09
3531,,1.4426522372266593e-09
3532,,1.4424982419078842e-09
3533,,1.4423792475658179e-09
3534,,1.4417067380863478e-09
3535,,1.4414174770359585e-09
3536,,1.4412573941757167e-09
3537,,1.4411366521028503e-09
3538,,1.440497799796587e-09
3539,,1.4401856536308467e-09
3540,,1.4400187090067945e-09
3541,,1.4398959834245698e-09
3542,,1.439294787129247e-09
3543,,1.4389569028686417e-09
3544,,1.438782226310161e-09
3545,,1.4386572517808082e-09
3546,,1.4380982157616148e-09
3547,,1.4377313763391727e-09
3548,,1.437547989685869e-09
3549,,1.437420468529523e-09
3550,,1.4373099659917573e-09
3551,,1.436509245739977e-09
3552,,1.4363160503818353e-09
3553,,1.4361856475882863e-09
3554,,1.436074372669739e-09
3555,,1.43529070583511e-09
3556,,1.435086464718532e-09
3557,,1.4349528040410256e-09
3558,,1.4348406420525667e-09
3559,,1.434075971710749e-09
3560,,1.433859297382763e-09
3561,,1.4337219556790307e-09
3562,,1.433608777619576e-09
3563,,1.4328652912790296e-09
3564,,1.4326346208633019e-09
3565,,1.4324931224237361e-09
3566,,1.4323787836083789e-09
3567,,1.4316589366141244e-09
3568,,1.431412517232931e-09
3569,,1.431266327948637e-09
3570,,1.4311506651063636e-09
3571,,1.4304572221656917e-09
3572,,1.4301930790214e-09
3573,,1.430041597839859e-09
3574,,1.4299244282671466e-09
3575,,1.4292604917909139e-09
3576,,1.4289764107072887e-09
3577,,1.4288189626468592e-09
3578,,1.4287000802970757e-09
3579,,1.4280691443401775e-09
3580,,1.427762629604006e-09
3581,,1.4275984556509896e-09
3582,,1.4274776295953415e-09
3583,,1.426883613916322e-09
3584,,1.4265518689596442e-09
3585,,1.4263801161216035e-09
3586,,1.4262570860766487e-09
3587,,1.4257044063028006e-09
3588,,1.425344277294009e-09
3589,,1.4251639866643858e-09
3590,,1.4250384610502065e-09
3591,,1.4249296186090291e-09
3592,,1.4241400229311808e-09
3593,,1.4239501174621234e-09
3594,,1.4238217676845279e-09
3595,,1.4237121687569965e-09
3596,,1.4229392967610468e-09
3597,,1.422738563998458e-09
3598,,1.4226070210316107e-09
3599,,1.4224965533403575e-09
3600,,1.421742309820545e-09
3601,,1.4215293893052284e-09
3602,,1.421394238567658e-09
3603,,1.421282775508047e-09
3604,,1.4205493047871604e-09
3605,,1.4203226646520511e-09
3606,,1.4201834398472578e-09
3607,,1.4200708394894834e-09
3608,,1.419360548595582e-09
3609,,1.4191184705011995e-09
3610,,1.4189746478334675e-09
3611,,1.4188607504032177e-09
3612,,1.4181763494333129e-09
3613,,1.4179168974531744e-09
3614,,1.4177678878859886e-09
3615,,1.4176525139913265e-09
3616,,1.4169970444476703e-09
3617,,1.4167180479877424e-09
3618,,1.4165631897709895e-09
3619,,1.4164461374985076e-09
3620,,1.4158230244475988e-09
3621,,1.4155220371040457e-09
3622,,1.4153605861722545e-09
3623,,1.415241629168387e-09
3624,,1.4146547152320774e-09
3625,,1.4143289952761236e-09
3626,,1.4141601154706879e-09
3627,,1.4140389986623643e-09
3628,,1.4134926122805792e-09
3629,,1.413139068232259e-09
3630,,1.4129618195256559e-09
3631,,1.41283825687844e-09
3632,,1.4127310487915504e-09
3633,,1.4119524209404484e-09
3634,,1.4117657473759745e-09
3635,,1.411639416977405e-09
3636,,1.4115314681265686e-09
3637,,1.4107692405229978e-09
3638,,1.4105719536252566e-09
3639,,1.410442493598543e-09
3640,,1.4103336936833907e-09
3641,,1.4095897337373132e-09
3642,,1.409380500008879e-09
3643,,1.4092475038883489e-09
3644,,1.4091377289414185e-09
3645,,1.408414138761669e-09
3646,,1.408191456253686e-09
3647,,1.408054467049186e-09
3648,,1.4079435778709711e-09
3649,,1.4072427168882436e-09
3650,,1.407004901300144e-09
3651,,1.4068634054672458e-09
3652,,1.4067512453871193e-09
3653,,1.4060757703954864e-09
3654,,1.4058209238699339e-09
3655,,1.4056743440687247e-09
3656,,1.4055607372481139e-09
3657,,1.404913629847188e-09
3658,,1.404639624497989e-09
3659,,1.404487311956567e-09
3660,,1.4043720606271496e-09
3661,,1.403756678301895e-09
3662,,1.4034611160143099e-09
3663,,1.403302341203289e-09
3664,,1.4031852232272046e-09
3665,,1.4026053331256995e-09
3666,,1.4022855261369826e-09
3667,,1.4021194693983593e-09
3668,,1.4020002347686943e-09
3669,,1.4014600799470854e-09
3670,,1.4011129975644383e-09
3671,,1.4009387375946608e-09
3672,,1.4008171061238696e-09
3673,,1.400711507035664e-09
3674,,1.399943692453606e-09
3675,,1.3997601939770033e-09
3676,,1.3996358499323348e-09
3677,,1.3995295252760032e-09
3678,,1.398777793925685e-09
3679,,1.3985838917368122e-09
3680,,1.3984564804888404e-09
3681,,1.398349322229076e-09
3682,,1.3976155046426841e-09
3683,,1.3974098917974045e-09
3684,,1.397279014635889e-09
3685,,1.3971709012376367e-09
3686,,1.3964570582238485e-09
3687,,1.3962382621396696e-09
3688,,1.3961034712926154e-09
3689,,1.3959942663169395e-09
3690,,1.3953027108778796e-09
3691,,1.3950690804429476e-09
3692,,1.3949298722953206e-09
3693,,1.3948194221794107e-09
3694,,1.3941527586855915e-09
3695,,1.3939024333665484e-09
3696,,1.3937582421543391e-09
3697,,1.3936463743220425e-09
3698,,1.3930075256347674e-09
3699,,1.3927384197264095e-09
3700,,1.392588609215806e-09
3701,,1.3924751299938935e-09
3702,,1.391867387398664e-09
3703,,1.3915771498472898e-09
3704,,1.3914210051494781e-09
3705,,1.3913056967530226e-09
3706,,1.3907327531724455e-09
3707,,1.3904187490704546e-09
3708,,1.3902554666580102e-09
3709,,1.3901380840428953e-09
3710,,1.3896040989842473e-09
3711,,1.3892633575556936e-09
3712,,1.389092033993222e-09
3713,,1.3889723023449368e-09
3714,,1.3888682872804167e-09
3715,,1.3881111337724113e-09
3716,,1.3879307543980755e-09
3717,,1.3878083641468058e-09
3718,,1.387703638591151e-09
3719,,1.3869622574895561e-09
3720,,1.3867716800441816e-09
3721,,1.3866462835565498e-09
3722,,1.3865407414773465e-09
3723,,1.3858169272856586e-09
3724,,1.385614870367175e-09
3725,,1.3854860771674125e-09
3726,,1.3853795992588215e-09
3727,,1.384675371946942e-09
3728,,1.384460392343144e-09
3729,,1.3843277631848392e-09
3730,,1.3842202158213343e-09
3731,,1.3835378431041008e-09
3732,,1.38330832196885e-09
3733,,1.3831713632185725e-09
3734,,1.383062595907683e-09
3735,,1.382404630678943e-09
3736,,1.3821587443038955e-09
3737,,1.3820169012230976e-09
3738,,1.3819067449159218e-09
3739,,1.3812760525721105e-09
3740,,1.3810117560445052e-09
3741,,1.380864405081991e-09
3742,,1.3807526696901292e-09
3743,,1.380152476614573e-09
3744,,1.3798674653276027e-09
3745,,1.379713905585536e-09
3746,,1.3796003776998484e-09
3747,,1.3790343042589607e-09
3748,,1.3787259951764446e-09
3749,,1.3785654389471778e-09
3750,,1.3784498784148438e-09
3751,,1.3779220018817035e-09
3752,,1.3775874829136138e-09
3753,,1.377419044597944e-09
3754,,1.377301181852985e-09
3755,,1.3771987262961978e-09
3756,,1.376452083732264e-09
3757,,1.3762747687122349e-09
3758,,1.3761543004777855e-09
3759,,1.376051148932947e-09
3760,,1.3753199740012515e-09
3761,,1.375132662447839e-09
3762,,1.3750092479118923e-09
3763,,1.3749052966590828e-09
3764,,1.3741913484444283e-09
3765,,1.3739927841834549e-09
3766,,1.3738660403965773e-09
3767,,1.3737611724695288e-09
3768,,1.3730664311980075e-09
3769,,1.3728551993854903e-09
3770,,1.372724695831851e-09
3771,,1.3726187801456439e-09
3772,,1.3719454689476713e-09
3773,,1.371719982715553e-09
3774,,1.3715852355347191e-09
3775,,1.3714781244886069e-09
3776,,1.3708287460355772e-09
3777,,1.3705872174199343e-09
3778,,1.3704476827306466e-09
3779,,1.370339210800258e-09
3780,,1.3697165737753978e-09
3781,,1.3694569983549299e-09
3782,,1.3693120649201788e-09
3783,,1.3692020456437054e-09
3784,,1.3686093129597123e-09
3785,,1.368329431535606e-09
3786,,1.3681784122235058e-09
3787,,1.3680666364775088e-09
3788,,1.3675073571941097e-09
3789,,1.3672046374706843e-09
3790,,1.36704676009217e-09
3791,,1.3669329923050983e-09
3792,,1.3664111635200036e-09
3793,,1.3660827507540545e-09
3794,,1.3659171472902656e-09
3795,,1.3658011232931239e-09
3796,,1.3657002030970275e-09
3797,,1.3649639236823755e-09
3798,,1.3647896189886954e-09
3799,,1.3646710414353071e-09
3800,,1.3645694396213822e-09
3801,,1.363848328904203e-09
3802,,1.3636642251957555e-09
3803,,1.363542760111415e-09
3804,,1.3634403748539002e-09
3805,,1.3627361575173291e-09
3806,,1.3625410233927451e-09
3807,,1.3624162952227654e-09
3808,,1.3623130120539862e-09
3809,,1.361627629143897e-09
3810,,1.3614200775858783e-09
3811,,1.3612916644120702e-09
3812,,1.361187354726869e-09
3813,,1.3605229855528161e-09
3814,,1.3603014609565041e-09
3815,,1.3601688882695647e-09
3816,,1.3600634075691247e-09
3817,,1.3594225053823784e-09
3818,,1.3591852551075771e-09
3819,,1.359047989937814e-09
3820,,1.3589411756905213e-09
3821,,1.3583264941574444e-09
3822,,1.3580715530957558e-09
3823,,1.3579289961213205e-09
3824,,1.3578206656678116e-09
3825,,1.3572353052193148e-09
3826,,1.3569604587729117e-09
3827,,1.356811936455936e-09
3828,,1.356701884807891e-09
3829,,1.3561493246049963e-09
3830,,1.3558520903094624e-09
3831,,1.355696845746747e-09
3832,,1.355584841810385e-09
3833,,1.3550690001590452e-09
3834,,1.3547465795716083e-09
3835,,1.3545837616388854e-09
3836,,1.3544695466727123e-09
3837,,1.354370137955709e-09
3838,,1.3536440758662586e-09
3839,,1.353472728611665e-09
3840,,1.3533560110726264e-09
3841,,1.3532559348035212e-09
3842,,1.3525447485301768e-09
3843,,1.352363795924977e-09
3844,,1.3522442482668688e-09
3845,,1.3521434047007263e-09
3846,,1.3514487846759294e-09
3847,,1.3512570195648251e-09
3848,,1.3511342736296787e-09
3849,,1.3510325505307785e-09
3850,,1.3503563998895163e-09
3851,,1.3501524624977272e-09
3852,,1.3500261047465478e-09
3853,,1.3499233760694714e-09
3854,,1.3492678308881369e-09
3855,,1.3490501962713635e-09
3856,,1.3489197617088785e-09
3857,,1.348815885529724e-09
3858,,1.3481833509573088e-09
3859,,1.3479503009912504e-09
3860,,1.3478152669010524e-09
3861,,1.3477100841673744e-09
3862,,1.3471032595045445e-09
3863,,1.3468528678461676e-09
3864,,1.3467126468605628e-09
3865,,1.346605978355984e-09
3866,,1.3460279029955177e-09
3867,,1.3457579985580653e-09
3868,,1.3456119304914441e-09
3869,,1.3455035752168337e-09
3870,,1.3449576598293144e-09
3871,,1.3446658091256166e-09
3872,,1.3445131515606079e-09
3873,,1.344402883363749e-09
3874,,1.343892968950284e-09
3875,,1.343576428659939e-09
3876,,1.343416347699358e-09
3877,,1.343303912411186e-09
3878,,1.3432059917732549e-09
3879,,1.3424900035898865e-09
3880,,1.3423215618841606e-09
3881,,1.342206673949667e-09
3882,,1.342108099662149e-09
3883,,1.3414066998885432e-09
3884,,1.3412288426192047e-09
3885,,1.3411111809499284e-09
3886,,1.3410118551050035e-09
3887,,1.3403267010534317e-09
3888,,1.3401382448199586e-09
3889,,1.3400174485204226e-09
3890,,1.339917261048872e-09
3891,,1.3392502181450355e-09
3892,,1.3390498300729841e-09
3893,,1.3389254937105718e-09
3894,,1.3388243209815265e-09
3895,,1.338177483507387e-09
3896,,1.3379636684992634e-09
3897,,1.3378353363321388e-09
3898,,1.3377330393312518e-09
3899,,1.3371087648810576e-09
3900,,1.3368798388408122e-09
3901,,1.3367469983311758e-09
3902,,1.3366434211744682e-09
3903,,1.3360443558408352e-09
3904,,1.3357984302779345e-09
3905,,1.3356605055888657e-09
3906,,1.3355554726382576e-09
3907,,1.3349845960364165e-09
3908,,1.334719542656383e-09
3909,,1.3345758864508203e-09
3910,,1.3344692005882505e-09
3911,,1.3339298563484128e-09
3912,,1.3336432894443215e-09
3913,,1.3334931743482291e-09
3914,,1.333384613712027e-09
3915,,1.332880567082292e-09
3916,,1.3325697974303653e-09
3917,,1.3324124056007244e-09
3918,,1.332301721284584e-09
3919,,1.3322052659251128e-09
3920,,1.3314992100898759e-09
3921,,1.3313336228608242e-09
3922,,1.3312205347448854e-09
3923,,1.3311234391601566e-09
3924,,1.3304316899993401e-09
3925,,1.3302568733473276e-09
3926,,1.3301410667947787e-09
3927,,1.3300432349761035e-09
3928,,1.3293674171603589e-09
3929,,1.3291822108333233e-09
3930,,1.3290633320820116e-09
3931,,1.3289646562457643e-09
3932,,1.328306598526155e-09
3933,,1.3281096959802072e-09
3934,,1.3279873474257135e-09
3935,,1.327887706440309e-09
3936,,1.3272494617795035e-09
3937,,1.3270393974207162e-09
3938,,1.32691313228863e-09
3939,,1.3268123897630264e-09
3940,,1.3261962693115634e-09
3941,,1.3259713921525824e-09
3942,,1.3258407080776553e-09
3943,,1.325738711244992e-09
3944,,1.3251473090414802e-09
3945,,1.3249057676095462e-09
3946,,1.3247701001430218e-09
3947,,1.324666676781794e-09
3948,,1.3241029138612538e-09
3949,,1.3238426218794068e-09
3950,,1.3237013365078081e-09
3951,,1.323596293322764e-09
3952,,1.3230634472105262e-09
3953,,1.3227820660341346e-09
3954,,1.3226344495730275e-09
3955,,1.3225275691163508e-09
3956,,1.322029331112581e-09
3957,,1.3217242244213966e-09
3958,,1.3215694751372684e-09
3959,,1.3214605134625972e-09
3960,,1.321365500712014e-09
3961,,1.3206692375981774e-09
3962,,1.3205064549030433e-09
3963,,1.3203951374825291e-09
3964,,1.3202994976002296e-09
3965,,1.3196172650938914e-09
3966,,1.3194454352620054e-09
3967,,1.3193314534747974e-09
3968,,1.3192350925823145e-09
3969,,1.3185684832166128e-09
3970,,1.3183864688583123e-09
3971,,1.3182694760308177e-09
3972,,1.3181722883470705e-09
3973,,1.317523094822614e-09
3974,,1.3173296151780852e-09
3975,,1.3172092214746402e-09
3976,,1.3171110881923292e-09
3977,,1.3164813230909064e-09
3978,,1.3162749414280673e-09
3979,,1.3161507089090165e-09
3980,,1.3160514964690264e-09
3981,,1.3154434253570583e-09
3982,,1.3152225231980105e-09
3983,,1.3150939593428357e-09
3984,,1.3149935177605747e-09
3985,,1.3144096838066786e-09
3986,,1.3141724461786441e-09
3987,,1.3140389976282275e-09
3988,,1.3139371583079473e-09
3989,,1.3133804245628049e-09
3990,,1.3131248063666355e-09
3991,,1.312985851136735e-09
3992,,1.312882424527534e-09
3993,,1.3123560043761537e-09
3994,,1.3120797127425533e-09
3995,,1.311934551707447e-09
3996,,1.3118293246612776e-09
3997,,1.3113368365038969e-09
3998,,1.3110372871534496e-09
3999,,1.3108851343698864e-09
4000,,1.3107778676600604e-09
4001,,1.3106842751270768e-09
4002,,1.309997667529107e-09
4003,,1.3098376401062035e-09
4004,,1.309728064604564e-09
4005,,1.309633857860107e-09
4006,,1.308961010005532e-09
4007,,1.3087921142087986e-09
4008,,1.3086799274043353e-09
4009,,1.3085850145099842e-09
4010,,1.3079274875816724e-09
4011,,1.3077486084907225e-09
4012,,1.3076334704992104e-09
4013,,1.3075377476298491e-09
4014,,1.306897299035202e-09
4015,,1.3067071810042423e-09
4016,,1.306588709751697e-09
4017,,1.3064920606231869e-09
4018,,1.3058706631908503e-09
4019,,1.3056678977858855e-09
4020,,1.3055456638128828e-09
4021,,1.3054479573720971e-09
4022,,1.3048478323210179e-09
4023,,1.3046308328454025e-09
4024,,1.304504353612563e-09
4025,,1.3044054427710778e-09
4026,,1.3038290829422275e-09
4027,,1.303596070285094e-09
4028,,1.3034648031720212e-09
4029,,1.3033645226612752e-09
4030,,1.3028147348608009e-09
4031,,1.3025637041595733e-09
4032,,1.302427039313626e-09
4033,,1.302325203443639e-09
4034,,1.3018051377148407e-09
4035,,1.3015338413036676e-09
4036,,1.3013910934515723e-09
4037,,1.3012874932083482e-09
4038,,1.3008006966782572e-09
4039,,1.3005066011411002e-09
4040,,1.3003569997696022e-09
4041,,1.300251400646555e-09
4042,,1.3001592064500375e-09
4043,,1.2994821188034854e-09
4044,,1.2993247984770318e-09
4045,,1.299216936579809e-09
4046,,1.299124140981338e-09
4047,,1.2984605474382078e-09
4048,,1.29829453394526e-09
4049,,1.2981841127612005e-09
4050,,1.298090625501278e-09
4051,,1.297442056587187e-09
4052,,1.2972662569413093e-09
4053,,1.297152943361756e-09
4054,,1.2970586626099714e-09
4055,,1.2964268412310423e-09
4056,,1.2962400244775197e-09
4057,,1.2961234437578704e-09
4058,,1.296028255573738e-09
4059,,1.2954151157187748e-09
4060,,1.2952159011644275e-09
4061,,1.2950956325393088e-09
4062,,1.2949994084305915e-09
4063,,1.294407127260448e-09
4064,,1.29419395957458e-09
4065,,1.2940695297736933e-09
4066,,1.2939721256600034e-09
4067,,1.2934031471498572e-09
4068,,1.2931742821580865e-09
4069,,1.2930451593540629e-09
4070,,1.2929464130404046e-09
4071,,1.2924034887224214e-09
4072,,1.2921569610986041e-09
4073,,1.292022547470781e-09
4074,,1.2919222770240313e-09
4075,,1.2914084947937316e-09
4076,,1.2911421010803215e-09
4077,,1.2910017248383304e-09
4078,,1.2908997253090072e-09
4079,,1.2904185626458745e-09
4080,,1.2901298193662645e-09
4081,,1.2899827249718686e-09
4082,,1.2898787665801001e-09
4083,,1.2894341248924996e-09
4084,,1.2891202486078028e-09
4085,,1.2889655875495049e-09
4086,,1.2888594113412966e-09
4087,,1.2887680050031334e-09
4088,,1.2881135381565838e-09
4089,,1.2879503556786185e-09
4090,,1.287841671258474e-09
4091,,1.2877495872875774e-09
4092,,1.2871098547712056e-09
4093,,1.286937079315174e-09
4094,,1.2868255599038815e-09
4095,,1.2867326987282733e-09
4096,,1.2861093891867621e-09
4097,,1.2859258141612467e-09
4098,,1.2858110926301285e-09
4099,,1.285717342395238e-09
4100,,1.2851123519678563e-09
4101,,1.2849166238200669e-09
4102,,1.2847982873961322e-09
4103,,1.2847035223541253e-09
4104,,1.284118985228465e-09
4105,,1.2839095791987744e-09
4106,,1.283787164127474e-09
4107,,1.2836912429345058e-09
4108,,1.2831295550795277e-09
4109,,1.2829047612226229e-09
4110,,1.2827777461050574e-09
4111,,1.2826805096741617e-09
4112,,1.2821443685142884e-09
4113,,1.2819022601049564e-09
4114,,1.281770058989951e-09
4115,,1.2816713290086345e-09
4116,,1.2811637616545502e-09
4117,,1.2809021788436319e-09
4118,,1.2807641329139466e-09
4119,,1.2806637084971458e-09
4120,,1.2801881236996166e-09
4121,,1.2799046318774647e-09
4122,,1.2797600007887346e-09
4123,,1.2796576565873899e-09
4124,,1.2792178792967601e-09
4125,,1.2789097496805701e-09
4126,,1.278757701326343e-09
4127,,1.2786531836214784e-09
4128,,1.2785631450056728e-09
4129,,1.2779176784770994e-09
4130,,1.277757276884185e-09
4131,,1.2776503008289765e-09
4132,,1.2775595986290778e-09
4133,,1.276928581595059e-09
4134,,1.2767587764759918e-09
4135,,1.2766490218215757e-09
4136,,1.2765575582380928e-09
4137,,1.2759426461392665e-09
4138,,1.275762254643275e-09
4139,,1.2756493615236324e-09
4140,,1.2755570269345382e-09
4141,,1.2749600784482462e-09
4142,,1.2747677736453965e-09
4143,,1.2746513374123496e-09
4144,,1.274558008549647e-09
4145,,1.273981116118142e-09
4146,,1.2737754032116978e-09
4147,,1.2736549690724868e-09
4148,,1.2735605073946086e-09
4149,,1.2730060196781684e-09
4150,,1.2727852224409106e-09
4151,,1.2726602794589069e-09
4152,,1.2725645289310586e-09
4153,,1.272035090242469e-09
4154,,1.2717973199612128e-09
4155,,1.2716672934870768e-09
4156,,1.2715700793995324e-09
4157,,1.2710686573637395e-09
4158,,1.2708117964358597e-09
4159,,1.270676040868568e-09
4160,,1.270577166235065e-09
4161,,1.2701071024069237e-09
4162,,1.2698287642777536e-09
4163,,1.2696865537470402e-09
4164,,1.2695857977698444e-09
4165,,1.2691508416473822e-09
4166,,1.2688483513697103e-09
4167,,1.2686988700535596e-09
4168,,1.268595983961817e-09
4169,,1.2685072919375245e-09
4170,,1.2678707008552348e-09
4171,,1.2677130315477393e-09
4172,,1.2676077359623509e-09
4173,,1.2675183939602315e-09
4174,,1.2668959731206748e-09
4175,,1.266729085846759e-09
4176,,1.266621067021529e-09
4177,,1.2665309792435195e-09
4178,,1.2659243515771688e-09
4179,,1.2657470867675233e-09
4180,,1.265635991723846e-09
4181,,1.2655450507311974e-09
4182,,1.264956038270702e-09
4183,,1.2647670952331375e-09
4184,,1.2646525273382148e-09
4185,,1.264560612071571e-09
4186,,1.2639912661695377e-09
4187,,1.2637891794596779e-09
4188,,1.2636706930606719e-09
4189,,1.2635776678224074e-09
4190,,1.263030290763741e-09
4191,,1.2628134171253385e-09
4192,,1.2626905111688131e-09
4193,,1.2625962231415843e-09
4194,,1.2620734070510873e-09
4195,,1.2618398951160238e-09
4196,,1.261712006239801e-09
4197,,1.2616162840314566e-09
4198,,1.261120938338633e-09
4199,,1.2608687120129135e-09
4200,,1.260735207323272e-09
4201,,1.2606378578765751e-09
4202,,1.2601732582585572e-09
4203,,1.2598999780833482e-09
4204,,1.2597601460880683e-09
4205,,1.2596609527576188e-09
4206,,1.2592307751366211e-09
4207,,1.2589338186505286e-09
4208,,1.2587868596496572e-09
4209,,1.2586855785846806e-09
4210,,1.2585982124982053e-09
4211,,1.2579703740490364e-09
4212,,1.2578153885264338e-09
4213,,1.257711746187795e-09
4214,,1.2576237434844615e-09
4215,,1.257009801344239e-09
4216,,1.2568457801140666e-09
4217,,1.2567394685618777e-09
4218,,1.256650735235848e-09
4219,,1.2560522805989655e-09
4220,,1.2558780865889623e-09
4221,,1.2557687599328314e-09
4222,,1.2556791908028603e-09
4223,,1.2550980098087025e-09
4224,,1.2549123678798246e-09
4225,,1.254799637349051e-09
4226,,1.2547091136979267e-09
4227,,1.2541472171284134e-09
4228,,1.2539486907969628e-09
4229,,1.2538321194710516e-09
4230,,1.2537405082567699e-09
4231,,1.2532001532460017e-09
4232,,1.2529871315972412e-09
4233,,1.2528662281790384e-09
4234,,1.2527733796392833e-09
4235,,1.252257107322702e-09
4236,,1.2520277753503904e-09
4237,,1.251901987715593e-09
4238,,1.2518077337017272e-09
4239,,1.2513183961074531e-09
4240,,1.2510707186677948e-09
4241,,1.2509394263482172e-09
4242,,1.2508435776229183e-09
4243,,1.2503843861156673e-09
4244,,1.2501160696805673e-09
4245,,1.2499785751052387e-09
4246,,1.2498809194082794e-09
4247,,1.2494554774441886e-09
4248,,1.249163951203311e-09
4249,,1.2490194704452914e-09
4250,,1.2489197687269027e-09
4251,,1.2488337081245079e-09
4252,,1.2482145009648904e-09
4253,,1.2480621522500464e-09
4254,,1.2479601362056397e-09
4255,,1.2478734519893851e-09
4256,,1.2472678728056442e-09
4257,,1.2471066666209785e-09
4258,,1.2470020344713547e-09
4259,,1.2469146346229966e-09
4260,,1.2463242430638346e-09
4261,,1.2461530649200792e-09
4262,,1.2460454776237775e-09
4263,,1.2459572588989687e-09
4264,,1.245383806068606e-09
4265,,1.2452014058511727e-09
4266,,1.2450904821885772e-09
4267,,1.2450013283515668e-09
4268,,1.2444467853618413e-09
4269,,1.244251754947032e-09
4270,,1.2441370665762802e-09
4271,,1.244046847134107e-09
4272,,1.243513426784406e-09
4273,,1.2433041868387666e-09
4274,,1.2431852521836984e-09
4275,,1.2430938203004191e-09
4276,,1.242584013721792e-09
4277,,1.2423587850055083e-09
4278,,1.2422350628341296e-09
4279,,1.2421422535888797e-09
4280,,1.24165885673176e-09
4281,,1.2414156441778983e-09
4282,,1.241286526104813e-09
4283,,1.2411921543155177e-09
4284,,1.2407383150578754e-09
4285,,1.2404748702149463e-09
4286,,1.2403396726075606e-09
4287,,1.2402435297910979e-09
4288,,1.2398227809550188e-09
4289,,1.2395365835918779e-09
4290,,1.2393945378515948e-09
4291,,1.2392963898592417e-09
4292,,1.2392116145161688e-09
4293,,1.2386009192832002e-09
4294,,1.2384511610168666e-09
4295,,1.2383507447743363e-09
4296,,1.2382653586491652e-09
4297,,1.237668028164629e-09
4298,,1.2375095872195583e-09
4299,,1.237406606966351e-09
4300,,1.2373205199049084e-09
4301,,1.2367380830731693e-09
4302,,1.2365698669507584e-09
4303,,1.2364639902558849e-09
4304,,1.2363771009555823e-09
4305,,1.2358112744407788e-09
4306,,1.235632057673731e-09
4307,,1.235522910786003e-09
4308,,1.2354351053046188e-09
4309,,1.234887821537408e-09
4310,,1.2346962236210344e-09
4311,,1.23458338666786e-09
4312,,1.234494537086284e-09
4313,,1.2339679651068903e-09
4314,,1.2337624378837711e-09
4315,,1.2336454387553022e-09
4316,,1.2335554011936421e-09
4317,,1.2330519831990943e-09
4318,,1.2328307823807233e-09
4319,,1.2327090905213846e-09
4320,,1.2326177033406532e-09
4321,,1.232140180132584e-09
4322,,1.2319013499299885e-09
4323,,1.231774368888597e-09
4324,,1.231681450316473e-09
4325,,1.2312329081671887e-09
4326,,1.2309742444279758e-09
4327,,1.230841303927944e-09
4328,,1.2307466497691859e-09
4329,,1.230330551734107e-09
4330,,1.230049583755278e-09
4331,,1.2299099303998881e-09
4332,,1.2298133111000582e-09
4333,,1.2297298013051142e-09
4334,,1.2291275002495851e-09
4335,,1.2289802867887813e-09
4336,,1.2288814443709462e-09
4337,,1.228797336428511e-09
4338,,1.228208141943242e-09
4339,,1.228052417242451e-09
4340,,1.2279510618582268e-09
4341,,1.2278662672492489e-09
4342,,1.227291678198104e-09
4343,,1.2271263713011305e-09
4344,,1.2270221768830043e-09
4345,,1.2269365964225618e-09
4346,,1.2263782957059995e-09
4347,,1.2262022051243176e-09
4348,,1.2260948055110196e-09
4349,,1.2260083274580589e-09
4350,,1.2254682093244832e-09
4351,,1.2252799819014294e-09
4352,,1.2251689652750056e-09
4353,,1.2250814642344554e-09
4354,,1.2245616553075402e-09
4355,,1.2243597731398168e-09
4356,,1.2242446767915383e-09
4357,,1.224156011596962e-09
4358,,1.2236589059547996e-09
4359,,1.223441659074184e-09
4360,,1.2233219629714829e-09
4361,,1.2232319752688452e-09
4362,,1.2227602596380187e-09
4363,,1.2225257308065298e-09
4364,,1.2224008502791037e-09
4365,,1.2223093617314732e-09
4366,,1.2218660616869876e-09
4367,,1.2216120901895283e-09
4368,,1.221481367953347e-09
4369,,1.2213881786178546e-09
4370,,1.220976689009959e-09
4371,,1.2207008527903842e-09
4372,,1.2205635502752506e-09
4373,,1.2204684349939469e-09
4374,,1.2203861713627425e-09
4375,,1.2197921482665936e-09
4376,,1.2196474349532793e-09
4377,,1.2195501408974266e-09
4378,,1.2194672913007139e-09
4379,,1.2188861217390172e-09
4380,,1.218733065171298e-09
4381,,1.2186333080526469e-09
4382,,1.218549785880431e-09
4383,,1.2179829392320387e-09
4384,,1.2178204895066713e-09
4385,,1.2177179498765189e-09
4386,,1.217633657842784e-09
4387,,1.2170827837510967e-09
4388,,1.2169097631394261e-09
4389,,1.2168040818754045e-09
4390,,1.2167189103956587e-09
4391,,1.216185865932222e-09
4392,,1.2160009478025676e-09
4393,,1.2158917213229313e-09
4394,,1.2158055474771868e-09
4395,,1.2152924173574699e-09
4396,,1.215094113820536e-09
4397,,1.2149808883027076e-09
4398,,1.2148935738500407e-09
4399,,1.2144027049492558e-09
4400,,1.21418933964056e-09
4401,,1.214071605333677e-09
4402,,1.2139829949350808e-09
4403,,1.2135170212983157e-09
4404,,1.2132867145440568e-09
4405,,1.2131638983606074e-09
4406,,1.2130738172789026e-09
4407,,1.2126357047972105e-09
4408,,1.212386338524666e-09
4409,,1.2122577961340244e-09
4410,,1.2121660482515593e-09
4411,,1.2117591250552264e-09
4412,,1.2114883247836023e-09
4413,,1.2113533321981739e-09
4414,,1.2112596966874321e-09
4415,,1.2111786599265052e-09
4416,,1.2105928003796826e-09
4417,,1.2104505433536603e-09
4418,,1.2103547724444101e-09
4419,,1.2102731619350664e-09
4420,,1.209699907701548e-09
4421,,1.2095494720970345e-09
4422,,1.2094512871726867e-09
4423,,1.2093690178385823e-09
4424,,1.2088098094057426e-09
4425,,1.2086501660557227e-09
4426,,1.2085492538182943e-09
4427,,1.2084662302489682e-09
4428,,1.207922684906579e-09
4429,,1.2077526791159547e-09
4430,,1.2076486876763134e-09
4431,,1.2075648024831495e-09
4432,,1.2070387406877963e-09
4433,,1.2068570720200566e-09
4434,,1.2067496055816864e-09
4435,,1.2066647383263238e-09
4436,,1.2061582037664533e-09
4437,,1.2059634135440158e-09
4438,,1.2058520273914583e-09
4439,,1.2057660423881676e-09
4440,,1.20528133573532e-09
4441,,1.2050717807128913e-09
4442,,1.2049559749909584e-09
4443,,1.2048687200165737e-09
4444,,1.2044084234940043e-09
4445,,1.204182260977067e-09
4446,,1.2040614738929603e-09
4447,,1.2039727777387727e-09
4448,,1.2035397988959005e-09
4449,,1.2032949522843565e-09
4450,,1.2031685522478088e-09
4451,,1.203078222538441e-09
4452,,1.2026758239820427e-09
4453,,1.2024099657573338e-09
4454,,1.2022772428739067e-09
4455,,1.2021850632596945e-09
4456,,1.2021052346059308e-09
4457,,1.2015274258485294e-09
4458,,1.2013875819896176e-09
4459,,1.2012933095498266e-09
4460,,1.201212918894828e-09
4461,,1.2006474720827656e-09
4462,,1.2004996111121227e-09
4463,,1.2004029726954442e-09
4464,,1.2003219367197948e-09
4465,,1.1997702639759435e-09
4466,,1.1996133769292098e-09
4467,,1.199514065479187e-09
4468,,1.1994322905085233e-09
4469,,1.1988959774170048e-09
4470,,1.1987289323437783e-09
4471,,1.1986266026904597e-09
4472,,1.1985439837472155e-09
4473,,1.198024814759299e-09
4474,,1.1978463369051486e-09
4475,,1.1977406011181143e-09
4476,,1.1976570198401496e-09
4477,,1.1971569986652455e-09
4478,,1.1969656579499137e-09
4479,,1.196856080123324e-09
4480,,1.196771403672393e-09
4481,,1.1962927854882216e-09
4482,,1.1960869709607489e-09
4483,,1.1959730611218421e-09
4484,,1.1958871401735348e-09
4485,,1.1954324565291602e-09
4486,,1.1952103616775605e-09
4487,,1.1950915689632755e-09
4488,,1.1950042357283892e-09
4489,,1.1945763368915178e-09
4490,,1.1943359262220024e-09
4491,,1.194211631548138e-09
4492,,1.1941226974337415e-09
4493,,1.1937247817959267e-09
4494,,1.1934637733677759e-09
4495,,1.193333280717558e-09
4496,,1.1932425337602053e-09
4497,,1.1931638946208127e-09
4498,,1.1925940252680334e-09
4499,,1.192456552277602e-09
4500,,1.1923637540280877e-09
4501,,1.1922845645109687e-09
4502,,1.1917268186165513e-09
4503,,1.191581486657856e-09
4504,,1.1914863695610386e-09
4505,,1.1914065478830366e-09
4506,,1.190862309635648e-09
4507,,1.1907081298799315e-09
4508,,1.190610392766312e-09
4509,,1.190529847239649e-09
4510,,1.190000671028606e-09
4511,,1.1898365335973892e-09
4512,,1.1897358381951222e-09
4513,,1.189654465681609e-09
4514,,1.1891421009842886e-09
4515,,1.1889667561024936e-09
4516,,1.1888627222116025e-09
4517,,1.1887804068786196e-09
4518,,1.1882868176793305e-09
4519,,1.1880988635734775e-09
4520,,1.1879910637370042e-09
4521,,1.1879076753220718e-09
4522,,1.187435072748726e-09
4523,,1.187232930076028e-09
4524,,1.1871208837978134e-09
4525,,1.18703627605827e-09
4526,,1.1865871416492739e-09
4527,,1.186369039519277e-09
4528,,1.1862522070531805e-09
4529,,1.1861662151322594e-09
4530,,1.185743343136234e-09
4531,,1.1855072861004089e-09
4532,,1.185385060286497e-09
4533,,1.1852974996314423e-09
4534,,1.1849040255223831e-09
4535,,1.1846477764815236e-09
4536,,1.1845194753543832e-09
4537,,1.1844301378548717e-09
4538,,1.184352670024174e-09
4539,,1.1837906304573546e-09
4540,,1.18365548673318e-09
4541,,1.183564138865654e-09
4542,,1.1834861319721267e-09
4543,,1.1829359818851826e-09
4544,,1.182793134422236e-09
4545,,1.1826995137626907e-09
4546,,1.18262088768843e-09
4547,,1.1820839840940102e-09
4548,,1.181932463324264e-09
4549,,1.1818362747204806e-09
4550,,1.1817569395857224e-09
4551,,1.1812348063001843e-09
4552,,1.1810735242309915e-09
4553,,1.1809744360923575e-09
4554,,1.180894290761047e-09
4555,,1.180388642635268e-09
4556,,1.180216374277258e-09
4557,,1.1801140137554267e-09
4558,,1.180032944700237e-09
4559,,1.1795457072889702e-09
4560,,1.179361078203548e-09
4561,,1.1792550263716507e-09
4562,,1.1791729057617887e-09
4563,,1.1787062465949757e-09
4564,,1.1785077086634532e-09
4565,,1.1783974945007412e-09
4566,,1.178314178949508e-09
4567,,1.1778705308596279e-09
4568,,1.177656348050975e-09
4569,,1.1775414422326199e-09
4570,,1.177456770358474e-09
4571,,1.1770388723841083e-09
4572,,1.1768070883266796e-09
4573,,1.1766868959895693e-09
4574,,1.1766006866093952e-09
4575,,1.1762116127832245e-09
4576,,1.1759600344264375e-09
4577,,1.1758338867213375e-09
4578,,1.175745935974815e-09
4579,,1.1756696214963376e-09
4580,,1.175115303592647e-09
4581,,1.1749824484292969e-09
4582,,1.1748925274487301e-09
4583,,1.1748156850101026e-09
4584,,1.1742730271166444e-09
4585,,1.1741326202609445e-09
4586,,1.1740404717571866e-09
4587,,1.1739630227969212e-09
4588,,1.1734333553731328e-09
4589,,1.1732844463075314e-09
4590,,1.1731897808818705e-09
4591,,1.1731116373473213e-09
4592,,1.1725964539883166e-09
4593,,1.1724379763042123e-09
4594,,1.1723404688470553e-09
4595,,1.172261531474534e-09
4596,,1.1717625136179758e-09
4597,,1.1715932661395239e-09
4598,,1.1714925511766111e-09
4599,,1.1714127088017419e-09
4600,,1.1709317439694165e-09
4601,,1.1707503794288332e-09
4602,,1.170646046317817e-09
4603,,1.1705651735432966e-09
4604,,1.170104386499469e-09
4605,,1.1699093873453095e-09
4606,,1.1698009742541672e-09
4607,,1.1697189305579263e-09
4608,,1.1692807063424025e-09
4609,,1.1690703705242706e-09
4610,,1.1689573586663298e-09
4611,,1.1688739858478504e-09
4612,,1.16846100968606e-09
4613,,1.1682334194349688e-09
4614,,1.1681152254177829e-09
4615,,1.1680303458137236e-09
4616,,1.167645631246505e-09
4617,,1.1673986365953375e-09
4618,,1.1672746048766523e-09
4619,,1.167188018738087e-09
4620,,1.1671128399396455e-09
4621,,1.166566137047535e-09
4622,,1.166435530313065e-09
4623,,1.1663470132005133e-09
4624,,1.1662713173569495e-09
4625,,1.1657360495511936e-09
4626,,1.1655980403675868e-09
4627,,1.1655073398388298e-09
4628,,1.1654310499684777e-09
4629,,1.1649085214729401e-09
4630,,1.1647621776899648e-09
4631,,1.164669010365421e-09
4632,,1.1645920400329485e-09
4633,,1.1640837151740761e-09
4634,,1.163927991473769e-09
4635,,1.163832038626485e-09
4636,,1.1637542904796367e-09
4637,,1.1632618175735463e-09
4638,,1.1630955365059982e-09
4639,,1.1629964396927248e-09
4640,,1.1629178048096994e-09
4641,,1.162443034175965e-09
4642,,1.1622648749399237e-09
4643,,1.162162231565376e-09
4644,,1.1620825871944196e-09
4645,,1.1616276017759383e-09
4646,,1.1614360765224272e-09
4647,,1.1613294340957355e-09
4648,,1.161248642287171e-09
4649,,1.1608157802864882e-09
4650,,1.1606092205765474e-09
4651,,1.1604980701414253e-09
4652,,1.1604159758498234e-09
4653,,1.1600078696095429e-09
4654,,1.1597843954975919e-09
4655,,1.1596681654385176e-09
4656,,1.1595845945329574e-09
4657,,1.1592041982647436e-09
4658,,1.1589617019669218e-09
4659,,1.1588397495508711e-09
4660,,1.1587545060600924e-09
4661,,1.1586804455568007e-09
4662,,1.1581412526274448e-09
4663,,1.1580128550509732e-09
4664,,1.1579257191240063e-09
4665,,1.157851152122876e-09
4666,,1.157323173842101e-09
4667,,1.1571875197692538e-09
4668,,1.1570982439287147e-09
4669,,1.1570230950849682e-09
4670,,1.15650760980487e-09
4671,,1.1563637857160809e-09
4672,,1.1562720920799483e-09
4673,,1.1561962766654722e-09
4674,,1.155694719972623e-09
4675,,1.155541700965789e-09
4676,,1.1554472770428385e-09
4677,,1.1553706997384578e-09
4678,,1.1548846874440078e-09
4679,,1.1547213192435136e-09
4680,,1.1546238136493464e-09
4681,,1.1545463674578908e-09
4682,,1.1540777136682854e-09
4683,,1.1539027014551608e-09
4684,,1.1538017195503427e-09
4685,,1.153723284202248e-09
4686,,1.1532740307796132e-09
4687,,1.1530859160086414e-09
4688,,1.152981014168351e-09
4689,,1.1529014544763148e-09
4690,,1.152473893535228e-09
4691,,1.1522710405525133e-09
4692,,1.1521617200109793e-09
4693,,1.1520808838915723e-09
4694,,1.1516775960714496e-09
4695,,1.1514581619745857e-09
4696,,1.1513438620642397e-09
4697,,1.1512615789066581e-09
4698,,1.150885460332374e-09
4699,,1.1506473786168056e-09
4700,,1.1505274694435956e-09
4701,,1.150443547137101e-09
4702,,1.1503705877975582e-09
4703,,1.1498388012654861e-09
4704,,1.149712574153297e-09
4705,,1.1496267970445719e-09
4706,,1.1495533417629084e-09
4707,,1.1490325534769732e-09
4708,,1.148899213170557e-09
4709,,1.148811338798345e-09
4710,,1.1487373134902614e-09
4711,,1.1482287768296878e-09
4712,,1.148087427719278e-09
4713,,1.1479971835734873e-09
4714,,1.1479225052445644e-09
4715,,1.1474276275776403e-09
4716,,1.1472772648219352e-09
4717,,1.1471843445050254e-09
4718,,1.1471089199029557e-09
4719,,1.1466292851021639e-09
4720,,1.1464687772798195e-09
4721,,1.1463728364544587e-09
4722,,1.1462965604747879e-09
4723,,1.1458339470115817e-09
4724,,1.1456620246691281e-09
4725,,1.1455626763522874e-09
4726,,1.145485431189245e-09
4727,,1.145041840770979e-09
4728,,1.1448570740826317e-09
4729,,1.144753883474004e-09
4730,,1.1446755364709094e-09
4731,,1.1442532162149228e-09
4732,,1.144054001752785e-09
4733,,1.143946479772812e-09
4734,,1.143866881987826e-09
4735,,1.1434683615147639e-09
4736,,1.143252892659651e-09
4737,,1.1431404897896545e-09
4738,,1.143059473904388e-09
4739,,1.1426875925411467e-09
4740,,1.1424538433216083e-09
4741,,1.142335941998158e-09
4742,,1.142253319614568e-09
4743,,1.1421814447077757e-09
4744,,1.1416569622270395e-09
4745,,1.1415328678728472e-09
4746,,1.141448427653226e-09
4747,,1.1413760668882654e-09
4748,,1.140862370707448e-09
4749,,1.1407313034388368e-09
4750,,1.1406448077443103e-09
4751,,1.1405718887445759e-09
4752,,1.1400702074052993e-09
4753,,1.139931289381256e-09
4754,,1.139842470919696e-09
4755,,1.1397689121731474e-09
4756,,1.139280625381772e-09
4757,,1.139132871516562e-09
4758,,1.1390414299947623e-09
4759,,1.1389671401826278e-09
4760,,1.1384938007360177e-09
4761,,1.1383361017253708e-09
4762,,1.138241699668852e-09
4763,,1.138166575678462e-09
4764,,1.1377099269910243e-09
4765,,1.13754103854438e-09
4766,,1.1374432965082746e-09
4767,,1.1373672227959178e-09
4768,,1.1369292272262918e-09
4769,,1.1367477476353468e-09
4770,,1.1366462392628022e-09
4771,,1.1365690859224244e-09
4772,,1.1361519463516738e-09
4773,,1.1359563035458531e-09
4774,,1.1358505495074964e-09
4775,,1.1357721704572713e-09
4776,,1.135378366826677e-09
4777,,1.1351667897125916e-09
4778,,1.135056251376765e-09
4779,,1.1349764825360863e-09
4780,,1.134608798216351e-09
4781,,1.1343793009409694e-09
4782,,1.1342633727024591e-09
4783,,1.1341820294858591e-09
4784,,1.1341112223143058e-09
4785,,1.1335939432790171e-09
4786,,1.133471944192276e-09
4787,,1.133388819402182e-09
4788,,1.1333175365352574e-09
4789,,1.1328108357819037e-09
4790,,1.1326820014593775e-09
4791,,1.132596862037762e-09
4792,,1.1325250323003587e-09
4793,,1.132030114357795e-09
4794,,1.1318935841557845e-09
4795,,1.1318061681854434e-09
4796,,1.131733711833708e-09
4797,,1.1312519291901417e-09
4798,,1.1311067374353023e-09
4799,,1.1310167504979976e-09
4800,,1.1309435776705989e-09
4801,,1.1304764525671593e-09
4802,,1.1303215118429958e-09
4803,,1.1302286229936421e-09
4804,,1.1301546330459704e-09
4805,,1.1297038745237767e-09
4806,,1.1295379648852464e-09
4807,,1.129441802248291e-09
4808,,1.1293668816941283e-09
4809,,1.1289344136077184e-09
4810,,1.128756160921772e-09
4811,,1.1286563064948102e-09
4812,,1.12858032805473e-09
4813,,1.1281683098719218e-09
4814,,1.1279761730593397e-09
4815,,1.1278721570100226e-09
4816,,1.1277949774489359e-09
4817,,1.1274058403448952e-09
4818,,1.127198083084674e-09
4819,,1.1270893772748001e-09
4820,,1.1270108356740477e-09
4821,,1.1266473083879774e-09
4822,,1.126421983895421e-09
4823,,1.1263079946356578e-09
4824,,1.1262279101281722e-09
4825,,1.1261581544097176e-09
4826,,1.125647979494501e-09
4827,,1.1255280393107798e-09
4828,,1.1254462086485043e-09
4829,,1.1253759870395822e-09
4830,,1.1248761865588957e-09
4831,,1.1247495459698848e-09
4832,,1.124665740754689e-09
4833,,1.1245949836423746e-09
4834,,1.1241067382605733e-09
4835,,1.123972553671871e-09
4836,,1.123886517103246e-09
4837,,1.1238151460971723e-09
4838,,1.1233397818462219e-09
4839,,1.1231971064756156e-09
4840,,1.1231085500599485e-09
4841,,1.1230364771880712e-09
4842,,1.1225754862812921e-09
4843,,1.1224232541209135e-09
4844,,1.1223318533821368e-09
4845,,1.1222589798136352e-09
4846,,1.1218140378330896e-09
4847,,1.1216510529666385e-09
4848,,1.1215564433439544e-09
4849,,1.1214826578888506e-09
4850,,1.121055650675657e-09
4851,,1.1208805660696412e-09
4852,,1.1207823376025835e-09
4853,,1.1207075155090293e-09
4854,,1.1203005601708649e-09
4855,,1.120111864947245e-09
4856,,1.1200095572601558e-09
4857,,1.1199335580184864e-09
4858,,1.1195490379808414e-09
4859,,1.1193450300105733e-09
4860,,1.1192381251345366e-09
4861,,1.1191607913237184e-09
4862,,1.1188013813481008e-09
4863,,1.1185801520984573e-09
4864,,1.118468068202512e-09
4865,,1.1183892221677378e-09
4866,,1.1183205020110445e-09
4867,,1.1178173333360488e-09
4868,,1.1176994159395977e-09
4869,,1.1176188587042195e-09
4870,,1.1175496821103093e-09
4871,,1.1170566878876034e-09
4872,,1.1169322025054805e-09
4873,,1.1168497099532274e-09
4874,,1.1167800087845166e-09
4875,,1.1162983465099534e-09
4876,,1.116166465921171e-09
4877,,1.1160817864389288e-09
4878,,1.116011483985856e-09
4879,,1.115542453572026e-09
4880,,1.1154022496643272e-09
4881,,1.1153151002309762e-09
4882,,1.1152441101639297e-09
4883,,1.1147891745466874e-09
4884,,1.1146396023061114e-09
4885,,1.1145496649053582e-09
4886,,1.1144778903909898e-09
4887,,1.1140386920138127e-09
4888,,1.113878579035195e-09
4889,,1.1137854962978936e-09
4890,,1.1137128283401166e-09
4891,,1.1132912161097423e-09
4892,,1.1131192417219703e-09
4893,,1.113022611913941e-09
4894,,1.1129489281062878e-09
4895,,1.112546977500266e-09
4896,,1.1123616606625643e-09
4897,,1.1122610321171951e-09
4898,,1.1121861949069266e-09
4899,,1.1118062422254648e-09
4900,,1.1116059143714415e-09
4901,,1.111500779601107e-09
4902,,1.1114246343550865e-09
4903,,1.1110693021682655e-09
4904,,1.1108520920522117e-09
4905,,1.1107418805211663e-09
4906,,1.1106642533949005e-09
4907,,1.110596552875003e-09
4908,,1.1101002937616514e-09
4909,,1.109984364053499e-09
4910,,1.1099050597211207e-09
4911,,1.1098369122380387e-09
4912,,1.1093506316624107e-09
4913,,1.1092282634394368e-09
4914,,1.1091470623296586e-09
4915,,1.1090784010485982e-09
4916,,1.1086032335263237e-09
4917,,1.108473616098243e-09
4918,,1.1083902713983353e-09
4919,,1.1083210211311361e-09
4920,,1.1078582410736258e-09
4921,,1.107720464490235e-09
4922,,1.1076346989144792e-09
4923,,1.1075647749818803e-09
4924,,1.1071158165531733e-09
4925,,1.106968856281067e-09
4926,,1.1068803580839513e-09
4927,,1.1068096655598833e-09
4928,,1.1063761389807789e-09
4929,,1.1062188456714281e-09
4930,,1.106127264420397e-09
4931,,1.1060556964479908e-09
4932,,1.105639414095872e-09
4933,,1.105470493241287e-09
4934,,1.1053754351155393e-09
4935,,1.1053028717409617e-09
4936,,1.1049058683814963e-09
4937,,1.1047238678661771e-09
4938,,1.1046248901339488e-09
4939,,1.1045511964165256e-09
4940,,1.1041757623737208e-09
4941,,1.1039790464800721e-09
4942,,1.1038756516026413e-09
4943,,1.1038006760546686e-09
4944,,1.1034493821849642e-09
4945,,1.1032361166762242e-09
4946,,1.1031277453750977e-09
4947,,1.1030513174536191e-09
4948,,1.1029846209707723e-09
4949,,1.1024951763710415e-09
4950,,1.1023811998024788e-09
4951,,1.102303128170453e-09
4952,,1.1022359939500282e-09
4953,,1.1017563355639366e-09
4954,,1.1016360475304733e-09
4955,,1.1015561168878264e-09
4956,,1.1014884794186835e-09
4957,,1.1010197196176209e-09
4958,,1.100892325362666e-09
4959,,1.1008102937015684e-09
4960,,1.1007420792821663e-09
4961,,1.100285467321578e-09
4962,,1.1001500747940027e-09
4963,,1.1000656703975846e-09
4964,,1.0999967959311798e-09
4965,,1.099553737639402e-09
4966,,1.0994093425985174e-09
4967,,1.09932225970882e-09
4968,,1.099252632337754e-09
4969,,1.0988247063661557e-09
4970,,1.0986701819088122e-09
4971,,1.0985800770224088e-09
4972,,1.0985095918210501e-09
4973,,1.0980985750377026e-09
4974,,1.0979326519854313e-09
4975,,1.097839139043881e-09
4976,,1.0977676785599557e-09
4977,,1.097375565421492e-09
4978,,1.0971968205547381e-09
4979,,1.0970994655075413e-09
4980,,1.0970268973673833e-09
4981,,1.0966559333632918e-09
4982,,1.0964627629517132e-09
4983,,1.0963610781143444e-09
4984,,1.0962872536873264e-09
4985,,1.0959399591017878e-09
4986,,1.0957305648230049e-09
4987,,1.0956240018533342e-09
4988,,1.0955487542022436e-09
4989,,1.0954830464709385e-09
4990,,1.0950003225699685e-09
4991,,1.09488826500393e-09
4992,,1.0948114062300654e-09
4993,,1.0947452699518215e-09
4994,,1.0942721436653368e-09
4995,,1.0941538992120033e-09
4996,,1.0940752185000562e-09
4997,,1.0940085892479408e-09
4998,,1.0935461510823094e-09
4999,,1.093420940570862e-09
5000,,1.093340200662713e-09
5001,,1.0932730062531994e-09
5002,,1.0928224809681163e-09
5003,,1.09268942996061e-09
5004,,1.0926063643724229e-09
5005,,1.0925385233545692e-09
5006,,1.0921012892064206e-09
5007,,1.0919594131225606e-09
5008,,1.0918737221043743e-09
5009,,1.0918051433374314e-09
5010,,1.0913827478927856e-09
5011,,1.0912309419725654e-09
5012,,1.0911422889877705e-09
5013,,1.0910728697091852e-09
5014,,1.0906670546745472e-09
5015,,1.0905040749592396e-09
5016,,1.0904120812642868e-09
5017,,1.0903417062865407e-09
5018,,1.0899544271910965e-09
5019,,1.0897788780515687e-09
5020,,1.0896831182906447e-09
5021,,1.089611657872208e-09
5022,,1.0892451158536938e-09
5023,,1.089055425408141e-09
5024,,1.0889554214071176e-09
5025,,1.08888272994242e-09
5026,,1.088539395746612e-09
5027,,1.0883338009691158e-09
5028,,1.0882290151546372e-09
5029,,1.0881549288596152e-09
5030,,1.0878375842351116e-09
5031,,1.0876140986572164e-09
5032,,1.08750392691118e-09
5033,,1.087428261756391e-09
5034,,1.0873631080963864e-09
5035,,1.0868964246177778e-09
5036,,1.0867801881793052e-09
5037,,1.0867027372925797e-09
5038,,1.0866371007905458e-09
5039,,1.0861808992150618e-09
5040,,1.0860578341450632e-09
5041,,1.0859783650213244e-09
5042,,1.085912174871922e-09
5043,,1.085467655694096e-09
5044,,1.0853369047907478e-09
5045,,1.085255156107401e-09
5046,,1.085188332605831e-09
5047,,1.0847568469415527e-09
5048,,1.0846174449767579e-09
5049,,1.0845331230289882e-09
5050,,1.08446557671117e-09
5051,,1.0840486416810038e-09
5052,,1.0838995056930054e-09
5053,,1.0838122803406454e-09
5054,,1.08374391044108e-09
5055,,1.083343233690194e-09
5056,,1.0831831440744182e-09
5057,,1.083092644206381e-09
5058,,1.083023337896444e-09
5059,,1.082640836320754e-09
5060,,1.0824684249773956e-09
5061,,1.0823742335385855e-09
5062,,1.0823038634876022e-09
5063,,1.0819416949658146e-09
5064,,1.0817554208336439e-09
5065,,1.0816570690753996e-09
5066,,1.081585492665138e-09
5067,,1.0812460793855281e-09
5068,,1.0810442142090452e-09
5069,,1.0809411750934343e-09
5070,,1.0808682316359945e-09
5071,,1.0805543005666072e-09
5072,,1.0803348969228348e-09
5073,,1.0802265783276618e-09
5074,,1.0801520875720986e-09
5075,,1.080087901560867e-09
5076,,1.0796275732677088e-09
5077,,1.0795133095987287e-09
5078,,1.079437068677561e-09
5079,,1.0793724097701699e-09
5080,,1.078922361032587e-09
5081,,1.0788014034872879e-09
5082,,1.0787231844772824e-09
5083,,1.078657983185264e-09
5084,,1.0782193908953703e-09
5085,,1.0780908992007095e-09
5086,,1.0780104457967862e-09
5087,,1.0779446240864129e-09
5088,,1.077518812834526e-09
5089,,1.0773818405761848e-09
5090,,1.077298864971402e-09
5091,,1.0772323350069967e-09
5092,,1.0768207920601624e-09
5093,,1.0766742777941707e-09
5094,,1.0765884562084043e-09
5095,,1.0765211194628557e-09
5096,,1.0761255186922175e-09
5097,,1.0759682666585798e-09
5098,,1.0758792355093896e-09
5099,,1.0758109809760947e-09
5100,,1.0754332017371232e-09
5101,,1.0752638707044472e-09
5102,,1.0751712210155902e-09
5103,,1.0751019243426722e-09
5104,,1.0747440820266774e-09
5105,,1.074561161303198e-09
5106,,1.0744644334867509e-09
5107,,1.0743939544813443e-09
5108,,1.0740584236536285e-09
5109,,1.0738602189293142e-09
5110,,1.073758896530646e-09
5111,,1.0736870777794716e-09
5112,,1.0733765316763658e-09
5113,,1.073161133931404e-09
5114,,1.073054636211077e-09
5115,,1.0729813009621434e-09
5116,,1.072918067869361e-09
5117,,1.0724640083738952e-09
5118,,1.072351682994649e-09
5119,,1.072276632464526e-09
5120,,1.0722129361162346e-09
5121,,1.0717689577828299e-09
5122,,1.071650070575737e-09
5123,,1.071573081236561e-09
5124,,1.0715088536510365e-09
5125,,1.071076110217578e-09
5126,,1.0709498374049413e-09
5127,,1.0708706580764648e-09
5128,,1.0708058227649487e-09
5129,,1.0703856126885216e-09
5130,,1.0702510266692683e-09
5131,,1.0701693750726052e-09
5132,,1.070103845912162e-09
5133,,1.069697627234749e-09
5134,,1.0695536871796566e-09
5135,,1.0694692461304427e-09
5136,,1.069402926329531e-09
5137,,1.0690123401802421e-09
5138,,1.0688578738625643e-09
5139,,1.068770286860972e-09
5140,,1.0687030678222316e-09
5141,,1.0683299564383071e-09
5142,,1.06816364925527e-09
5143,,1.0680725151735102e-09
5144,,1.0680042747648976e-09
5145,,1.0676507119421247e-09
5146,,1.0674710827849433e-09
5147,,1.0673759512502157e-09
5148,,1.0673065521765246e-09
5149,,1.0669748658413146e-09
5150,,1.0667802536472602e-09
5151,,1.0666806183189466e-09
5152,,1.0666099062964044e-09
5153,,1.0663027170072304e-09
5154,,1.0660912503893202e-09
5155,,1.0659865419292084e-09
5156,,1.0659143436927158e-09
5157,,1.0658520490453951e-09
5158,,1.0654041730332957e-09
5159,,1.0652937519515183e-09
5160,,1.065219872457885e-09
5161,,1.0651571241397412e-09
5162,,1.0647191347887244e-09
5163,,1.0646022813416157e-09
5164,,1.0645265016696822e-09
5165,,1.0644632328990914e-09
5166,,1.064036261204719e-09
5167,,1.0639121678552959e-09
5168,,1.0638342417840742e-09
5169,,1.063770377474225e-09
5170,,1.063355696450088e-09
5171,,1.063223453762761e-09
5172,,1.0631431044771414e-09
5173,,1.063078560416319e-09
5174,,1.0626775993851233e-09
5175,,1.0625361869765028e-09
5176,,1.0624531034838098e-09
5177,,1.062387784830619e-09
5178,,1.0620021525395645e-09
5179,,1.0618504214203516e-09
5180,,1.0617642541358412e-09
5181,,1.0616980543593257e-09
5182,,1.0613295567875992e-09
5183,,1.0611662180776795e-09
5184,,1.0610765740404756e-09
5185,,1.0610093734096339e-09
5186,,1.060660043629464e-09
5187,,1.0604836453273988e-09
5188,,1.060390082821e-09
5189,,1.0603217467745912e-09
5190,,1.0599938668691148e-09
5191,,1.0598027807357017e-09
5192,,1.0597048032875295e-09
5193,,1.0596351805185774e-09
5194,,1.059331319665809e-09
5195,,1.0591237110026928e-09
5196,,1.0590207606610776e-09
5197,,1.0589496812528798e-09
5198,,1.0588883106519858e-09
5199,,1.058446534131482e-09
5200,,1.058337983971457e-09
5201,,1.0582652568884665e-09
5202,,1.0582034419396893e-09
5203,,1.057771361275e-09
5204,,1.0576565056666361e-09
5205,,1.057581916144803e-09
5206,,1.057519591388799e-09
5207,,1.0570983154202814e-09
5208,,1.0569763626703786e-09
5209,,1.0568996693158744e-09
5210,,1.0568367612145657e-09
5211,,1.0564275378063568e-09
5212,,1.0562975964861457e-09
5213,,1.056218527935122e-09
5214,,1.0561549538805409e-09
5215,,1.0557591843080958e-09
5216,,1.0556202539981975e-09
5217,,1.0555385054678175e-09
5218,,1.0554741724099428e-09
5219,,1.0550934338206357e-09
5220,,1.054944388163153e-09
5221,,1.054859616889805e-09
5222,,1.0547944204403154e-09
5223,,1.0544304832652546e-09
5224,,1.0542700586877617e-09
5225,,1.0541818793929816e-09
5226,,1.0541157021418534e-09
5227,,1.053770559531889e-09
5228,,1.0535973326056388e-09
5229,,1.0535053123253015e-09
5230,,1.0534380224572433e-09
5231,,1.0531139114560413e-09
5232,,1.0529262859127523e-09
5233,,1.0528299380963846e-09
5234,,1.0527613871239658e-09
5235,,1.052460826397671e-09
5236,,1.0522570036986547e-09
5237,,1.0521557811036943e-09
5238,,1.0520858025976198e-09
5239,,1.0520253419967607e-09
5240,,1.0515895819636545e-09
5241,,1.0514828701154917e-09
5242,,1.0514112766915626e-09
5243,,1.0513503809271755e-09
5244,,1.0509241296892422e-09
5245,,1.0508112367740156e-09
5246,,1.0507378180002374e-09
5247,,1.0506764228684495e-09
5248,,1.0502607675209546e-09
5249,,1.0501409173853328e-09
5250,,1.0500654365716005e-09
5251,,1.050003469869343e-09
5252,,1.0495996337932497e-09
5253,,1.049471952502155e-09
5254,,1.0493941436980007e-09
5255,,1.0493315245465969e-09
5256,,1.048940881274064e-09
5257,,1.048804388279463e-09
5258,,1.0487239524892264e-09
5259,,1.0486605897365305e-09
5260,,1.0482846854188403e-09
5261,,1.048138276473671e-09
5262,,1.0480548777615932e-09
5263,,1.0479906689427535e-09
5264,,1.047631239313396e-09
5265,,1.0474736754786036e-09
5266,,1.0473869362677862e-09
5267,,1.0473217663980293e-09
5268,,1.0469807652075002e-09
5269,,1.0468106512913173e-09
5270,,1.0467201470911041e-09
5271,,1.046653886734296e-09
5272,,1.0463335073062807e-09
5273,,1.0461492782909339e-09
5274,,1.046054531826852e-09
5275,,1.0459870357748585e-09
5276,,1.0456897469597426e-09
5277,,1.045489639839346e-09
5278,,1.0453901149101405e-09
5279,,1.0453212197248739e-09
5280,,1.0452616553329462e-09
5281,,1.0448318300423093e-09
5282,,1.0447269242128043e-09
5283,,1.0446564462926957e-09
5284,,1.0445964556601715e-09
5285,,1.0441759557447619e-09
5286,,1.044064990891655e-09
5287,,1.0439927238808003e-09
5288,,1.0439322440709516e-09
5289,,1.0435221353144802e-09
5290,,1.0434043504764975e-09
5291,,1.0433300623152635e-09
5292,,1.0432690227011329e-09
5293,,1.0428705042232656e-09
5294,,1.042745042628279e-09
5295,,1.0426684726795218e-09
5296,,1.0426067937527108e-09
5297,,1.0422212123515274e-09
5298,,1.0420871126888108e-09
5299,,1.0420079678619154e-09
5300,,1.0419455603236408e-09
5301,,1.041574431498874e-09
5302,,1.0414306112723227e-09
5303,,1.041348562159327e-09
5304,,1.0412853256521943e-09
5305,,1.04093035114826e-09
5306,,1.0407755959033459e-09
5307,,1.0406902723510307e-09
5308,,1.0406260940700385e-09
5309,,1.0402891892097607e-09
5310,,1.040122130939513e-09
5311,,1.040033116842319e-09
5312,,1.0399678700203126e-09
5313,,1.0396511848765218e-09
5314,,1.0394702894451442e-09
5315,,1.0393771170010763e-09
5316,,1.0393106590307172e-09
5317,,1.0390166140910492e-09
5318,,1.0388201531752765e-09
5319,,1.0387222966292913e-09
5320,,1.0386544674844277e-09
5321,,1.0385957855739983e-09
5322,,1.0381718144115638e-09
5323,,1.0380686830582956e-09
5324,,1.0379993026661765e-09
5325,,1.0379402033466544e-09
5326,,1.0375253777516502e-09
5327,,1.037416306913928e-09
5328,,1.0373451729970782e-09
5329,,1.0372855944926787e-09
5330,,1.036880959192613e-09
5331,,1.0367652028923727e-09
5332,,1.0366920879678923e-09
5333,,1.0366319610614229e-09
5334,,1.0362386917164724e-09
5335,,1.0361154100948019e-09
5336,,1.0360400586118945e-09
5337,,1.0359793053430559e-09
5338,,1.0355987221089999e-09
5339,,1.0354669726540755e-09
5340,,1.035389097286867e-09
5341,,1.035327630182973e-09
5342,,1.034961218927287e-09
5343,,1.0348199403586944e-09
5344,,1.0347392183675962e-09
5345,,1.0346769389620137e-09
5346,,1.0343263677945488e-09
5347,,1.0341743696979637e-09
5348,,1.0340904379168668e-09
5349,,1.0340272355962433e-09
5350,,1.033694382311731e-09
5351,,1.033530323617073e-09
5352,,1.0334427742009828e-09
5353,,1.0333785247522879e-09
5354,,1.0330654970994916e-09
5355,,1.0328878737177841e-09
5356,,1.0327962481580655e-09
5357,,1.0327308117868351e-09
5358,,1.032439982594391e-09
5359,,1.0322471001653806e-09
5360,,1.0321508830317168e-09
5361,,1.0320841029188913e-09
5362,,1.0320262900676878e-09
5363,,1.0316080934376093e-09
5364,,1.0315067056438983e-09
5365,,1.0314384051135538e-09
5366,,1.0313801834500702e-09
5367,,1.0309709560531337e-09
5368,,1.0308637459875442e-09
5369,,1.0307937267138112e-09
5370,,1.0307350358903162e-09
5371,,1.030335801835546e-09
5372,,1.0302220381110195e-09
5373,,1.0301500772910755e-09
5374,,1.0300908491078278e-09
5375,,1.0297027609858605e-09
5376,,1.0295816202198777e-09
5377,,1.0295074672343175e-09
5378,,1.029447625404729e-09
5379,,1.0290719774498964e-09
5380,,1.0289425358392765e-09
5381,,1.0288659090063548e-09
5382,,1.0288053677107133e-09
5383,,1.02844361651595e-09
5384,,1.0283048336480175e-09
5385,,1.028225416390483e-09
5386,,1.028164079220823e-09
5387,,1.02781786018627e-09
5388,,1.0276685687925745e-09
5389,,1.0275860053507598e-09
5390,,1.0275237638021063e-09
5391,,1.0271949175923567e-09
5392,,1.0270338032280931e-09
5393,,1.0269476936571147e-09
5394,,1.0268844259757224e-09
5395,,1.0265750189983307e-09
5396,,1.0264006070898406e-09
5397,,1.026310501964808e-09
5398,,1.0262460710237943e-09
5399,,1.0259584295060668e-09
5400,,1.0257690589078093e-09
5401,,1.0256744528686367e-09
5402,,1.0256087049708678e-09
5403,,1.0255517480528406e-09
5404,,1.025139247549357e-09
5405,,1.025039572828475e-09
5406,,1.024972334774254e-09
5407,,1.0249149775667177e-09
5408,,1.0245112732522395e-09
5409,,1.0244058911543966e-09
5410,,1.0243369686344633e-09
5411,,1.0242791516686626e-09
5412,,1.0238852477239702e-09
5413,,1.0237734412173376e-09
5414,,1.0237026156476237e-09
5415,,1.0236442723977964e-09
5416,,1.023261298631448e-09
5417,,1.0231422605970312e-09
5418,,1.0230692862820194e-09
5419,,1.0230103418308526e-09
5420,,1.0226395670738387e-09
5421,,1.0225123917307428e-09
5422,,1.0224369926339187e-09
5423,,1.0223773628265636e-09
5424,,1.0220202149904595e-09
5425,,1.02188388242848e-09
5426,,1.0218057482335993e-09
5427,,1.021745338588314e-09
5428,,1.0214034208742052e-09
5429,,1.0212567868272491e-09
5430,,1.021175568653296e-09
5431,,1.0211142727871166e-09
5432,,1.020789389838429e-09
5433,,1.0206311656482024e-09
5434,,1.0205464714585158e-09
5435,,1.0204841699029065e-09
5436,,1.0201783474305795e-09
5437,,1.020007087527551e-09
5438,,1.0199184766455843e-09
5439,,1.0198550352408681e-09
5440,,1.0195705534856452e-09
5441,,1.019384629549184e-09
5442,,1.0192916066571829e-09
5443,,1.0192268744751705e-09
5444,,1.019170760610472e-09
5445,,1.0187638786877996e-09
5446,,1.0186658872424487e-09
5447,,1.0185996946305317e-09
5448,,1.0185431886096736e-09
5449,,1.0181449333858422e-09
5450,,1.018041347132717e-09
5451,,1.0179735035327668e-09
5452,,1.017916547193632e-09
5453,,1.0175279030468156e-09
5454,,1.0174180190600954e-09
5455,,1.017348310268922e-09
5456,,1.0172908382880551e-09
5457,,1.0169129128163542e-09
5458,,1.0167959399420177e-09
5459,,1.0167241249271658e-09
5460,,1.0166660640320085e-09
5461,,1.0163001011211545e-09
5462,,1.0161751511872265e-09
5463,,1.0161009595568756e-09
5464,,1.0160422271255965e-09
5465,,1.0156896265160048e-09
5466,,1.015555699916939e-09
5467,,1.0154788272582497e-09
5468,,1.015419330598183e-09
5469,,1.0150816641622667e-09
5470,,1.0149376389813732e-09
5471,,1.014857743377008e-09
5472,,1.014797378387986e-09
5473,,1.0144764150030002e-09
5474,,1.0143210279135557e-09
5475,,1.0142377250612034e-09
5476,,1.0141763745701171e-09
5477,,1.0138741002095178e-09
5478,,1.0137059341155934e-09
5479,,1.0136187919972675e-09
5480,,1.0135563243381683e-09
5481,,1.0132749746461405e-09
5482,,1.0130924331609933e-09
5483,,1.013000966062531e-09
5484,,1.0129372333844499e-09
5485,,1.0128819496795388e-09
5486,,1.0124806101672458e-09
5487,,1.0123842725495739e-09
5488,,1.0123191086656055e-09
5489,,1.012263440789753e-09
5490,,1.0118705616860151e-09
5491,,1.0117687396903339e-09
5492,,1.0117019575964023e-09
5493,,1.011645848779197e-09
5494,,1.0112623950652953e-09
5495,,1.0111543995492469e-09
5496,,1.0110857892152617e-09
5497,,1.0110291752975742e-09
5498,,1.0106562328332064e-09
5499,,1.0105412881407193e-09
5500,,1.0104706135495533e-09
5501,,1.0104134225420666e-09
5502,,1.0100522107771337e-09
5503,,1.009929446325491e-09
5504,,1.009856442128731e-09
5505,,1.0097985931599355e-09
5506,,1.009450484419802e-09
5507,,1.0093189200439176e-09
5508,,1.009243287859928e-09
5509,,1.0091846901956605e-09
5510,,1.0088512252456713e-09
5511,,1.0087097612327174e-09
5512,,1.0086311659716072e-09
5513,,1.0085717172977397e-09
5514,,1.0082546303831553e-09
5515,,1.0081020282333538e-09
5516,,1.008020093050405e-09
5517,,1.0079596786890117e-09
5518,,1.007660916652861e-09
5519,,1.0074957871393286e-09
5520,,1.0074100885771196e-09
5521,,1.0073485793379066e-09
5522,,1.0070703338039852e-09
5523,,1.006891111935408e-09
5524,,1.0068011737732893e-09
5525,,1.0067384248309662e-09
5526,,1.0066839586395786e-09
5527,,1.0062880861441268e-09
5528,,1.0061933736425766e-09
5529,,1.0061292218944233e-09
5530,,1.0060743795248458e-09
5531,,1.0056868044579632e-09
5532,,1.0055867156618524e-09
5533,,1.0055209779587872e-09
5534,,1.0054657036171261e-09
5535,,1.0050873719470355e-09
5536,,1.0049812314083262e-09
5537,,1.0049137017901052e-09
5538,,1.0048579326093361e-09
5539,,1.0044899088549468e-09
5540,,1.0043769561348463e-09
5541,,1.0043074031678507e-09
5542,,1.0042510687075685e-09
5543,,1.0038945482410173e-09
5544,,1.0037739298674924e-09
5545,,1.003702093436739e-09
5546,,1.0036451144117143e-09
5547,,1.0033014425799664e-09
5548,,1.0031721977058582e-09
5549,,1.0030977854009015e-09
5550,,1.0030400726148194e-09
5551,,1.0027107599828567e-09
5552,,1.0025718105038138e-09
5553,,1.0024944937229917e-09
5554,,1.002435947058978e-09
5555,,1.0021226937733242e-09
5556,,1.0019728254741288e-09
5557,,1.001892234763101e-09
5558,,1.0018327417428311e-09
5559,,1.0015374563581799e-09
5560,,1.0013753073649656e-09
5561,,1.0012910275958527e-09
5562,,1.0012304616094669e-09
5563,,1.000955292633605e-09
5564,,1.0007793287028779e-09
5565,,1.000690893150414e-09
5566,,1.0006291121486964e-09
5567,,1.0005754511644669e-09
5568,,1.0001849714695664e-09
5569,,1.0000918557151668e-09
5570,,1.0000286998964538e-09
5571,,9.999746705050725e-10
5572,,9.995923282761156e-10
5573,,9.994939423674329e-10
5574,,9.994292321691104e-10
5575,,9.993747796210241e-10
5576,,9.990015023495788e-10
5577,,9.98897184071511e-10
5578,,9.988307174498785e-10
5579,,9.987757802357566e-10
5580,,9.984126115273258e-10
5581,,9.98301615202365e-10
5582,,9.982331654744008e-10
5583,,9.98177674346966e-10
5584,,9.978257861157548e-10
5585,,9.977072752941047e-10
5586,,9.976365872915327e-10
5587,,9.975804645747122e-10
5588,,9.97241175609902e-10
5589,,9.971142081999506e-10
5590,,9.970409953478142e-10
5591,,9.969841537791232e-10
5592,,9.966589449505283e-10
5593,,9.965224640559043e-10
5594,,9.964464041806034e-10
5595,,9.963887454997503e-10
5596,,9.960792834634485e-10
5597,,9.95932098818221e-10
5598,,9.95852829797258e-10
5599,,9.95794243625824e-10
5600,,9.955023995016175e-10
5601,,9.953431759807219e-10
5602,,9.952602907802753e-10
5603,,9.952006531644349e-10
5604,,9.949285331182098e-10
5605,,9.947557666484076e-10
5606,,9.946688076720967e-10
5607,,9.946079793083825e-10
5608,,9.945551112497446e-10
5609,,9.941699511128206e-10
5610,,9.94078404330091e-10
5611,,9.940162285014033e-10
5612,,9.939629996857833e-10
5613,,9.935858203430232e-10
5614,,9.934891073601116e-10
5615,,9.934254079840698e-10
5616,,9.933717646922799e-10
5617,,9.930034753135631e-10
5618,,9.92900946848711e-10
5619,,9.928355260755588e-10
5620,,9.927814079907293e-10
5621,,9.924230315684794e-10
5622,,9.923139568642296e-10
5623,,9.922465922361906e-10
5624,,9.921919315169316e-10
5625,,9.918446169501287e-10
5626,,9.91728175849385e-10
5627,,9.916586173420351e-10
5628,,9.916033378093455e-10
5629,,9.912683780192755e-10
5630,,9.911436469258807e-10
5631,,9.910716135384124e-10
5632,,9.910156295732225e-10
5633,,9.906944763502642e-10
5634,,9.905604191492172e-10
5635,,9.904855951223008e-10
5636,,9.904288104692955e-10
5637,,9.901230976610007e-10
5638,,9.899785475204577e-10
5639,,9.899005777229763e-10
5640,,9.898428843021833e-10
5641,,9.895544461850198e-10
5642,,9.893980941504998e-10
5643,,9.893165796010178e-10
5644,,9.892578556828736e-10
5645,,9.88988757179711e-10
5646,,9.88819128757095e-10
5647,,9.887336209331296e-10
5648,,9.8867373003977e-10
5649,,9.886216429871575e-10
5650,,9.882417300980322e-10
5651,,9.881517250442437e-10
5652,,9.880905135479648e-10
5653,,9.880380731877954e-10
5654,,9.87665987359735e-10
5655,,9.875709179872505e-10
5656,,9.87508213227819e-10
5657,,9.87455366818566e-10
5658,,9.870919994225299e-10
5659,,9.869912293048951e-10
5660,,9.869268373181206e-10
5661,,9.868735258580578e-10
5662,,9.865198797043906e-10
5663,,9.864126923395992e-10
5664,,9.863463950722689e-10
5665,,9.862925520110133e-10
5666,,9.85949753419563e-10
5667,,9.858353447955183e-10
5668,,9.857668970782914e-10
5669,,9.85712447695136e-10
5670,,9.85381764209713e-10
5671,,9.85259228955028e-10
5672,,9.851883553961517e-10
5673,,9.851332158953254e-10
5674,,9.848160706365074e-10
5675,,9.846843929370988e-10
5676,,9.84610783973447e-10
5677,,9.84554859688009e-10
5678,,9.842528544876313e-10
5679,,9.841108905473947e-10
5680,,9.840341979820371e-10
5681,,9.839773831573855e-10
5682,,9.83692316334367e-10
5683,,9.8353878272671e-10
5684,,9.834586154318288e-10
5685,,9.834007907809687e-10
5686,,9.8313468642436e-10
5687,,9.829681378213568e-10
5688,,9.828840561338659e-10
5689,,9.828250877757161e-10
5690,,9.827737699009132e-10
5691,,9.823990331275588e-10
5692,,9.823105429367282e-10
5693,,9.82250280290309e-10
5694,,9.821986163407553e-10
5695,,9.818315559084297e-10
5696,,9.817381012668544e-10
5697,,9.816763751397385e-10
5698,,9.816243135187181e-10
5699,,9.812658032269906e-10
5700,,9.811667603030344e-10
5701,,9.811033803812329e-10
5702,,9.810508631290375e-10
5703,,9.80701886092482e-10
5704,,9.805965524813117e-10
5705,,9.80531305039601e-10
5706,,9.80478267045592e-10
5707,,9.801399275215547e-10
5708,,9.800275148069672e-10
5709,,9.799601597078407e-10
5710,,9.799065276550954e-10
5711,,9.795800681247023e-10
5712,,9.794596889385088e-10
5713,,9.793899559474148e-10
5714,,9.79335647586545e-10
5715,,9.790224632477572e-10
5716,,9.788931217733635e-10
5717,,9.788207074021506e-10
5718,,9.787656302371292e-10
5719,,9.784672914565488e-10
5720,,9.783278661619513e-10
5721,,9.782524292362466e-10
5722,,9.781964793217235e-10
5723,,9.779147489812523e-10
5724,,9.777639819783005e-10
5725,,9.776851389594817e-10
5726,,9.776281993969166e-10
5727,,9.773650618879676e-10
5728,,9.772015360235903e-10
5729,,9.771188558511403e-10
5730,,9.770607954006005e-10
5731,,9.770102350621893e-10
5732,,9.766406040592909e-10
5733,,9.76553602444204e-10
5734,,9.764942734079481e-10
5735,,9.764433741818553e-10
5736,,9.760812717077353e-10
5737,,9.759894036326967e-10
5738,,9.75928640234433e-10
5739,,9.758773515548013e-10
5740,,9.755236341615144e-10
5741,,9.754262879218607e-10
5742,,9.753639036682543e-10
5743,,9.75312168560427e-10
5744,,9.749678002079072e-10
5745,,9.748642872573189e-10
5746,,9.74800072583443e-10
5747,,9.747478273754538e-10
5748,,9.74413890411268e-10
5749,,9.74303437959172e-10
5750,,9.742371572419684e-10
5751,,9.741843299371735e-10
5752,,9.738620426135224e-10
5753,,9.737437805645198e-10
5754,,9.736751691691207e-10
5755,,9.736216791683694e-10
5756,,9.733124091844287e-10
5757,,9.73185361344149e-10
5758,,9.731141216078508e-10
5759,,9.730598782548746e-10
5760,,9.727651650092165e-10
5761,,9.726282319516867e-10
5762,,9.725540294154717e-10
5763,,9.724989308000004e-10
5764,,9.72220502591206e-10
5765,,9.72072451061513e-10
5766,,9.719949097124206e-10
5767,,9.71938841279928e-10
5768,,9.716786434705583e-10
5769,,9.715180843067743e-10
5770,,9.714367815628619e-10
5771,,9.713796146459376e-10
5772,,9.713298003852955e-10
5773,,9.709652058119138e-10
5774,,9.70879666930358e-10
5775,,9.708212567289945e-10
5776,,9.70771110602384e-10
5777,,9.704138995718058e-10
5778,,9.70323590259352e-10
5779,,9.702637741923924e-10
5780,,9.702132464934117e-10
5781,,9.698642589031123e-10
5782,,9.6976857934554e-10
5783,,9.697071746645802e-10
5784,,9.696562097962861e-10
5785,,9.693163903918193e-10
5786,,9.692146657760925e-10
5787,,9.691514669287866e-10
5788,,9.691000021974838e-10
5789,,9.68770412281848e-10
5790,,9.686618848752449e-10
5791,,9.685966609793665e-10
5792,,9.685446259639796e-10
5793,,9.682264596692725e-10
5794,,9.68110276547156e-10
5795,,9.680427680755668e-10
5796,,9.67990083787933e-10
5797,,9.676846820213474e-10
5798,,9.675598861260272e-10
5799,,9.674898012354835e-10
5800,,9.674363787806883e-10
5801,,9.6714525054817e-10
5802,,9.67010764171155e-10
5803,,9.669377750867335e-10
5804,,9.668835144957254e-10
5805,,9.666083542392956e-10
5806,,9.664629681896734e-10
5807,,9.663867063894059e-10
5808,,9.663314953101889e-10
5809,,9.66074210117847e-10
5810,,9.659165626057826e-10
5811,,9.65836613652811e-10
5812,,9.657803260056602e-10
5813,,9.657312466068897e-10
5814,,9.653716201174945e-10
5815,,9.652875185660264e-10
5816,,9.652300124428428e-10
5817,,9.651806079553423e-10
5818,,9.648282229572164e-10
5819,,9.64739445029649e-10
5820,,9.646805610606178e-10
5821,,9.646307829253955e-10
5822,,9.642864625842069e-10
5823,,9.641924204522757e-10
5824,,9.641319793604053e-10
5825,,9.640817728942198e-10
5826,,9.637464436444655e-10
5827,,9.63646475523287e-10
5828,,9.635842759170482e-10
5829,,9.635335797591828e-10
5830,,9.632082818345553e-10
5831,,9.631016449667046e-10
5832,,9.630374604554592e-10
5833,,9.62986205678624e-10
5834,,9.626721097421805e-10
5835,,9.625579679985125e-10
5836,,9.624915441364437e-10
5837,,9.624396531321141e-10
5838,,9.62138073864109e-10
5839,,9.62015488919528e-10
5840,,9.619465397024766e-10
5841,,9.618939253038934e-10
5842,,9.6160634211122e-10
5843,,9.614742574235377e-10
5844,,9.614024613737063e-10
5845,,9.613490256512942e-10
5846,,9.610770995849841e-10
5847,,9.6093432986804e-10
5848,,9.60859325684251e-10
5849,,9.608049585027133e-10
5850,,9.605505590957925e-10
5851,,9.603957692729474e-10
5852,,9.603171508093108e-10
5853,,9.602617285405604e-10
5854,,9.602133728577606e-10
5855,,9.598586469749738e-10
5856,,9.59775957869238e-10
5857,,9.597193414035245e-10
5858,,9.596706673586197e-10
5859,,9.59323043622966e-10
5860,,9.592357703819495e-10
5861,,9.591778034442263e-10
5862,,9.591287634880515e-10
5863,,9.587890488226075e-10
5864,,9.58696615113508e-10
5865,,9.586371220460907e-10
5866,,9.585876624749898e-10
5867,,9.58256765199761e-10
5868,,9.581585222558059e-10
5869,,9.580973055656002e-10
5870,,9.580473662338552e-10
5871,,9.577263061063726e-10
5872,,9.576215259193005e-10
5873,,9.575583636256314e-10
5874,,9.575078769467895e-10
5875,,9.571978015551331e-10
5876,,9.570856643865e-10
5877,,9.570203070324842e-10
5878,,9.569691970042027e-10
5879,,9.566713952284672e-10
5880,,9.5655098111879e-10
5881,,9.564831484317718e-10
5882,,9.564313295529954e-10
5883,,9.561472515963318e-10
5884,,9.560175248099716e-10
5885,,9.559469016322418e-10
5886,,9.558942778874125e-10
5887,,9.556255522286975e-10
5888,,9.554853507348267e-10
5889,,9.554115827391562e-10
5890,,9.553580462277517e-10
5891,,9.55106505731595e-10
5892,,9.549545207301591e-10
5893,,9.548772097971055e-10
5894,,9.548226391994858e-10
5895,,9.547749963173412e-10
5896,,9.544251046023172e-10
5897,,9.543438033690456e-10
5898,,9.542880624489419e-10
5899,,9.542401077596982e-10
5900,,9.538971814309286e-10
5901,,9.538113866234084e-10
5902,,9.537543220117268e-10
5903,,9.537060088582097e-10
5904,,9.533708392257302e-10
5905,,9.532799856318976e-10
5906,,9.532214251700549e-10
5907,,9.531727010815363e-10
5908,,9.528461783014367e-10
5909,,9.527496300382317e-10
5910,,9.526893801966532e-10
5911,,9.526401861221398e-10
5912,,9.52323310085366e-10
5913,,9.522203533950573e-10
5914,,9.521581964869178e-10
5915,,9.52108466160264e-10
5916,,9.518023619146749e-10
5917,,9.516921929996879e-10
5918,,9.516278846324174e-10
5919,,9.515775434516261e-10
5920,,9.512834745189386e-10
5921,,9.511651917295282e-10
5922,,9.510984568603476e-10
5923,,9.510474211398719e-10
5924,,9.507668092159412e-10
5925,,9.506393971283852e-10
5926,,9.50569926905193e-10
5927,,9.505181024970647e-10
5928,,9.50252544048885e-10
5929,,9.50114863407763e-10
5930,,9.500423106119882e-10
5931,,9.49989591535061e-10
5932,,9.497408833599707e-10
5933,,9.495916511314093e-10
5934,,9.495156253212746e-10
5935,,9.494618930229225e-10
5936,,9.492320520819413e-10
5937,,9.4906982918839e-10
5938,,9.489898916652736e-10
5939,,9.489350122093094e-10
5940,,9.488877660637744e-10
5941,,9.485494744390028e-10
5942,,9.484651319579334e-10
5943,,9.48408955101631e-10
5944,,9.48361357911605e-10
5945,,9.480306733881822e-10
5946,,9.47941371924212e-10
5947,,9.478837290051055e-10
5948,,9.478357292005119e-10
5949,,9.475135245792797e-10
5950,,9.474186405667583e-10
5951,,9.473593418164232e-10
5952,,9.473108815116973e-10
5953,,9.469981369228432e-10
5954,,9.468969707915044e-10
5955,,9.468358027016347e-10
5956,,9.46786817006257e-10
5957,,9.464846354735926e-10
5958,,9.463763991519677e-10
5959,,9.463131221803861e-10
5960,,9.46263537975356e-10
5961,,9.459731580470977e-10
5962,,9.458569675829605e-10
5963,,9.457913122738636e-10
5964,,9.45741047441594e-10
5965,,9.454638629478769e-10
5966,,9.453387229798338e-10
5967,,9.452703862860412e-10
5968,,9.452193485914592e-10
5969,,9.449569246519218e-10
5970,,9.44821718218493e-10
5971,,9.447503597694387e-10
5972,,9.446984454465275e-10
5973,,9.4445254349728e-10
5974,,9.443060127896925e-10
5975,,9.442312499187375e-10
5976,,9.44178342486069e-10
5977,,9.439509399406948e-10
5978,,9.43791674044688e-10
5979,,9.437130766361248e-10
5980,,9.436590449620171e-10
5981,,9.436124966007403e-10
5982,,9.432787775949558e-10
5983,,9.431958620319143e-10
5984,,9.431405588412988e-10
5985,,9.430936666049825e-10
5986,,9.427674080170182e-10
5987,,9.426796313170838e-10
5988,,9.426228910752875e-10
5989,,9.42575604464683e-10
5990,,9.422576620182863e-10
5991,,9.421644128480982e-10
5992,,9.421060495490498e-10
5993,,9.42058311878443e-10
5994,,9.41749646441468e-10
5995,,9.416502387406785e-10
5996,,9.415900433018521e-10
5997,,9.415417907987384e-10
5998,,9.412434836291583e-10
5999,,9.411371450862939e-10
6000,,9.410748824813497e-10
6001,,9.41026043656201e-10
6002,,9.40739309016593e-10
6003,,9.406251729417097e-10
6004,,9.405605789676705e-10
6005,,9.405110731700598e-10
6006,,9.402372775436664e-10
6007,,9.401143681381325e-10
6008,,9.40047145815344e-10
6009,,9.399968826220815e-10
6010,,9.397375602741645e-10
6011,,9.396047824714349e-10
6012,,9.39534598133126e-10
6013,,9.39483475857789e-10
6014,,9.392403536643421e-10
6015,,9.39096474494937e-10
6016,,9.390229529362778e-10
6017,,9.389708572782054e-10
6018,,9.387458738701031e-10
6019,,9.385895100568104e-10
6020,,9.3851222966701e-10
6021,,9.384590322040344e-10
6022,,9.384131710523037e-10
6023,,9.380839632926919e-10
6024,,9.380024499407315e-10
6025,,9.379480062559453e-10
6026,,9.37901808260516e-10
6027,,9.375799172299513e-10
6028,,9.37493638454429e-10
6029,,9.37437786342791e-10
6030,,9.373912020935273e-10
6031,,9.370774664564268e-10
6032,,9.369858230945373e-10
6033,,9.369283801387027e-10
6034,,9.368813540178973e-10
6035,,9.365767159505158e-10
6036,,9.364790353663202e-10
6037,,9.364197965304047e-10
6038,,9.36372266002148e-10
6039,,9.360777855228335e-10
6040,,9.359733106120114e-10
6041,,9.359120454837082e-10
6042,,9.358639404198608e-10
6043,,9.355808078732528e-10
6044,,9.354686888702394e-10
6045,,9.354051385929834e-10
6046,,9.353563800269144e-10
6047,,9.35085935009241e-10
6048,,9.349652153506568e-10
6049,,9.348990886544553e-10
6050,,9.34849587915258e-10
6051,,9.345933345971317e-10
6052,,9.344629408168776e-10
6053,,9.343939106430216e-10
6054,,9.343435679314135e-10
6055,,9.341031992395585e-10
6056,,9.339619225231912e-10
6057,,9.338896209651594e-10
6058,,9.338383243470729e-10
6059,,9.336157408021927e-10
6060,,9.334622250326832e-10
6061,,9.333862387972124e-10
6062,,9.333338623649223e-10
6063,,9.332886780358976e-10
6064,,9.329639211134787e-10
6065,,9.32883785374405e-10
6066,,9.328301874598741e-10
6067,,9.327846732984527e-10
6068,,9.324670920440572e-10
6069,,9.323822848479146e-10
6070,,9.323273064991455e-10
6071,,9.322814139052389e-10
6072,,9.319718306562211e-10
6073,,9.318817645416586e-10
6074,,9.318252269533928e-10
6075,,9.317789014671888e-10
6076,,9.314782397456215e-10
6077,,9.313822553767969e-10
6078,,9.313239574772665e-10
6079,,9.312771378866664e-10
6080,,9.309864368246771e-10
6081,,9.308837919779007e-10
6082,,9.308235079313892e-10
6083,,9.307761253440616e-10
6084,,9.30496552086192e-10
6085,,9.303864136993199e-10
6086,,9.303238895915797e-10
6087,,9.302758666440913e-10
6088,,9.300087343407691e-10
6089,,9.298901645621455e-10
6090,,9.298251150403153e-10
6091,,9.297763647987105e-10
6092,,9.29523148168402e-10
6093,,9.293950946080331e-10
6094,,9.293271989168813e-10
6095,,9.292776235531724e-10
6096,,9.290399822184126e-10
6097,,9.289012597953985e-10
6098,,9.288301573582611e-10
6099,,9.287796472219998e-10
6100,,9.285594441792762e-10
6101,,9.284087235902339e-10
6102,,9.28334009135983e-10
6103,,9.282824406142808e-10
6104,,9.28237922986969e-10
6105,,9.279175571448953e-10
6106,,9.278387750223256e-10
6107,,9.277860093675817e-10
6108,,9.277411686502432e-10
6109,,9.274278402695127e-10
6110,,9.273444787885887e-10
6111,,9.272903601036853e-10
6112,,9.2724514865054e-10
6113,,9.269396638313364e-10
6114,,9.268511471143002e-10
6115,,9.267955000776871e-10
6116,,9.267498646207712e-10
6117,,9.264531287344759e-10
6118,,9.263588103245113e-10
6119,,9.263014379256641e-10
6120,,9.262553182688523e-10
6121,,9.25968350131735e-10
6122,,9.258675023708033e-10
6123,,9.258081831333925e-10
6124,,9.257615119233745e-10
6125,,9.254854556009019e-10
6126,,9.253772618451581e-10
6127,,9.253157468819856e-10
6128,,9.252684481212597e-10
6129,,9.250045911317419e-10
6130,,9.248881319108454e-10
6131,,9.248241414775425e-10
6132,,9.247761300372191e-10
6133,,9.245259179210033e-10
6134,,9.244001616089909e-10
6135,,9.24333381218235e-10
6136,,9.242845612376928e-10
6137,,9.240496210302409e-10
6138,,9.239134058521939e-10
6139,,9.238434819669813e-10
6140,,9.237937457992616e-10
6141,,9.23575904096204e-10
6142,,9.234279266676933e-10
6143,,9.233544620651817e-10
6144,,9.233036886546174e-10
6145,,9.232598276115918e-10
6146,,9.229437939956082e-10
6147,,9.228663419498818e-10
6148,,9.228143952188483e-10
6149,,9.227702177053047e-10
6150,,9.224610859609913e-10
6151,,9.223791448072519e-10
6152,,9.223258719223924e-10
6153,,9.222813313476424e-10
6154,,9.219798917313532e-10
6155,,9.218928969673471e-10
6156,,9.218381260617868e-10
6157,,9.217931700195095e-10
6158,,9.215003101697926e-10
6159,,9.214076279582178e-10
6160,,9.213511659108142e-10
6161,,9.213057355467204e-10
6162,,9.210224541732602e-10
6163,,9.209233712620685e-10
6164,,9.208650008346348e-10
6165,,9.208190300134584e-10
6166,,9.205464488060562e-10
6167,,9.204401644863717e-10
6168,,9.203796417961662e-10
6169,,9.203330561226283e-10
6170,,9.200724371871823e-10
6171,,9.199580500771539e-10
6172,,9.19895100842018e-10
6173,,9.19847816736121e-10
6174,,9.196005772825295e-10
6175,,9.194770761017694e-10
6176,,9.194113920047175e-10
6177,,9.193633154867417e-10
6178,,9.191310505893752e-10
6179,,9.189972963091839e-10
6180,,9.189285308281755e-10
6181,,9.188795564129027e-10
6182,,9.186640567287491e-10
6183,,9.185187716158904e-10
6184,,9.184465352727312e-10
6185,,9.183965442505022e-10
6186,,9.183533299230097e-10
6187,,9.180415704742345e-10
6188,,9.179654253668148e-10
6189,,9.179142843923972e-10
6190,,9.178707601494628e-10
6191,,9.175657695450144e-10
6192,,9.174852238758863e-10
6193,,9.174327831468736e-10
6194,,9.173889031359574e-10
6195,,9.170914562906383e-10
6196,,9.170059564957517e-10
6197,,9.169520474585428e-10
6198,,9.169077604814685e-10
6199,,9.166187274878312e-10
6200,,9.165276522885438e-10
6201,,9.164720856531475e-10
6202,,9.164273339567911e-10
6203,,9.161476939084188e-10
6204,,9.160503439689923e-10
6205,,9.159929068310098e-10
6206,,9.159476255757974e-10
6207,,9.156784780230496e-10
6208,,9.155740685318515e-10
6209,,9.155145216653765e-10
6210,,9.154686379582459e-10
6211,,9.1521122030667e-10
6212,,9.150988675673969e-10
6213,,9.150369421231681e-10
6214,,9.149903739618656e-10
6215,,9.14746075647147e-10
6216,,9.146247881190285e-10
6217,,9.145601817861104e-10
6218,,9.145128371153931e-10
6219,,9.142832217574164e-10
6220,,9.141518828238567e-10
6221,,9.140842559802404e-10
6222,,9.140360313012403e-10
6223,,9.138228544848781e-10
6224,,9.13680211555856e-10
6225,,9.136091822881e-10
6226,,9.135599613640505e-10
6227,,9.135173839399856e-10
6228,,9.132098413438317e-10
6229,,9.131349802966584e-10
6230,,9.13084632324773e-10
6231,,9.130417513590178e-10
6232,,9.127408472922457e-10
6233,,9.12661672458211e-10
6234,,9.126100505353106e-10
6235,,9.125668211336661e-10
6236,,9.122733151867512e-10
6237,,9.121892838598171e-10
6238,,9.12136222744107e-10
6239,,9.120925946473017e-10
6240,,9.118073398988167e-10
6241,,9.117178430222139e-10
6242,,9.116631571180621e-10
6243,,9.11619073740532e-10
6244,,9.113430299918955e-10
6245,,9.112473819955886e-10
6246,,9.111908626085605e-10
6247,,9.111462603217722e-10
6248,,9.108805055692612e-10
6249,,9.107779369848481e-10
6250,,9.10719349627967e-10
6251,,9.106741570031228e-10
6252,,9.104199042986087e-10
6253,,9.103095488041997e-10
6254,,9.102486298961484e-10
6255,,9.10202766603256e-10
6256,,9.099613780256356e-10
6257,,9.098422635341614e-10
6258,,9.097787167325414e-10
6259,,9.097320924726504e-10
6260,,9.095051010197795e-10
6261,,9.093761329147162e-10
6262,,9.093096251266398e-10
6263,,9.092621385254129e-10
6264,,9.090512652246404e-10
6265,,9.089112154376942e-10
6266,,9.088413724657023e-10
6267,,9.087929093312675e-10
6268,,9.087509592628219e-10
6269,,9.084475769230704e-10
6270,,9.083739777903379e-10
6271,,9.083244100362287e-10
6272,,9.082821626986685e-10
6273,,9.079852911019036e-10
6274,,9.079074631193319e-10
6275,,9.078566466941495e-10
6276,,9.078140580541102e-10
6277,,9.075244417978904e-10
6278,,9.074418530343796e-10
6279,,9.073896260523188e-10
6280,,9.073466468685315e-10
6281,,9.070651222148115e-10
6282,,9.069771755770688e-10
6283,,9.069233559960992e-10
6284,,9.068799306797097e-10
6285,,9.06607438715076e-10
6286,,9.065134620648845e-10
6287,,9.064578453792604e-10
6288,,9.064139116784083e-10
6289,,9.061515091077181e-10
6290,,9.060507481057835e-10
6291,,9.059931043185994e-10
6292,,9.059485921662493e-10
6293,,9.056974682842256e-10
6294,,9.055890736473172e-10
6295,,9.055291444071187e-10
6296,,9.054839749541718e-10
6297,,9.052454650595516e-10
6298,,9.051284837834492e-10
6299,,9.050659785625116e-10
6300,,9.050200634828939e-10
6301,,9.047956703721484e-10
6302,,9.046690293057078e-10
6303,,9.046036216265962e-10
6304,,9.045568613595239e-10
6305,,9.043482723205217e-10
6306,,9.042107676552112e-10
6307,,9.04142090465879e-10
6308,,9.040943731834359e-10
6309,,9.040530409932742e-10
6310,,9.037537631922956e-10
6311,,9.036814039137934e-10
6312,,9.036326039817219e-10
6313,,9.035909806150298e-10
6314,,9.032980881398936e-10
6315,,9.032215834212595e-10
6316,,9.031715596726286e-10
6317,,9.03129602067318e-10
6318,,9.028438249970194e-10
6319,,9.027626532501439e-10
6320,,9.027112469086768e-10
6321,,9.026689066309444e-10
6322,,9.023910647233407e-10
6323,,9.023046406881548e-10
6324,,9.022516732958104e-10
6325,,9.022088959989371e-10
6326,,9.019399118439861e-10
6327,,9.018475765721879e-10
6328,,9.017928475926522e-10
6329,,9.017495721945297e-10
6330,,9.014904818345053e-10
6331,,9.013914957008561e-10
6332,,9.013347797821544e-10
6333,,9.012909375142984e-10
6334,,9.010429067739827e-10
6335,,9.009364372332522e-10
6336,,9.008774810199716e-10
6337,,9.008329947670449e-10
6338,,9.005973327773564e-10
6339,,9.004824456009146e-10
6340,,9.00420964312489e-10
6341,,9.003757472404267e-10
6342,,9.001539271784689e-10
6343,,9.000295703534266e-10
6344,,8.999652438210962e-10
6345,,8.999191985334792e-10
6346,,8.997128745664511e-10
6347,,8.995778677546109e-10
6348,,8.995103363608514e-10
6349,,8.994633530466351e-10
6350,,8.994226294904802e-10
6351,,8.991274010945394e-10
6352,,8.990562601544079e-10
6353,,8.990082158283211e-10
6354,,8.98967207028656e-10
6355,,8.986782411104597e-10
6356,,8.986030364588272e-10
6357,,8.985537925923562e-10
6358,,8.98512456387409e-10
6359,,8.982304685355148e-10
6360,,8.981506888857145e-10
6361,,8.981000898150321e-10
6362,,8.980583787506562e-10
6363,,8.977841727808043e-10
6364,,8.976992442858556e-10
6365,,8.97647115102652e-10
6366,,8.976049759246955e-10
6367,,8.973394561250075e-10
6368,,8.972487327600053e-10
6369,,8.971948769155218e-10
6370,,8.971522496081367e-10
6371,,8.968964318558776e-10
6372,,8.967991885319259e-10
6373,,8.967433850854113e-10
6374,,8.967002023458322e-10
6375,,8.964552294227384e-10
6376,,8.963506499941388e-10
6377,,8.962926505278585e-10
6378,,8.962488367286436e-10
6379,,8.960159920189133e-10
6380,,8.959031606025133e-10
6381,,8.958426858916719e-10
6382,,8.957981559974736e-10
6383,,8.955788838054509e-10
6384,,8.954567690020626e-10
6385,,8.953935052874771e-10
6386,,8.953481636955862e-10
6387,,8.951440856971627e-10
6388,,8.950115304029475e-10
6389,,8.94945124999839e-10
6390,,8.948988640885463e-10
6391,,8.948587399732337e-10
6392,,8.94567506674907e-10
6393,,8.944975629807413e-10
6394,,8.944502621614553e-10
6395,,8.94409858658768e-10
6396,,8.941247673257205e-10
6397,,8.940508399995112e-10
6398,,8.940023634515375e-10
6399,,8.939616392411537e-10
6400,,8.936833913760227e-10
6401,,8.936049791796547e-10
6402,,8.935551743776369e-10
6403,,8.935140830220579e-10
6404,,8.932434666414406e-10
6405,,8.931600069516774e-10
6406,,8.931087023974488e-10
6407,,8.930671915934982e-10
6408,,8.928050932296664e-10
6409,,8.927159528136105e-10
6410,,8.926629557258662e-10
6411,,8.926209667099377e-10
6412,,8.923683822020446e-10
6413,,8.922728502417096e-10
6414,,8.922179441136174e-10
6415,,8.921754108118709e-10
6416,,8.919334605883435e-10
6417,,8.918307368896532e-10
6418,,8.917736780726078e-10
6419,,8.91730526363831e-10
6420,,8.915004686790229e-10
6421,,8.913896552971831e-10
6422,,8.913301701956485e-10
6423,,8.91286316662499e-10
6424,,8.910695673773147e-10
6425,,8.909496532752593e-10
6426,,8.908874342464429e-10
6427,,8.908427851723037e-10
6428,,8.906409340306234e-10
6429,,8.905107847602181e-10
6430,,8.904454860936375e-10
6431,,8.903999361198133e-10
6432,,8.90360402362806e-10
6433,,8.900731107089216e-10
6434,,8.900043433941325e-10
6435,,8.899577742449054e-10
6436,,8.89917966952039e-10
6437,,8.89636698989618e-10
6438,,8.89564026571405e-10
6439,,8.895163050616663e-10
6440,,8.894761835997273e-10
6441,,8.8920162713998e-10
6442,,8.891245582810823e-10
6443,,8.890755348020541e-10
6444,,8.89035053672493e-10
6445,,8.887679812024926e-10
6446,,8.886859642521443e-10
6447,,8.88635470780295e-10
6448,,8.885945787150093e-10
6449,,8.883358593574176e-10
6450,,8.8824827357268e-10
6451,,8.881961211611783e-10
6452,,8.881547605192935e-10
6453,,8.879053706087784e-10
6454,,8.878115190280128e-10
6455,,8.877574953162136e-10
6456,,8.877156013446017e-10
6457,,8.874766391889052e-10
6458,,8.873757375353109e-10
6459,,8.873196036948715e-10
6460,,8.872771037524252e-10
6461,,8.870498029672314e-10
6462,,8.869409707265297e-10
6463,,8.868824585313114e-10
6464,,8.868392708408521e-10
6465,,8.866250194506572e-10
6466,,8.865072655673998e-10
6467,,8.864460733470152e-10
6468,,8.864021060439196e-10
6469,,8.862024626718623e-10
6470,,8.860746748967742e-10
6471,,8.860104637688462e-10
6472,,8.859656135385352e-10
6473,,8.859266613468009e-10
6474,,8.856432583590067e-10
6475,,8.855756471059505e-10
6476,,8.855297979022847e-10
6477,,8.854905777688334e-10
6478,,8.852130826190369e-10
6479,,8.851416432087795e-10
6480,,8.85094664566141e-10
6481,,8.850551367690501e-10
6482,,8.84784223634245e-10
6483,,8.847084743378699e-10
6484,,8.846602196844747e-10
6485,,8.846203395544583e-10
6486,,8.843567657545343e-10
6487,,8.842761659477043e-10
6488,,8.842264703963235e-10
6489,,8.841861875469784e-10
6490,,8.839308053183218e-10
6491,,8.838447462671939e-10
6492,,8.837934245900813e-10
6493,,8.837526827076718e-10
6494,,8.835064489655357e-10
6495,,8.834142475518089e-10
6496,,8.833610915139304e-10
6497,,8.833198271366484e-10
6498,,8.830838188278355e-10
6499,,8.829847059225332e-10
6500,,8.829294815970013e-10
6501,,8.828876233286586e-10
6502,,8.826630496682199e-10
6503,,8.825561623188926e-10
6504,,8.824986065636564e-10
6505,,8.824560743730155e-10
6506,,8.822442961488731e-10
6507,,8.82128662612798e-10
6508,,8.820684797948533e-10
6509,,8.820251835525401e-10
6510,,8.818277288009697e-10
6511,,8.817022587443726e-10
6512,,8.816391165334622e-10
6513,,8.815949549359809e-10
6514,,8.815565756142e-10
6515,,8.812770091130646e-10
6516,,8.812105338615864e-10
6517,,8.811653931929258e-10
6518,,8.811267514565129e-10
6519,,8.808529790556246e-10
6520,,8.807827510990387e-10
6521,,8.807365034560082e-10
6522,,8.80697560306222e-10
6523,,8.804302431318064e-10
6524,,8.803557902238294e-10
6525,,8.803082918590149e-10
6526,,8.802690034669731e-10
6527,,8.800088839553598e-10
6528,,8.799296760286537e-10
6529,,8.798807653106394e-10
6530,,8.798410824848797e-10
6531,,8.795889959323418e-10
6532,,8.795044362032811e-10
6533,,8.794539316651062e-10
6534,,8.794137990923359e-10
6535,,8.791706836803094e-10
6536,,8.790801025268261e-10
6537,,8.790277998859435e-10
6538,,8.789871553015478e-10
6539,,8.787540668039218e-10
6540,,8.786567101814768e-10
6541,,8.78602380180755e-10
6542,,8.785611536476532e-10
6543,,8.783392775620663e-10
6544,,8.782342994970467e-10
6545,,8.781776840800334e-10
6546,,8.781357971092204e-10
6547,,8.77926467564338e-10
6548,,8.778129153605916e-10
6549,,8.777537246849637e-10
6550,,8.777110889592678e-10
6551,,8.775158038396752e-10
6552,,8.773926086456852e-10
6553,,8.773305169765706e-10
6554,,8.772870331717519e-10
6555,,8.772492180556075e-10
6556,,8.769734365698815e-10
6557,,8.769080776256283e-10
6558,,8.768636342301812e-10
6559,,8.768255620905144e-10
6560,,8.765554633335728e-10
6561,,8.764864256326878e-10
6562,,8.764408972574153e-10
6563,,8.764025299492499e-10
6564,,8.761387619308004e-10
6565,,8.76065582496885e-10
6566,,8.760188282090357e-10
6567,,8.759801227591852e-10
6568,,8.757234132687136e-10
6569,,8.756455725024446e-10
6570,,8.755974339036797e-10
6571,,8.755583419744343e-10
6572,,8.753095100286061e-10
6573,,8.7522642287701e-10
6574,,8.751767219847845e-10
6575,,8.751371893380266e-10
6576,,8.748971547601429e-10
6577,,8.748081646930915e-10
6578,,8.747567012708959e-10
6579,,8.747166669480662e-10
6580,,8.744864646727895e-10
6581,,8.743908325045041e-10
6582,,8.743373817763588e-10
6583,,8.742967772303418e-10
6584,,8.74077569388087e-10
6585,,8.739744657486785e-10
6586,,8.739187747269413e-10
6587,,8.738775229874161e-10
6588,,8.736706176105865e-10
6589,,8.735591084236634e-10
6590,,8.73500893100586e-10
6591,,8.734589075155611e-10
6592,,8.732657730480743e-10
6593,,8.73144810543901e-10
6594,,8.73083751435641e-10
6595,,8.730409346623359e-10
6596,,8.730036752611941e-10
6597,,8.727316280720054e-10
6598,,8.726673660840349e-10
6599,,8.726236088729978e-10
6600,,8.725860978052663e-10
6601,,8.723196240458263e-10
6602,,8.7225175580282e-10
6603,,8.722069351815406e-10
6604,,8.721691349589167e-10
6605,,8.71908869846324e-10
6606,,8.718369415728361e-10
6607,,8.717909193474282e-10
6608,,8.717527878813352e-10
6609,,8.714994450063035e-10
6610,,8.714229471119552e-10
6611,,8.713755680631562e-10
6612,,8.713370579838139e-10
6613,,8.7109144025419e-10
6614,,8.710097993010795e-10
6615,,8.709608888731479e-10
6616,,8.709219470021291e-10
6617,,8.706849561033222e-10
6618,,8.705975284400295e-10
6619,,8.705468903587691e-10
6620,,8.705074569211017e-10
6621,,8.702801075236091e-10
6622,,8.701861684965088e-10
6623,,8.701335823278751e-10
6624,,8.700935901317222e-10
6625,,8.698770216103245e-10
6626,,8.697757579961917e-10
6627,,8.697209759342151e-10
6628,,8.696803494171596e-10
6629,,8.69475843955093e-10
6630,,8.693663402290936e-10
6631,,8.693090836026733e-10
6632,,8.692677380141936e-10
6633,,8.690767352510693e-10
6634,,8.689579641644303e-10
6635,,8.688979198977768e-10
6636,,8.6885575964999e-10
6637,,8.688190476850701e-10
6638,,8.685506846965258e-10
6639,,8.684875006859742e-10
6640,,8.684444187031884e-10
6641,,8.68407460256757e-10
6642,,8.681445634494514e-10
6643,,8.680778443065263e-10
6644,,8.680337200695791e-10
6645,,8.679964783667532e-10
6646,,8.67739670579299e-10
6647,,8.676689713749021e-10
6648,,8.676236694276667e-10
6649,,8.675861032423544e-10
6650,,8.673360840558805e-10
6651,,8.672609052145933e-10
6652,,8.672142733481601e-10
6653,,8.671763362577567e-10
6654,,8.66933892707005e-10
6655,,8.668536721193801e-10
6656,,8.668055391415472e-10
6657,,8.667671789877501e-10
6658,,8.66533195136231e-10
6659,,8.664473016706044e-10
6660,,8.663974752939802e-10
6661,,8.663586334968407e-10
6662,,8.661341040232825e-10
6663,,8.660418273656232e-10
6664,,8.659900913752431e-10
6665,,8.659507020834937e-10
6666,,8.657367440190971e-10
6667,,8.65637286888292e-10
6668,,8.65583398369691e-10
6669,,8.655433874471302e-10
6670,,8.653412577630092e-10
6671,,8.652337226436795e-10
6672,,8.651774084588339e-10
6673,,8.651366927610789e-10
6674,,8.649478029385253e-10
6675,,8.648311826511267e-10
6676,,8.647721357569949e-10
6677,,8.647306217541864e-10
6678,,8.64694448957996e-10
6679,,8.644297206737112e-10
6680,,8.643675960138204e-10
6681,,8.643251786350892e-10
6682,,8.642887644514235e-10
6683,,8.640293972909076e-10
6684,,8.63963807130912e-10
6685,,8.639203681741632e-10
6686,,8.638836766464944e-10
6687,,8.636302810836708e-10
6688,,8.635607893239121e-10
6689,,8.635161960140568e-10
6690,,8.634791865933623e-10
6691,,8.632324485452839e-10
6692,,8.631585654302012e-10
6693,,8.631126685184853e-10
6694,,8.63075295736289e-10
6695,,8.628359868550521e-10
6696,,8.627571611781646e-10
6697,,8.627097929498122e-10
6698,,8.626720055999763e-10
6699,,8.624409925503084e-10
6700,,8.623566057012619e-10
6701,,8.623075775984428e-10
6702,,8.622693182712712e-10
6703,,8.620475761632087e-10
6704,,8.619569317087653e-10
6705,,8.61906031692883e-10
6706,,8.618672359144291e-10
6707,,8.616558597852899e-10
6708,,8.615581761241659e-10
6709,,8.615051661888227e-10
6710,,8.614657612361951e-10
6711,,8.612659834402238e-10
6712,,8.611603806902314e-10
6713,,8.611049929216958e-10
6714,,8.610648973007768e-10
6715,,8.60878101535473e-10
6716,,8.607635922646189e-10
6717,,8.607055257588959e-10
6718,,8.606646477575072e-10
6719,,8.606290061221468e-10
6720,,8.603678637712078e-10
6721,,8.603067801691454e-10
6722,,8.602650166949551e-10
6723,,8.602291386567138e-10
6724,,8.59973254328861e-10
6725,,8.599087736107247e-10
6726,,8.59866008888517e-10
6727,,8.598298591519645e-10
6728,,8.5957983146131e-10
6729,,8.595115258818475e-10
6730,,8.594676298186118e-10
6731,,8.59431168662351e-10
6732,,8.591876699850155e-10
6733,,8.591150594750268e-10
6734,,8.59069885663116e-10
6735,,8.590330685520178e-10
6736,,8.587968552736559e-10
6737,,8.587193995958198e-10
6738,,8.586727836206256e-10
6739,,8.586355603175479e-10
6740,,8.584074821500453e-10
6741,,8.583245747513975e-10
6742,,8.582763317229671e-10
6743,,8.582386459737202e-10
6744,,8.580196588382126e-10
6745,,8.579306170135709e-10
6746,,8.578805391014662e-10
6747,,8.578423277008616e-10
6748,,8.576335052174863e-10
6749,,8.575375626476583e-10
6750,,8.574854164113842e-10
6751,,8.574466080533129e-10
6752,,8.572491583030616e-10
6753,,8.571454524453751e-10
6754,,8.570909753679374e-10
6755,,8.570514900981954e-10
6756,,8.568667696732788e-10
6757,,8.567543324304264e-10
6758,,8.566972294563163e-10
6759,,8.566569774172637e-10
6760,,8.566218589927268e-10
6761,,8.563642544014203e-10
6762,,8.563041938458119e-10
6763,,8.562630740262189e-10
6764,,8.562277241016142e-10
6765,,8.559752765113344e-10
6766,,8.559118857124769e-10
6767,,8.558697845379474e-10
6768,,8.558341684755863e-10
6769,,8.555874646750581e-10
6770,,8.555203244686292e-10
6771,,8.554771143497505e-10
6772,,8.554411932333177e-10
6773,,8.552008924092864e-10
6774,,8.551295321122524e-10
6775,,8.550850696021337e-10
6776,,8.550487997302596e-10
6777,,8.548156433938576e-10
6778,,8.547395333108318e-10
6779,,8.54693657151578e-10
6780,,8.546569893585075e-10
6781,,8.544318105612583e-10
6782,,8.54350356056679e-10
6783,,8.543028850670213e-10
6784,,8.542657641358196e-10
6785,,8.540495000013669e-10
6786,,8.539620317457981e-10
6787,,8.539127622208555e-10
6788,,8.538751261707531e-10
6789,,8.536688292566969e-10
6790,,8.535745960565411e-10
6791,,8.535232990360777e-10
6792,,8.534850780152606e-10
6793,,8.532899326729985e-10
6794,,8.531880888106272e-10
6795,,8.531345070458381e-10
6796,,8.530956226453151e-10
6797,,8.529129587478976e-10
6798,,8.528025552632695e-10
6799,,8.527463994019669e-10
6800,,8.527067634697739e-10
6801,,8.526721603016063e-10
6802,,8.524180461648175e-10
6803,,8.523589909072424e-10
6804,,8.523185044974132e-10
6805,,8.522836746740484e-10
6806,,8.520346183284751e-10
6807,,8.519722985483195e-10
6808,,8.51930850326355e-10
6809,,8.518957598437572e-10
6810,,8.516523366026973e-10
6811,,8.515863413195034e-10
6812,,8.515438061597964e-10
6813,,8.515084168288355e-10
6814,,8.512712729979968e-10
6815,,8.512011407294372e-10
6816,,8.511573779809714e-10
6817,,8.511216469833508e-10
6818,,8.508915095543911e-10
6819,,8.508167209725401e-10
6820,,8.50771572596692e-10
6821,,8.507354517693976e-10
6822,,8.50513137300648e-10
6823,,8.504331094873874e-10
6824,,8.503863978470442e-10
6825,,8.503498330298999e-10
6826,,8.501362603273439e-10
6827,,8.500503371246526e-10
6828,,8.500018624911081e-10
6829,,8.499647928747443e-10
6830,,8.497609937603885e-10
6831,,8.496684387409652e-10
6832,,8.496179766301746e-10
6833,,8.495803337972637e-10
6834,,8.493874694405449e-10
6835,,8.492874534428571e-10
6836,,8.492347516504511e-10
6837,,8.491964586996724e-10
6838,,8.490158328228351e-10
6839,,8.489074255583783e-10
6840,,8.488522004531586e-10
6841,,8.488131710250021e-10
6842,,8.486462509284172e-10
6843,,8.485284046492413e-10
6844,,8.484703375287863e-10
6845,,8.484304745790419e-10
6846,,8.483961570099059e-10
6847,,8.481504468165958e-10
6848,,8.480891795429916e-10
6849,,8.480483738416391e-10
6850,,8.480138009880018e-10
6851,,8.477736154437537e-10
6852,,8.477087450394284e-10
6853,,8.476668739756864e-10
6854,,8.476320084523289e-10
6855,,8.473979810926376e-10
6856,,8.473290552076579e-10
6857,,8.472859808875177e-10
6858,,8.472507806402002e-10
6859,,8.470236241857798e-10
6860,,8.469501336852384e-10
6861,,8.469057012127561e-10
6862,,8.468701190036821e-10
6863,,8.466506339605411e-10
6864,,8.465720073856636e-10
6865,,8.465260426039364e-10
6866,,8.46490025347363e-10
6867,,8.462791124638574e-10
6868,,8.461947065605753e-10
6869,,8.461470136045126e-10
6870,,8.461105017162097e-10
6871,,8.459091726416967e-10
6872,,8.458182653493154e-10
6873,,8.45768624291081e-10
6874,,8.457315505674159e-10
6875,,8.455409435368375e-10
6876,,8.454427221174451e-10
6877,,8.453908855539835e-10
6878,,8.453531748044427e-10
6879,,8.451745680207565e-10
6880,,8.450681203157178e-10
6881,,8.450138102294411e-10
6882,,8.449753776734716e-10
6883,,8.448102095540328e-10
6884,,8.446945085699488e-10
6885,,8.446374124678414e-10
6886,,8.445981629960292e-10
6887,,8.445643500892055e-10
6888,,8.443219417431925e-10
6889,,8.442617086411748e-10
6890,,8.442215352209093e-10
6891,,8.441874722030842e-10
6892,,8.439504821039139e-10
6893,,8.438867168458901e-10
6894,,8.438454992515845e-10
6895,,8.4381114950851e-10
6896,,8.435801987454989e-10
6897,,8.435124578612668e-10
6898,,8.434700608935288e-10
6899,,8.434353833144778e-10
6900,,8.432111705056975e-10
6901,,8.431389549703272e-10
6902,,8.430952267353963e-10
6903,,8.430601749329502e-10
6904,,8.428434850192976e-10
6905,,8.427662344431795e-10
6906,,8.427210041996508e-10
6907,,8.426855261773728e-10
6908,,8.424772421327304e-10
6909,,8.423943259491556e-10
6910,,8.423474017657459e-10
6911,,8.423114389483151e-10
6912,,8.421125526277502e-10
6913,,8.420232630039848e-10
6914,,8.419744291274855e-10
6915,,8.419379158562458e-10
6916,,8.417495430620162e-10
6917,,8.416530831978146e-10
6918,,8.41602097130335e-10
6919,,8.415649595676451e-10
6920,,8.413883534052697e-10
6921,,8.412838290406261e-10
6922,,8.412304183184733e-10
6923,,8.411925734035505e-10
6924,,8.410291439762722e-10
6925,,8.409155483114259e-10
6926,,8.408594065508436e-10
6927,,8.408207609127083e-10
6928,,8.407874450619666e-10
6929,,8.405482947390454e-10
6930,,8.404890778147864e-10
6931,,8.404495265993545e-10
6932,,8.40415965819815e-10
6933,,8.401821294434513e-10
6934,,8.401194499185452e-10
6935,,8.400788752003789e-10
6936,,8.400450336484627e-10
6937,,8.398171199604419e-10
6938,,8.397505431776417e-10
6939,,8.397088125810518e-10
6940,,8.396746496788423e-10
6941,,8.394533438244258e-10
6942,,8.393823804549166e-10
6943,,8.393393449644594e-10
6944,,8.393048154381855e-10
6945,,8.390908867376687e-10
6946,,8.390149874746247e-10
6947,,8.389704796878609e-10
6948,,8.389355324886817e-10
6949,,8.387298467392682e-10
6950,,8.386483933453033e-10
6951,,8.386022250777311e-10
6952,,8.38566802957913e-10
6953,,8.383703322698293e-10
6954,,8.382826308820724e-10
6955,,8.382345906580947e-10
6956,,8.381986290997204e-10
6957,,8.380124675419618e-10
6958,,8.379177369870849e-10
6959,,8.378675871381511e-10
6960,,8.378310136542095e-10
6961,,8.37656389769314e-10
6962,,8.375537532513026e-10
6963,,8.375012265486296e-10
6964,,8.37463959866317e-10
6965,,8.373022559813778e-10
6966,,8.371907265999896e-10
6967,,8.371355226939643e-10
6968,,8.370974713316055e-10
6969,,8.370646450949946e-10
6970,,8.368287096961339e-10
6971,,8.367704911756909e-10
6972,,8.367315522615627e-10
6973,,8.366984861318631e-10
6974,,8.364677622997989e-10
6975,,8.364061494710679e-10
6976,,8.363662074264789e-10
6977,,8.363328662352842e-10
6978,,8.361079508862189e-10
6979,,8.360425175786258e-10
6980,,8.360014424713594e-10
6981,,8.359677865247852e-10
6982,,8.357493512146394e-10
6983,,8.356796176891228e-10
6984,,8.356372635474344e-10
6985,,8.356032483825055e-10
6986,,8.353920473977005e-10
6987,,8.353174751821452e-10
6988,,8.35273677937077e-10
6989,,8.352392535156504e-10
6990,,8.350361355594721e-10
6991,,8.349561185668442e-10
6992,,8.349106936390849e-10
6993,,8.348758038436918e-10
6994,,8.346817220592009e-10
6995,,8.345955799849859e-10
6996,,8.345483201100447e-10
6997,,8.345129016844678e-10
6998,,8.343289285916853e-10
6999,,8.342358955358937e-10
7000,,8.341865677117417e-10
7001,,8.341505496919883e-10
7002,,8.339778895978105e-10
7003,,8.3387710623836e-10
7004,,8.338254484514687e-10
7005,,8.337887509776809e-10
7006,,8.336287592642398e-10
7007,,8.335192577290451e-10
7008,,8.334649756219319e-10
7009,,8.334275090752558e-10
7010,,8.333951651390281e-10
7011,,8.331624020057274e-10
7012,,8.331051646589438e-10
7013,,8.330668282486259e-10
7014,,8.330342492745662e-10
7015,,8.328065973797218e-10
7016,,8.327460326457787e-10
7017,,8.32706713028031e-10
7018,,8.326738646252056e-10
7019,,8.32451909125909e-10
7020,,8.323875991073749e-10
7021,,8.323471689624413e-10
7022,,8.323140122534422e-10
7023,,8.320984115415433e-10
7024,,8.320298859779012e-10
7025,,8.319882021337222e-10
7026,,8.319546934485753e-10
7027,,8.317461870779575e-10
7028,,8.316729180124079e-10
7029,,8.316298195482808e-10
7030,,8.315959099425541e-10
7031,,8.313953298543133e-10
7032,,8.313167231847459e-10
7033,,8.312720292853848e-10
7034,,8.312376636246179e-10
7035,,8.310459442399697e-10
7036,,8.30961333000968e-10
7037,,8.309148404019358e-10
7038,,8.308799566948809e-10
7039,,8.306981494477362e-10
7040,,8.306067828417439e-10
7041,,8.305582631251036e-10
7042,,8.30522791836815e-10
7043,,8.303520774261969e-10
7044,,8.302531128334246e-10
7045,,8.302023091752837e-10
7046,,8.301661720451976e-10
7047,,8.300078791745023e-10
7048,,8.299003679749382e-10
7049,,8.298469916592689e-10
7050,,8.298101007946529e-10
7051,,8.297782318385251e-10
7052,,8.295485989147993e-10
7053,,8.294923256839433e-10
7054,,8.29454582212089e-10
7055,,8.294224831117931e-10
7056,,8.291978630564267e-10
7057,,8.291383279084973e-10
7058,,8.290996207749864e-10
7059,,8.290672578044452e-10
7060,,8.288482242141533e-10
7061,,8.287850176448924e-10
7062,,8.287452219317418e-10
7063,,8.287125569014072e-10
7064,,8.284997553321615e-10
7065,,8.284324162040143e-10
7066,,8.283913916896455e-10
7067,,8.283583818523083e-10
7068,,8.281525371939701e-10
7069,,8.280805479921637e-10
7070,,8.28038136871413e-10
7071,,8.280047341409106e-10
7072,,8.278066620969106e-10
7073,,8.277294403184637e-10
7074,,8.276854653232372e-10
7075,,8.276516157200281e-10
7076,,8.27462232338044e-10
7077,,8.273791241552259e-10
7078,,8.273333859749767e-10
7079,,8.272990287649765e-10
7080,,8.271193648658138e-10
7081,,8.270296341419145e-10
7082,,8.269819088291457e-10
7083,,8.269469757907071e-10
7084,,8.267781888985809e-10
7085,,8.266810096415322e-10
7086,,8.266310454489204e-10
7087,,8.265954598371223e-10
7088,,8.264388525379811e-10
7089,,8.26333294699688e-10
7090,,8.262808086918231e-10
7091,,8.262444843656563e-10
7092,,8.262130832971549e-10
7093,,8.259865390207466e-10
7094,,8.259312131836593e-10
7095,,8.258940531790602e-10
7096,,8.258624268200164e-10
7097,,8.256407988938379e-10
7098,,8.255822754741473e-10
7099,,8.255441709384864e-10
7100,,8.255122859891458e-10
7101,,8.25296136891162e-10
7102,,8.252340142801697e-10
7103,,8.251948428339559e-10
7104,,8.251626619732346e-10
7105,,8.249526244361099e-10
7106,,8.24886450665926e-10
7107,,8.248460747230546e-10
7108,,8.248135560814856e-10
7109,,8.246103408395519e-10
7110,,8.245396084879019e-10
7111,,8.244978734199338e-10
7112,,8.244649698000182e-10
7113,,8.242693764131874e-10
7114,,8.241935144789115e-10
7115,,8.241502464528935e-10
7116,,8.241169049408634e-10
7117,,8.239298316086155e-10
7118,,8.238481989941873e-10
7119,,8.238032026863878e-10
7120,,8.237693637078855e-10
7121,,8.235918209389206e-10
7122,,8.235036961171965e-10
7123,,8.234567519251298e-10
7124,,8.234223486556749e-10
7125,,8.23255471215263e-10
7126,,8.231600443756809e-10
7127,,8.231109054253874e-10
7128,,8.23075862652686e-10
7129,,8.229209274932778e-10
7130,,8.228172868591649e-10
7131,,8.227656757968314e-10
7132,,8.227299090118906e-10
7133,,8.226989689244206e-10
7134,,8.224754724149227e-10
7135,,8.224210774298053e-10
7136,,8.223844916933227e-10
7137,,8.223533308305221e-10
7138,,8.221346560316548e-10
7139,,8.220771265078303e-10
7140,,8.220396150339672e-10
7141,,8.220082009204467e-10
7142,,8.217948992600262e-10
7143,,8.217338414916286e-10
7144,,8.21695284147488e-10
7145,,8.216635802176917e-10
7146,,8.214562720259542e-10
7147,,8.213912428769968e-10
7148,,8.213515049073145e-10
7149,,8.213194699704065e-10
7150,,8.211188520437664e-10
7151,,8.210493540833984e-10
7152,,8.210082838298262e-10
7153,,8.2097587176777e-10
7154,,8.207827279892812e-10
7155,,8.207082012990516e-10
7156,,8.206656284818084e-10
7157,,8.20632787311155e-10
7158,,8.20447998189807e-10
7159,,8.203678144453873e-10
7160,,8.203235474688442e-10
7161,,8.202902188184172e-10
7162,,8.201147749380593e-10
7163,,8.200282266520517e-10
7164,,8.199820502691176e-10
7165,,8.199481686466404e-10
7166,,8.197831825873456e-10
7167,,8.196894758792809e-10
7168,,8.196411480806362e-10
7169,,8.196066396878741e-10
7170,,8.194533633697417e-10
7171,,8.193516043660532e-10
7172,,8.193008531711694e-10
7173,,8.192656352214033e-10
7174,,8.192351491901233e-10
7175,,8.190146598992588e-10
7176,,8.189611797454545e-10
7177,,8.189251590622908e-10
7178,,8.188944568020249e-10
7179,,8.186786965172029e-10
7180,,8.18622143566564e-10
7181,,8.185852155339282e-10
7182,,8.18554265168665e-10
7183,,8.183437744409336e-10
7184,,8.182837626852744e-10
7185,,8.182458096193878e-10
7186,,8.182145753248185e-10
7187,,8.180099622326734e-10
7188,,8.179460573516312e-10
7189,,8.179069470064486e-10
7190,,8.178753884397881e-10
7191,,8.176773360932129e-10
7192,,8.176090503502114e-10
7193,,8.175686341783242e-10
7194,,8.17536706027533e-10
7195,,8.173459830586905e-10
7196,,8.172727675499163e-10
7197,,8.172308784433853e-10
7198,,8.171985299037984e-10
7199,,8.170159993363223e-10
7200,,8.169372380092595e-10
7201,,8.168936882411109e-10
7202,,8.168608620759901e-10
7203,,8.166874951467448e-10
7204,,8.166024945212061e-10
7205,,8.165570730367919e-10
7206,,8.165237048787172e-10
7207,,8.16360592363442e-10
7208,,8.16268574060832e-10
7209,,8.162210436099832e-10
7210,,8.161870612366048e-10
7211,,8.160354303614331e-10
7212,,8.159355181452047e-10
7213,,8.158856121132869e-10
7214,,8.158509342970104e-10
7215,,8.158208954619394e-10
7216,,8.156033735537808e-10
7217,,8.155507923728045e-10
7218,,8.15515327781986e-10
7219,,8.154850772463582e-10
7220,,8.152721932966536e-10
7221,,8.152165998829689e-10
7222,,8.151802459375631e-10
7223,,8.151497523968476e-10
7224,,8.149420364221276e-10
7225,,8.148830523370594e-10
7226,,8.148456936855007e-10
7227,,8.148149219839936e-10
7228,,8.146129701213959e-10
7229,,8.145501695002179e-10
7230,,8.14511676567062e-10
7231,,8.144805871510014e-10
7232,,8.142850691428592e-10
7233,,8.142179738807374e-10
7234,,8.141782009018999e-10
7235,,8.141467494174559e-10
7236,,8.139584186564824e-10
7237,,8.138864907128697e-10
7238,,8.13845273998469e-10
7239,,8.138134105106643e-10
7240,,8.136331131950094e-10
7241,,8.135557484913784e-10
7242,,8.135129039299709e-10
7243,,8.134805723997215e-10
7244,,8.133092606655265e-10
7245,,8.132257794156488e-10
7246,,8.131811000630965e-10
7247,,8.131482374061478e-10
7248,,8.129869805559594e-10
7249,,8.128966196393801e-10
7250,,8.12849872972622e-10
7251,,8.128164083507105e-10
7252,,8.126664095600179e-10
7253,,8.125683098954098e-10
7254,,8.125192345276082e-10
7255,,8.124850883372547e-10
7256,,8.124554900422949e-10
7257,,8.122408961372818e-10
7258,,8.121891983173937e-10
7259,,8.121542809956392e-10
7260,,8.12124475366395e-10
7261,,8.11914430201157e-10
7262,,8.118597795261892e-10
7263,,8.118239905756147e-10
7264,,8.117939468636338e-10
7265,,8.115889700820499e-10
7266,,8.115309954811728e-10
7267,,8.114942217342708e-10
7268,,8.114639055176068e-10
7269,,8.112645815151847e-10
7270,,8.112028655246703e-10
7271,,8.111649799727233e-10
7272,,8.111343525746538e-10
7273,,8.10941337933787e-10
7274,,8.108754118271156e-10
7275,,8.10836271582727e-10
7276,,8.108052893730986e-10
7277,,8.106193226678919e-10
7278,,8.105486590266439e-10
7279,,8.105081035495676e-10
7280,,8.104767176584092e-10
7281,,8.102986284882903e-10
7282,,8.10222635073308e-10
7283,,8.101804839623054e-10
7284,,8.101486393633843e-10
7285,,8.099793612276916e-10
7286,,8.098973715472719e-10
7287,,8.098534218674737e-10
7288,,8.098210568027117e-10
7289,,8.096616379534686e-10
7290,,8.095729038940059e-10
7291,,8.095269276571763e-10
7292,,8.094939726869868e-10
7293,,8.093455926476996e-10
7294,,8.092492720087214e-10
7295,,8.092010130017464e-10
7296,,8.091673900325009e-10
7297,,8.091382257115463e-10
7298,,8.089265209491448e-10
7299,,8.088756912081046e-10
7300,,8.088413124942237e-10
7301,,8.088119450677562e-10
7302,,8.086047015571482e-10
7303,,8.085509771269579e-10
7304,,8.085157440568345e-10
7305,,8.084861435187948e-10
7306,,8.082838706476599e-10
7307,,8.082268877861011e-10
7308,,8.081906895175538e-10
7309,,8.08160821945646e-10
7310,,8.079640927778528e-10
7311,,8.079034421889082e-10
7312,,8.078661541074109e-10
7313,,8.078359816669402e-10
7314,,8.076454396884883e-10
7315,,8.075806619272426e-10
7316,,8.07542143959115e-10
7317,,8.075116239588705e-10
7318,,8.073279933718432e-10
7319,,8.07258571193004e-10
7320,,8.072186660438368e-10
7321,,8.071877504325107e-10
7322,,8.070118445917691e-10
7323,,8.069371975466678e-10
7324,,8.068957282070074e-10
7325,,8.06864363138823e-10
7326,,8.066970971102913e-10
7327,,8.066165717117561e-10
7328,,8.065733393479178e-10
7329,,8.065414642051085e-10
7330,,8.063838656870991e-10
7331,,8.062967285308856e-10
7332,,8.062515096755486e-10
7333,,8.062190564200053e-10
7334,,8.060722817498842e-10
7335,,8.05977707234923e-10
7336,,8.059302505607412e-10
7337,,8.058971426153093e-10
7338,,8.058684057943591e-10
7339,,8.056595517686966e-10
7340,,8.056095750689153e-10
7341,,8.055757264087015e-10
7342,,8.055467906581106e-10
7343,,8.053423121666828e-10
7344,,8.052894977842086e-10
7345,,8.052548117613861e-10
7346,,8.052256476495814e-10
7347,,8.050260439854492e-10
7348,,8.04970035360301e-10
7349,,8.049344032952496e-10
7350,,8.049049776543627e-10
7351,,8.047108105161632e-10
7352,,8.046512064979736e-10
7353,,8.046145061893615e-10
7354,,8.04584781801023e-10
7355,,8.043966822859408e-10
7356,,8.043330322049855e-10
7357,,8.042951264103589e-10
7358,,8.042650614684077e-10
7359,,8.040837394444327e-10
7360,,8.040155363956981e-10
7361,,8.039762708004296e-10
7362,,8.039458182823215e-10
7363,,8.03772071081351e-10
7364,,8.036987459417988e-10
7365,,8.036579470548994e-10
7366,,8.036270541270056e-10
7367,,8.034617788440722e-10
7368,,8.033826909644968e-10
7369,,8.033401638872666e-10
7370,,8.033087711367076e-10
7371,,8.031529753647443e-10
7372,,8.030674057305872e-10
7373,,8.030229313766881e-10
7374,,8.029909719689574e-10
7375,,8.028457893341908e-10
7376,,8.027529285331988e-10
7377,,8.02706260552576e-10
7378,,8.026736595213716e-10
7379,,8.026453438007411e-10
7380,,8.024393026787232e-10
7381,,8.023901642425587e-10
7382,,8.023568372773504e-10
7383,,8.023283267491947e-10
7384,,8.021265769745531e-10
7385,,8.020746568364966e-10
7386,,8.020405091072592e-10
7387,,8.020117748672934e-10
7388,,8.018148060248981e-10
7389,,8.017597545482967e-10
7390,,8.017246795167596e-10
7391,,8.016956891407236e-10
7392,,8.015040519185609e-10
7393,,8.014454757360914e-10
7394,,8.014093536898617e-10
7395,,8.013800706108923e-10
7396,,8.011943835944865e-10
7397,,8.011318410930992e-10
7398,,8.010945374016532e-10
7399,,8.010649206291723e-10
7400,,8.008858797925203e-10
7401,,8.008188739098835e-10
7402,,8.007802373008446e-10
7403,,8.007502407472307e-10
7404,,8.005786277558901e-10
7405,,8.005066005485116e-10
7406,,8.004664610258443e-10
7407,,8.004360328541093e-10
7408,,8.002727272641225e-10
7409,,8.001950506715131e-10
7410,,8.001532170296889e-10
7411,,8.001222990734974e-10
7412,,7.999682885926605e-10
7413,,7.998842577350179e-10
7414,,7.998405151955754e-10
7415,,7.998090419543637e-10
7416,,7.996654380034057e-10
7417,,7.995742593154728e-10
7418,,7.995283664085718e-10
7419,,7.994962643493554e-10
7420,,7.994683634079779e-10
7421,,7.992650978393705e-10
7422,,7.992167832512483e-10
7423,,7.991839696700783e-10
7424,,7.991558779499833e-10
7425,,7.989568212269434e-10
7426,,7.989057797352571e-10
7427,,7.988721616813092e-10
7428,,7.988438508474553e-10
7429,,7.986494829122505e-10
7430,,7.985953717884894e-10
7431,,7.985608448401248e-10
7432,,7.985322831095018e-10
7433,,7.98343143845363e-10
7434,,7.982855774038224e-10
7435,,7.982500241750218e-10
7436,,7.982211756871067e-10
7437,,7.980378715954508e-10
7438,,7.979764168418246e-10
7439,,7.97939705416979e-10
7440,,7.979105299865156e-10
7441,,7.977337433209186e-10
7442,,7.976679130288581e-10
7443,,7.976298950270531e-10
7444,,7.976003474641067e-10
7445,,7.974308446174442e-10
7446,,7.973600917376184e-10
7447,,7.973206004787831e-10
7448,,7.972906299689435e-10
7449,,7.97129273147289e-10
7450,,7.970529820264624e-10
7451,,7.970118301854086e-10
7452,,7.969813796381714e-10
7453,,7.968291371911899e-10
7454,,7.967466167409058e-10
7455,,7.967035936625345e-10
7456,,7.966725989581268e-10
7457,,7.965305603829787e-10
7458,,7.964410326517636e-10
7459,,7.963959016157687e-10
7460,,7.963642906164646e-10
7461,,7.963367983268953e-10
7462,,7.961362714162928e-10
7463,,7.960887664625932e-10
7464,,7.960564580950736e-10
7465,,7.960287789525159e-10
7466,,7.958323799533131e-10
7467,,7.957822017942393e-10
7468,,7.957491049812547e-10
7469,,7.957212112483436e-10
7470,,7.955294107465166e-10
7471,,7.954762234007148e-10
7472,,7.954422357056434e-10
7473,,7.954140961550306e-10
7474,,7.952274233854371e-10
7475,,7.951708487405169e-10
7476,,7.951358551684055e-10
7477,,7.951074346910844e-10
7478,,7.949264842020428e-10
7479,,7.948660978330493e-10
7480,,7.948299689771239e-10
7481,,7.948012281482036e-10
7482,,7.946266688610848e-10
7483,,7.945619930370806e-10
7484,,7.945245834446381e-10
7485,,7.944954780175091e-10
7486,,7.943280612547802e-10
7487,,7.942585596833185e-10
7488,,7.942197059804121e-10
7489,,7.941901860445002e-10
7490,,7.940307571321486e-10
7491,,7.93955826226818e-10
7492,,7.939153447065876e-10
7493,,7.938853543577985e-10
7494,,7.93734862614426e-10
7495,,7.936538248212654e-10
7496,,7.936115090344084e-10
7497,,7.93580985391601e-10
7498,,7.934404988993941e-10
7499,,7.933525916406657e-10
7500,,7.933082094271281e-10
7501,,7.932770818344857e-10
7502,,7.932499920173832e-10
7503,,7.930521674388815e-10
7504,,7.930054580164453e-10
7505,,7.92973646925116e-10
7506,,7.929463742137543e-10
7507,,7.927525981551862e-10
7508,,7.927032682818387e-10
7509,,7.926706843674837e-10
7510,,7.926432014345802e-10
7511,,7.924539353036203e-10
7512,,7.924016554841705e-10
7513,,7.92368198450909e-10
7514,,7.923404746792218e-10
7515,,7.921562373322156e-10
7516,,7.921006369100998e-10
7517,,7.920661939148828e-10
7518,,7.920381949120761e-10
7519,,7.918595691955767e-10
7520,,7.918002321156635e-10
7521,,7.917646762627199e-10
7522,,7.917363633436342e-10
7523,,7.91564005099944e-10
7524,,7.915004629096663e-10
7525,,7.914636517031529e-10
7526,,7.914349815909046e-10
7527,,7.912696273065875e-10
7528,,7.912013543224374e-10
7529,,7.911631275087045e-10
7530,,7.911340513010906e-10
7531,,7.909765296110707e-10
7532,,7.909029341254518e-10
7533,,7.908631116077403e-10
7534,,7.908335744002169e-10
7535,,7.906848161212778e-10
7536,,7.906052338614789e-10
7537,,7.905636132887632e-10
7538,,7.905335534200121e-10
7539,,7.903946057351531e-10
7540,,7.90308289015196e-10
7541,,7.902646427446034e-10
7542,,7.902339909733583e-10
7543,,7.902072977490763e-10
7544,,7.900121394403598e-10
7545,,7.899662119542334e-10
7546,,7.899348902044731e-10
7547,,7.899080178300214e-10
7548,,7.897168303300599e-10
7549,,7.896683339698995e-10
7550,,7.896362548412427e-10
7551,,7.896091764959794e-10
7552,,7.894224120767092e-10
7553,,7.893710238940282e-10
7554,,7.893380889695925e-10
7555,,7.893107746875361e-10
7556,,7.891289419684432e-10
7557,,7.890742985759401e-10
7558,,7.890403971606249e-10
7559,,7.890128133493792e-10
7560,,7.88836483791042e-10
7561,,7.887781771981815e-10
7562,,7.887431850125606e-10
7563,,7.887152936861838e-10
7564,,7.885451101897426e-10
7565,,7.884826813149501e-10
7566,,7.884464585724825e-10
7567,,7.884182170930497e-10
7568,,7.882549017701776e-10
7569,,7.881878351394129e-10
7570,,7.881502247949501e-10
7571,,7.881215853730333e-10
7572,,7.879659506397966e-10
7573,,7.878936660776049e-10
7574,,7.878544916048371e-10
7575,,7.878254004632402e-10
7576,,7.876783586778774e-10
7577,,7.876002051319846e-10
7578,,7.875592680553357e-10
7579,,7.875296646456871e-10
7580,,7.87392242550845e-10
7581,,7.873074869742054e-10
7582,,7.872645641869651e-10
7583,,7.87234380646947e-10
7584,,7.87208078074434e-10
7585,,7.870155506554094e-10
7586,,7.869703915788933e-10
7587,,7.869395515057163e-10
7588,,7.869130734319652e-10
7589,,7.867244405859549e-10
7590,,7.866767632086209e-10
7591,,7.866451808377584e-10
7592,,7.866185010185662e-10
7593,,7.864342060328398e-10
7594,,7.863836938520918e-10
7595,,7.863512725714085e-10
7596,,7.863243616988441e-10
7597,,7.861449032418547e-10
7598,,7.860911999080242e-10
7599,,7.860578313351711e-10
7600,,7.860306563123458e-10
7601,,7.858565947076965e-10
7602,,7.857993002899132e-10
7603,,7.857648625553759e-10
7604,,7.857373863030977e-10
7605,,7.855693516578319e-10
7606,,7.855080160419379e-10
7607,,7.854723721289736e-10
7608,,7.854445528090801e-10
7609,,7.852832531788847e-10
7610,,7.852173710200427e-10
7611,,7.851803669272105e-10
7612,,7.851521576111141e-10
7613,,7.849983894159602e-10
7614,,7.849273920668163e-10
7615,,7.848888546650137e-10
7616,,7.848602027070357e-10
7617,,7.84714860400903e-10
7618,,7.846381094082052e-10
7619,,7.845978441659801e-10
7620,,7.84568690253877e-10
7621,,7.844327804722241e-10
7622,,7.843495571442619e-10
7623,,7.843073454085185e-10
7624,,7.842776228793336e-10
7625,,7.842517051689814e-10
7626,,7.840617736419444e-10
7627,,7.840173697231601e-10
7628,,7.839870037069708e-10
7629,,7.839609140608699e-10
7630,,7.837748023202499e-10
7631,,7.837279296760355e-10
7632,,7.836968361115224e-10
7633,,7.836705489106621e-10
7634,,7.83488691512996e-10
7635,,7.834390398524562e-10
7636,,7.834071240842024e-10
7637,,7.833806105132807e-10
7638,,7.832034963492369e-10
7639,,7.831507164678005e-10
7640,,7.831178721557643e-10
7641,,7.830910997773232e-10
7642,,7.829192780563794e-10
7643,,7.828629778045644e-10
7644,,7.828290854850972e-10
7645,,7.828020179292639e-10
7646,,7.826361066098707e-10
7647,,7.825758446410384e-10
7648,,7.825407699450999e-10
7649,,7.825133662963184e-10
7650,,7.823540593507718e-10
7651,,7.822893402705948e-10
7652,,7.822529322863056e-10
7653,,7.822251465282471e-10
7654,,7.820732247763599e-10
7655,,7.820034910816692e-10
7656,,7.819655800857506e-10
7657,,7.819373605518079e-10
7658,,7.817937009139724e-10
7659,,7.817183267135902e-10
7660,,7.816787220226551e-10
7661,,7.816500105058226e-10
7662,,7.815155997834777e-10
7663,,7.814338805464966e-10
7664,,7.81392367773372e-10
7665,,7.813630990164454e-10
7666,,7.813375602749174e-10
7667,,7.811501902075327e-10
7668,,7.811065283992548e-10
7669,,7.810766289655482e-10
7670,,7.810509219324127e-10
7671,,7.808672982173155e-10
7672,,7.808212164143292e-10
7673,,7.807906038652685e-10
7674,,7.807647033013151e-10
7675,,7.805852520482343e-10
7676,,7.80536445968015e-10
7677,,7.805050274831007e-10
7678,,7.804789052423791e-10
7679,,7.803041056597299e-10
7680,,7.802522329115143e-10
7681,,7.802199042965056e-10
7682,,7.80193528565841e-10
7683,,7.800239192279595e-10
7684,,7.799685953270277e-10
7685,,7.799352394962718e-10
7686,,7.799085745422227e-10
7687,,7.7974476110536e-10
7688,,7.796855534361961e-10
7689,,7.796510386643369e-10
7690,,7.796240443444518e-10
7691,,7.794667072957893e-10
7692,,7.794031302420524e-10
7693,,7.793673085067011e-10
7694,,7.793399397168268e-10
7695,,7.791898444954999e-10
7696,,7.791213513969306e-10
7697,,7.790840564008325e-10
7698,,7.790562624389672e-10
7699,,7.789142688018677e-10
7700,,7.788402461150817e-10
7701,,7.788012908006928e-10
7702,,7.787730148024689e-10
7703,,7.786400900628894e-10
7704,,7.785598471016124e-10
7705,,7.78519021275699e-10
7706,,7.784901991684349e-10
7707,,7.784650338800419e-10
7708,,7.782801911377075e-10
7709,,7.782372586728325e-10
7710,,7.78207818480427e-10
7711,,7.781824883264271e-10
7712,,7.780013200375816e-10
7713,,7.779560152658228e-10
7714,,7.779258760888172e-10
7715,,7.779003564637518e-10
7716,,7.777232802125895e-10
7717,,7.776753048239734e-10
7718,,7.776443757698843e-10
7719,,7.776186389465917e-10
7720,,7.774461247126214e-10
7721,,7.77395142977152e-10
7722,,7.773633218712276e-10
7723,,7.77337336651515e-10
7724,,7.771699123794007e-10
7725,,7.771155474828866e-10
7726,,7.77082719399891e-10
7727,,7.770564508331732e-10
7728,,7.768947102699793e-10
7729,,7.76836538087298e-10
7730,,7.768025739654964e-10
7731,,7.76775982711985e-10
7732,,7.766205929856187e-10
7733,,7.765581372717672e-10
7734,,7.765228920345512e-10
7735,,7.764959338871442e-10
7736,,7.763476453659149e-10
7737,,7.762803703135772e-10
7738,,7.762436808945146e-10
7739,,7.762163061085964e-10
7740,,7.760759617321739e-10
7741,,7.760032658581037e-10
7742,,7.75964948841329e-10
7743,,7.75937101610081e-10
7744,,7.758056496583358e-10
7745,,7.757268557553227e-10
7746,,7.756867052096649e-10
7747,,7.756583227248909e-10
7748,,7.75536828278698e-10
7749,,7.754511764351213e-10
7750,,7.754089607372912e-10
7751,,7.753799724434774e-10
7752,,7.753550135972505e-10
7753,,7.751762685005326e-10
7754,,7.751317272253677e-10
7755,,7.751020538767546e-10
7756,,7.750769094106474e-10
7757,,7.749021777336216e-10
7758,,7.748550184172816e-10
7759,,7.748245708313069e-10
7760,,7.747992135826911e-10
7761,,7.746289559296449e-10
7762,,7.745788494795484e-10
7763,,7.745475275452365e-10
7764,,7.745219269833617e-10
7765,,7.743566609076146e-10
7766,,7.743032377583606e-10
7767,,7.742709288472624e-10
7768,,7.742450506789414e-10
7769,,7.740853583330447e-10
7770,,7.74028202870802e-10
7771,,7.739947803368493e-10
7772,,7.739685860195468e-10
7773,,7.738151213830595e-10
7774,,7.737537666851384e-10
7775,,7.737190883602988e-10
7776,,7.736925344745917e-10
7777,,7.735460332531049e-10
7778,,7.734799539325092e-10
7779,,7.734438599966171e-10
7780,,7.734168978023524e-10
7781,,7.732781863339518e-10
7782,,7.732067927225584e-10
7783,,7.731691033343093e-10
7784,,7.73141678163951e-10
7785,,7.730116861767397e-10
7786,,7.72934314436958e-10
7787,,7.728948276336042e-10
7788,,7.728668779166135e-10
7789,,7.727466495010101e-10
7790,,7.726625545911025e-10
7791,,7.726210432808459e-10
7792,,7.725924998275835e-10
7793,,7.725679067290111e-10
7794,,7.723915530808721e-10
7795,,7.723477620508023e-10
7796,,7.723185471471681e-10
7797,,7.722937721949206e-10
7798,,7.721213547350856e-10
7799,,7.720749972046315e-10
7800,,7.720450233975697e-10
7801,,7.720200400723278e-10
7802,,7.718520103623145e-10
7803,,7.718027637139773e-10
7804,,7.717719328720042e-10
7805,,7.717467112011278e-10
7806,,7.715835766140401e-10
7807,,7.715310785761951e-10
7808,,7.714992803409727e-10
7809,,7.714737866662636e-10
7810,,7.713161179602332e-10
7811,,7.712599609858259e-10
7812,,7.712270711684187e-10
7813,,7.712012676278045e-10
7814,,7.710497059877901e-10
7815,,7.709894323755343e-10
7816,,7.7095531162084e-10
7817,,7.709291557699266e-10
7818,,7.7078442238641e-10
7819,,7.707195170838109e-10
7820,,7.706840085955097e-10
7821,,7.706574526698196e-10
7822,,7.705203576869204e-10
7823,,7.704502425998631e-10
7824,,7.704131701345131e-10
7825,,7.703861604854056e-10
7826,,7.702576153863581e-10
7827,,7.701816395582246e-10
7828,,7.701428051880359e-10
7829,,7.70115281434636e-10
7830,,7.699963098027387e-10
7831,,7.699137429910968e-10
7832,,7.698729239871725e-10
7833,,7.698448183449945e-10
7834,,7.698205855343373e-10
7835,,7.696465918732622e-10
7836,,7.696035380490198e-10
7837,,7.695747742555863e-10
7838,,7.695503634441595e-10
7839,,7.693802302423979e-10
7840,,7.693346604419797e-10
7841,,7.693051529070261e-10
7842,,7.692805378357841e-10
7843,,7.691147078431631e-10
7844,,7.690663057812343e-10
7845,,7.690359581837478e-10
7846,,7.690111096338495e-10
7847,,7.688500802073666e-10
7848,,7.687984907996979e-10
7849,,7.687671948650546e-10
7850,,7.687420798362787e-10
7851,,7.685864105291802e-10
7852,,7.685312341514261e-10
7853,,7.684988683128102e-10
7854,,7.684734496964913e-10
7855,,7.683237690786125e-10
7856,,7.682645570014731e-10
7857,,7.682309845047947e-10
7858,,7.682052206516934e-10
7859,,7.680622358277469e-10
7860,,7.679984831501216e-10
7861,,7.679635503101581e-10
7862,,7.679373944201855e-10
7863,,7.678018995874635e-10
7864,,7.677330395074955e-10
7865,,7.676965735906814e-10
7866,,7.67669973022477e-10
7867,,7.675428617435916e-10
7868,,7.674682562212438e-10
7869,,7.674300631491579e-10
7870,,7.674029586779404e-10
7871,,7.672852345153864e-10
7872,,7.672041674878087e-10
7873,,7.671640289297601e-10
7874,,7.671363541719274e-10
7875,,7.671124762519666e-10
7876,,7.669408116488126e-10
7877,,7.668984822762328e-10
7878,,7.66870162483623e-10
7879,,7.668461101653737e-10
7880,,7.666782317040214e-10
7881,,7.666334359498608e-10
7882,,7.666043871211859e-10
7883,,7.665801348330486e-10
7884,,7.664164765780046e-10
7885,,7.663689043251741e-10
7886,,7.663390321135539e-10
7887,,7.66314551064011e-10
7888,,7.661556007303026e-10
7889,,7.661049037662422e-10
7890,,7.660741020761324e-10
7891,,7.660493599095913e-10
7892,,7.658956659779721e-10
7893,,7.658414526071713e-10
7894,,7.658096021235083e-10
7895,,7.657845625425103e-10
7896,,7.656367412303592e-10
7897,,7.655785715632565e-10
7898,,7.655455383019411e-10
7899,,7.655201603834542e-10
7900,,7.653789050117822e-10
7901,,7.653162840221975e-10
7902,,7.652819172664854e-10
7903,,7.652561551668397e-10
7904,,7.651222442736156e-10
7905,,7.650546162621938e-10
7906,,7.650187466849994e-10
7907,,7.649925488194396e-10
7908,,7.648668584416999e-10
7909,,7.647935979011803e-10
7910,,7.647560351811416e-10
7911,,7.647293435356973e-10
7912,,7.646128575291552e-10
7913,,7.645332624701373e-10
7914,,7.644937926075784e-10
7915,,7.644665419785035e-10
7916,,7.644430136920691e-10
7917,,7.642736474568903e-10
7918,,7.642320299856327e-10
7919,,7.642041471357885e-10
7920,,7.641804480617751e-10
7921,,7.640147951604068e-10
7922,,7.639707598223539e-10
7923,,7.639421624784588e-10
7924,,7.639182674947268e-10
7925,,7.637567534528382e-10
7926,,7.637099963094344e-10
7927,,7.636805918493919e-10
7928,,7.636564727685516e-10
7929,,7.634995757192015e-10
7930,,7.634497554026537e-10
7931,,7.634194398200877e-10
7932,,7.633950648825769e-10
7933,,7.632433226078027e-10
7934,,7.631900550340885e-10
7935,,7.63158711427252e-10
7936,,7.631340450850209e-10
7937,,7.629880616519923e-10
7938,,7.629309155922753e-10
7939,,7.628984125530062e-10
7940,,7.628734147353243e-10
7941,,7.627338698024922e-10
7942,,7.626723599244018e-10
7943,,7.626385497991329e-10
7944,,7.626131754432763e-10
7945,,7.624808323607212e-10
7946,,7.624144138483058e-10
7947,,7.623791305629833e-10
7948,,7.623533291500431e-10
7949,,7.62229046706984e-10
7950,,7.621571064452012e-10
7951,,7.621201633598415e-10
7952,,7.620938780353613e-10
7953,,7.619786208453085e-10
7954,,7.619004704525049e-10
7955,,7.618616578831983e-10
7956,,7.618348247182108e-10
7957,,7.618116408564034e-10
7958,,7.616445427817336e-10
7959,,7.616036248595506e-10
7960,,7.615761720463572e-10
7961,,7.615528208921118e-10
7962,,7.613893647331589e-10
7963,,7.613460765766447e-10
7964,,7.613179233900208e-10
7965,,7.612943803969605e-10
7966,,7.611349833682907e-10
7967,,7.610890269764746e-10
7968,,7.610600827252791e-10
7969,,7.610363201180687e-10
7970,,7.608814508988533e-10
7971,,7.608324916048237e-10
7972,,7.608026543269005e-10
7973,,7.607786411080383e-10
7974,,7.606288269062173e-10
7975,,7.605764881749473e-10
7976,,7.605456432100481e-10
7977,,7.605213444183755e-10
7978,,7.603771775826063e-10
7979,,7.603210366131812e-10
7980,,7.602890551083335e-10
7981,,7.602644314556734e-10
7982,,7.601265782401741e-10
7983,,7.60066159310553e-10
7984,,7.600328964788087e-10
7985,,7.600079039111243e-10
7986,,7.598771126148398e-10
7987,,7.598118815454236e-10
7988,,7.597771746539562e-10
7989,,7.597517635281532e-10
7990,,7.596288761847536e-10
7991,,7.595582318119917e-10
7992,,7.595218978953525e-10
7993,,7.594960125388006e-10
7994,,7.593819746860927e-10
7995,,7.593052423275554e-10
7996,,7.59267075711562e-10
7997,,7.59240653439754e-10
7998,,7.592178088453251e-10
7999,,7.590529491147444e-10
8000,,7.590127186306469e-10
8001,,7.5898568906356e-10
8002,,7.589626806092708e-10
8003,,7.588013928465538e-10
8004,,7.58758838768786e-10
8005,,7.587311227267239e-10
8006,,7.587079263508183e-10
8007,,7.585506194398818e-10
8008,,7.585054496722304e-10
8009,,7.584769582183618e-10
8010,,7.584535467669254e-10
8011,,7.583006802361739e-10
8012,,7.582525666720645e-10
8013,,7.582231998589265e-10
8014,,7.58199542794619e-10
8015,,7.58051633587483e-10
8016,,7.580002070543868e-10
8017,,7.579698525122845e-10
8018,,7.579459156737083e-10
8019,,7.578035443823034e-10
8020,,7.577483903922237e-10
8021,,7.577169217666411e-10
8022,,7.576926666516203e-10
8023,,7.575564864872872e-10
8024,,7.574971386154539e-10
8025,,7.574644139795111e-10
8026,,7.574397973573395e-10
8027,,7.573105419524345e-10
8028,,7.572464765847977e-10
8029,,7.572123363767203e-10
8030,,7.571873095906436e-10
8031,,7.570658043944e-10
8032,,7.569964321707155e-10
8033,,7.569606969896578e-10
8034,,7.569352053556267e-10
8035,,7.568223775055536e-10
8036,,7.567470368830544e-10
8037,,7.567095051514648e-10
8038,,7.566834872938611e-10
8039,,7.566609769800496e-10
8040,,7.564983261569789e-10
8041,,7.564587712300815e-10
8042,,7.564321581146698e-10
8043,,7.564094873459285e-10
8044,,7.562503396997467e-10
8045,,7.562085070105189e-10
8046,,7.561812210973935e-10
8047,,7.561583661804533e-10
8048,,7.560031227901483e-10
8049,,7.559587258122034e-10
8050,,7.559306798791704e-10
8051,,7.559076142835011e-10
8052,,7.557567255183047e-10
8053,,7.557094427441566e-10
8054,,7.556805387523373e-10
8055,,7.556572325840593e-10
8056,,7.555112052204154e-10
8057,,7.554606746271539e-10
8058,,7.554308024489412e-10
8059,,7.554072221106525e-10
8060,,7.552666254030071e-10
8061,,7.552124406857799e-10
8062,,7.551814765131761e-10
8063,,7.551575842289748e-10
8064,,7.550230586011395e-10
8065,,7.549647624219964e-10
8066,,7.549325670189331e-10
8067,,7.549083204779066e-10
8068,,7.547805851901448e-10
8069,,7.547176642575419e-10
8070,,7.54684081172148e-10
8071,,7.546594326698688e-10
8072,,7.545392969652696e-10
8073,,7.544711734155615e-10
8074,,7.544360268771258e-10
8075,,7.54410922840984e-10
8076,,7.542992955810687e-10
8077,,7.542253208884461e-10
8078,,7.541884131794933e-10
8079,,7.54162793455224e-10
8080,,7.541406123581123e-10
8081,,7.53980141341515e-10
8082,,7.539412502874887e-10
8083,,7.53915047149558e-10
8084,,7.538927089145209e-10
8085,,7.537356737699594e-10
8086,,7.536945498257685e-10
8087,,7.536676871587942e-10
8088,,7.536451685738041e-10
8089,,7.534919624756709e-10
8090,,7.534483247482307e-10
8091,,7.534207171436403e-10
8092,,7.53397992117979e-10
8093,,7.532490566074368e-10
8094,,7.53202589773694e-10
8095,,7.531741411583498e-10
8096,,7.531511804254264e-10
8097,,7.530070123455095e-10
8098,,7.529573616417116e-10
8099,,7.5292796394548e-10
8100,,7.529047346249645e-10
8101,,7.52765892001088e-10
8102,,7.527126590198977e-10
8103,,7.526821908775358e-10
8104,,7.526586559361842e-10
8105,,7.525257666333461e-10
8106,,7.524685030749997e-10
8107,,7.524368279910585e-10
8108,,7.52412945913672e-10
8109,,7.522867150685094e-10
8110,,7.522249176210705e-10
8111,,7.521918823074052e-10
8112,,7.521676062895691e-10
8113,,7.520488272754212e-10
8114,,7.519819294608903e-10
8115,,7.519473615144605e-10
8116,,7.519226390854985e-10
8117,,7.518122029061853e-10
8118,,7.517395689519023e-10
8119,,7.517032745604462e-10
8120,,7.516780466512549e-10
8121,,7.516561899634778e-10
8122,,7.514978700383822e-10
8123,,7.514596314245603e-10
8124,,7.514338316992821e-10
8125,,7.51411821034068e-10
8126,,7.512568710221616e-10
8127,,7.51216443440425e-10
8128,,7.511899973173742e-10
8129,,7.511678100017268e-10
8130,,7.510166152277374e-10
8131,,7.509737233486705e-10
8132,,7.509465470701427e-10
8133,,7.509241575657157e-10
8134,,7.507771509484734e-10
8135,,7.507314856609629e-10
8136,,7.507034849886416e-10
8137,,7.506808645521515e-10
8138,,7.505385332028369e-10
8139,,7.504897466555427e-10
8140,,7.504608157105858e-10
8141,,7.504379320705971e-10
8142,,7.50300823100051e-10
8143,,7.502485246788567e-10
8144,,7.502185444788172e-10
8145,,7.501953614005403e-10
8146,,7.500640902374933e-10
8147,,7.500078405127862e-10
8148,,7.499766772071568e-10
8149,,7.499531538992534e-10
8150,,7.498284119565626e-10
8151,,7.497677174541716e-10
8152,,7.497352207242704e-10
8153,,7.497113113963358e-10
8154,,7.495938764509417e-10
8155,,7.495281818371908e-10
8156,,7.494941826774796e-10
8157,,7.49469835843271e-10
8158,,7.493605813846436e-10
8159,,7.49289263322906e-10
8160,,7.492535718130965e-10
8161,,7.492287295444859e-10
8162,,7.492071923822887e-10
8163,,7.490509952984176e-10
8164,,7.490133977834009e-10
8165,,7.489879951162944e-10
8166,,7.489663072028163e-10
8167,,7.488134152287818e-10
8168,,7.487736718234308e-10
8169,,7.487476356362821e-10
8170,,7.487257746557502e-10
8171,,7.485765656180681e-10
8172,,7.485344064457001e-10
8173,,7.485076545501282e-10
8174,,7.484855955086932e-10
8175,,7.483404938142104e-10
8176,,7.482956158249607e-10
8177,,7.482680558287902e-10
8178,,7.482457705347243e-10
8179,,7.481052537366528e-10
8180,,7.480573158941096e-10
8181,,7.480288440735933e-10
8182,,7.480063008533871e-10
8183,,7.478709052567712e-10
8184,,7.478195246366254e-10
8185,,7.477900242679709e-10
8186,,7.477671876590534e-10
8187,,7.476375166968791e-10
8188,,7.475822624788711e-10
8189,,7.475516023742974e-10
8190,,7.475284323656442e-10
8191,,7.474051638363212e-10
8192,,7.473455521912708e-10
8193,,7.473135849958111e-10
8194,,7.472900366945081e-10
8195,,7.471739330658499e-10
8196,,7.471094196095153e-10
8197,,7.470759796378605e-10
8198,,7.470520025600314e-10
8199,,7.469439203062376e-10
8200,,7.468738938529655e-10
8201,,7.46838794837168e-10
8202,,7.468143322467329e-10
8203,,7.467931098898135e-10
8204,,7.466390076231773e-10
8205,,7.466020401866333e-10
8206,,7.465770283023944e-10
8207,,7.46555658268459e-10
8208,,7.464047976390585e-10
8209,,7.463657266113073e-10
8210,,7.463400937586302e-10
8211,,7.463185542047802e-10
8212,,7.461713055485675e-10
8213,,7.46129866307857e-10
8214,,7.461035319323449e-10
8215,,7.460817983555266e-10
8216,,7.459385778122541e-10
8217,,7.458944732314439e-10
8218,,7.458673467923688e-10
8219,,7.458453915925781e-10
8220,,7.457066672802324e-10
8221,,7.456595630071206e-10
8222,,7.45631542757605e-10
8223,,7.456093348703093e-10
8224,,7.454756326687905e-10
8225,,7.454251533225813e-10
8226,,7.453961248498765e-10
8227,,7.453736294348985e-10
8228,,7.452455408850705e-10
8229,,7.451912640633662e-10
8230,,7.451610988303822e-10
8231,,7.451382766864472e-10
8232,,7.450164662176223e-10
8233,,7.449579176467352e-10
8234,,7.449264711360777e-10
8235,,7.449032782785983e-10
8236,,7.447884935054659e-10
8237,,7.447251394420523e-10
8238,,7.446922491157435e-10
8239,,7.446686360706938e-10
8240,,7.445617165428253e-10
8241,,7.444929578529598e-10
8242,,7.444584412467179e-10
8243,,7.444343522991314e-10
8244,,7.444134400461366e-10
8245,,7.442614050610536e-10
8246,,7.442250567992227e-10
8247,,7.442004295182065e-10
8248,,7.441793726733922e-10
8249,,7.440305169757258e-10
8250,,7.439921065605522e-10
8251,,7.439668706441061e-10
8252,,7.439456477813473e-10
8253,,7.438003345060598e-10
8254,,7.437596024977688e-10
8255,,7.437336789876378e-10
8256,,7.437122660052804e-10
8257,,7.43570903163342e-10
8258,,7.435275582547539e-10
8259,,7.435008583832954e-10
8260,,7.434792282154999e-10
8261,,7.433422747442867e-10
8262,,7.432959891373065e-10
8263,,7.432684131226058e-10
8264,,7.432465354166911e-10
8265,,7.431145067610806e-10
8266,,7.43064912513674e-10
8267,,7.430363482103647e-10
8268,,7.430141887410967e-10
8269,,7.428876648894372e-10
8270,,7.428343478046537e-10
8271,,7.428046691977893e-10
8272,,7.42782189615334e-10
8273,,7.426618220237836e-10
8274,,7.426043171678774e-10
8275,,7.425733824975925e-10
8276,,7.425505395898427e-10
8277,,7.424370611581731e-10
8278,,7.423748452148105e-10
8279,,7.423424952945991e-10
8280,,7.423192405735111e-10
8281,,7.422134743666382e-10
8282,,7.421459599925769e-10
8283,,7.421120158058623e-10
8284,,7.420882947232452e-10
8285,,7.420676879494068e-10
8286,,7.419176929479342e-10
8287,,7.41881953237717e-10
8288,,7.418577044841408e-10
8289,,7.418369560932658e-10
8290,,7.416900793610149e-10
8291,,7.416523180656654e-10
8292,,7.416274727866325e-10
8293,,7.416065617624614e-10
8294,,7.414631592600291e-10
8295,,7.414231220627267e-10
8296,,7.413976027871409e-10
8297,,7.413765056208286e-10
8298,,7.412369773009527e-10
8299,,7.411943785883188e-10
8300,,7.41168098352887e-10
8301,,7.411467883773503e-10
8302,,7.410115841819153e-10
8303,,7.409661026822808e-10
8304,,7.409389636491449e-10
8305,,7.409174111171172e-10
8306,,7.407870364526232e-10
8307,,7.407383113004557e-10
8308,,7.407102035370744e-10
8309,,7.406883749453129e-10
8310,,7.405633983678693e-10
8311,,7.405110235925928e-10
8312,,7.404818234837683e-10
8313,,7.404596811583429e-10
8314,,7.40340741381075e-10
8315,,7.402842611406501e-10
8316,,7.402538298179366e-10
8317,,7.402313314501179e-10
8318,,7.401191468838575e-10
8319,,7.400580482000472e-10
8320,,7.40026229496846e-10
8321,,7.400033275254057e-10
8322,,7.398987052269904e-10
8323,,7.398324121937371e-10
8324,,7.397990306200584e-10
8325,,7.397756715934366e-10
8326,,7.397553658029444e-10
8327,,7.396073839309144e-10
8328,,7.395722422219375e-10
8329,,7.395483660570175e-10
8330,,7.395279215865272e-10
8331,,7.393829979936112e-10
8332,,7.393458745431193e-10
8333,,7.393214136981911e-10
8334,,7.393008098802742e-10
8335,,7.39159293729908e-10
8336,,7.391199391329941e-10
8337,,7.390948176833561e-10
8338,,7.390740314819304e-10
8339,,7.389363147533842e-10
8340,,7.388944491005962e-10
8341,,7.3886858171449e-10
8342,,7.388475871110474e-10
8343,,7.387141109576668e-10
8344,,7.386694192188931e-10
8345,,7.386427099972434e-10
8346,,7.386214777208139e-10
8347,,7.384927376065353e-10
8348,,7.384448659980711e-10
8349,,7.384172072649902e-10
8350,,7.383957043863452e-10
8351,,7.382722578168298e-10
8352,,7.382208082842351e-10
8353,,7.381920787589502e-10
8354,,7.381702685898639e-10
8355,,7.38052741539557e-10
8356,,7.379972672732421e-10
8357,,7.379673308299167e-10
8358,,7.37945171685889e-10
8359,,7.378342686261822e-10
8360,,7.377742666732097e-10
8361,,7.377429702160463e-10
8362,,7.3772041554822e-10
8363,,7.376169276283586e-10
8364,,7.375518333983432e-10
8365,,7.375190048699134e-10
8366,,7.374960022466162e-10
8367,,7.3747599296366e-10
8368,,7.373299976071351e-10
8369,,7.372954436568498e-10
8370,,7.372719341825075e-10
8371,,7.372517890373862e-10
8372,,7.371087933142997e-10
8373,,7.370722965995539e-10
8374,,7.370482140337564e-10
8375,,7.370279128748907e-10
8376,,7.368882589357331e-10
8377,,7.368495750502572e-10
8378,,7.368248449696484e-10
8379,,7.368043651417553e-10
8380,,7.366684373782488e-10
8381,,7.366272918142608e-10
8382,,7.366018306110906e-10
8383,,7.365811465537754e-10
8384,,7.364493774153888e-10
8385,,7.364054613613753e-10
8386,,7.363791750103084e-10
8387,,7.363582580935306e-10
8388,,7.362311333462043e-10
8389,,7.361840999622938e-10
8390,,7.361568827582569e-10
8391,,7.361357008241316e-10
8392,,7.360137669617134e-10
8393,,7.359632260330035e-10
8394,,7.359349592525509e-10
8395,,7.359134760398494e-10
8396,,7.357973468749307e-10
8397,,7.357428602849146e-10
8398,,7.357134103940739e-10
8399,,7.356915852441648e-10
8400,,7.355819513851886e-10
8401,,7.355230260684086e-10
8402,,7.354922429910775e-10
8403,,7.354700302573637e-10
8404,,7.353676672538235e-10
8405,,7.353037497131016e-10
8406,,7.352714648014191e-10
8407,,7.35248813031224e-10
8408,,7.352290958160224e-10
8409,,7.350850608330239e-10
8410,,7.350510844748208e-10
8411,,7.350279358857528e-10
8412,,7.35008085653177e-10
8413,,7.348669927006169e-10
8414,,7.348311118318793e-10
8415,,7.348074015968509e-10
8416,,7.347873985462172e-10
8417,,7.346495829909916e-10
8418,,7.346115580310235e-10
8419,,7.345872130781992e-10
8420,,7.345670350169778e-10
8421,,7.34432873852537e-10
8422,,7.343924355802045e-10
8423,,7.343673740530366e-10
8424,,7.343469958973067e-10
8425,,7.342169129815683e-10
8426,,7.341737587602547e-10
8427,,7.341478883365779e-10
8428,,7.341272820679345e-10
8429,,7.340017537056859e-10
8430,,7.339555434583435e-10
8431,,7.339287606351911e-10
8432,,7.339078945841571e-10
8433,,7.337874564755713e-10
8434,,7.337378076910572e-10
8435,,7.337099960029922e-10
8436,,7.33688834772025e-10
8437,,7.335740887205798e-10
8438,,7.335205718067418e-10
8439,,7.334916003556095e-10
8440,,7.334701040527087e-10
8441,,7.333617270940387e-10
8442,,7.333038586902163e-10
8443,,7.332735803347796e-10
8444,,7.332517041496337e-10
8445,,7.331504566724641e-10
8446,,7.330876941082046e-10
8447,,7.330559435598139e-10
8448,,7.330336370789283e-10
8449,,7.330142076545558e-10
8450,,7.328721071505238e-10
8451,,7.328386984372314e-10
8452,,7.328159050958767e-10
8453,,7.327963454030535e-10
8454,,7.326571304240401e-10
8455,,7.326218547201002e-10
8456,,7.325985108165564e-10
8457,,7.325788014517356e-10
8458,,7.324428008718007e-10
8459,,7.324054232514661e-10
8460,,7.323814572924584e-10
8461,,7.323615764330726e-10
8462,,7.32229159770777e-10
8463,,7.321894163624893e-10
8464,,7.321647479486265e-10
8465,,7.321446710938551e-10
8466,,7.320162538852727e-10
8467,,7.319738478858241e-10
8468,,7.319483866946179e-10
8469,,7.319280862842308e-10
8470,,7.318041354987833e-10
8471,,7.317587335870587e-10
8472,,7.317323779866712e-10
8473,,7.31711823128005e-10
8474,,7.315928639328495e-10
8475,,7.315440911012327e-10
8476,,7.315167269504484e-10
8477,,7.314958827839924e-10
8478,,7.313825052250122e-10
8479,,7.313299402950253e-10
8480,,7.313014392640304e-10
8481,,7.312802667482289e-10
8482,,7.311731345148411e-10
8483,,7.311163036115373e-10
8484,,7.310865214928749e-10
8485,,7.310649766718595e-10
8486,,7.309648352487407e-10
8487,,7.309032063679435e-10
8488,,7.308719810647937e-10
8489,,7.308500145157866e-10
8490,,7.308308686114851e-10
8491,,7.306906770355748e-10
8492,,7.306578262267228e-10
8493,,7.306353824555425e-10
8494,,7.306161089767552e-10
8495,,7.304787475745061e-10
8496,,7.304440665480702e-10
8497,,7.304210832084763e-10
8498,,7.304016630748742e-10
8499,,7.302674542662992e-10
8500,,7.302307126660107e-10
8501,,7.302071196239801e-10
8502,,7.301875315331116e-10
8503,,7.300568374202784e-10
8504,,7.300177766341754e-10
8505,,7.299934950759828e-10
8506,,7.299737149529373e-10
8507,,7.298469430862722e-10
8508,,7.298052721058128e-10
8509,,7.297802133896415e-10
8510,,7.297602142789632e-10
8511,,7.296378223997496e-10
8512,,7.295932143736182e-10
8513,,7.295672789620315e-10
8514,,7.295470304691231e-10
8515,,7.294295335524169e-10
8516,,7.29381620851087e-10
8517,,7.29354696772547e-10
8518,,7.293341648422137e-10
8519,,7.292221412207185e-10
8520,,7.291705109560394e-10
8521,,7.291424725259057e-10
8522,,7.29121618761679e-10
8523,,7.290157191196054e-10
8524,,7.289599067606169e-10
8525,,7.289306124390656e-10
8526,,7.289093938487071e-10
8527,,7.288103491111184e-10
8528,,7.287498330077781e-10
8529,,7.2871912391297e-10
8530,,7.286974920112376e-10
8531,,7.286786254328036e-10
8532,,7.285403176066681e-10
8533,,7.285080150875685e-10
8534,,7.284859155049335e-10
8535,,7.284669239335199e-10
8536,,7.283313919507006e-10
8537,,7.282972952772714e-10
8538,,7.282746667730994e-10
8539,,7.282555316079618e-10
8540,,7.281230915515397e-10
8541,,7.280869748407986e-10
8542,,7.280637487271356e-10
8543,,7.280444490333316e-10
8544,,7.279154559358388e-10
8545,,7.278770657126e-10
8546,,7.278531647116138e-10
8547,,7.27833676883908e-10
8548,,7.277085303085496e-10
8549,,7.276675811871986e-10
8550,,7.276429184621577e-10
8551,,7.276232160215546e-10
8552,,7.275023646742104e-10
8553,,7.274585362971883e-10
8554,,7.274330142237307e-10
8555,,7.274130674421784e-10
8556,,7.27297016197655e-10
8557,,7.272499480692257e-10
8558,,7.272234568890951e-10
8559,,7.272032323886184e-10
8560,,7.270925482391784e-10
8561,,7.270418356861658e-10
8562,,7.270142520368166e-10
8563,,7.269937121718477e-10
8564,,7.268890330868452e-10
8565,,7.268342205547933e-10
8566,,7.26805405843469e-10
8567,,7.267845084174274e-10
8568,,7.266865509491164e-10
8569,,7.26627127101293e-10
8570,,7.265969255098916e-10
8571,,7.265756230396225e-10
8572,,7.265570315722576e-10
8573,,7.264205826538541e-10
8574,,7.26388818998423e-10
8575,,7.263670580978496e-10
8576,,7.263483442942845e-10
8577,,7.262146178845714e-10
8578,,7.26181095439836e-10
8579,,7.261588161537297e-10
8580,,7.261399617006891e-10
8581,,7.26009267727213e-10
8582,,7.259737650319293e-10
8583,,7.259508999824852e-10
8584,,7.259318843133816e-10
8585,,7.258045709236722e-10
8586,,7.257668394033352e-10
8587,,7.257433128710939e-10
8588,,7.257241128917195e-10
8589,,7.256005717366307e-10
8590,,7.255603316025988e-10
8591,,7.255360584301572e-10
8592,,7.255166482195949e-10
8593,,7.253973192249193e-10
8594,,7.25354256506648e-10
8595,,7.253291408872262e-10
8596,,7.253094913174378e-10
8597,,7.251948693500992e-10
8598,,7.251486306085726e-10
8599,,7.251225650604409e-10
8600,,7.251026432659009e-10
8601,,7.249932843462024e-10
8602,,7.249434727696099e-10
8603,,7.249163363301018e-10
8604,,7.248961055023525e-10
8605,,7.247926349867304e-10
8606,,7.247388040451132e-10
8607,,7.247104608177095e-10
8608,,7.246898795674352e-10
8609,,7.245929999642393e-10
8610,,7.245346482801264e-10
8611,,7.245049455473278e-10
8612,,7.24483967315259e-10
8613,,7.243944689321625e-10
8614,,7.243310322779835e-10
8615,,7.242997982853889e-10
8616,,7.242783707826329e-10
8617,,7.242599306128604e-10
8618,,7.241279862267862e-10
8619,,7.240950280340318e-10
8620,,7.240730924783968e-10
8621,,7.240545145211467e-10
8622,,7.23925544223596e-10
8623,,7.23890644818195e-10
8624,,7.238681351438107e-10
8625,,7.238493992649272e-10
8626,,7.237237444168386e-10
8627,,7.236866600376141e-10
8628,,7.236635018979858e-10
8629,,7.236445854774162e-10
8630,,7.235226299991416e-10
8631,,7.234830863748452e-10
8632,,7.23459196383141e-10
8633,,7.23440073997278e-10
8634,,7.233222491518285e-10
8635,,7.23279938469828e-10
8636,,7.232552227482332e-10
8637,,7.232358657808502e-10
8638,,7.231226568250568e-10
8639,,7.230772325423046e-10
8640,,7.230515856220234e-10
8641,,7.230319619367535e-10
8642,,7.229239139251709e-10
8643,,7.228749869817475e-10
8644,,7.228482903634492e-10
8645,,7.2282836383508e-10
8646,,7.227260898328019e-10
8647,,7.22673222545377e-10
8648,,7.226453429367971e-10
8649,,7.226250729811685e-10
8650,,7.225292617202397e-10
8651,,7.224719625553242e-10
8652,,7.224427501916772e-10
8653,,7.22422091184517e-10
8654,,7.22333517483345e-10
8655,,7.222712332267713e-10
8656,,7.222405198453278e-10
8657,,7.222194205106774e-10
8658,,7.222012498755464e-10
8659,,7.220710642631181e-10
8660,,7.220386606058982e-10
8661,,7.220170632929558e-10
8662,,7.219987577638711e-10
8663,,7.218714890194038e-10
8664,,7.218371823603155e-10
8665,,7.218150222944822e-10
8666,,7.217965620479057e-10
8667,,7.216725448603921e-10
8668,,7.216360962104941e-10
8669,,7.216133006032918e-10
8670,,7.215946634780989e-10
8671,,7.214742742009233e-10
8672,,7.214354147476145e-10
8673,,7.21411901726142e-10
8674,,7.213930628269697e-10
8675,,7.212767243322039e-10
8676,,7.21235152179274e-10
8677,,7.212108297377336e-10
8678,,7.211917609777313e-10
8679,,7.210799489628626e-10
8680,,7.21035324417536e-10
8681,,7.210100892310032e-10
8682,,7.209907590814676e-10
8683,,7.208840078776437e-10
8684,,7.208359495911612e-10
8685,,7.208096853733814e-10
8686,,7.207900584669347e-10
8687,,7.206889691251572e-10
8688,,7.206370479048962e-10
8689,,7.206096240793867e-10
8690,,7.205896605860775e-10
8691,,7.204949083304296e-10
8692,,7.204386422900362e-10
8693,,7.204099120138004e-10
8694,,7.203895672262812e-10
8695,,7.203019116801795e-10
8696,,7.202407585186077e-10
8697,,7.202105567443915e-10
8698,,7.201897803648981e-10
8699,,7.201718752845458e-10
8700,,7.2004342559572e-10
8701,,7.200115668278623e-10
8702,,7.199903024500271e-10
8703,,7.199722651925679e-10
8704,,7.198466762460678e-10
8705,,7.198129519504832e-10
8706,,7.19791135970657e-10
8707,,7.197729472058036e-10
8708,,7.196505471496248e-10
8709,,7.196147230035651e-10
8710,,7.195922840459532e-10
8711,,7.195739220122916e-10
8712,,7.194550798205511e-10
8713,,7.194168923386585e-10
8714,,7.193937501627338e-10
8715,,7.193751904141755e-10
8716,,7.192603206411831e-10
8717,,7.192194737900346e-10
8718,,7.191955382628282e-10
8719,,7.191767532549758e-10
8720,,7.190663223015191e-10
8721,,7.190224831102492e-10
8722,,7.189976528021229e-10
8723,,7.189786116959305e-10
8724,,7.188731433467328e-10
8725,,7.188259379034522e-10
8726,,7.188000989199459e-10
8727,,7.187807669866677e-10
8728,,7.186808505923661e-10
8729,,7.186298580754992e-10
8730,,7.186028823046544e-10
8731,,7.185832206072235e-10
8732,,7.184895180665383e-10
8733,,7.184342661508329e-10
8734,,7.184060096885539e-10
8735,,7.183859742883149e-10
8736,,7.182992302977541e-10
8737,,7.18239187271317e-10
8738,,7.182094883380669e-10
8739,,7.181890299518264e-10
8740,,7.181713864672395e-10
8741,,7.180446499136115e-10
8742,,7.180133266693516e-10
8743,,7.179923899070574e-10
8744,,7.179746170172585e-10
8745,,7.17850686261821e-10
8746,,7.178175341453533e-10
8747,,7.177960567874683e-10
8748,,7.177781354203453e-10
8749,,7.176573321109228e-10
8750,,7.17622121487778e-10
8751,,7.176000334808737e-10
8752,,7.175819424181154e-10
8753,,7.174646282875399e-10
8754,,7.174271008222677e-10
8755,,7.174043235024186e-10
8756,,7.173860386954856e-10
8757,,7.17272620177253e-10
8758,,7.172324856808846e-10
8759,,7.172089306630867e-10
8760,,7.171904251910905e-10
8761,,7.170813594897911e-10
8762,,7.170382914300388e-10
8763,,7.17013859369177e-10
8764,,7.169951029184521e-10
8765,,7.168909035928944e-10
8766,,7.168445354671544e-10
8767,,7.168191146644721e-10
8768,,7.168000731761806e-10
8769,,7.167013180161238e-10
8770,,7.166512372403988e-10
8771,,7.166247020599667e-10
8772,,7.16605337401621e-10
8773,,7.165126752679644e-10
8774,,7.164584187577714e-10
8775,,7.1643062814915e-10
8776,,7.164108972428649e-10
8777,,7.163250582652898e-10
8778,,7.162661048146805e-10
8779,,7.162369001085381e-10
8780,,7.162167546448944e-10
8781,,7.161993689097667e-10
8782,,7.16074323220422e-10
8783,,7.160435261589338e-10
8784,,7.160229118800731e-10
8785,,7.160053993415528e-10
8786,,7.158831055122598e-10
8787,,7.158505156692359e-10
8788,,7.158293714429339e-10
8789,,7.158117135220628e-10
8790,,7.156924868647671e-10
8791,,7.156578790229912e-10
8792,,7.156361362614566e-10
8793,,7.156183120546153e-10
8794,,7.155025072445863e-10
8795,,7.154656280933075e-10
8796,,7.154432097110802e-10
8797,,7.154251956929837e-10
8798,,7.153132111498037e-10
8799,,7.152737762539875e-10
8800,,7.15250595554541e-10
8801,,7.15232365288397e-10
8802,,7.151246492602446e-10
8803,,7.150823384858172e-10
8804,,7.150582980313671e-10
8805,,7.150398219343859e-10
8806,,7.149368779040275e-10
8807,,7.148913318993501e-10
8808,,7.148663222112312e-10
8809,,7.148475667928001e-10
8810,,7.147499611726971e-10
8811,,7.147007755369757e-10
8812,,7.146746734864101e-10
8813,,7.146556012774059e-10
8814,,7.145639703307238e-10
8815,,7.145106909611713e-10
8816,,7.144833582386724e-10
8817,,7.144639270877843e-10
8818,,7.143789864785e-10
8819,,7.143211024371167e-10
8820,,7.142923835231436e-10
8821,,7.142725461078004e-10
8822,,7.142554142578793e-10
8823,,7.141320373700296e-10
8824,,7.141017574419041e-10
8825,,7.140814604744722e-10
8826,,7.140642044579471e-10
8827,,7.139435265067914e-10
8828,,7.139114890565491e-10
8829,,7.138906727076046e-10
8830,,7.138732743003451e-10
8831,,7.137556044151653e-10
8832,,7.13721588678948e-10
8833,,7.137001856956887e-10
8834,,7.136826243357206e-10
8835,,7.135683102788659e-10
8836,,7.135320679405042e-10
8837,,7.135100026580923e-10
8838,,7.134922553835874e-10
8839,,7.133816877269349e-10
8840,,7.133429398785616e-10
8841,,7.133201273555022e-10
8842,,7.133021682081367e-10
8843,,7.13195786412507e-10
8844,,7.131542192542774e-10
8845,,7.131305639961133e-10
8846,,7.131123638586127e-10
8847,,7.13010661559179e-10
8848,,7.129659227444603e-10
8849,,7.129413173660946e-10
8850,,7.12922843552214e-10
8851,,7.128263759865838e-10
8852,,7.127780690939025e-10
8853,,7.127523929273455e-10
8854,,7.127336086536814e-10
8855,,7.126429996136972e-10
8856,,7.125906794086241e-10
8857,,7.12563796820379e-10
8858,,7.125446608003186e-10
8859,,7.124606119082517e-10
8860,,7.124037775163486e-10
8861,,7.123755359939808e-10
8862,,7.123560017677327e-10
8863,,7.123391200774933e-10
8864,,7.122173901739141e-10
8865,,7.121876184448855e-10
8866,,7.12167633836748e-10
8867,,7.121506304833563e-10
8868,,7.12031547683902e-10
8869,,7.120000530104776e-10
8870,,7.119795592883169e-10
8871,,7.119624165047604e-10
8872,,7.118462837824291e-10
8873,,7.118128497870612e-10
8874,,7.117917810538856e-10
8875,,7.117744786339029e-10
8876,,7.11661636960898e-10
8877,,7.11626020133805e-10
8878,,7.116043022888484e-10
8879,,7.115868176681831e-10
8880,,7.114776499750749e-10
8881,,7.114395769096265e-10
8882,,7.114171265865625e-10
8883,,7.113994343889566e-10
8884,,7.112943715180995e-10
8885,,7.11253534612118e-10
8886,,7.112302581468102e-10
8887,,7.112123298299272e-10
8888,,7.111118557102423e-10
8889,,7.110679094981957e-10
8890,,7.110437016759019e-10
8891,,7.110255051874004e-10
8892,,7.109301641520512e-10
8893,,7.108827199242041e-10
8894,,7.108574624415581e-10
8895,,7.108389617421614e-10
8896,,7.107493653505076e-10
8897,,7.106979867043927e-10
8898,,7.106715466027969e-10
8899,,7.106527011096623e-10
8900,,7.105695373000732e-10
8901,,7.105137330908725e-10
8902,,7.104859608679036e-10
8903,,7.104667251264645e-10
8904,,7.104500898096969e-10
8905,,7.103299853544178e-10
8906,,7.103007130652503e-10
8907,,7.102810358230142e-10
8908,,7.102642814289206e-10
8909,,7.101467732235075e-10
8910,,7.101158118657328e-10
8911,,7.100956356679353e-10
8912,,7.100787446646156e-10
8913,,7.099641297459556e-10
8914,,7.09931267227445e-10
8915,,7.099105273907663e-10
8916,,7.098934799892895e-10
8917,,7.09782092628307e-10
8918,,7.097470902538146e-10
8919,,7.097257141411097e-10
8920,,7.09708488220535e-10
8921,,7.096007038313932e-10
8922,,7.095632934889379e-10
8923,,7.095411994159395e-10
8924,,7.095237701340517e-10
8925,,7.094200110206435e-10
8926,,7.093798912001737e-10
8927,,7.093569873312318e-10
8928,,7.09339326675003e-10
8929,,7.092400673583724e-10
8930,,7.091968993053255e-10
8931,,7.091730824837161e-10
8932,,7.091551590138901e-10
8933,,7.090609331543617e-10
8934,,7.090143358770397e-10
8935,,7.089894900686538e-10
8936,,7.089712684824311e-10
8937,,7.088826755841528e-10
8938,,7.088322212052435e-10
8939,,7.08806216080603e-10
8940,,7.087876565765122e-10
8941,,7.087053711640021e-10
8942,,7.086505781268122e-10
8943,,7.086232671508247e-10
8944,,7.086043251888791e-10
8945,,7.085879326608676e-10
8946,,7.084694324322093e-10
8947,,7.084406508757821e-10
8948,,7.084212762283164e-10
8949,,7.084047670627437e-10
8950,,7.082888131442143e-10
8951,,7.082583758441651e-10
8952,,7.082385121318726e-10
8953,,7.082218691283198e-10
8954,,7.081087528325919e-10
8955,,7.080764517688622e-10
8956,,7.080560355701727e-10
8957,,7.08039239392653e-10
8958,,7.079292883262805e-10
8959,,7.078948895308409e-10
8960,,7.078738496307908e-10
8961,,7.078568785613189e-10
8962,,7.077504608449308e-10
8963,,7.077137014383157e-10
8964,,7.076919577920964e-10
8965,,7.076747874249656e-10
8966,,7.075723171075722e-10
8967,,7.075329014397145e-10
8968,,7.075103639968239e-10
8969,,7.074929669239355e-10
8970,,7.073949091628289e-10
8971,,7.073525052377931e-10
8972,,7.073290728435348e-10
8973,,7.073114182369195e-10
8974,,7.072182962060278e-10
8975,,7.071725303808587e-10
8976,,7.071480893251992e-10
8977,,7.071301425911771e-10
8978,,7.070425440530228e-10
8979,,7.069929968995587e-10
8980,,7.069674194259784e-10
8981,,7.069491415114734e-10
8982,,7.068677276852789e-10
8983,,7.068139271799876e-10
8984,,7.067870695164556e-10
8985,,7.067684167376138e-10
8986,,7.067522634112107e-10
8987,,7.066353464187897e-10
8988,,7.066070472136222e-10
8989,,7.065879703187481e-10
8990,,7.065717027413027e-10
8991,,7.064572831414013e-10
8992,,7.06427360787531e-10
8993,,7.064078045408017e-10
8994,,7.063914058520426e-10
8995,,7.062797692414055e-10
8996,,7.06248019800527e-10
8997,,7.062279220557326e-10
8998,,7.062113732749529e-10
8999,,7.061028408484874e-10
9000,,7.06069034870102e-10
9001,,7.060483257878748e-10
9002,,7.06031605702988e-10
9003,,7.059265383271638e-10
9004,,7.058904181939965e-10
9005,,7.058690192414065e-10
9006,,7.058521038955844e-10
9007,,7.057509074981909e-10
9008,,7.057121833548493e-10
9009,,7.056900063311156e-10
9010,,7.056728688030468e-10
9011,,7.055759994344276e-10
9012,,7.055343456863727e-10
9013,,7.055112913910565e-10
9014,,7.054939015142625e-10
9015,,7.054018720892906e-10
9016,,7.053569225743828e-10
9017,,7.05332879519873e-10
9018,,7.053152033171131e-10
9019,,7.052285900603287e-10
9020,,7.05179933507253e-10
9021,,7.051547763961486e-10
9022,,7.051367756708142e-10
9023,,7.050562267943496e-10
9024,,7.05003400435169e-10
9025,,7.049769883950988e-10
9026,,7.049586202736391e-10
9027,,7.049427025619883e-10
9028,,7.048273480759019e-10
9029,,7.047995228765224e-10
9030,,7.047807390964967e-10
9031,,7.047647094936526e-10
9032,,7.046518044495173e-10
9033,,7.046223880390626e-10
9034,,7.046031343974112e-10
9035,,7.045869763932075e-10
9036,,7.044768007543653e-10
9037,,7.044455932487514e-10
9038,,7.044258088414761e-10
9039,,7.044095037816464e-10
9040,,7.043023724346808e-10
9041,,7.042691488508334e-10
9042,,7.042487652145184e-10
9043,,7.042322923248031e-10
9044,,7.041285590849949e-10
9045,,7.040930668188348e-10
9046,,7.04072007000105e-10
9047,,7.040553427721043e-10
9048,,7.039554055791338e-10
9049,,7.039173604970903e-10
9050,,7.038955379529411e-10
9051,,7.038786560714832e-10
9052,,7.037829620085765e-10
9053,,7.037420449332177e-10
9054,,7.037193624331223e-10
9055,,7.037022332261428e-10
9056,,7.036112851604365e-10
9057,,7.035671371116157e-10
9058,,7.035434853523938e-10
9059,,7.035260755348673e-10
9060,,7.034404384364884e-10
9061,,7.033926561540139e-10
9062,,7.033679123114672e-10
9063,,7.033501844259506e-10
9064,,7.032704937516517e-10
9065,,7.032186235761496e-10
9066,,7.031926495607325e-10
9067,,7.031745616130058e-10
9068,,7.031588760555731e-10
9069,,7.030450636737189e-10
9070,,7.030177042885911e-10
9071,,7.029992089915938e-10
9072,,7.02983413815936e-10
9073,,7.028720038512065e-10
9074,,7.028430845561246e-10
9075,,7.028241287353152e-10
9076,,7.028082078099106e-10
9077,,7.026994746541399e-10
9078,,7.026687994868525e-10
9079,,7.02649323454556e-10
9080,,7.026332584970508e-10
9081,,7.025275109409435e-10
9082,,7.0249485941172e-10
9083,,7.024747959394573e-10
9084,,7.024585665228559e-10
9085,,7.02356151432615e-10
9086,,7.023212758199393e-10
9087,,7.0230054957466e-10
9088,,7.022841326624349e-10
9089,,7.021854401755279e-10
9090,,7.02148061906736e-10
9091,,7.021265880111473e-10
9092,,7.02109957830397e-10
9093,,7.02015426203606e-10
9094,,7.019752324315315e-10
9095,,7.01952915558731e-10
9096,,7.019360430259367e-10
9097,,7.01846165288369e-10
9098,,7.018028040054656e-10
9099,,7.017795369850262e-10
9100,,7.017623895184007e-10
9101,,7.016777195025475e-10
9102,,7.016307954316086e-10
9103,,7.016064578335941e-10
9104,,7.015889986756418e-10
9105,,7.015101594579152e-10
9106,,7.014592277789492e-10
9107,,7.014336842336902e-10
9108,,7.014158721782205e-10
9109,,7.014004152944932e-10
9110,,7.012881248018121e-10
9111,,7.012612232303259e-10
9112,,7.01243011819283e-10
9113,,7.012274476603365e-10
9114,,7.011175134013946e-10
9115,,7.010890826709601e-10
9116,,7.010704198808662e-10
9117,,7.010547325259152e-10
9118,,7.009474235809658e-10
9119,,7.009172714976007e-10
9120,,7.00898098816028e-10
9121,,7.008822703604223e-10
9122,,7.007778894281589e-10
9123,,7.007457998537026e-10
9124,,7.00726051446516e-10
9125,,7.00710061847034e-10
9126,,7.006089489963547e-10
9127,,7.005746790896031e-10
9128,,7.005542809053222e-10
9129,,7.005381076530103e-10
9130,,7.004406453830658e-10
9131,,7.004039220164097e-10
9132,,7.003827910121589e-10
9133,,7.003664087383594e-10
9134,,7.002730266892706e-10
9135,,7.002335431561821e-10
9136,,7.002115857979087e-10
9137,,7.001949660574895e-10
9138,,7.00106147614409e-10
9139,,7.000635587893548e-10
9140,,7.000406700688982e-10
9141,,7.000237808270806e-10
9142,,6.99940068948489e-10
9143,,6.99893987322346e-10
9144,,6.998700491657549e-10
9145,,6.998528544001368e-10
9146,,6.997748599376048e-10
9147,,6.997248494353459e-10
9148,,6.996997291002248e-10
9149,,6.996821884970201e-10
9150,,6.996669569747358e-10
9151,,6.995561684831446e-10
9152,,6.99529716794304e-10
9153,,6.995117848675349e-10
9154,,6.994964482086189e-10
9155,,6.993879706847069e-10
9156,,6.993600199692768e-10
9157,,6.993416456402239e-10
9158,,6.993261882806086e-10
9159,,6.992202855715542e-10
9160,,6.991906474131811e-10
9161,,6.991717732330429e-10
9162,,6.991561776980872e-10
9163,,6.990531465660617e-10
9164,,6.990216089490183e-10
9165,,6.990021704285022e-10
9166,,6.989864170605418e-10
9167,,6.988865908103886e-10
9168,,6.988529158015241e-10
9169,,6.988328404281338e-10
9170,,6.988169070890301e-10
9171,,6.987206607501836e-10
9172,,6.986845804948674e-10
9173,,6.986637867632346e-10
9174,,6.986476486323949e-10
9175,,6.985554034634461e-10
9176,,6.985166173143449e-10
9177,,6.984950135489003e-10
9178,,6.984786426932947e-10
9179,,6.983908725552087e-10
9180,,6.983490421681817e-10
9181,,6.983265254084319e-10
9182,,6.983098904492949e-10
9183,,6.982271276763849e-10
9184,,6.981818731016508e-10
9185,,6.981583275850113e-10
9186,,6.981413932365433e-10
9187,,6.980642367133059e-10
9188,,6.980151304068429e-10
9189,,6.979904260205212e-10
9190,,6.979731526885809e-10
9191,,6.979581431245371e-10
9192,,6.978488369121092e-10
9193,,6.978228274262358e-10
9194,,6.978051705462484e-10
9195,,6.977900580501784e-10
9196,,6.976830184479209e-10
9197,,6.9765553940235e-10
9198,,6.976374489443061e-10
9199,,6.976222181871104e-10
9200,,6.975177038460876e-10
9201,,6.974885706034552e-10
9202,,6.974699901612207e-10
9203,,6.974546240872264e-10
9204,,6.973529259346601e-10
9205,,6.973219305926741e-10
9206,,6.973027970238165e-10
9207,,6.972872762819022e-10
9208,,6.971887211279487e-10
9209,,6.971556303986251e-10
9210,,6.971358725869579e-10
9211,,6.971201755253418e-10
9212,,6.970251309873603e-10
9213,,6.969896823435525e-10
9214,,6.969692203448427e-10
9215,,6.969533226076721e-10
9216,,6.968622017504964e-10
9217,,6.968241003512017e-10
9218,,6.968028443123785e-10
9219,,6.967867185607849e-10
9220,,6.966999858822882e-10
9221,,6.966589000706476e-10
9222,,6.966367490648136e-10
9223,,6.966203644762993e-10
9224,,6.96538541906516e-10
9225,,6.964940991756469e-10
9226,,6.964709396588149e-10
9227,,6.964542616890216e-10
9228,,6.963779363179866e-10
9229,,6.963297175678918e-10
9230,,6.963054219990468e-10
9231,,6.962884117896983e-10
9232,,6.962736209568452e-10
9233,,6.961657775930765e-10
9234,,6.961402026541777e-10
9235,,6.961228165378672e-10
9236,,6.96107924864965e-10
9237,,6.960023045871452e-10
9238,,6.959752890875761e-10
9239,,6.959574779158245e-10
9240,,6.959424704524322e-10
9241,,6.958393268930606e-10
9242,,6.958106896391057e-10
9243,,6.957923983025216e-10
9244,,6.957772582294911e-10
9245,,6.956768765302213e-10
9246,,6.956464139026068e-10
9247,,6.956275803684075e-10
9248,,6.956122887470477e-10
9249,,6.955149893500283e-10
9250,,6.954824725287425e-10
9251,,6.954630270778694e-10
9252,,6.95447562708102e-10
9253,,6.953537060466515e-10
9254,,6.953188776458376e-10
9255,,6.952987419072296e-10
9256,,6.952830809204367e-10
9257,,6.951930718770874e-10
9258,,6.951556428949708e-10
9259,,6.95134728828104e-10
9260,,6.95118844363415e-10
9261,,6.950331384150965e-10
9262,,6.949927836051872e-10
9263,,6.949709922164315e-10
9264,,6.949548541665888e-10
9265,,6.948739629138685e-10
9266,,6.948303171274402e-10
9267,,6.948075371498559e-10
9268,,6.947911115257752e-10
9269,,6.947156105935115e-10
9270,,6.946682629886028e-10
9271,,6.946443693454337e-10
9272,,6.946276181077161e-10
9273,,6.946130427507221e-10
9274,,6.945066430772528e-10
9275,,6.944814952351684e-10
9276,,6.944643755672531e-10
9277,,6.944497014499957e-10
9278,,6.943454822011747e-10
9279,,6.943189221322315e-10
9280,,6.943013858811946e-10
9281,,6.942865983488295e-10
9282,,6.941848081632892e-10
9283,,6.941566582676108e-10
9284,,6.941386513894984e-10
9285,,6.941237339355771e-10
9286,,6.940246523695982e-10
9287,,6.939947129813386e-10
9288,,6.939761746385406e-10
9289,,6.93961108744912e-10
9290,,6.938650499433252e-10
9291,,6.938330967670223e-10
9292,,6.938139586129853e-10
9293,,6.937987234817595e-10
9294,,6.937060407994397e-10
9295,,6.936718214902668e-10
9296,,6.936520066982579e-10
9297,,6.936365788829588e-10
9298,,6.935476692825809e-10
9299,,6.935109005068204e-10
9300,,6.934903227577163e-10
9301,,6.934746759426422e-10
9302,,6.933899859647148e-10
9303,,6.933503488973829e-10
9304,,6.933289111008394e-10
9305,,6.93313015744944e-10
9306,,6.932330469577594e-10
9307,,6.9319018364572e-10
9308,,6.931677767419519e-10
9309,,6.93151599612348e-10
9310,,6.93076916277348e-10
9311,,6.930304237901889e-10
9312,,6.930069251835771e-10
9313,,6.929904289127708e-10
9314,,6.929760658561419e-10
9315,,6.928710908982745e-10
9316,,6.9284636280267e-10
9317,,6.92829505451393e-10
9318,,6.928150456804549e-10
9319,,6.927122093169205e-10
9320,,6.926860967770599e-10
9321,,6.926688311096122e-10
9322,,6.926542602462321e-10
9323,,6.925538062068664e-10
9324,,6.92526135201283e-10
9325,,6.925084081953548e-10
9326,,6.924937100578037e-10
9327,,6.923959124402413e-10
9328,,6.923664871261623e-10
9329,,6.923482391784146e-10
9330,,6.923333956121203e-10
9331,,6.922385623805323e-10
9332,,6.922071628924864e-10
9333,,6.921883269896506e-10
9334,,6.921733175848148e-10
9335,,6.920817951851975e-10
9336,,6.920481741315897e-10
9337,,6.92028674977468e-10
9338,,6.920134767768481e-10
9339,,6.919256543691299e-10
9340,,6.918895339253202e-10
9341,,6.918692868751692e-10
9342,,6.918538741186309e-10
9343,,6.917701894717142e-10
9344,,6.917312570801632e-10
9345,,6.917101669901644e-10
9346,,6.916945106442233e-10
9347,,6.916154554925711e-10
9348,,6.915733601888659e-10
9349,,6.915513201229656e-10
9350,,6.915353876032861e-10
9351,,6.914615151919501e-10
9352,,6.914158619944488e-10
9353,,6.913927517845264e-10
9354,,6.913765064795063e-10
9355,,6.913623525591577e-10
9356,,6.912587836739705e-10
9357,,6.912344681321224e-10
9358,,6.912178689494634e-10
9359,,6.912036202883592e-10
9360,,6.911021489404247e-10
9361,,6.910764762314382e-10
9362,,6.910594768476279e-10
9363,,6.91045119389813e-10
9364,,6.909459845451894e-10
9365,,6.909187839824479e-10
9366,,6.909013324079541e-10
9367,,6.908868502998266e-10
9368,,6.907903206937803e-10
9369,,6.907614003520809e-10
9370,,6.907434381536968e-10
9371,,6.907288135585196e-10
9372,,6.906351911035323e-10
9373,,6.906043353909265e-10
9374,,6.90585796891061e-10
9375,,6.905710098469693e-10
9376,,6.904806341318647e-10
9377,,6.904476005745065e-10
9378,,6.904284118888568e-10
9379,,6.904134398275777e-10
9380,,6.903266924925387e-10
9381,,6.902912086715528e-10
9382,,6.902712868803143e-10
9383,,6.902561045350101e-10
9384,,6.901734146797109e-10
9385,,6.901351741361639e-10
9386,,6.901144259585546e-10
9387,,6.900990049191697e-10
9388,,6.90020854690209e-10
9389,,6.899795133512794e-10
9390,,6.899578339337093e-10
9391,,6.899421422584897e-10
9392,,6.898690739993981e-10
9393,,6.898242446736642e-10
9394,,6.898015161461292e-10
9395,,6.897855179637992e-10
9396,,6.897715700891879e-10
9397,,6.896693887487282e-10
9398,,6.896454786978931e-10
9399,,6.896291336277467e-10
9400,,6.896150930011306e-10
9401,,6.89514968991621e-10
9402,,6.894897284649093e-10
9403,,6.894729911337507e-10
9404,,6.894588439340867e-10
9405,,6.893610115238783e-10
9406,,6.89334273231621e-10
9407,,6.893170926677651e-10
9408,,6.893028233451285e-10
9409,,6.892075459556555e-10
9410,,6.891791216643049e-10
9411,,6.891614406439017e-10
9412,,6.89147031724863e-10
9413,,6.890546053757405e-10
9414,,6.890242838144715e-10
9415,,6.890060378388214e-10
9416,,6.889914697537566e-10
9417,,6.889022273708123e-10
9418,,6.888697707394344e-10
9419,,6.8885088747812e-10
9420,,6.888361381140163e-10
9421,,6.88750453798433e-10
9422,,6.887155950628125e-10
9423,,6.886959931655001e-10
9424,,6.886810377188058e-10
9425,,6.88599332216766e-10
9426,,6.885617709705568e-10
9427,,6.885413589931517e-10
9428,,6.885261696518134e-10
9429,,6.88448915585569e-10
9430,,6.88408314477452e-10
9431,,6.883869896024365e-10
9432,,6.883715350139062e-10
9433,,6.88299264115985e-10
9434,,6.882552435339138e-10
9435,,6.882328902574032e-10
9436,,6.882171352409564e-10
9437,,6.882033904460239e-10
9438,,6.881025784967194e-10
9439,,6.880790669021623e-10
9440,,6.88062971941479e-10
9441,,6.880491362882487e-10
9442,,6.87950342196029e-10
9443,,6.879255263370125e-10
9444,,6.879090469280139e-10
9445,,6.87895106861181e-10
9446,,6.877985602853047e-10
9447,,6.877722761581487e-10
9448,,6.877553622988221e-10
9449,,6.877413026256674e-10
9450,,6.876472618464683e-10
9451,,6.876193248806714e-10
9452,,6.876019204749956e-10
9453,,6.87587724040031e-10
9454,,6.874964792447703e-10
9455,,6.874666823184548e-10
9456,,6.874487241615508e-10
9457,,6.874343717533427e-10
9458,,6.873462493472074e-10
9459,,6.873143593701985e-10
9460,,6.872957764900985e-10
9461,,6.872812464489153e-10
9462,,6.871966132313779e-10
9463,,6.871623683706101e-10
9464,,6.871430810283917e-10
9465,,6.871283491011868e-10
9466,,6.870476174877939e-10
9467,,6.870107231754567e-10
9468,,6.869906417620213e-10
9469,,6.869756805937563e-10
9470,,6.868993140432182e-10
9471,,6.868594395837553e-10
9472,,6.868384632881248e-10
9473,,6.868232421666744e-10
9474,,6.867517619176874e-10
9475,,6.867085351261607e-10
9476,,6.866865506694855e-10
9477,,6.86671035170041e-10
9478,,6.866574903329072e-10
9479,,6.865580297675525e-10
9480,,6.865349098750204e-10
9481,,6.86519061126414e-10
9482,,6.865054273310071e-10
9483,,6.864079459417637e-10
9484,,6.863835474345918e-10
9485,,6.863673218833561e-10
9486,,6.863535858610519e-10
9487,,6.862583087423324e-10
9488,,6.862324708451456e-10
9489,,6.862158194802849e-10
9490,,6.862019662576851e-10
9491,,6.861091466660486e-10
9492,,6.860816884954761e-10
9493,,6.860645562197876e-10
9494,,6.860505690703634e-10
9495,,6.8596049150728e-10
9496,,6.859312099125181e-10
9497,,6.859135348777253e-10
9498,,6.85899394885147e-10
9499,,6.858123793566368e-10
9500,,6.857810458481178e-10
9501,,6.857627584537397e-10
9502,,6.857484444133196e-10
9503,,6.856648504842695e-10
9504,,6.856312083528214e-10
9505,,6.856122304448388e-10
9506,,6.85597718561512e-10
9507,,6.85517950575444e-10
9508,,6.854817110840853e-10
9509,,6.85461954749571e-10
9510,,6.854472181962315e-10
9511,,6.853717305540248e-10
9512,,6.85332569462134e-10
9513,,6.853119358640843e-10
9514,,6.852969446013068e-10
9515,,6.852262482172282e-10
9516,,6.851838007253492e-10
9517,,6.851621788192345e-10
9518,,6.851468990032534e-10
9519,,6.850815679835276e-10
9520,,6.850354243722904e-10
9521,,6.850126893777663e-10
9522,,6.849970829598614e-10
9523,,6.849836480877459e-10
9524,,6.848874623933588e-10
9525,,6.848634740070115e-10
9526,,6.848474982826161e-10
9527,,6.848339632320564e-10
9528,,6.847399394724103e-10
9529,,6.847145399805108e-10
9530,,6.846981468793519e-10
9531,,6.846844970944294e-10
9532,,6.845928835267249e-10
9533,,6.845658956186628e-10
9534,,6.845490311636755e-10
9535,,6.84535250108242e-10
9536,,6.844463256322975e-10
9537,,6.844175502087707e-10
9538,,6.844001537129891e-10
9539,,6.84386222918006e-10
9540,,6.843003012998003e-10
9541,,6.842695142209745e-10
9542,,6.842515175080792e-10
9543,,6.84237416191185e-10
9544,,6.841548498908168e-10
9545,,6.841217996055082e-10
9546,,6.841031259610716e-10
9547,,6.840888307519822e-10
9548,,6.840100162677513e-10
9549,,6.839744196914536e-10
9550,,6.839549829720942e-10
9551,,6.839404676391518e-10
9552,,6.838658503329338e-10
9553,,6.838273895201237e-10
9554,,6.838070928399526e-10
9555,,6.837923278986413e-10
9556,,6.837224088010621e-10
9557,,6.836807260597167e-10
9558,,6.836594605701061e-10
9559,,6.836444128294994e-10
9560,,6.835797547274981e-10
9561,,6.835344484870857e-10
9562,,6.835120918104703e-10
9563,,6.834967239303736e-10
9564,,6.834834850599766e-10
9565,,6.83388578257013e-10
9566,,6.833649928611176e-10
9567,,6.833492629863142e-10
9568,,6.833359260128506e-10
9569,,6.832431395833948e-10
9570,,6.832181708733929e-10
9571,,6.83202031933984e-10
9572,,6.831885825052256e-10
9573,,6.830981598508965e-10
9574,,6.830716339932717e-10
9575,,6.83055033016796e-10
9576,,6.830414550194483e-10
9577,,6.82953669593819e-10
9578,,6.829253912808848e-10
9579,,6.829082688533903e-10
9580,,6.828945441424857e-10
9581,,6.828097035069799e-10
9582,,6.827794531568685e-10
9583,,6.827617423006925e-10
9584,,6.827478504966436e-10
9585,,6.826663002405954e-10
9586,,6.82633831158018e-10
9587,,6.826154567544087e-10
9588,,6.826013749726964e-10
9589,,6.825235037984865e-10
9590,,6.824885383857298e-10
9591,,6.824694159843356e-10
9592,,6.824551184481096e-10
9593,,6.823813630080793e-10
9594,,6.823435896604368e-10
9595,,6.823236242735434e-10
9596,,6.823090821120179e-10
9597,,6.822399335517847e-10
9598,,6.821990015707379e-10
9599,,6.8217808648859e-10
9600,,6.821632671245553e-10
9601,,6.820992772501537e-10
9602,,6.820547929245658e-10
9603,,6.820328081157948e-10
9604,,6.820176750309624e-10
9605,,6.820046291661557e-10
9606,,6.819109847313218e-10
9607,,6.818877953880586e-10
9608,,6.818723075188654e-10
9609,,6.818591655958422e-10
9610,,6.817676007592449e-10
9611,,6.817430552963689e-10
9612,,6.817271664678299e-10
9613,,6.817139144114425e-10
9614,,6.816246678273692e-10
9615,,6.81598595823166e-10
9616,,6.815822541726528e-10
9617,,6.815688761415301e-10
9618,,6.814822158743165e-10
9619,,6.814544259287419e-10
9620,,6.814375730351377e-10
9621,,6.814240513010357e-10
9622,,6.813402789350963e-10
9623,,6.813105556599756e-10
9624,,6.812931260433357e-10
9625,,6.812794406089631e-10
9626,,6.811988948960724e-10
9627,,6.811669964970462e-10
9628,,6.811489164302616e-10
9629,,6.811350448048494e-10
9630,,6.810581068610561e-10
9631,,6.810237612115862e-10
9632,,6.810049478782387e-10
9633,,6.809908648535599e-10
9634,,6.809179627572226e-10
9635,,6.808808643122282e-10
9636,,6.808612246473252e-10
9637,,6.808469018101206e-10
9638,,6.807785171238495e-10
9639,,6.807383220816623e-10
9640,,6.807177514051715e-10
9641,,6.807031569424564e-10
9642,,6.80639830558166e-10
9643,,6.805961529108843e-10
9644,,6.805745336062426e-10
9645,,6.805596316951863e-10
9646,,6.805467760241291e-10
9647,,6.804543775264137e-10
9648,,6.804315773478159e-10
9649,,6.804163276691111e-10
9650,,6.804033779436761e-10
9651,,6.803130190814643e-10
9652,,6.802888895276158e-10
9653,,6.80273246839761e-10
9654,,6.802601891912141e-10
9655,,6.801721039405712e-10
9656,,6.801464778731831e-10
9657,,6.801303912785243e-10
9658,,6.801172102715598e-10
9659,,6.80031661454603e-10
9660,,6.800043511929232e-10
9661,,6.7998776354952e-10
9662,,6.799744416926801e-10
9663,,6.7989172495699e-10
9664,,6.798625194097816e-10
9665,,6.798453663839669e-10
9666,,6.798318841749976e-10
9667,,6.797523316272671e-10
9668,,6.797209936676555e-10
9669,,6.797032030514217e-10
9670,,6.796895383818656e-10
9671,,6.796135236617619e-10
9672,,6.795797865557725e-10
9673,,6.79561277196652e-10
9674,,6.795474053329412e-10
9675,,6.794753481520471e-10
9676,,6.794389123037987e-10
9677,,6.794195928565264e-10
9678,,6.794054860149988e-10
9679,,6.793378584491913e-10
9680,,6.792983868628934e-10
9681,,6.792781547291182e-10
9682,,6.79263781674007e-10
9683,,6.792011140828726e-10
9684,,6.791582282420518e-10
9685,,6.791369681560057e-10
9686,,6.791222937297572e-10
9687,,6.791096254992397e-10
9688,,6.790184567344963e-10
9689,,6.789960390456808e-10
9690,,6.789810237835893e-10
9691,,6.789682633760829e-10
9692,,6.788790950952323e-10
9693,,6.788553741554839e-10
9694,,6.7883997367682e-10
9695,,6.78827107590154e-10
9696,,6.787401691571894e-10
9697,,6.787149811476847e-10
9698,,6.786991455795106e-10
9699,,6.786861586246848e-10
9700,,6.786017076526984e-10
9701,,6.785748686228682e-10
9702,,6.785585418801991e-10
9703,,6.785454169289691e-10
9704,,6.784637433351801e-10
9705,,6.784350462459289e-10
9706,,6.784181653120506e-10
9707,,6.784048831984099e-10
9708,,6.783263125712824e-10
9709,,6.782955249910838e-10
9710,,6.782780190852647e-10
9711,,6.782645581742072e-10
9712,,6.781894568142767e-10
9713,,6.781563171998371e-10
9714,,6.781381067196824e-10
9715,,6.781244427793732e-10
9716,,6.780532221410439e-10
9717,,6.780174368164623e-10
9718,,6.779984322381939e-10
9719,,6.779845380172349e-10
9720,,6.779176609556174e-10
9721,,6.778788994588714e-10
9722,,6.778590001817751e-10
9723,,6.778448450935696e-10
9724,,6.777828315094171e-10
9725,,6.777407228318607e-10
9726,,6.777198158293715e-10
9727,,6.777053653414202e-10
9728,,6.776928817223749e-10
9729,,6.776029267707845e-10
9730,,6.775808849418603e-10
9731,,6.775661004207197e-10
9732,,6.775535265424173e-10
9733,,6.774655336235892e-10
9734,,6.774422142162966e-10
9735,,6.774270521330115e-10
9736,,6.774143747018135e-10
9737,,6.773285686746971e-10
9738,,6.77303811076344e-10
9739,,6.77288222485016e-10
9740,,6.772754266350618e-10
9741,,6.77192060157876e-10
9742,,6.771656839341173e-10
9743,,6.771496139318337e-10
9744,,6.771366829219296e-10
9745,,6.770560401064312e-10
9746,,6.770278423806403e-10
9747,,6.770112291750073e-10
9748,,6.769981441213431e-10
9749,,6.769205442555172e-10
9750,,6.768902970960461e-10
9751,,6.768730712069377e-10
9752,,6.768598110099806e-10
9753,,6.767856131614621e-10
9754,,6.767530601871708e-10
9755,,6.76735143628481e-10
9756,,6.767216844694419e-10
9757,,6.766512920085459e-10
9758,,6.766161453175666e-10
9759,,6.765974502876978e-10
9760,,6.765837654469746e-10
9761,,6.765176322348952e-10
9762,,6.764795678063306e-10
9763,,6.764599957432815e-10
9764,,6.764460551952005e-10
9765,,6.763846908814957e-10
9766,,6.763433449917079e-10
9767,,6.763227850752428e-10
9768,,6.763085550262558e-10
9769,,6.762962533184534e-10
9770,,6.762074963661803e-10
9771,,6.76185823942645e-10
9772,,6.761712665030221e-10
9773,,6.761588763795308e-10
9774,,6.760720437703036e-10
9775,,6.760491189049131e-10
9776,,6.760341913857583e-10
9777,,6.760216998447573e-10
9778,,6.759370120503634e-10
9779,,6.759126773053446e-10
9780,,6.758973317302566e-10
9781,,6.758847241713883e-10
9782,,6.758024288505827e-10
9783,,6.75776507326336e-10
9784,,6.7576068988525e-10
9785,,6.75747949827864e-10
9786,,6.75668325610162e-10
9787,,6.756406183324543e-10
9788,,6.756242683856779e-10
9789,,6.756113774950815e-10
9790,,6.7553473730322e-10
9791,,6.755050208833454e-10
9792,,6.754880704071291e-10
9793,,6.754750078522821e-10
9794,,6.754017037504586e-10
9795,,6.753697268239564e-10
9796,,6.753520992725874e-10
9797,,6.753388417413653e-10
9798,,6.752692692144941e-10
9799,,6.752347495088205e-10
9800,,6.752163588702193e-10
9801,,6.752028802022348e-10
9802,,6.751374841054365e-10
9803,,6.751001039797957e-10
9804,,6.750808535798662e-10
9805,,6.750671243028178e-10
9806,,6.750064044174188e-10
9807,,6.749658072348142e-10
9808,,6.749455884629138e-10
9809,,6.74931575444898e-10
9810,,6.74919452916315e-10
9811,,6.748318784059225e-10
9812,,6.74810569011819e-10
9813,,6.747962350900047e-10
9814,,6.747840259740816e-10
9815,,6.746983388525173e-10
9816,,6.74675801676847e-10
9817,,6.746611050167823e-10
9818,,6.746487965578941e-10
9819,,6.745652129599359e-10
9820,,6.745412935936384e-10
9821,,6.74526187184289e-10
9822,,6.745137651044159e-10
9823,,6.744325278390689e-10
9824,,6.744070529007478e-10
9825,,6.743914839408313e-10
9826,,6.743789320702827e-10
9827,,6.743003142739855e-10
9828,,6.742730887263523e-10
9829,,6.742569978121986e-10
9830,,6.742442980907956e-10
9831,,6.741686066422613e-10
9832,,6.741394113926163e-10
9833,,6.741227317952759e-10
9834,,6.741098639019282e-10
9835,,6.740374438514411e-10
9836,,6.740060325389396e-10
9837,,6.739886892015767e-10
9838,,6.739756302531866e-10
9839,,6.73906869407279e-10
9840,,6.73872965225539e-10
9841,,6.738548738765289e-10
9842,,6.738415981773236e-10
9843,,6.737769326693058e-10
9844,,6.737402242265213e-10
9845,,6.737212900793342e-10
9846,,6.737077687609324e-10
9847,,6.736476885157813e-10
9848,,6.736078262438578e-10
9849,,6.735879427247268e-10
9850,,6.735741433403954e-10
9851,,6.735621973905859e-10
9852,,6.734757899164977e-10
9853,,6.734548372808987e-10
9854,,6.734407233784013e-10
9855,,6.734286926225704e-10
9856,,6.733441363165876e-10
9857,,6.7332198005156e-10
9858,,6.733075105999838e-10
9859,,6.732953825474566e-10
9860,,6.732128892671298e-10
9861,,6.731893780193419e-10
9862,,6.731745069076468e-10
9863,,6.731622675058502e-10
9864,,6.730820753835713e-10
9865,,6.730570391175836e-10
9866,,6.730417146316815e-10
9867,,6.730293480835754e-10
9868,,6.729517247978416e-10
9869,,6.729249723253619e-10
9870,,6.729091362089464e-10
9871,,6.728966247998294e-10
9872,,6.728218711990946e-10
9873,,6.727931877957248e-10
9874,,6.727767746186167e-10
9875,,6.727640984126465e-10
9876,,6.726925528363629e-10
9877,,6.72661696896556e-10
9878,,6.726446330818433e-10
9879,,6.726317696582923e-10
9880,,6.72563812301824e-10
9881,,6.725305124424474e-10
9882,,6.725127153898926e-10
9883,,6.724996395150142e-10
9884,,6.724356979593643e-10
9885,,6.723996489251679e-10
9886,,6.723810256751568e-10
9887,,6.72367709091015e-10
9888,,6.723082636582462e-10
9889,,6.722691227070779e-10
9890,,6.722495687652503e-10
9891,,6.722359796592637e-10
9892,,6.722242076421892e-10
9893,,6.721389520640598e-10
9894,,6.721183500831243e-10
9895,,6.721044526747563e-10
9896,,6.720925976349683e-10
9897,,6.720091576440588e-10
9898,,6.719873757087736e-10
9899,,6.719731298214108e-10
9900,,6.719611794622403e-10
9901,,6.718797628496573e-10
9902,,6.71856652534056e-10
9903,,6.718420129847702e-10
9904,,6.718299535701935e-10
9905,,6.717507936472698e-10
9906,,6.717261883607472e-10
9907,,6.717111044076615e-10
9908,,6.716989203964107e-10
9909,,6.716222797771693e-10
9910,,6.715959920117778e-10
9911,,6.715804065205751e-10
9912,,6.715680805454309e-10
9913,,6.714942540972223e-10
9914,,6.714660733238758e-10
9915,,6.714499221852242e-10
9916,,6.714374347187575e-10
9917,,6.71366754154192e-10
9918,,6.713364435146568e-10
9919,,6.713196545709971e-10
9920,,6.713069836738336e-10
9921,,6.712398217151128e-10
9922,,6.712071151646916e-10
9923,,6.711896074254843e-10
9924,,6.711767283625214e-10
9925,,6.711135041869968e-10
9926,,6.710781024751389e-10
9927,,6.710597848014158e-10
9928,,6.710466698207962e-10
9929,,6.709878543575709e-10
9930,,6.709494214195067e-10
9931,,6.709301914449073e-10
9932,,6.709168093463219e-10
9933,,6.709052087425859e-10
9934,,6.708210899869248e-10
9935,,6.708008326134451e-10
9936,,6.707871483342859e-10
9937,,6.707754663732744e-10
9938,,6.706931284058879e-10
9939,,6.706717143054157e-10
9940,,6.706576884541792e-10
9941,,6.706459131226835e-10
9942,,6.705655595955348e-10
9943,,6.705428432306451e-10
9944,,6.705284315312124e-10
9945,,6.705165493589975e-10
9946,,6.704384090653103e-10
9947,,6.7041422710135e-10
9948,,6.703993797853745e-10
9949,,6.703873755820571e-10
9950,,6.70311705830387e-10
9951,,6.702858745102381e-10
9952,,6.702705355609073e-10
9953,,6.702583922819279e-10
9954,,6.701854822924363e-10
9955,,6.701577951547419e-10
9956,,6.701419017240184e-10
9957,,6.701296001921677e-10
9958,,6.700597751533156e-10
9959,,6.700299999714134e-10
9960,,6.70013481375576e-10
9961,,6.700010000488886e-10
9962,,6.699346253772633e-10
9963,,6.69902501345666e-10
9964,,6.698852781220255e-10
9965,,6.698725928045971e-10
9966,,6.698100794424823e-10
9967,,6.697753131829896e-10
9968,,6.697572959932661e-10
9969,,6.697443794552278e-10
9970,,6.696861891042791e-10
9971,,6.696484511047489e-10
9972,,6.696295395853239e-10
9973,,6.696163612943705e-10
9974,,6.696049295020687e-10
9975,,6.695219328151696e-10
9976,,6.695020141304368e-10
9977,,6.694885396380268e-10
9978,,6.694770281714505e-10
9979,,6.693957780959746e-10
9980,,6.693747253944324e-10
9981,,6.693609161358809e-10
9982,,6.693493132226969e-10
9983,,6.692700093933489e-10
9984,,6.692476800892677e-10
9985,,6.692334926218661e-10
9986,,6.692217850495398e-10
9987,,6.691446517634862e-10
9988,,6.691208856937534e-10
9989,,6.691062711892781e-10
9990,,6.690944440889235e-10
9991,,6.69019733677776e-10
9992,,6.689943506374358e-10
9993,,6.689792542364698e-10
9994,,6.689672908553285e-10
9995,,6.688952868388404e-10
9996,,6.688680844281204e-10
9997,,6.688524445265703e-10
9998,,6.68840326052147e-10
9999,,6.687713472369746e-10
10000,,6.687420978140282e-10
10001,,6.687258450659281e-10
10002,,6.687135504509774e-10
10003,,6.686479550561069e-10
10004,,6.686164029344021e-10
10005,,6.685994594340138e-10
10006,,6.685869648794984e-10
10007,,6.685251558084827e-10
10008,,6.684910133239395e-10
10009,,6.684732915481299e-10
10010,,6.684605703977541e-10
10011,,6.684030003051393e-10
10012,,6.683659444447956e-10
10013,,6.683473459248675e-10
10014,,6.683343682408999e-10
10015,,6.683231028389258e-10
10016,,6.682412135667927e-10
10017,,6.682216276955764e-10
10018,,6.682083597004859e-10
10019,,6.681970162767188e-10
10020,,6.681168400994497e-10
10021,,6.680961425468983e-10
10022,,6.680825464301538e-10
10023,,6.680711134076698e-10
10024,,6.67992846050854e-10
10025,,6.679708970133681e-10
10026,,6.679569301485044e-10
10027,,6.679453946015903e-10
10028,,6.678692559794999e-10
10029,,6.678458984108397e-10
10030,,6.678315129941593e-10
10031,,6.678198603192972e-10
10032,,6.677460977890618e-10
10033,,6.677211550175493e-10
10034,,6.677062972668592e-10
10035,,6.676945110660014e-10
10036,,6.676234025416281e-10
10037,,6.675966761993055e-10
10038,,6.675812856371859e-10
10039,,6.675693474937873e-10
10040,,6.675012056044394e-10
10041,,6.674724724208272e-10
10042,,6.674564811228942e-10
10043,,6.674443703248335e-10
10044,,6.673795462174729e-10
10045,,6.673485556122468e-10
10046,,6.673318871922014e-10
10047,,6.673195804946709e-10
10048,,6.672584692071832e-10
10049,,6.672249391038797e-10
10050,,6.672075076835592e-10
10051,,6.671949789446563e-10
10052,,6.671380242317512e-10
10053,,6.671016379457186e-10
10054,,6.670833470990319e-10
10055,,6.67070566880811e-10
10056,,6.670594653691571e-10
10057,,6.669786690986215e-10
10058,,6.669594103389393e-10
10059,,6.669463455882979e-10
10060,,6.669351676978234e-10
10061,,6.668560516440286e-10
10062,,6.668357030441753e-10
10063,,6.668223167114926e-10
10064,,6.668110510684721e-10
10065,,6.667338071232127e-10
10066,,6.667122316749427e-10
10067,,6.666984819356288e-10
10068,,6.666871158309511e-10
10069,,6.666119595794728e-10
10070,,6.665890032982833e-10
10071,,6.665748433088548e-10
10072,,6.66563362465385e-10
10073,,6.664905364144477e-10
10074,,6.6646602612298e-10
10075,,6.664514031049491e-10
10076,,6.664397914310768e-10
10077,,6.663695680866317e-10
10078,,6.663433092423287e-10
10079,,6.663281639366055e-10
10080,,6.663164033970572e-10
10081,,6.662490892303247e-10
10082,,6.662208630053089e-10
10083,,6.662051288220888e-10
10084,,6.661931990532738e-10
10085,,6.661291383451465e-10
10086,,6.66098699004412e-10
10087,,6.66082301057595e-10
10088,,6.660701793168797e-10
10089,,6.660097593287879e-10
10090,,6.65976830365385e-10
10091,,6.659596845016373e-10
10092,,6.659473451249771e-10
10093,,6.65891000944494e-10
10094,,6.658552719003968e-10
10095,,6.658372834752317e-10
10096,,6.658246976427693e-10
10097,,6.658137576172787e-10
10098,,6.657340401094643e-10
10099,,6.657151028507299e-10
10100,,6.657022381623386e-10
10101,,6.656912233085214e-10
10102,,6.656131537917815e-10
10103,,6.655931481347523e-10
10104,,6.655799682209488e-10
10105,,6.655688674503702e-10
10106,,6.654926339892538e-10
10107,,6.65471425622672e-10
10108,,6.654578895298081e-10
10109,,6.654466903547471e-10
10110,,6.653725043912636e-10
10111,,6.65349942317256e-10
10112,,6.653360041055013e-10
10113,,6.653246924865529e-10
10114,,6.652527917498453e-10
10115,,6.652287062067248e-10
10116,,6.652143141080364e-10
10117,,6.652028743159226e-10
10118,,6.651335259501337e-10
10119,,6.651077262285131e-10
10120,,6.650928221768297e-10
10121,,6.650812364642236e-10
10122,,6.650147409486109e-10
10123,,6.649870124964631e-10
10124,,6.649715312016395e-10
10125,,6.649597797292878e-10
10126,,6.648964745400407e-10
10127,,6.648665764392089e-10
10128,,6.648504444633395e-10
10129,,6.648385048384204e-10
10130,,6.647787697311984e-10
10131,,6.64746430901304e-10
10132,,6.647295657147649e-10
10133,,6.647174127886266e-10
10134,,6.646616742467717e-10
10135,,6.646265903128857e-10
10136,,6.646088991870869e-10
10137,,6.645965047471545e-10
10138,,6.645857238452852e-10
10139,,6.64507070991036e-10
10140,,6.644884496918208e-10
10141,,6.644757819338705e-10
10142,,6.644649277260655e-10
10143,,6.643878912540476e-10
10144,,6.643682226060101e-10
10145,,6.643552458655011e-10
10146,,6.6434430749877e-10
10147,,6.642690717694838e-10
10148,,6.642482241011313e-10
10149,,6.642348982546345e-10
10150,,6.642238634686649e-10
10151,,6.641506357893572e-10
10152,,6.641284610496019e-10
10153,,6.641147409694046e-10
10154,,6.64103596049097e-10
10155,,6.640326095122724e-10
10156,,6.640089412071925e-10
10157,,6.639947762756777e-10
10158,,6.63983505777276e-10
10159,,6.639150222513374e-10
10160,,6.63889673419739e-10
10161,,6.638750066756105e-10
10162,,6.638635932253107e-10
10163,,6.637979072549941e-10
10164,,6.637706676348157e-10
10165,,6.637554349879491e-10
10166,,6.637438590600597e-10
10167,,6.636813016260942e-10
10168,,6.636519349718187e-10
10169,,6.636360644735302e-10
10170,,6.63624304168804e-10
10171,,6.635652474661972e-10
10172,,6.635334879846422e-10
10173,,6.635168987802616e-10
10174,,6.635049294645475e-10
10175,,6.634497916396482e-10
10176,,6.634153409565011e-10
10177,,6.63397942070151e-10
10178,,6.633857360018965e-10
10179,,6.633751118724133e-10
10180,,6.632975098225125e-10
10181,,6.632791990913685e-10
10182,,6.632667251208691e-10
10183,,6.632560292372572e-10
10184,,6.631800124797378e-10
10185,,6.631606750207037e-10
10186,,6.63147898235582e-10
10187,,6.631371198887583e-10
10188,,6.630628693015391e-10
10189,,6.630423759744149e-10
10190,,6.630292569815333e-10
10191,,6.63018384179709e-10
10192,,6.629461029699683e-10
10193,,6.629243086418313e-10
10194,,6.629108032722245e-10
10195,,6.628998225753975e-10
10196,,6.628297392077497e-10
10197,,6.628064807289555e-10
10198,,6.627925392888406e-10
10199,,6.627814355222148e-10
10200,,6.627138068034952e-10
10201,,6.626889008300692e-10
10202,,6.626744674683773e-10
10203,,6.626632236336098e-10
10204,,6.625983383063582e-10
10205,,6.6257157865549e-10
10206,,6.625565905923012e-10
10207,,6.625451875391996e-10
10208,,6.62483370096107e-10
10209,,6.624545252091493e-10
10210,,6.624389118666664e-10
10211,,6.624273281380745e-10
10212,,6.623689434318242e-10
10213,,6.623377527144034e-10
10214,,6.623214348331877e-10
10215,,6.623096462524345e-10
10216,,6.622551043126114e-10
10217,,6.622212752120125e-10
10218,,6.622041635971367e-10
10219,,6.621921429891826e-10
10220,,6.62181673322775e-10
10221,,6.621051082799033e-10
10222,,6.620871027428026e-10
10223,,6.62074819614408e-10
10224,,6.620642796728235e-10
10225,,6.619892695514523e-10
10226,,6.61970257498428e-10
10227,,6.619576775116857e-10
10228,,6.619470567845435e-10
10229,,6.618737788841522e-10
10230,,6.618536337330626e-10
10231,,6.61840718327475e-10
10232,,6.618300050902246e-10
10233,,6.617586586439613e-10
10234,,6.617372380223404e-10
10235,,6.617239439356701e-10
10236,,6.617131249897876e-10
10237,,6.616439339386129e-10
10238,,6.616210779984795e-10
10239,,6.616073564170588e-10
10240,,6.615964168666777e-10
10241,,6.615296330371346e-10
10242,,6.615051619826352e-10
10243,,6.614909581758011e-10
10244,,6.614798813955006e-10
10245,,6.614157878466469e-10
10246,,6.613894994922891e-10
10247,,6.613747519744961e-10
10248,,6.613635192107942e-10
10249,,6.613024340097206e-10
10250,,6.612741013962714e-10
10251,,6.612587409233911e-10
10252,,6.612473310730544e-10
10253,,6.611896120496392e-10
10254,,6.611589796395575e-10
10255,,6.611429285022829e-10
10256,,6.611313178892262e-10
10257,,6.610773669306717e-10
10258,,6.610441479876408e-10
10259,,6.610273187684884e-10
10260,,6.610154807554642e-10
10261,,6.610051632688512e-10
10262,,6.609296217068357e-10
10263,,6.609119161656654e-10
10264,,6.608998208479286e-10
10265,,6.608894344769599e-10
10266,,6.608154180692969e-10
10267,,6.607967258066926e-10
10268,,6.607843395376883e-10
10269,,6.607738740890535e-10
10270,,6.607015565976983e-10
10271,,6.606817534829695e-10
10272,,6.606690384631894e-10
10273,,6.606584824147827e-10
10274,,6.605880591013306e-10
10275,,6.605670056802662e-10
10276,,6.605539194212717e-10
10277,,6.605432597917191e-10
10278,,6.604749503087417e-10
10279,,6.604524897270139e-10
10280,,6.604389844839207e-10
10281,,6.604282067099145e-10
10282,,6.603622579133705e-10
10283,,6.603382139655137e-10
10284,,6.603242359955126e-10
10285,,6.603133237616908e-10
10286,,6.602500131595153e-10
10287,,6.602241876651609e-10
10288,,6.602096766718653e-10
10289,,6.601986115703437e-10
10290,,6.601382510276826e-10
10291,,6.601104213677563e-10
10292,,6.600953095553305e-10
10293,,6.600840709251157e-10
10294,,6.600270111815458e-10
10295,,6.599969269287728e-10
10296,,6.599811380543358e-10
10297,,6.599697026562741e-10
10298,,6.59916337793025e-10
10299,,6.598837177786402e-10
10300,,6.598671661401769e-10
10301,,6.598555078662647e-10
10302,,6.598453403093863e-10
10303,,6.597708088541433e-10
10304,,6.597533981869081e-10
10305,,6.597414877332361e-10
10306,,6.597312527508418e-10
10307,,6.596582171763685e-10
10308,,6.596398392126756e-10
10309,,6.596276435358596e-10
10310,,6.596173311004145e-10
10311,,6.595459618105744e-10
10312,,6.59526494816975e-10
10313,,6.595139769492055e-10
10314,,6.595035757316774e-10
10315,,6.594340641647658e-10
10316,,6.594133714613713e-10
10317,,6.594004896917795e-10
10318,,6.593899869973074e-10
10319,,6.593225485082874e-10
10320,,6.593004762715608e-10
10321,,6.592871838149306e-10
10322,,6.592765653674793e-10
10323,,6.592114418865164e-10
10324,,6.591878174217566e-10
10325,,6.591740615949143e-10
10326,,6.591633113645623e-10
10327,,6.591007750409444e-10
10328,,6.590754040227248e-10
10329,,6.590611257040785e-10
10330,,6.590502256729865e-10
10331,,6.589905822301055e-10
10332,,6.589632463949116e-10
10333,,6.589483791168282e-10
10334,,6.589373090286254e-10
10335,,6.588809023312484e-10
10336,,6.588513561840269e-10
10337,,6.588358251870524e-10
10338,,6.588245622799385e-10
10339,,6.587717786399457e-10
10340,,6.58739746497782e-10
10341,,6.587234677628421e-10
10342,,6.587119864286616e-10
10343,,6.587019666189657e-10
10344,,6.586284320825103e-10
10345,,6.586113111639191e-10
10346,,6.585995826606262e-10
10347,,6.58589496841653e-10
10348,,6.585174294705705e-10
10349,,6.58499360365218e-10
10350,,6.584873523424586e-10
10351,,6.584771906032879e-10
10352,,6.584067575041046e-10
10353,,6.583876207901852e-10
10354,,6.583752969259028e-10
10355,,6.583650482388549e-10
10356,,6.582964371179675e-10
10357,,6.582760987607185e-10
10358,,6.582634182032665e-10
10359,,6.582530701169225e-10
10360,,6.58186492058498e-10
10361,,6.581648012879903e-10
10362,,6.581517181606034e-10
10363,,6.581412566735425e-10
10364,,6.58076948893765e-10
10365,,6.580537363948126e-10
10366,,6.580401990674607e-10
10367,,6.580296084363942e-10
10368,,6.579678377453048e-10
10369,,6.579429129808173e-10
10370,,6.579288634644193e-10
10371,,6.579181260586643e-10
10372,,6.578591921390987e-10
10373,,6.578323412102914e-10
10374,,6.578177143554923e-10
10375,,6.578068102665313e-10
10376,,6.577510502877743e-10
10377,,6.577220324378055e-10
10378,,6.577067549751988e-10
10379,,6.576956619087318e-10
10380,,6.576434546281118e-10
10381,,6.576119995621758e-10
10382,,6.575959890718599e-10
10383,,6.57584681953923e-10
10384,,6.575364533677389e-10
10385,,6.575022570018621e-10
10386,,6.574854209419165e-10
10387,,6.574738715679876e-10
10388,,6.574639326384545e-10
10389,,6.573928210359365e-10
10390,,6.573750553963372e-10
10391,,6.573632320372029e-10
10392,,6.573532187904818e-10
10393,,6.572837100270476e-10
10394,,6.572648977978442e-10
10395,,6.572527648884625e-10
10396,,6.572426664594401e-10
10397,,6.571749445530441e-10
10398,,6.571549543589373e-10
10399,,6.57142471793932e-10
10400,,6.571322759821665e-10
10401,,6.570665479167988e-10
10402,,6.570452318977805e-10
10403,,6.570323547580221e-10
10404,,6.570220478189706e-10
10405,,6.569585461696042e-10
10406,,6.56935738316463e-10
10407,,6.569224159211882e-10
10408,,6.569119824640111e-10
10409,,6.568509687646496e-10
10410,,6.568264823117541e-10
10411,,6.568126578708473e-10
10412,,6.568020805891791e-10
10413,,6.567438486780489e-10
10414,,6.567174738563004e-10
10415,,6.567030834318345e-10
10416,,6.566923428283876e-10
10417,,6.566372233054217e-10
10418,,6.566087241095695e-10
10419,,6.565936959046486e-10
10420,,6.565827700973649e-10
10421,,6.56531134220318e-10
10422,,6.565002456971201e-10
10423,,6.564844989213553e-10
10424,,6.56473363288379e-10
10425,,6.564256287577085e-10
10426,,6.563920527084722e-10
10427,,6.563754966459298e-10
10428,,6.563641235873437e-10
10429,,6.563543294121148e-10
10430,,6.562841611623224e-10
10431,,6.562666938136579e-10
10432,,6.562550522542384e-10
10433,,6.562451852709984e-10
10434,,6.561765890844085e-10
10435,,6.561580957143574e-10
10436,,6.561461507071008e-10
10437,,6.561362003065278e-10
10438,,6.56069356568031e-10
10439,,6.560497083707465e-10
10440,,6.560374206683369e-10
10441,,6.560273748569993e-10
10442,,6.559624865055306e-10
10443,,6.559415385687959e-10
10444,,6.559288640571488e-10
10445,,6.559187093876269e-10
10446,,6.55856004410853e-10
10447,,6.558335939524608e-10
10448,,6.558204830124051e-10
10449,,6.558102043622123e-10
10450,,6.557499391972914e-10
10451,,6.557258831185493e-10
10452,,6.557122800188436e-10
10453,,6.557018604329051e-10
10454,,6.55644323158355e-10
10455,,6.556184158089711e-10
10456,,6.556042579124959e-10
10457,,6.555936782536748e-10
10458,,6.55539192949666e-10
10459,,6.555112029598677e-10
10460,,6.554964198466105e-10
10461,,6.554856586878834e-10
10462,,6.554345893605172e-10
10463,,6.554042569540538e-10
10464,,6.553887694503373e-10
10465,,6.553778026577554e-10
10466,,6.553305587915115e-10
10467,,6.552975916379012e-10
10468,,6.552813107454213e-10
10469,,6.552701112498656e-10
10470,,6.552604597019146e-10
10471,,6.551912226694908e-10
10472,,6.551740484139401e-10
10473,,6.551625857265534e-10
10474,,6.551528628852942e-10
10475,,6.550851676924936e-10
10476,,6.550669876432595e-10
10477,,6.550552275625962e-10
10478,,6.550454229414192e-10
10479,,6.5497944647872e-10
10480,,6.549601343209989e-10
10481,,6.549480383127172e-10
10482,,6.549381402611936e-10
10483,,6.548740814499691e-10
10484,,6.54853495069762e-10
10485,,6.548410199405656e-10
10486,,6.54831015195496e-10
10487,,6.547690975603428e-10
10488,,6.547470774519227e-10
10489,,6.547341744846426e-10
10490,,6.547240483046391e-10
10491,,6.546645232538462e-10
10492,,6.546408898239698e-10
10493,,6.546275044432574e-10
10494,,6.546172401265717e-10
10495,,6.545603901122765e-10
10496,,6.545349418043644e-10
10497,,6.545210125381918e-10
10498,,6.545105913944915e-10
10499,,6.544567341005594e-10
10500,,6.544292440528385e-10
10501,,6.544147019004403e-10
10502,,6.544041028810783e-10
10503,,6.54353595226011e-10
10504,,6.543238087201115e-10
10505,,6.543085760529256e-10
10506,,6.542977755140735e-10
10507,,6.542510189253566e-10
10508,,6.542186494178381e-10
10509,,6.542026390164686e-10
10510,,6.541916103624808e-10
10511,,6.541820993391042e-10
10512,,6.541137814476775e-10
10513,,6.540968952775846e-10
10514,,6.540856086857973e-10
10515,,6.540760278086081e-10
10516,,6.540092221512831e-10
10517,,6.539913499588947e-10
10518,,6.539797718484579e-10
10519,,6.539701109138518e-10
10520,,6.539049909102828e-10
10521,,6.538860088323749e-10
10522,,6.538741014864217e-10
10523,,6.538643489675029e-10
10524,,6.538011096431092e-10
10525,,6.537808784293141e-10
10526,,6.537685994237751e-10
10527,,6.537587424147714e-10
10528,,6.536976028707251e-10
10529,,6.53675966088929e-10
10530,,6.536632677299587e-10
10531,,6.536532916740517e-10
10532,,6.535944984612787e-10
10533,,6.535712800677549e-10
10534,,6.535581088058772e-10
10535,,6.535479974330642e-10
10536,,6.534918274030556e-10
10537,,6.534668297467913e-10
10538,,6.534531253480499e-10
10539,,6.534428602711449e-10
10540,,6.53389624909032e-10
10541,,6.533626256235722e-10
10542,,6.533483203889985e-10
10543,,6.533378810195535e-10
10544,,6.53287930196831e-10
10545,,6.53258679582054e-10
10546,,6.532436974556589e-10
10547,,6.532330605567858e-10
10548,,6.531867879008156e-10
10549,,6.531550049447838e-10
10550,,6.531392603991834e-10
10551,,6.531283999482245e-10
10552,,6.531190273413598e-10
10553,,6.530516167658102e-10
10554,,6.530350136535986e-10
10555,,6.530239003784215e-10
10556,,6.530144593872302e-10
10557,,6.529485319831678e-10
10558,,6.529309622603154e-10
10559,,6.52919563261697e-10
10560,,6.529100438368657e-10
10561,,6.528457696122374e-10
10562,,6.528271118786782e-10
10563,,6.528153901354712e-10
10564,,6.528057809975268e-10
10565,,6.527433511899384e-10
10566,,6.527234688412907e-10
10567,,6.52711382812234e-10
10568,,6.527016713031249e-10
10569,,6.526413007253951e-10
10570,,6.526200404182347e-10
10571,,6.526075433287614e-10
10572,,6.5259771520222e-10
10573,,6.525396455198681e-10
10574,,6.525168346872742e-10
10575,,6.525038740337497e-10
10576,,6.524939132381527e-10
10577,,6.524384159676894e-10
10578,,6.5241386084307e-10
10579,,6.52400377542489e-10
10580,,6.523902661746485e-10
10581,,6.523376465883545e-10
10582,,6.523111291521874e-10
10583,,6.52297056879514e-10
10584,,6.522867746908417e-10
10585,,6.522373758517685e-10
10586,,6.522086512680804e-10
10587,,6.521939154374421e-10
10588,,6.521834396745757e-10
10589,,6.521376474625942e-10
10590,,6.521064402728108e-10
10591,,6.520909570210096e-10
10592,,6.520802621445906e-10
10593,,6.520710259760054e-10
10594,,6.520045109084746e-10
10595,,6.519881860276253e-10
10596,,6.519772433498742e-10
10597,,6.519679401375886e-10
10598,,6.519028798065924e-10
10599,,6.518856073186921e-10
10600,,6.518743845711976e-10
10601,,6.518650045434303e-10
10602,,6.518015655713007e-10
10603,,6.517832264874523e-10
10604,,6.517716873940354e-10
10605,,6.517622194654246e-10
10606,,6.517005893427288e-10
10607,,6.516810497319005e-10
10608,,6.516691535254367e-10
10609,,6.516595853142732e-10
10610,,6.515999746571693e-10
10611,,6.51579084148309e-10
10612,,6.51566785020751e-10
10613,,6.515571025695018e-10
10614,,6.514997482543992e-10
10615,,6.514773376819375e-10
10616,,6.514645841573781e-10
10617,,6.514547717202937e-10
10618,,6.513999399720884e-10
10619,,6.513758193357333e-10
10620,,6.513625535298782e-10
10621,,6.513525934771305e-10
10622,,6.513005836130755e-10
10623,,6.512745392070416e-10
10624,,6.512606959862917e-10
10625,,6.512505685533044e-10
10626,,6.512017169038756e-10
10627,,6.51173508694446e-10
10628,,6.511590149740119e-10
10629,,6.511486978503487e-10
10630,,6.511033826910093e-10
10631,,6.510727406020435e-10
10632,,6.510575142453981e-10
10633,,6.510469823462425e-10
10634,,6.510378805404532e-10
10635,,6.509722494325094e-10
10636,,6.50956197964542e-10
10637,,6.509454231959602e-10
10638,,6.509362557528278e-10
10639,,6.508720514552941e-10
10640,,6.508550710214225e-10
10641,,6.508440217388865e-10
10642,,6.508347790502507e-10
10643,,6.507721649101123e-10
10644,,6.507541388464337e-10
10645,,6.507427794670103e-10
10646,,6.507334506859681e-10
10647,,6.506726105171565e-10
10648,,6.506534075200835e-10
10649,,6.506416981153184e-10
10650,,6.506322710759774e-10
10651,,6.505734113736841e-10
10652,,6.505528840351085e-10
10653,,6.505407796734753e-10
10654,,6.505312406494165e-10
10655,,6.504745936679445e-10
10656,,6.504525761330344e-10
10657,,6.504400263305719e-10
10658,,6.504303599691383e-10
10659,,6.503761866498047e-10
10660,,6.503524926603039e-10
10661,,6.503394406930526e-10
10662,,6.503296296696391e-10
10663,,6.502782234609218e-10
10664,,6.502526435007513e-10
10665,,6.502390255298174e-10
10666,,6.5022905045597e-10
10667,,6.501807411545724e-10
10668,,6.501530398443309e-10
10669,,6.501387841895883e-10
10670,,6.501286231998981e-10
10671,,6.500837816524068e-10
10672,,6.500536942511632e-10
10673,,6.500387203391266e-10
10674,,6.500283489106842e-10
10675,,6.500193794809624e-10
10676,,6.499546209101955e-10
10677,,6.499388381451171e-10
10678,,6.499282286535189e-10
10679,,6.499191949843183e-10
10680,,6.498558357869478e-10
10681,,6.498391423354904e-10
10682,,6.49828263768033e-10
10683,,6.498191563809586e-10
10684,,6.497573567605345e-10
10685,,6.497396382331323e-10
10686,,6.497284557224114e-10
10687,,6.497192639775744e-10
10688,,6.496592041404605e-10
10689,,6.496403318510683e-10
10690,,6.496288062292464e-10
10691,,6.496195182019231e-10
10692,,6.495614005847984e-10
10693,,6.495412299672138e-10
10694,,6.495293171604972e-10
10695,,6.495199194317102e-10
10696,,6.494639717637959e-10
10697,,6.494423402183912e-10
10698,,6.494299907888008e-10
10699,,6.494204682942772e-10
10700,,6.493669463131369e-10
10701,,6.493436712279112e-10
10702,,6.493308295326428e-10
10703,,6.493211652972813e-10
10704,,6.492703568013641e-10
10705,,6.492452327675156e-10
10706,,6.492318362610558e-10
10707,,6.492220112109251e-10
10708,,6.491742394441762e-10
10709,,6.491470357440666e-10
10710,,6.491330141332656e-10
10711,,6.491230068730961e-10
10712,,6.490786354481674e-10
10713,,6.490490925232015e-10
10714,,6.490343667527652e-10
10715,,6.490241532254465e-10
10716,,6.490153142768499e-10
10717,,6.489514169140447e-10
10718,,6.489358982527633e-10
10719,,6.4892545141872e-10
10720,,6.489165495181782e-10
10721,,6.488540246737652e-10
10722,,6.488376132388538e-10
10723,,6.488269026455325e-10
10724,,6.488179285790799e-10
10725,,6.48756933286423e-10
10726,,6.487395169295665e-10
10727,,6.487285084503876e-10
10728,,6.48719451745471e-10
10729,,6.486601626831596e-10
10730,,6.486416152002919e-10
10731,,6.486302704234436e-10
10732,,6.48621119369814e-10
10733,,6.485637350283375e-10
10734,,6.485439147460803e-10
10735,,6.485321904757175e-10
10736,,6.485229319227088e-10
10737,,6.484676755152303e-10
10738,,6.484464230807788e-10
10739,,6.484342707107115e-10
10740,,6.484248899051503e-10
10741,,6.483720122648943e-10
10742,,6.483491485533628e-10
10743,,6.483365136446644e-10
10744,,6.483269939100637e-10
10745,,6.482767771317819e-10
10746,,6.482521007553146e-10
10747,,6.482389219938627e-10
10748,,6.482292446870541e-10
10749,,6.481820056657754e-10
10750,,6.481552904696867e-10
10751,,6.481414989126283e-10
10752,,6.481316430081366e-10
10753,,6.480877382350611e-10
10754,,6.480587297193654e-10
10755,,6.480442478847003e-10
10756,,6.480341898378359e-10
10757,,6.480254794220419e-10
10758,,6.47962432135833e-10
10759,,6.479471729717626e-10
10760,,6.479368862454956e-10
10761,,6.479281141952255e-10
10762,,6.478664130559262e-10
10763,,6.478502787156987e-10
10764,,6.47839733462593e-10
10765,,6.478308907122795e-10
10766,,6.477706897167321e-10
10767,,6.477535702081092e-10
10768,,6.477427329675861e-10
10769,,6.477338092516541e-10
10770,,6.476752816044734e-10
10771,,6.476570532516757e-10
10772,,6.476458863341043e-10
10773,,6.476368701751084e-10
10774,,6.475802104697027e-10
10775,,6.47560734306041e-10
10776,,6.475491954123868e-10
10777,,6.475400739472192e-10
10778,,6.474855010046864e-10
10779,,6.474646208082038e-10
10780,,6.474526623094034e-10
10781,,6.474434210277131e-10
10782,,6.473911807888997e-10
10783,,6.473687209675626e-10
10784,,6.473562894642461e-10
10785,,6.473469120495661e-10
10786,,6.472972810397219e-10
10787,,6.472730441551412e-10
10788,,6.472600795016022e-10
10789,,6.47250547645999e-10
10790,,6.472038366127297e-10
10791,,6.471776009370303e-10
10792,,6.471640355391592e-10
10793,,6.471543287114183e-10
10794,,6.471108870738186e-10
10795,,6.470824031019421e-10
10796,,6.470681610236827e-10
10797,,6.470582560474963e-10
10798,,6.470496722797668e-10
10799,,6.469874640200089e-10
10800,,6.469724599436604e-10
10801,,6.469623308035194e-10
10802,,6.469536866574625e-10
10803,,6.468927987066542e-10
10804,,6.468769366728191e-10
10805,,6.468665541710593e-10
10806,,6.468578407484325e-10
10807,,6.467984241059287e-10
10808,,6.467815962594127e-10
10809,,6.467709275452867e-10
10810,,6.467621348245346e-10
10811,,6.467043592724638e-10
10812,,6.466864443694566e-10
10813,,6.466754525017892e-10
10814,,6.466665692372256e-10
10815,,6.466106255487531e-10
10816,,6.465914873693125e-10
10817,,6.465801308815651e-10
10818,,6.465711444118545e-10
10819,,6.465172471479002e-10
10820,,6.464967325003151e-10
10821,,6.464849647122678e-10
10822,,6.464758608519884e-10
10823,,6.464242510756306e-10
10824,,6.464021878689108e-10
10825,,6.463899563682824e-10
10826,,6.46380719097716e-10
10827,,6.463316679889426e-10
10828,,6.463078626166628e-10
10829,,6.462951084731716e-10
10830,,6.462857198987523e-10
10831,,6.462395320146258e-10
10832,,6.462137671161393e-10
10833,,6.462004240638158e-10
10834,,6.461908639386396e-10
10835,,6.46147881972384e-10
10836,,6.461199128840465e-10
10837,,6.461059065064146e-10
10838,,6.460961522022971e-10
10839,,6.460876931992737e-10
10840,,6.460263130837411e-10
10841,,6.460115597017916e-10
10842,,6.460015856889508e-10
10843,,6.459930675661333e-10
10844,,6.459329824306911e-10
10845,,6.459173879508169e-10
10846,,6.459071656111359e-10
10847,,6.458985796156532e-10
10848,,6.458399375001571e-10
10849,,6.458233962362097e-10
10850,,6.458128933311573e-10
10851,,6.458042296516774e-10
10852,,6.457471969845677e-10
10853,,6.457295900218156e-10
10854,,6.457187703660787e-10
10855,,6.457100179828357e-10
10856,,6.456547818519247e-10
10857,,6.456359756375447e-10
10858,,6.456247985842677e-10
10859,,6.45615945075881e-10
10860,,6.455627157654095e-10
10861,,6.455425601307831e-10
10862,,6.455309799017994e-10
10863,,6.455220113671266e-10
10864,,6.45471025255178e-10
10865,,6.45449351463102e-10
10866,,6.45437316681202e-10
10867,,6.454282174270906e-10
10868,,6.453797403329501e-10
10869,,6.453563586316672e-10
10870,,6.45343811461862e-10
10871,,6.453345639217707e-10
10872,,6.452888945174246e-10
10873,,6.452635917124581e-10
10874,,6.452504672870648e-10
10875,,6.45241051608714e-10
10876,,6.451985258184254e-10
10877,,6.451710620935769e-10
10878,,6.451572874146283e-10
10879,,6.451476814189594e-10
10880,,6.451393453577979e-10
10881,,6.450787826288459e-10
10882,,6.450642756370508e-10
10883,,6.450544543232527e-10
10884,,6.450460603409708e-10
10885,,6.449867677571465e-10
10886,,6.4497143619516e-10
10887,,6.449613714846906e-10
10888,,6.449529110583567e-10
10889,,6.448950337359338e-10
10890,,6.448787740037116e-10
10891,,6.448684342899186e-10
10892,,6.448598977480581e-10
10893,,6.448035988705896e-10
10894,,6.44786294419969e-10
10895,,6.447756441998958e-10
10896,,6.447670207645194e-10
10897,,6.447124837253605e-10
10898,,6.446940036110257e-10
10899,,6.446830030279646e-10
10900,,6.446742805036184e-10
10901,,6.446217115048519e-10
10902,,6.446019084556124e-10
10903,,6.445905126887642e-10
10904,,6.445816774515447e-10
10905,,6.44531308210233e-10
10906,,6.445100168252044e-10
10907,,6.444981754536622e-10
10908,,6.444892121388803e-10
10909,,6.444413032634201e-10
10910,,6.444183374950532e-10
10911,,6.444059939020518e-10
10912,,6.443968852173296e-10
10913,,6.443517295275006e-10
10914,,6.443268803762769e-10
10915,,6.443139708848871e-10
10916,,6.4430469744693e-10
10917,,6.442626242608113e-10
10918,,6.442356566214344e-10
10919,,6.442221096758972e-10
10920,,6.442126496977719e-10
10921,,6.442044347536992e-10
10922,,6.441446788319921e-10
10923,,6.441304139724361e-10
10924,,6.441207429658066e-10
10925,,6.441124713178495e-10
10926,,6.440539611470233e-10
10927,,6.440388879648431e-10
10928,,6.440289783913476e-10
10929,,6.44020641621145e-10
10930,,6.439635195087465e-10
10931,,6.439475363997992e-10
10932,,6.439373572574101e-10
10933,,6.439289459846378e-10
10934,,6.438733718831948e-10
10935,,6.438563645910496e-10
10936,,6.438458811031463e-10
10937,,6.438373846672818e-10
10938,,6.437835383951788e-10
10939,,6.43765378513431e-10
10940,,6.437545516346606e-10
10941,,6.437459581094986e-10
10942,,6.436940418368577e-10
10943,,6.436745850503552e-10
10944,,6.436633707630478e-10
10945,,6.43654666764773e-10
10946,,6.436049076748891e-10
10947,,6.43583991786785e-10
10948,,6.435723406897215e-10
10949,,6.435635111889106e-10
10950,,6.435161647565505e-10
10951,,6.434936073531946e-10
10952,,6.434814639236097e-10
10953,,6.434724919914123e-10
10954,,6.434278452942974e-10
10955,,6.434034414790597e-10
10956,,6.433907432915656e-10
10957,,6.433816099091911e-10
10958,,6.433399858225083e-10
10959,,6.433135050916695e-10
10960,,6.433001820174118e-10
10961,,6.432908657980385e-10
10962,,6.432827702270669e-10
10963,,6.432238105784666e-10
10964,,6.432097837188566e-10
10965,,6.43200260648808e-10
10966,,6.431921095280681e-10
10967,,6.431343717643678e-10
10968,,6.43119552479028e-10
10969,,6.43109795567471e-10
10970,,6.431015806812017e-10
10971,,6.43045204265401e-10
10972,,6.430294929629839e-10
10973,,6.430194718171454e-10
10974,,6.430111838979656e-10
10975,,6.429563257217423e-10
10976,,6.429396103301842e-10
10977,,6.429292909249547e-10
10978,,6.429209195721554e-10
10979,,6.428677558699675e-10
10980,,6.428499105752889e-10
10981,,6.428392545108523e-10
10982,,6.428307880275967e-10
10983,,6.427795170075306e-10
10984,,6.427604002858169e-10
10985,,6.427493644713362e-10
10986,,6.427407897675484e-10
10987,,6.426916341395216e-10
10988,,6.426710869670945e-10
10989,,6.426596229858541e-10
10990,,6.426509252770291e-10
10991,,6.426041355538321e-10
10992,,6.42581979093957e-10
10993,,6.425700324840162e-10
10994,,6.42561195200833e-10
10995,,6.425170528151813e-10
10996,,6.424930861949628e-10
10997,,6.424805957639014e-10
10998,,6.424716002417059e-10
10999,,6.424304217099919e-10
11000,,6.424044189726907e-10
11001,,6.42391315945172e-10
11002,,6.42382141247213e-10
11003,,6.423741632630668e-10
11004,,6.423159895531662e-10
11005,,6.423021966170298e-10
11006,,6.422928191622988e-10
11007,,6.422847867777835e-10
11008,,6.422278115287748e-10
11009,,6.422132417489538e-10
11010,,6.422036350889797e-10
11011,,6.421955402451343e-10
11012,,6.421399001814654e-10
11013,,6.421244559210614e-10
11014,,6.421145903062733e-10
11015,,6.421064239042565e-10
11016,,6.42052272835568e-10
11017,,6.42035844243488e-10
11018,,6.420256862269092e-10
11019,,6.420174380972524e-10
11020,,6.419649487682876e-10
11021,,6.419474125166514e-10
11022,,6.419369244864661e-10
11023,,6.419285831612053e-10
11024,,6.418779499713473e-10
11025,,6.418591671961729e-10
11026,,6.418483069451167e-10
11027,,6.41839859589057e-10
11028,,6.417913007868383e-10
11029,,6.417711156883817e-10
11030,,6.417598357336111e-10
11031,,6.417512678060673e-10
11032,,6.417050290846439e-10
11033,,6.416832662950852e-10
11034,,6.416715132202692e-10
11035,,6.416628085169287e-10
11036,,6.416191657506557e-10
11037,,6.415956283445217e-10
11038,,6.415833421696821e-10
11039,,6.415744823938234e-10
11040,,6.415337458584124e-10
11041,,6.415082123427097e-10
11042,,6.414953256196334e-10
11043,,6.414862902110937e-10
11044,,6.41478428107519e-10
11045,,6.414210301161538e-10
11046,,6.414074670803699e-10
11047,,6.413982329797747e-10
11048,,6.413903175708932e-10
11049,,6.413340950889219e-10
11050,,6.413197704751798e-10
11051,,6.413103117339705e-10
11052,,6.4130233515212e-10
11053,,6.41247422167892e-10
11054,,6.412322402895041e-10
11055,,6.412225276883124e-10
11056,,6.412144810104338e-10
11057,,6.411610283484478e-10
11058,,6.411448814909198e-10
11059,,6.411348822862798e-10
11060,,6.411267555336802e-10
11061,,6.410749325585814e-10
11062,,6.410576997679643e-10
11063,,6.410473770955784e-10
11064,,6.410391590623161e-10
11065,,6.409891563020044e-10
11066,,6.409707015243635e-10
11067,,6.409600139730908e-10
11068,,6.409516920077561e-10
11069,,6.409037235232748e-10
11070,,6.408838939731391e-10
11071,,6.408727949639086e-10
11072,,6.408643548884942e-10
11073,,6.408186614819555e-10
11074,,6.407972852243804e-10
11075,,6.407857224443046e-10
11076,,6.407771483228423e-10
11077,,6.407340004655449e-10
11078,,6.407108844542746e-10
11079,,6.40698799071687e-10
11080,,6.406900729659774e-10
11081,,6.406497749313746e-10
11082,,6.406247019424937e-10
11083,,6.406120278544568e-10
11084,,6.406031296344451e-10
11085,,6.405953816588201e-10
11086,,6.405387493128048e-10
11087,,6.405254122126996e-10
11088,,6.405163192374316e-10
11089,,6.405085190912602e-10
11090,,6.40453039684716e-10
11091,,6.404389560182934e-10
11092,,6.40429642833503e-10
11093,,6.404217827677844e-10
11094,,6.403675877016628e-10
11095,,6.403526636252473e-10
11096,,6.403431016328647e-10
11097,,6.403351729064443e-10
11098,,6.402824100338026e-10
11099,,6.402665399411002e-10
11100,,6.4025669702265e-10
11101,,6.402486898474335e-10
11102,,6.401975252164144e-10
11103,,6.401805905444244e-10
11104,,6.401704305472377e-10
11105,,6.401623339045032e-10
11106,,6.40112954318459e-10
11107,,6.400948216749624e-10
11108,,6.400843040023139e-10
11109,,6.400761055249826e-10
11110,,6.400287208558242e-10
11111,,6.400092404315247e-10
11112,,6.399983194254829e-10
11113,,6.399900052217324e-10
11114,,6.399448515220256e-10
11115,,6.399238547468549e-10
11116,,6.399124791231997e-10
11117,,6.399040335522539e-10
11118,,6.398613759920741e-10
11119,,6.398386736490305e-10
11120,,6.398267857272955e-10
11121,,6.398181911876959e-10
11122,,6.397783280888801e-10
11123,,6.397537071813826e-10
11124,,6.39741242147359e-10
11125,,6.397324789393708e-10
11126,,6.397248434511478e-10
11127,,6.396689667620083e-10
11128,,6.396558517627561e-10
11129,,6.396468976697003e-10
11130,,6.396392110790635e-10
11131,,6.39584465229216e-10
11132,,6.395706183656224e-10
11133,,6.395614484285391e-10
11134,,6.395537031484174e-10
11135,,6.395002169720233e-10
11136,,6.39485546178216e-10
11137,,6.394761324017853e-10
11138,,6.394683198639908e-10
11139,,6.394162382877964e-10
11140,,6.394006401109799e-10
11141,,6.393909509318471e-10
11142,,6.39383061544713e-10
11143,,6.393325473774656e-10
11144,,6.393159055409763e-10
11145,,6.393059055569537e-10
11146,,6.392979285173591e-10
11147,,6.392491649051755e-10
11148,,6.39231348624632e-10
11149,,6.392209980506589e-10
11150,,6.392129212276221e-10
11151,,6.39166113927271e-10
11152,,6.391469763131579e-10
11153,,6.391362303578717e-10
11154,,6.39128040137977e-10
11155,,6.390834205319786e-10
11156,,6.390627963881302e-10
11157,,6.390516047974137e-10
11158,,6.390432858012075e-10
11159,,6.390011139639394e-10
11160,,6.389788176725179e-10
11161,,6.38967123887766e-10
11162,,6.389586589381483e-10
11163,,6.389192272083097e-10
11164,,6.38895050068139e-10
11165,,6.388827905156843e-10
11166,,6.388741602272656e-10
11167,,6.388666355770397e-10
11168,,6.388115047193658e-10
11169,,6.387986079877763e-10
11170,,6.387897906164493e-10
11171,,6.387822159481051e-10
11172,,6.387281942145967e-10
11173,,6.387145800242457e-10
11174,,6.387055511100191e-10
11175,,6.386979189036262e-10
11176,,6.386451326968297e-10
11177,,6.38630710788787e-10
11178,,6.386214428369206e-10
11179,,6.386137447712633e-10
11180,,6.385623360796259e-10
11181,,6.385470050258833e-10
11182,,6.385374671473285e-10
11183,,6.385296937784341e-10
11184,,6.384798222638506e-10
11185,,6.384634680520277e-10
11186,,6.384536255234087e-10
11187,,6.38445766285821e-10
11188,,6.383976114999445e-10
11189,,6.38380105933028e-10
11190,,6.383699197352047e-10
11191,,6.383619627013083e-10
11192,,6.38315726376034e-10
11193,,6.382969254063911e-10
11194,,6.382863516602087e-10
11195,,6.382782834767566e-10
11196,,6.38234192458921e-10
11197,,6.382139341915042e-10
11198,,6.382029235335065e-10
11199,,6.381947292147372e-10
11200,,6.381530384541205e-10
11201,,6.381311408363548e-10
11202,,6.381196379204246e-10
11203,,6.381113005142587e-10
11204,,6.380722966708166e-10
11205,,6.380485551127606e-10
11206,,6.380364975738254e-10
11207,,6.380279981645283e-10
11208,,6.380205826954217e-10
11209,,6.379661879465582e-10
11210,,6.379535057560186e-10
11211,,6.379448230001513e-10
11212,,6.379373585353693e-10
11213,,6.378840516507623e-10
11214,,6.378706661420899e-10
11215,,6.378617759941957e-10
11216,,6.378542552455412e-10
11217,,6.378021601098911e-10
11218,,6.377879827457382e-10
11219,,6.377788583473e-10
11220,,6.377712730111226e-10
11221,,6.377205289155818e-10
11222,,6.377054602659546e-10
11223,,6.376960712807104e-10
11224,,6.376884122187495e-10
11225,,6.376391756303899e-10
11226,,6.376231039392777e-10
11227,,6.376134163456498e-10
11228,,6.376056730980538e-10
11229,,6.375581200860075e-10
11230,,6.37540919655646e-10
11231,,6.375308951423916e-10
11232,,6.375230561233968e-10
11233,,6.374773844160073e-10
11234,,6.374589140841846e-10
11235,,6.374485096455749e-10
11236,,6.374405616923944e-10
11237,,6.373969937498123e-10
11238,,6.373770946768014e-10
11239,,6.373662619957869e-10
11240,,6.37358190414604e-10
11241,,6.373169761378418e-10
11242,,6.372954699466007e-10
11243,,6.37284154660367e-10
11244,,6.372759428738595e-10
11245,,6.37237363338948e-10
11246,,6.372140493902391e-10
11247,,6.3720219041725e-10
11248,,6.371938198479135e-10
11249,,6.37186511985998e-10
11250,,6.371328437413198e-10
11251,,6.371203724335392e-10
11252,,6.371118221537815e-10
11253,,6.371044662953688e-10
11254,,6.370518650935387e-10
11255,,6.370387042496426e-10
11256,,6.370299507505157e-10
11257,,6.370225397368019e-10
11258,,6.36971127002912e-10
11259,,6.369571899439819e-10
11260,,6.3694820676179e-10
11261,,6.369407325319983e-10
11262,,6.368906448210834e-10
11263,,6.368758339833736e-10
11264,,6.368665914712924e-10
11265,,6.368590449743743e-10
11266,,6.368104356999219e-10
11267,,6.367946415289701e-10
11268,,6.367851062871443e-10
11269,,6.367774773525401e-10
11270,,6.36730519123151e-10
11271,,6.367136183930582e-10
11272,,6.367037529302384e-10
11273,,6.366960301093768e-10
11274,,6.36650916793584e-10
11275,,6.36632771073351e-10
11276,,6.366225331891342e-10
11277,,6.366147036662304e-10
11278,,6.365716533300393e-10
11279,,6.365521069384738e-10
11280,,6.365414492466682e-10
11281,,6.365334985560626e-10
11282,,6.364927562079808e-10
11283,,6.364716342721287e-10
11284,,6.364605035158638e-10
11285,,6.364524154128277e-10
11286,,6.36414256620974e-10
11287,,6.363913624197368e-10
11288,,6.363796986535316e-10
11289,,6.363714549254606e-10
11290,,6.363361893023148e-10
11291,,6.363113018714313e-10
11292,,6.362990378264978e-10
11293,,6.362906179487573e-10
11294,,6.362833691201931e-10
11295,,6.36231464503194e-10
11296,,6.362185245068248e-10
11297,,6.362099054385115e-10
11298,,6.362026025648099e-10
11299,,6.361518635863535e-10
11300,,6.361381626040277e-10
11301,,6.361293184587778e-10
11302,,6.361219536655586e-10
11303,,6.360725142040003e-10
11304,,6.36057956658699e-10
11305,,6.360488582655764e-10
11306,,6.360414226793555e-10
11307,,6.359934331826589e-10
11308,,6.359779116017721e-10
11309,,6.359685262875092e-10
11310,,6.359610099307741e-10
11311,,6.359146395425461e-10
11312,,6.358980331404298e-10
11313,,6.358883241453653e-10
11314,,6.358807157997806e-10
11315,,6.358361546201598e-10
11316,,6.358183277008985e-10
11317,,6.358082536398019e-10
11318,,6.358005407067201e-10
11319,,6.35758002568315e-10
11320,,6.357388024687446e-10
11321,,6.357283168614323e-10
11322,,6.35720485194573e-10
11323,,6.356802102786487e-10
11324,,6.356594655793124e-10
11325,,6.356485161983362e-10
11326,,6.356405498744426e-10
11327,,6.35602808372541e-10
11328,,6.355803261655851e-10
11329,,6.355688543067918e-10
11330,,6.355607354323404e-10
11331,,6.355258308455875e-10
11332,,6.355013945278803e-10
11333,,6.35489334222859e-10
11334,,6.354810427014218e-10
11335,,6.354738993103514e-10
11336,,6.354226823483993e-10
11337,,6.354099593472586e-10
11338,,6.354014726176297e-10
11339,,6.353942763081482e-10
11340,,6.353442025894554e-10
11341,,6.353307335707234e-10
11342,,6.353220262093747e-10
11343,,6.353147692204019e-10
11344,,6.352659700280448e-10
11345,,6.352516612604726e-10
11346,,6.352427047411275e-10
11347,,6.352353783792353e-10
11348,,6.351880011796323e-10
11349,,6.351727473608841e-10
11350,,6.351635095417409e-10
11351,,6.351561040568391e-10
11352,,6.351103146813364e-10
11353,,6.350939973812369e-10
11354,,6.350844422671105e-10
11355,,6.350769466327096e-10
11356,,6.350329315126239e-10
11357,,6.350154176399547e-10
11358,,6.350055046484014e-10
11359,,6.349979065623886e-10
11360,,6.349558752310156e-10
11361,,6.349370151845507e-10
11362,,6.349266987874705e-10
11363,,6.349189843341648e-10
11364,,6.34879172340956e-10
11365,,6.348587979662475e-10
11366,,6.348480269408102e-10
11367,,6.34840180536508e-10
11368,,6.348028527388061e-10
11369,,6.347807749668925e-10
11370,,6.347694917804988e-10
11371,,6.347614958699926e-10
11372,,6.347269498623785e-10
11373,,6.347029563329529e-10
11374,,6.346910962543709e-10
11375,,6.346829311303707e-10
11376,,6.346758915917883e-10
11377,,6.346253533892134e-10
11378,,6.346128436935844e-10
11379,,6.346044872067089e-10
11380,,6.345973958478392e-10
11381,,6.345479789771736e-10
11382,,6.345347379130713e-10
11383,,6.345261651874733e-10
11384,,6.345190143932965e-10
11385,,6.344708474980488e-10
11386,,6.344567832170099e-10
11387,,6.34447966237978e-10
11388,,6.344407475058815e-10
11389,,6.343939751735265e-10
11390,,6.343789843857293e-10
11391,,6.343698917126943e-10
11392,,6.343625954543397e-10
11393,,6.343173802983672e-10
11394,,6.343013468992446e-10
11395,,6.342919431793561e-10
11396,,6.342845586030192e-10
11397,,6.342410833626519e-10
11398,,6.342238768979777e-10
11399,,6.34214122411145e-10
11400,,6.342066373883699e-10
11401,,6.341651075369371e-10
11402,,6.341465813321727e-10
11403,,6.341364313390463e-10
11404,,6.341288323261726e-10
11405,,6.340894787771869e-10
11406,,6.340694679749125e-10
11407,,6.340588723198968e-10
11408,,6.340511439757595e-10
11409,,6.340142263977331e-10
11410,,6.339925456347059e-10
11411,,6.33981447914196e-10
11412,,6.339735730277056e-10
11413,,6.339393831478185e-10
11414,,6.339158242438818e-10
11415,,6.33904160938288e-10
11416,,6.33896120241061e-10
11417,,6.338891830753641e-10
11418,,6.338393148958883e-10
11419,,6.338270148029819e-10
11420,,6.338187865173297e-10
11421,,6.338117985983469e-10
11422,,6.337630302039294e-10
11423,,6.337500131593559e-10
11424,,6.337415729116404e-10
11425,,6.337345267732746e-10
11426,,6.336869843059555e-10
11427,,6.336731601784889e-10
11428,,6.336644805454134e-10
11429,,6.336573678125485e-10
11430,,6.336111930761755e-10
11431,,6.335964606487335e-10
11432,,6.335875107630812e-10
11433,,6.335803220826599e-10
11434,,6.335356744437203e-10
11435,,6.335199198977072e-10
11436,,6.335106651021158e-10
11437,,6.33503389886322e-10
11438,,6.334604484805034e-10
11439,,6.334435439492395e-10
11440,,6.334339452635208e-10
11441,,6.334265716731642e-10
11442,,6.333855379821962e-10
11443,,6.333673395888835e-10
11444,,6.333573532432464e-10
11445,,6.333498678880489e-10
11446,,6.333109682901295e-10
11447,,6.332913144514072e-10
11448,,6.332808912504187e-10
11449,,6.332732791514579e-10
11450,,6.332367682068329e-10
11451,,6.332154772210512e-10
11452,,6.332045617866168e-10
11453,,6.331968060888738e-10
11454,,6.331629698733325e-10
11455,,6.33139837531184e-10
11456,,6.331283677208867e-10
11457,,6.331204494740959e-10
11458,,6.331136131390833e-10
11459,,6.330644063763379e-10
11460,,6.330523122692154e-10
11461,,6.330442101831192e-10
11462,,6.330373241317237e-10
11463,,6.329891960377359e-10
11464,,6.329763990850412e-10
11465,,6.329680892470941e-10
11466,,6.329611461482964e-10
11467,,6.329142204053475e-10
11468,,6.329006322401336e-10
11469,,6.328920877367123e-10
11470,,6.328850794483139e-10
11471,,6.328394950228564e-10
11472,,6.328250164240329e-10
11473,,6.32816207012203e-10
11474,,6.328091243008343e-10
11475,,6.327650375065789e-10
11476,,6.327495568730278e-10
11477,,6.327404485949219e-10
11478,,6.32733281066818e-10
11479,,6.326908675472459e-10
11480,,6.326742594586826e-10
11481,,6.32664814100408e-10
11482,,6.326575501515295e-10
11483,,6.326170073735565e-10
11484,,6.32599130864281e-10
11485,,6.325893054726667e-10
11486,,6.325819320494805e-10
11487,,6.325434819623999e-10
11488,,6.325241785696253e-10
11489,,6.325139249234365e-10
11490,,6.325064272803891e-10
11491,,6.324703195011118e-10
11492,,6.324494110556161e-10
11493,,6.324386749020807e-10
11494,,6.324310365245217e-10
11495,,6.323975514515254e-10
11496,,6.323748378488411e-10
11497,,6.323635581995251e-10
11498,,6.323557605188862e-10
11499,,6.323490235484741e-10
11500,,6.323004696703409e-10
11501,,6.322885779833514e-10
11502,,6.322806001146643e-10
11503,,6.322738144369719e-10
11504,,6.322263185068385e-10
11505,,6.322137378036376e-10
11506,,6.322055562966362e-10
11507,,6.321987147724141e-10
11508,,6.321523980552303e-10
11509,,6.321390417199716e-10
11510,,6.321306301974312e-10
11511,,6.321237247769936e-10
11512,,6.320787235192842e-10
11513,,6.320644942658863e-10
11514,,6.320558230822159e-10
11515,,6.320488447325603e-10
11516,,6.320053122188849e-10
11517,,6.319901005568349e-10
11518,,6.31981136405943e-10
11519,,6.319740749854078e-10
11520,,6.319321833552062e-10
11521,,6.319158664355706e-10
11522,,6.31906571835711e-10
11523,,6.318994159387671e-10
11524,,6.318593588465568e-10
11525,,6.318417983872495e-10
11526,,6.318321312603944e-10
11527,,6.31824868039826e-10
11528,,6.317868630819452e-10
11529,,6.317679037686815e-10
11530,,6.317578168340018e-10
11531,,6.317504318885211e-10
11532,,6.317147237295132e-10
11533,,6.316941908922585e-10
11534,,6.316836309201421e-10
11535,,6.316761080438418e-10
11536,,6.316429716245163e-10
11537,,6.316206690456846e-10
11538,,6.31609576315519e-10
11539,,6.316018973099744e-10
11540,,6.315952582087022e-10
11541,,6.31547348777323e-10
11542,,6.315356560656178e-10
11543,,6.315278004589934e-10
11544,,6.31521113697225e-10
11545,,6.314742419118407e-10
11546,,6.314618737090427e-10
11547,,6.314538184943905e-10
11548,,6.314470770009269e-10
11549,,6.314013617719054e-10
11550,,6.313882331735442e-10
11551,,6.313799525011442e-10
11552,,6.313731484139673e-10
11553,,6.313287233118628e-10
11554,,6.313147389383011e-10
11555,,6.313062037349763e-10
11556,,6.312993282130711e-10
11557,,6.31256343473435e-10
11558,,6.312413960278531e-10
11559,,6.312325736472165e-10
11560,,6.31225616713864e-10
11561,,6.311842411229174e-10
11562,,6.311682101243071e-10
11563,,6.311590638209961e-10
11564,,6.311520143128324e-10
11565,,6.31112437737726e-10
11566,,6.31095187587561e-10
11567,,6.310856761403179e-10
11568,,6.310785214540463e-10
11569,,6.310409571948465e-10
11570,,6.310223356819935e-10
11571,,6.310124126714701e-10
11572,,6.310051387110963e-10
11573,,6.309698266801564e-10
11574,,6.309496625083678e-10
11575,,6.309392758005117e-10
11576,,6.309318666598112e-10
11577,,6.308990764052779e-10
11578,,6.308771772127069e-10
11579,,6.308662681909891e-10
11580,,6.308587060341093e-10
11581,,6.308521634096271e-10
11582,,6.308048900936433e-10
11583,,6.307933929291173e-10
11584,,6.30785657675571e-10
11585,,6.307790683308583e-10
11586,,6.30732812781921e-10
11587,,6.307206533770579e-10
11588,,6.307127224580672e-10
11589,,6.307060795479035e-10
11590,,6.306609582741041e-10
11591,,6.306480534645511e-10
11592,,6.30639901567018e-10
11593,,6.306331973040614e-10
11594,,6.305893412982975e-10
11595,,6.30575597533975e-10
11596,,6.305671961202054e-10
11597,,6.305604218655998e-10
11598,,6.305179784189127e-10
11599,,6.305032905191413e-10
11600,,6.304946075873459e-10
11601,,6.304877535943082e-10
11602,,6.304468881799204e-10
11603,,6.304311379640488e-10
11604,,6.30422137554842e-10
11605,,6.304151928330684e-10
11606,,6.303760916058866e-10
11607,,6.30359146186186e-10
11608,,6.303497878005513e-10
11609,,6.303427400155453e-10
11610,,6.303056121063685e-10
11611,,6.302873222360817e-10
11612,,6.302775604124142e-10
11613,,6.302703957285815e-10
11614,,6.302354763079149e-10
11615,,6.3021567407673e-10
11616,,6.302054576750846e-10
11617,,6.301981605023441e-10
11618,,6.30165713882273e-10
11619,,6.301442106796852e-10
11620,,6.301334822583808e-10
11621,,6.301260351060686e-10
11622,,6.301195875205952e-10
11623,,6.300729421304754e-10
11624,,6.300616371060902e-10
11625,,6.300540203017433e-10
11626,,6.300475269648867e-10
11627,,6.300018797987461e-10
11628,,6.299899256036379e-10
11629,,6.299821170320095e-10
11630,,6.299755712161919e-10
11631,,6.299310365011596e-10
11632,,6.29918351546701e-10
11633,,6.299103263429196e-10
11634,,6.299037204345789e-10
11635,,6.298604266246652e-10
11636,,6.298469191829847e-10
11637,,6.298386494326227e-10
11638,,6.298319749668004e-10
11639,,6.29790066415609e-10
11640,,6.297756334051187e-10
11641,,6.297670876945173e-10
11642,,6.29760335072265e-10
11643,,6.297199740713215e-10
11644,,6.297044996186239e-10
11645,,6.29695642676106e-10
11646,,6.296888011479771e-10
11647,,6.29650170176376e-10
11648,,6.296335239891364e-10
11649,,6.296243161352609e-10
11650,,6.29617373620494e-10
11651,,6.29580677699218e-10
11652,,6.29562713448153e-10
11653,,6.295531101190374e-10
11654,,6.295460530364558e-10
11655,,6.295115227580167e-10
11656,,6.294920758258286e-10
11657,,6.294820268772802e-10
11658,,6.294748399414298e-10
11659,,6.294427344018126e-10
11660,,6.294216198697116e-10
11661,,6.294110689873446e-10
11662,,6.294037350608832e-10
11663,,6.293973811177764e-10
11664,,6.29351355518458e-10
11665,,6.293402393751673e-10
11666,,6.293327391614467e-10
11667,,6.29326340413234e-10
11668,,6.292812938733264e-10
11669,,6.292695413541314e-10
11670,,6.292618531599088e-10
11671,,6.292554030037141e-10
11672,,6.292114475540697e-10
11673,,6.291989785829054e-10
11674,,6.291910780719e-10
11675,,6.29184569075916e-10
11676,,6.291418305934786e-10
11677,,6.291285553265273e-10
11678,,6.291204151003674e-10
11679,,6.291138389010889e-10
11680,,6.29072458973013e-10
11681,,6.29058276300854e-10
11682,,6.290498655891665e-10
11683,,6.290432127871072e-10
11684,,6.29003350494701e-10
11685,,6.289881468530587e-10
11686,,6.289794310411697e-10
11687,,6.289726911424079e-10
11688,,6.289345253543313e-10
11689,,6.289181730061331e-10
11690,,6.289091131916586e-10
11691,,6.289022743637476e-10
11692,,6.288660061248429e-10
11693,,6.288483615580858e-10
11694,,6.288389140826769e-10
11695,,6.288319629051615e-10
11696,,6.287978183002282e-10
11697,,6.287787201758872e-10
11698,,6.287688358345241e-10
11699,,6.287617574495196e-10
11700,,6.287299904416771e-10
11701,,6.287092574505975e-10
11702,,6.286988810701677e-10
11703,,6.286916585995367e-10
11704,,6.286853969315886e-10
11705,,6.286399831046468e-10
11706,,6.286290525965613e-10
11707,,6.286216671568811e-10
11708,,6.286153615891357e-10
11709,,6.285709080352646e-10
11710,,6.28559353639925e-10
11711,,6.285517839719629e-10
11712,,6.285454280406586e-10
11713,,6.285020446283892e-10
11714,,6.284897878974159e-10
11715,,6.284820100937953e-10
11716,,6.284755965053469e-10
11717,,6.284334066147666e-10
11718,,6.284203594118421e-10
11719,,6.284123466460107e-10
11720,,6.284058672677193e-10
11721,,6.283650096880124e-10
11722,,6.283510729133359e-10
11723,,6.283427949738027e-10
11724,,6.283362405548921e-10
11725,,6.282968712782091e-10
11726,,6.28281933584973e-10
11727,,6.282733565755658e-10
11728,,6.282667167962887e-10
11729,,6.282290111970207e-10
11730,,6.282129473583405e-10
11731,,6.28204033137178e-10
11732,,6.281972963830973e-10
11733,,6.281614515378964e-10
11734,,6.28144120839632e-10
11735,,6.281348266012404e-10
11736,,6.28127979788161e-10
11737,,6.280942173691829e-10
11738,,6.280754616320398e-10
11739,,6.280657391369825e-10
11740,,6.28058767623262e-10
11741,,6.280273366068176e-10
11742,,6.280069780978587e-10
11743,,6.279967732771805e-10
11744,,6.279896605360424e-10
11745,,6.279834897649724e-10
11746,,6.279386797859433e-10
11747,,6.279279317275742e-10
11748,,6.279206592580733e-10
11749,,6.279144455170534e-10
11750,,6.278705774141413e-10
11751,,6.27859217732387e-10
11752,,6.278517646575563e-10
11753,,6.278455016013961e-10
11754,,6.278026830370505e-10
11755,,6.277906348165715e-10
11756,,6.277829777756589e-10
11757,,6.277766582350888e-10
11758,,6.277350102076391e-10
11759,,6.277221870766485e-10
11760,,6.277142996889768e-10
11761,,6.27707915653503e-10
11762,,6.276675742549081e-10
11763,,6.276538790029815e-10
11764,,6.276457317323179e-10
11765,,6.276392741638298e-10
11766,,6.276003922962311e-10
11767,,6.275857157895266e-10
11768,,6.275772753333249e-10
11769,,6.275707341247462e-10
11770,,6.275334837104873e-10
11771,,6.275177031670918e-10
11772,,6.275089321760447e-10
11773,,6.275022959295769e-10
11774,,6.27466870231978e-10
11775,,6.274498477125821e-10
11776,,6.274407041748837e-10
11777,,6.274339600792396e-10
11778,,6.274005763588778e-10
11779,,6.273821567899868e-10
11780,,6.273725934271746e-10
11781,,6.27365727139903e-10
11782,,6.273346295288201e-10
11783,,6.273146386249643e-10
11784,,6.27304602410049e-10
11785,,6.272975977175184e-10
11786,,6.272915165125456e-10
11787,,6.272473025740278e-10
11788,,6.272367338295462e-10
11789,,6.272295725621173e-10
11790,,6.272234492768188e-10
11791,,6.271801591444057e-10
11792,,6.271689908164714e-10
11793,,6.271616525512585e-10
11794,,6.271554809554314e-10
11795,,6.271132201974291e-10
11796,,6.271013768423898e-10
11797,,6.270938386484986e-10
11798,,6.270876116951246e-10
11799,,6.270464989314946e-10
11800,,6.270338959114111e-10
11801,,6.270261319169228e-10
11802,,6.270198418058157e-10
11803,,6.269800104559614e-10
11804,,6.269665524644853e-10
11805,,6.269585337091648e-10
11806,,6.269521715582406e-10
11807,,6.269137714962972e-10
11808,,6.268993515103993e-10
11809,,6.268910453712431e-10
11810,,6.268846012796127e-10
11811,,6.268478011164028e-10
11812,,6.268322987666463e-10
11813,,6.268236686063717e-10
11814,,6.268171313729974e-10
11815,,6.267821205477462e-10
11816,,6.267654006116895e-10
11817,,6.26756405248994e-10
11818,,6.267497623262095e-10
11819,,6.267167538679516e-10
11820,,6.26698664267191e-10
11821,,6.266892573657804e-10
11822,,6.266824946679939e-10
11823,,6.266517279343219e-10
11824,,6.266320978494884e-10
11825,,6.266222273979454e-10
11826,,6.266153290552992e-10
11827,,6.26609336122101e-10
11828,,6.265657105133882e-10
11829,,6.265553179999659e-10
11830,,6.265482661717276e-10
11831,,6.265422320301275e-10
11832,,6.264995125003101e-10
11833,,6.264885321899687e-10
11834,,6.26481306906812e-10
11835,,6.264752254300589e-10
11836,,6.264335154798379e-10
11837,,6.264218734555031e-10
11838,,6.264144521673138e-10
11839,,6.264083164870779e-10
11840,,6.263677324495994e-10
11841,,6.263553456536762e-10
11842,,6.263477030509565e-10
11843,,6.263415054552327e-10
11844,,6.263021781118949e-10
11845,,6.262889531284027e-10
11846,,6.262810608168421e-10
11847,,6.262747926283955e-10
11848,,6.262368689283884e-10
11849,,6.262227008584319e-10
11850,,6.262145268499313e-10
11851,,6.262081783350632e-10
11852,,6.261718235787391e-10
11853,,6.261565944052277e-10
11854,,6.261481027370928e-10
11855,,6.261416629942179e-10
11856,,6.261070628735138e-10
11857,,6.260906400271333e-10
11858,,6.26081790345628e-10
11859,,6.260752470339679e-10
11860,,6.260426104336415e-10
11861,,6.260248447884495e-10
11862,,6.260155916952629e-10
11863,,6.260089309960048e-10
11864,,6.259784925463329e-10
11865,,6.259592166545592e-10
11866,,6.259495091439412e-10
11867,,6.25942715510106e-10
11868,,6.259368095319086e-10
11869,,6.258937646078486e-10
11870,,6.258835453143042e-10
11871,,6.25876601262029e-10
11872,,6.258706549147595e-10
11873,,6.258284987283934e-10
11874,,6.258177031805128e-10
11875,,6.258105890954142e-10
11876,,6.258045963739313e-10
11877,,6.25763430368107e-10
11878,,6.25751986137588e-10
11879,,6.257446799334349e-10
11880,,6.257386340988325e-10
11881,,6.256985723152038e-10
11882,,6.256863979416345e-10
11883,,6.256788747930759e-10
11884,,6.256727683663442e-10
11885,,6.256339390009069e-10
11886,,6.256209429143148e-10
11887,,6.256131750074641e-10
11888,,6.256069993908062e-10
11889,,6.255695465587591e-10
11890,,6.25555625906064e-10
11891,,6.255475818286848e-10
11892,,6.255413275155971e-10
11893,,6.255054132736914e-10
11894,,6.254904523367023e-10
11895,,6.254820969019079e-10
11896,,6.25475753161053e-10
11897,,6.254415595539144e-10
11898,,6.254254283975215e-10
11899,,6.254167219949677e-10
11900,,6.254102767640868e-10
11901,,6.253780085687855e-10
11902,,6.253605609669578e-10
11903,,6.25351459101533e-10
11904,,6.253448988167931e-10
11905,,6.253147861169495e-10
11906,,6.252958578827222e-10
11907,,6.252863105409873e-10
11908,,6.252796199958241e-10
11909,,6.252737997014021e-10
11910,,6.252313279387474e-10
11911,,6.252212788975431e-10
11912,,6.252144409009241e-10
11913,,6.252085810746718e-10
11914,,6.251669810109836e-10
11915,,6.251563670558604e-10
11916,,6.251493624016479e-10
11917,,6.251434571573636e-10
11918,,6.251028282654495e-10
11919,,6.250915783495225e-10
11920,,6.250843853856176e-10
11921,,6.250784281313046e-10
11922,,6.250388821874983e-10
11923,,6.250269164823381e-10
11924,,6.250195108733658e-10
11925,,6.250134942158937e-10
11926,,6.249751569348051e-10
11927,,6.249623856644461e-10
11928,,6.249547401210951e-10
11929,,6.249486556936703e-10
11930,,6.249116683337247e-10
11931,,6.248979906828699e-10
11932,,6.248900744243778e-10
11933,,6.248839128852576e-10
11934,,6.248484343346068e-10
11935,,6.2483373681769e-10
11936,,6.248255153476684e-10
11937,,6.248192661917789e-10
11938,,6.247854749287706e-10
11939,,6.247696301215617e-10
11940,,6.247610646219868e-10
11941,,6.247547159920396e-10
11942,,6.247228127779489e-10
11943,,6.247056774205178e-10
11944,,6.246967242565966e-10
11945,,6.246902628490699e-10
11946,,6.246604732562092e-10
11947,,6.246418863111576e-10
11948,,6.246324964394069e-10
11949,,6.246259073619525e-10
11950,,6.246201715173759e-10
11951,,6.245782654738174e-10
11952,,6.245683837599639e-10
11953,,6.245616501777606e-10
11954,,6.245558755884248e-10
11955,,6.245148245327697e-10
11956,,6.245043890237421e-10
11957,,6.244974920854347e-10
11958,,6.244916730350611e-10
11959,,6.244515744960791e-10
11960,,6.244405155055657e-10
11961,,6.24433434010661e-10
11962,,6.244275640042949e-10
11963,,6.243885275536147e-10
11964,,6.243767668503222e-10
11965,,6.243694769325866e-10
11966,,6.243635487123149e-10
11967,,6.243256976189412e-10
11968,,6.243131471833114e-10
11969,,6.243056220405076e-10
11970,,6.242996274403572e-10
11971,,6.242631001897891e-10
11972,,6.242496611497371e-10
11973,,6.242418706717765e-10
11974,,6.242358004948468e-10
11975,,6.242007528458277e-10
11976,,6.241863139937021e-10
11977,,6.241782243101239e-10
11978,,6.241720682654442e-10
11979,,6.24138675225924e-10
11980,,6.241231116255221e-10
11981,,6.241146846895285e-10
11982,,6.24108431157934e-10
11983,,6.240768895428934e-10
11984,,6.240600606959439e-10
11985,,6.240512537190469e-10
11986,,6.240448896998496e-10
11987,,6.240154206494096e-10
11988,,6.239971687240645e-10
11989,,6.239879336379307e-10
11990,,6.239814444415001e-10
11991,,6.239757917765563e-10
11992,,6.239344441332319e-10
11993,,6.239247268656469e-10
11994,,6.239180960681615e-10
11995,,6.239124054898822e-10
11996,,6.238718964319844e-10
11997,,6.238616362617267e-10
11998,,6.238548453622689e-10
11999,,6.238491111940811e-10
12000,,6.238095363506655e-10
12001,,6.237986650061985e-10
12002,,6.237916931540177e-10
12003,,6.23785909093467e-10
12004,,6.237473759115132e-10
12005,,6.237358166111398e-10
12006,,6.23728640476409e-10
12007,,6.237227993951412e-10
12008,,6.236854286861393e-10
12009,,6.23673095198456e-10
12010,,6.236656884946747e-10
12011,,6.236597823394846e-10
12012,,6.236237099209429e-10
12013,,6.236105052900292e-10
12014,,6.236028384692875e-10
12015,,6.235968582975668e-10
12016,,6.235622368427243e-10
12017,,6.235480519966515e-10
12018,,6.23540091895763e-10
12019,,6.23534027548883e-10
12020,,6.235010286527325e-10
12021,,6.234857411623672e-10
12022,,6.234774504479452e-10
12023,,6.23471290588494e-10
12024,,6.234401072011718e-10
12025,,6.23423579275502e-10
12026,,6.234149160226639e-10
12027,,6.234086478533918e-10
12028,,6.233794968070166e-10
12029,,6.233615737107588e-10
12030,,6.233524907588106e-10
12031,,6.233460999250619e-10
12032,,6.233405292404278e-10
12033,,6.232997327282237e-10
12034,,6.23290177123708e-10
12035,,6.232836474885081e-10
12036,,6.232780396645183e-10
12037,,6.232380656502538e-10
12038,,6.232279778177129e-10
12039,,6.232212912761522e-10
12040,,6.232156407578987e-10
12041,,6.231765830058862e-10
12042,,6.231658960155961e-10
12043,,6.231590321365139e-10
12044,,6.231533327209193e-10
12045,,6.231152966072686e-10
12046,,6.231039351891226e-10
12047,,6.230968710262591e-10
12048,,6.230911157706944e-10
12049,,6.230542197003544e-10
12050,,6.230420992768576e-10
12051,,6.230348091238997e-10
12052,,6.230289901178963e-10
12053,,6.229933672740137e-10
12054,,6.229803927957047e-10
12055,,6.229728476732905e-10
12056,,6.22966956111759e-10
12057,,6.229327561499099e-10
12058,,6.229188207440075e-10
12059,,6.229109881235531e-10
12060,,6.229050141106814e-10
12061,,6.228724052655146e-10
12062,,6.228573888308429e-10
12063,,6.228492321242382e-10
12064,,6.228431644896194e-10
12065,,6.22812335921712e-10
12066,,6.227961034421825e-10
12067,,6.227875815067001e-10
12068,,6.227814077459318e-10
12069,,6.227525720395533e-10
12070,,6.227349717754544e-10
12071,,6.227260384153663e-10
12072,,6.2271974442453e-10
12073,,6.227142545094555e-10
12074,,6.22674001951313e-10
12075,,6.226646052353336e-10
12076,,6.226581752125638e-10
12077,,6.226526489045358e-10
12078,,6.226132031001359e-10
12079,,6.226032846359625e-10
12080,,6.225967008008624e-10
12081,,6.225911326886475e-10
12082,,6.225525855821101e-10
12083,,6.225420796988659e-10
12084,,6.225353220216812e-10
12085,,6.22529706028927e-10
12086,,6.22492160859283e-10
12087,,6.224809938297742e-10
12088,,6.224740398603338e-10
12089,,6.224683691293428e-10
12090,,6.224319420659662e-10
12091,,6.22420030932011e-10
12092,,6.224128554247198e-10
12093,,6.224071222643556e-10
12094,,6.223719437819134e-10
12095,,6.223591953878489e-10
12096,,6.223517699552027e-10
12097,,6.223459656947632e-10
12098,,6.223121825743946e-10
12099,,6.222984920896913e-10
12100,,6.222907848362827e-10
12101,,6.222848997731744e-10
12102,,6.222526769777709e-10
12103,,6.222379266844523e-10
12104,,6.22229901735858e-10
12105,,6.222239249298938e-10
12106,,6.22193447874047e-10
12107,,6.221775054058679e-10
12108,,6.221691224230856e-10
12109,,6.221630415946641e-10
12110,,6.22134518718326e-10
12111,,6.221172352975296e-10
12112,,6.221084490069301e-10
12113,,6.221022503490007e-10
12114,,6.220968400061523e-10
12115,,6.220571243491285e-10
12116,,6.220478838047438e-10
12117,,6.220415518328477e-10
12118,,6.220361058642409e-10
12119,,6.219971815092737e-10
12120,,6.219874294666164e-10
12121,,6.219809467068048e-10
12122,,6.219754597894954e-10
12123,,6.219374168573079e-10
12124,,6.219270889749553e-10
12125,,6.219204358438774e-10
12126,,6.219149020164576e-10
12127,,6.218778417455489e-10
12128,,6.218668656922532e-10
12129,,6.218600201403126e-10
12130,,6.218544326922078e-10
12131,,6.218184689692477e-10
12132,,6.218067634368704e-10
12133,,6.217997007417103e-10
12134,,6.217940520970846e-10
12135,,6.21759312848423e-10
12136,,6.21746786503203e-10
12137,,6.217394788137893e-10
12138,,6.217337605367828e-10
12139,,6.217003896447674e-10
12140,,6.216869397285906e-10
12141,,6.216793557690027e-10
12142,,6.216735583043958e-10
12143,,6.216417174942899e-10
12144,,6.216272285646983e-10
12145,,6.216193331811146e-10
12146,,6.216134457988151e-10
12147,,6.21583316892843e-10
12148,,6.215676591766331e-10
12149,,6.215594128345428e-10
12150,,6.215534235197729e-10
12151,,6.215252108479338e-10
12152,,6.215082384881452e-10
12153,,6.21499596751023e-10
12154,,6.214934919729852e-10
12155,,6.214674252627547e-10
12156,,6.214489742813505e-10
12157,,6.214398872227251e-10
12158,,6.214336517587345e-10
12159,,6.214282849543434e-10
12160,,6.213898753279158e-10
12161,,6.213802868640417e-10
12162,,6.213739036267164e-10
12163,,6.213684966912766e-10
12164,,6.213309515811917e-10
12165,,6.213207985847211e-10
12166,,6.213142483277593e-10
12167,,6.213087954682538e-10
12168,,6.212722141191903e-10
12169,,6.212614256913733e-10
12170,,6.212546868456663e-10
12171,,6.212491814247448e-10
12172,,6.212136754520781e-10
12173,,6.212021719180234e-10
12174,,6.211952201947994e-10
12175,,6.21189654839558e-10
12176,,6.21155349706726e-10
12177,,6.211430414440264e-10
12178,,6.211358495772695e-10
12179,,6.211302159834675e-10
12180,,6.210972527435576e-10
12181,,6.210840390632426e-10
12182,,6.210765763595087e-10
12183,,6.210708651760733e-10
12184,,6.21039402377671e-10
12185,,6.210251700913451e-10
12186,,6.210174021033128e-10
12187,,6.21011602792116e-10
12188,,6.209818187097546e-10
12189,,6.209664405687132e-10
12190,,6.209583285477213e-10
12191,,6.209524293309064e-10
12192,,6.20924524252572e-10
12193,,6.209078572872175e-10
12194,,6.208993576593381e-10
12195,,6.208933452998317e-10
12196,,6.208675444832903e-10
12197,,6.20849427869266e-10
12198,,6.208404917101769e-10
12199,,6.208343512434418e-10
12200,,6.208290624141238e-10
12201,,6.207911609626292e-10
12202,,6.207817332368345e-10
12203,,6.207754479189257e-10
12204,,6.20770119820196e-10
12205,,6.207330662530975e-10
12206,,6.207230850989059e-10
12207,,6.207166361058497e-10
12208,,6.207112629844701e-10
12209,,6.20675154624367e-10
12210,,6.206645505387991e-10
12211,,6.206579166952099e-10
12212,,6.206524920938512e-10
12213,,6.206174384000877e-10
12214,,6.206061332276504e-10
12215,,6.205992907045786e-10
12216,,6.2059380738103e-10
12217,,6.205599313372152e-10
12218,,6.205478372645214e-10
12219,,6.205407593410679e-10
12220,,6.205352091538565e-10
12221,,6.205026490509969e-10
12222,,6.204896673324496e-10
12223,,6.204823239187594e-10
12224,,6.204766976758489e-10
12225,,6.204456089552041e-10
12226,,6.204316286441173e-10
12227,,6.204239859886507e-10
12228,,6.204182733799612e-10
12229,,6.203888308175456e-10
12230,,6.203737271308649e-10
12231,,6.203657471914335e-10
12232,,6.20359936707115e-10
12233,,6.20332336660141e-10
12234,,6.203159694371152e-10
12235,,6.203076095408427e-10
12236,,6.203016881499929e-10
12237,,6.202761514825348e-10
12238,,6.202583630659972e-10
12239,,6.202495752211873e-10
12240,,6.202435282762431e-10
12241,,6.202383162902575e-10
12242,,6.202009164584429e-10
12243,,6.201916467138676e-10
12244,,6.201854577903742e-10
12245,,6.201802073484588e-10
12246,,6.201436391155788e-10
12247,,6.201338268212493e-10
12248,,6.201274774721329e-10
12249,,6.201221829238975e-10
12250,,6.200865417307596e-10
12251,,6.200761187427294e-10
12252,,6.20069588188978e-10
12253,,6.200642432274704e-10
12254,,6.200296363511674e-10
12255,,6.200185260678622e-10
12256,,6.20011790973585e-10
12257,,6.200063884654425e-10
12258,,6.199729364815407e-10
12259,,6.199610527971388e-10
12260,,6.199540869703083e-10
12261,,6.199486189143803e-10
12262,,6.199164574524674e-10
12263,,6.199037035323931e-10
12264,,6.198964774483524e-10
12265,,6.198909349131681e-10
12266,,6.198602163243303e-10
12267,,6.198464834161932e-10
12268,,6.198389639622082e-10
12269,,6.198333368038659e-10
12270,,6.198042324354649e-10
12271,,6.197893982131753e-10
12272,,6.197815481413835e-10
12273,,6.197758250303649e-10
12274,,6.197485274106931e-10
12275,,6.1973245446062e-10
12276,,6.197242319191025e-10
12277,,6.197184000886005e-10
12278,,6.196931257843588e-10
12279,,6.196756595078958e-10
12280,,6.196670174500815e-10
12281,,6.196610625736494e-10
12282,,6.196559263047324e-10
12283,,6.196190216335119e-10
12284,,6.196099071434353e-10
12285,,6.196038131395556e-10
12286,,6.195986391826433e-10
12287,,6.195625501446429e-10
12288,,6.195529037835992e-10
12289,,6.195466525139652e-10
12290,,6.195414353524799e-10
12291,,6.195062555328834e-10
12292,,6.194960104949e-10
12293,,6.194895816134559e-10
12294,,6.19484315071807e-10
12295,,6.194501496153497e-10
12296,,6.194392307958756e-10
12297,,6.194326014087592e-10
12298,,6.194272784743598e-10
12299,,6.193942456519418e-10
12300,,6.193825685820761e-10
12301,,6.193757130096312e-10
12302,,6.193703258707067e-10
12303,,6.193385586069694e-10
12304,,6.193260283928811e-10
12305,,6.193189177108234e-10
12306,,6.193134575750123e-10
12307,,6.192831052384743e-10
12308,,6.192696152687588e-10
12309,,6.192622170011234e-10
12310,,6.192566739249871e-10
12311,,6.192279045167759e-10
12312,,6.192133348372291e-10
12313,,6.192056124756683e-10
12314,,6.191999753695623e-10
12315,,6.191729776538432e-10
12316,,6.191571935482117e-10
12317,,6.191491060411188e-10
12318,,6.191433623982374e-10
12319,,6.191183486265824e-10
12320,,6.191011985637082e-10
12321,,6.190926997908656e-10
12322,,6.190868355581258e-10
12323,,6.190817738987795e-10
12324,,6.190453580234013e-10
12325,,6.190363961103003e-10
12326,,6.190303955204573e-10
12327,,6.190252969436983e-10
12328,,6.189896810513466e-10
12329,,6.189801977479595e-10
12330,,6.189740429837683e-10
12331,,6.189689021192513e-10
12332,,6.189341779482462e-10
12333,,6.189241077138598e-10
12334,,6.189177788450987e-10
12335,,6.189125895764922e-10
12336,,6.188788602503658e-10
12337,,6.188681294416561e-10
12338,,6.188616040699172e-10
12339,,6.188563595678465e-10
12340,,6.188237409758825e-10
12341,,6.188122668608201e-10
12342,,6.188055197647638e-10
12343,,6.188002123222871e-10
12344,,6.187688348334204e-10
12345,,6.18756524333007e-10
12346,,6.18749527151681e-10
12347,,6.187441481789851e-10
12348,,6.18714158186418e-10
12349,,6.187009067816437e-10
12350,,6.186936276901128e-10
12351,,6.186881674393319e-10
12352,,6.186597297149313e-10
12353,,6.186454197792802e-10
12354,,6.186378229726239e-10
12355,,6.186322705892166e-10
12356,,6.186055701272848e-10
12357,,6.185900696076303e-10
12358,,6.185821148551604e-10
12359,,6.185764580469159e-10
12360,,6.185517030326622e-10
12361,,6.185348633195882e-10
12362,,6.185265053951225e-10
12363,,6.185207303880947e-10
12364,,6.185157422371111e-10
12365,,6.18479808890736e-10
12366,,6.184709969550132e-10
12367,,6.18465088260482e-10
12368,,6.184600639615663e-10
12369,,6.184249152501919e-10
12370,,6.184155921421045e-10
12371,,6.1840953236841e-10
12372,,6.184044666235014e-10
12373,,6.183701924714697e-10
12374,,6.183602940115519e-10
12375,,6.183540635805979e-10
12376,,6.18348950413298e-10
12377,,6.183156519457779e-10
12378,,6.183051058663029e-10
12379,,6.182986828217454e-10
12380,,6.18293515530029e-10
12381,,6.182613063634716e-10
12382,,6.182500315636575e-10
12383,,6.182433911687221e-10
12384,,6.182381622386209e-10
12385,,6.182071701358186e-10
12386,,6.181950754064138e-10
12387,,6.181881898635944e-10
12388,,6.18182890813442e-10
12389,,6.181532593847516e-10
12390,,6.181402421839224e-10
12391,,6.181330803192456e-10
12392,,6.181277016430537e-10
12393,,6.1809959235387e-10
12394,,6.180855374177215e-10
12395,,6.18078064082974e-10
12396,,6.180725950819447e-10
12397,,6.180461893783522e-10
12398,,6.180309672239144e-10
12399,,6.180231429739795e-10
12400,,6.18017571662506e-10
12401,,6.179930735425578e-10
12402,,6.179765385022992e-10
12403,,6.179683190351822e-10
12404,,6.179626318628755e-10
12405,,6.17957716111896e-10
12406,,6.179222590777296e-10
12407,,6.179135945232358e-10
12408,,6.17907776352624e-10
12409,,6.179028252052463e-10
12410,,6.178681377535434e-10
12411,,6.178589720804074e-10
12412,,6.17853005810136e-10
12413,,6.17848014057014e-10
12414,,6.178141843516229e-10
12415,,6.17804454590939e-10
12416,,6.177983210611513e-10
12417,,6.177932828847721e-10
12418,,6.177604100349016e-10
12419,,6.177500454453062e-10
12420,,6.177437230691145e-10
12421,,6.177386318586902e-10
12422,,6.177068273037605e-10
12423,,6.176957482830745e-10
12424,,6.176892128648927e-10
12425,,6.176840612414002e-10
12426,,6.176534502372424e-10
12427,,6.176415673587582e-10
12428,,6.176347916529568e-10
12429,,6.176295713307461e-10
12430,,6.176002946523433e-10
12431,,6.175875074387912e-10
12432,,6.175804608020673e-10
12433,,6.175751624555563e-10
12434,,6.175473784088393e-10
12435,,6.175335738354524e-10
12436,,6.175262218904353e-10
12437,,6.175208350372604e-10
12438,,6.174947214797536e-10
12439,,6.174797725788869e-10
12440,,6.17472076656088e-10
12441,,6.174665895083836e-10
12442,,6.174423465037158e-10
12443,,6.17426110479555e-10
12444,,6.174180270951482e-10
12445,,6.174124264064132e-10
12446,,6.1740758203913e-10
12447,,6.173725951730004e-10
12448,,6.173640754588036e-10
12449,,6.173583463451557e-10
12450,,6.173534673005214e-10
12451,,6.173192352461421e-10
12452,,6.173102242938372e-10
12453,,6.173043500215326e-10
12454,,6.172994311923033e-10
12455,,6.172660404019767e-10
12456,,6.172564764692076e-10
12457,,6.172504382348294e-10
12458,,6.172454739110979e-10
12459,,6.17213021553379e-10
12460,,6.172028352054906e-10
12461,,6.171966119026246e-10
12462,,6.171915956366651e-10
12463,,6.171601909575457e-10
12464,,6.171493042298582e-10
12465,,6.171428720591175e-10
12466,,6.17137796602319e-10
12467,,6.171075623887706e-10
12468,,6.170958876125916e-10
12469,,6.17089219900337e-10
12470,,6.170840771220093e-10
12471,,6.170551513880581e-10
12472,,6.170425900267286e-10
12473,,6.170356567403953e-10
12474,,6.170304375091601e-10
12475,,6.170029754581293e-10
12476,,6.169894167080985e-10
12477,,6.169821841427603e-10
12478,,6.169768781548186e-10
12479,,6.169510541840377e-10
12480,,6.169363735632673e-10
12481,,6.169288037829404e-10
12482,,6.169233994856822e-10
12483,,6.168994097549582e-10
12484,,6.168834672544457e-10
12485,,6.168755176662553e-10
12486,,6.168700021018535e-10
12487,,6.168652280307512e-10
12488,,6.168307052788959e-10
12489,,6.168223279253495e-10
12490,,6.168166865079887e-10
12491,,6.168118784785311e-10
12492,,6.167780960745372e-10
12493,,6.167692371218638e-10
12494,,6.167634534196645e-10
12495,,6.167586064239547e-10
12496,,6.167256491115918e-10
12497,,6.167162480538968e-10
12498,,6.167103036157638e-10
12499,,6.167054120727909e-10
12500,,6.166733751000295e-10
12501,,6.166633638726929e-10
12502,,6.166572380470753e-10
12503,,6.166522955762422e-10
12504,,6.166212860404799e-10
12505,,6.166105882252666e-10
12506,,6.166042576440872e-10
12507,,6.165992571998678e-10
12508,,6.165693955223798e-10
12509,,6.165579251080295e-10
12510,,6.165513636324383e-10
12511,,6.165462972303416e-10
12512,,6.165177186927358e-10
12513,,6.165053790853538e-10
12514,,6.164985573082177e-10
12515,,6.16493415943868e-10
12516,,6.164662727542649e-10
12517,,6.164529553348661e-10
12518,,6.164458401365177e-10
12519,,6.164406137780595e-10
12520,,6.164150768760163e-10
12521,,6.164006596061275e-10
12522,,6.163932138395452e-10
12523,,6.163878911523973e-10
12524,,6.163641528280093e-10
12525,,6.163484984364074e-10
12526,,6.163406803137356e-10
12527,,6.163352485604948e-10
12528,,6.163305437792519e-10
12529,,6.162964791715201e-10
12530,,6.162882417458024e-10
12531,,6.162826866104702e-10
12532,,6.162779485823267e-10
12533,,6.162446101118513e-10
12534,,6.162359005346208e-10
12535,,6.162302059433324e-10
12536,,6.162254297467288e-10
12537,,6.161929004966905e-10
12538,,6.161836594765131e-10
12539,,6.161778073840756e-10
12540,,6.161729874887673e-10
12541,,6.161413608627759e-10
12542,,6.161315216805501e-10
12543,,6.161254917447874e-10
12544,,6.161206220062208e-10
12545,,6.160900029887922e-10
12546,,6.160794906699934e-10
12547,,6.160732600432321e-10
12548,,6.160683334824754e-10
12549,,6.160388401342819e-10
12550,,6.16027570396736e-10
12551,,6.160211134444201e-10
12552,,6.160161222537947e-10
12553,,6.159878872060265e-10
12554,,6.159757653532808e-10
12555,,6.159690532161476e-10
12556,,6.159639885800785e-10
12557,,6.159371610352843e-10
12558,,6.159240805708856e-10
12559,,6.159170807908169e-10
12560,,6.15911932835244e-10
12561,,6.158866804469635e-10
12562,,6.158725216976421e-10
12563,,6.158651978896322e-10
12564,,6.158599555132963e-10
12565,,6.158364667547431e-10
12566,,6.158210951776148e-10
12567,,6.158134063100832e-10
12568,,6.158080570631729e-10
12569,,6.158034205341755e-10
12570,,6.157698081626342e-10
12571,,6.157617082213531e-10
12572,,6.157562380560737e-10
12573,,6.157515689612777e-10
12574,,6.157186687879152e-10
12575,,6.157101060311065e-10
12576,,6.157044991823318e-10
12577,,6.156997927031747e-10
12578,,6.156676861925983e-10
12579,,6.15658602431961e-10
12580,,6.156528411537852e-10
12581,,6.156480918909842e-10
12582,,6.156168706195035e-10
12583,,6.156072004341289e-10
12584,,6.156012648502978e-10
12585,,6.15596466739878e-10
12586,,6.155662336483971e-10
12587,,6.155559035566026e-10
12588,,6.155497712433719e-10
12589,,6.155449174688e-10
12590,,6.15515788277497e-10
12591,,6.155047156391066e-10
12592,,6.154983614709859e-10
12593,,6.154934443544646e-10
12594,,6.154655490968354e-10
12595,,6.154536410815301e-10
12596,,6.154470367575147e-10
12597,,6.154420476759553e-10
12598,,6.154155326580732e-10
12599,,6.154026848278646e-10
12600,,6.153957985559853e-10
12601,,6.153907278241559e-10
12602,,6.153657573830278e-10
12603,,6.153518524403165e-10
12604,,6.15344648485984e-10
12605,,6.153394852212775e-10
12606,,6.153162441577644e-10
12607,,6.153011501854984e-10
12608,,6.152935883788243e-10
12609,,6.152883203582117e-10
12610,,6.152837510989982e-10
12611,,6.15250585130134e-10
12612,,6.152426203372871e-10
12613,,6.152372337936007e-10
12614,,6.152326326157909e-10
12615,,6.152001651962525e-10
12616,,6.151917466657284e-10
12617,,6.151862261520832e-10
12618,,6.151815883783527e-10
12619,,6.151498993569064e-10
12620,,6.151409700638438e-10
12621,,6.151352982037756e-10
12622,,6.151306185039993e-10
12623,,6.150997976776598e-10
12624,,6.150902935016757e-10
12625,,6.150844507656282e-10
12626,,6.15079723219975e-10
12627,,6.150498714624846e-10
12628,,6.150397203567026e-10
12629,,6.150336847865501e-10
12630,,6.150289027019123e-10
12631,,6.150001335235458e-10
12632,,6.149892544479724e-10
12633,,6.149830014039194e-10
12634,,6.149781572421185e-10
12635,,6.149505981401956e-10
12636,,6.149389000988994e-10
12637,,6.149324018095517e-10
12638,,6.149274871106064e-10
12639,,6.149012814933269e-10
12640,,6.148886620744381e-10
12641,,6.148818874232146e-10
12642,,6.148768927245654e-10
12643,,6.148522016986471e-10
12644,,6.148385459140287e-10
12645,,6.148314598202492e-10
12646,,6.148263744402473e-10
12647,,6.148033792142321e-10
12648,,6.14788557731605e-10
12649,,6.14781120819699e-10
12650,,6.147759327791935e-10
12651,,6.147714297795978e-10
12652,,6.147387044217642e-10
12653,,6.147308724855981e-10
12654,,6.14725568242422e-10
12655,,6.147210340179564e-10
12656,,6.146889938135319e-10
12657,,6.146807170402867e-10
12658,,6.146752815117123e-10
12659,,6.146707114201809e-10
12660,,6.146394346498991e-10
12661,,6.146306571779336e-10
12662,,6.14625073272069e-10
12663,,6.146204621271572e-10
12664,,6.145900368446359e-10
12665,,6.145806957679816e-10
12666,,6.145749443787568e-10
12667,,6.145702863312504e-10
12668,,6.145408114517743e-10
12669,,6.14530836139591e-10
12670,,6.145248957442503e-10
12671,,6.145201842637108e-10
12672,,6.144917710249083e-10
12673,,6.144810820441612e-10
12674,,6.144749284302004e-10
12675,,6.144701561401987e-10
12676,,6.144429295442053e-10
12677,,6.144314376740483e-10
12678,,6.144250436998709e-10
12679,,6.144202022864585e-10
12680,,6.14394302948198e-10
12681,,6.143819077879771e-10
12682,,6.143752428683646e-10
12683,,6.143703230346381e-10
12684,,6.143459089247961e-10
12685,,6.143324977529042e-10
12686,,6.143255275366052e-10
12687,,6.143205188188709e-10
12688,,6.142977675678724e-10
12689,,6.14283213539478e-10
12690,,6.142758994209346e-10
12691,,6.142707901030431e-10
12692,,6.142663524122211e-10
12693,,6.14234061974631e-10
12694,,6.142263605886102e-10
12695,,6.142211374055919e-10
12696,,6.142166691128629e-10
12697,,6.141850506864867e-10
12698,,6.14176913246041e-10
12699,,6.141715613403559e-10
12700,,6.141670579342177e-10
12701,,6.141361882855532e-10
12702,,6.141275599573652e-10
12703,,6.141220626349973e-10
12704,,6.141175190148116e-10
12705,,6.140874844435388e-10
12706,,6.140783035895931e-10
12707,,6.140726420954568e-10
12708,,6.140680525074411e-10
12709,,6.1403895004231e-10
12710,,6.140291473999946e-10
12711,,6.140233006202395e-10
12712,,6.140186586771131e-10
12713,,6.139905973253503e-10
12714,,6.139800950290296e-10
12715,,6.139740392801943e-10
12716,,6.139693377491757e-10
12717,,6.13942440082138e-10
12718,,6.139311506699095e-10
12719,,6.139248592685901e-10
12720,,6.139200900211426e-10
12721,,6.138944938830418e-10
12722,,6.138823189100006e-10
12723,,6.138757619036642e-10
12724,,6.138709157938612e-10
12725,,6.138467760657456e-10
12726,,6.138336049998464e-10
12727,,6.138267487240638e-10
12728,,6.138218155182107e-10
12729,,6.137993063443522e-10
12730,,6.137850148874875e-10
12731,,6.137778214684688e-10
12732,,6.137727896319839e-10
12733,,6.137684163051542e-10
12734,,6.13736555153321e-10
12735,,6.137289820993497e-10
12736,,6.13723838675745e-10
12737,,6.137194353686979e-10
12738,,6.136882333740274e-10
12739,,6.136802328007543e-10
12740,,6.13674963233159e-10
12741,,6.13670525518495e-10
12742,,6.136400579130534e-10
12743,,6.136315761093935e-10
12744,,6.13626163997529e-10
12745,,6.13621686879591e-10
12746,,6.135920382710618e-10
12747,,6.135830148333334e-10
12748,,6.135774417957067e-10
12749,,6.135729196593787e-10
12750,,6.135441851448782e-10
12751,,6.135345521302499e-10
12752,,6.135287974663627e-10
12753,,6.135242240262699e-10
12754,,6.13496510537868e-10
12755,,6.13486191619355e-10
12756,,6.134802320913221e-10
12757,,6.134756002518779e-10
12758,,6.134490279565196e-10
12759,,6.134379373316478e-10
12760,,6.134317468094648e-10
12761,,6.13427048618818e-10
12762,,6.134017526230323e-10
12763,,6.133897938535667e-10
12764,,6.133833429575537e-10
12765,,6.133785694546133e-10
12766,,6.133547015949308e-10
12767,,6.133417662793314e-10
12768,,6.133350220185461e-10
12769,,6.133301631487447e-10
12770,,6.133078941820815e-10
12771,,6.132938604281956e-10
12772,,6.132867856941655e-10
12773,,6.132818301544137e-10
12774,,6.132775202141891e-10
12775,,6.132460828232495e-10
12776,,6.132386358804818e-10
12777,,6.132335709765702e-10
12778,,6.13229231687404e-10
12779,,6.131984408230396e-10
12780,,6.131905747787302e-10
12781,,6.131853862322643e-10
12782,,6.131810132478136e-10
12783,,6.13150942636904e-10
12784,,6.131426048361363e-10
12785,,6.131372765681265e-10
12786,,6.131328649761346e-10
12787,,6.131035976199774e-10
12788,,6.130947287964925e-10
12789,,6.130892427862155e-10
12790,,6.130847870989401e-10
12791,,6.130564162034211e-10
12792,,6.130469497787903e-10
12793,,6.130412857419966e-10
12794,,6.130367797807659e-10
12795,,6.130094102022053e-10
12796,,6.12999271347484e-10
12797,,6.1299340649072e-10
12798,,6.129888433001914e-10
12799,,6.129625927979245e-10
12800,,6.129516974074364e-10
12801,,6.129456061129985e-10
12802,,6.129409779120855e-10
12803,,6.129159789827418e-10
12804,,6.129042324758667e-10
12805,,6.128978859346999e-10
12806,,6.128931839292719e-10
12807,,6.12869585440561e-10
12808,,6.128568815592747e-10
12809,,6.128502474261896e-10
12810,,6.128454617608402e-10
12811,,6.128234311207391e-10
12812,,6.128096503539589e-10
12813,,6.128026922626525e-10
12814,,6.127978118343977e-10
12815,,6.127935643862097e-10
12816,,6.127625452517015e-10
12817,,6.127552222683941e-10
12818,,6.127502346541917e-10
12819,,6.12745958450352e-10
12820,,6.127155734687248e-10
12821,,6.12707839631296e-10
12822,,6.127027308003303e-10
12823,,6.126984215971938e-10
12824,,6.126687430521638e-10
12825,,6.126605467022149e-10
12826,,6.126553009574355e-10
12827,,6.126509539252726e-10
12828,,6.126220631516428e-10
12829,,6.126133462342738e-10
12830,,6.126079458509078e-10
12831,,6.12603555617986e-10
12832,,6.125755440243197e-10
12833,,6.125662412554862e-10
12834,,6.125606663855178e-10
12835,,6.125562268940567e-10
12836,,6.125291972362953e-10
12837,,6.125192352487224e-10
12838,,6.125134634940153e-10
12839,,6.125089679462672e-10
12840,,6.124830357368063e-10
12841,,6.124723320479006e-10
12842,,6.124663383357845e-10
12843,,6.12461779068629e-10
12844,,6.124370741848773e-10
12845,,6.124255360896449e-10
12846,,6.124192921720602e-10
12847,,6.124146605758592e-10
12848,,6.123913289910653e-10
12849,,6.123788522970741e-10
12850,,6.123723264478117e-10
12851,,6.123676128498088e-10
12852,,6.123458186622114e-10
12853,,6.123322862288564e-10
12854,,6.123254427615203e-10
12855,,6.123206363153174e-10
12856,,6.123164504054844e-10
12857,,6.122858441372161e-10
12858,,6.122786429787083e-10
12859,,6.122737314574408e-10
12860,,6.122695174202654e-10
12861,,6.122395331117845e-10
12862,,6.122319292026862e-10
12863,,6.122268988815467e-10
12864,,6.122226525060588e-10
12865,,6.121933610816728e-10
12866,,6.121853037622905e-10
12867,,6.121801392075347e-10
12868,,6.121758557723276e-10
12869,,6.121473369649324e-10
12870,,6.121387693014068e-10
12871,,6.12133453169531e-10
12872,,6.121291274091391e-10
12873,,6.121014708309558e-10
12874,,6.120923288286642e-10
12875,,6.120868416305844e-10
12876,,6.120824676257375e-10
12877,,6.120557740229546e-10
12878,,6.1204598572538e-10
12879,,6.12040305589798e-10
12880,,6.120358766374186e-10
12881,,6.120102592467535e-10
12882,,6.119997438283036e-10
12883,,6.119938460926276e-10
12884,,6.11989354690634e-10
12885,,6.11964940850933e-10
12886,,6.11953607400816e-10
12887,,6.119474644028808e-10
12888,,6.119429021020451e-10
12889,,6.119198349223384e-10
12890,,6.119075812955722e-10
12891,,6.11901161906939e-10
12892,,6.118965192820715e-10
12893,,6.118749596442886e-10
12894,,6.118616709948021e-10
12895,,6.118549402446031e-10
12896,,6.118502065971925e-10
12897,,6.118460813560405e-10
12898,,6.118158825879152e-10
12899,,6.118088011956108e-10
12900,,6.11803964571855e-10
12901,,6.11799811755327e-10
12902,,6.117702230337099e-10
12903,,6.117627467970928e-10
12904,,6.11757793733256e-10
12905,,6.117536092513722e-10
12906,,6.117247000952111e-10
12907,,6.117167793855665e-10
12908,,6.117116947423576e-10
12909,,6.117074739613981e-10
12910,,6.116793225658419e-10
12911,,6.116709015170309e-10
12912,,6.116656683176633e-10
12913,,6.116614060808934e-10
12914,,6.116341002693592e-10
12915,,6.116251161555334e-10
12916,,6.116197152904655e-10
12917,,6.116154057746819e-10
12918,,6.115890443489476e-10
12919,,6.115794266504762e-10
12920,,6.115738366033209e-10
12921,,6.115694732493921e-10
12922,,6.11544167222839e-10
12923,,6.115338366655246e-10
12924,,6.115280333627055e-10
12925,,6.115236087923042e-10
12926,,6.114994830167508e-10
12927,,6.114883504867842e-10
12928,,6.114823067083762e-10
12929,,6.114778127055511e-10
12930,,6.114550074571738e-10
12931,,6.11442972806291e-10
12932,,6.114366580929167e-10
12933,,6.114320853370455e-10
12934,,6.114107583659209e-10
12935,,6.113977090064566e-10
12936,,6.113910890736472e-10
12937,,6.113864271306395e-10
12938,,6.113823616285738e-10
12939,,6.113525650629621e-10
12940,,6.113456013936277e-10
12941,,6.113408385083825e-10
12942,,6.11336746027185e-10
12943,,6.113075478230128e-10
12944,,6.113001970738155e-10
12945,,6.11295320054028e-10
12946,,6.112911965577962e-10
12947,,6.112626648912525e-10
12948,,6.112548783781128e-10
12949,,6.112498723873075e-10
12950,,6.112457133479483e-10
12951,,6.112179248377598e-10
12952,,6.112096478361047e-10
12953,,6.112044962263076e-10
12954,,6.112002965623695e-10
12955,,6.11173337350371e-10
12956,,6.111645083465772e-10
12957,,6.111591923800225e-10
12958,,6.111549463783837e-10
12959,,6.111289133063002e-10
12960,,6.111194631476738e-10
12961,,6.111139617730113e-10
12962,,6.111096630003017e-10
12963,,6.110846649392804e-10
12964,,6.110745159331323e-10
12965,,6.110688054504758e-10
12966,,6.110644467153183e-10
12967,,6.110406060338035e-10
12968,,6.110296707872845e-10
12969,,6.110237246112096e-10
12970,,6.110192978173119e-10
12971,,6.109967520502857e-10
12972,,6.10984932401424e-10
12973,,6.109787206091831e-10
12974,,6.109742166479435e-10
12975,,6.109531204589731e-10
12976,,6.109403059711734e-10
12977,,6.10933794992735e-10
12978,,6.109292036026893e-10
12979,,6.109251970051904e-10
12980,,6.108957974593467e-10
12981,,6.10888949481015e-10
12982,,6.108842591567232e-10
12983,,6.108802261416155e-10
12984,,6.108514134819969e-10
12985,,6.108441860415355e-10
12986,,6.108393838601794e-10
12987,,6.10835320441638e-10
12988,,6.108071615063028e-10
12989,,6.107995068845506e-10
12990,,6.107945783036695e-10
12991,,6.107904800731978e-10
12992,,6.107630500094029e-10
12993,,6.107549145169585e-10
12994,,6.10749843202142e-10
12995,,6.10745705158589e-10
12996,,6.107190883973695e-10
12997,,6.107104117674004e-10
12998,,6.107051793311596e-10
12999,,6.107009959015204e-10
13000,,6.106752873964902e-10
13001,,6.106660018014153e-10
13002,,6.106605876110729e-10
13003,,6.106563524883893e-10
13004,,6.106316589602311e-10
13005,,6.106216882418771e-10
13006,,6.106160690759837e-10
13007,,6.106117752135776e-10
13008,,6.105882166305501e-10
13009,,6.1057747510794e-10
13010,,6.105716248864626e-10
13011,,6.105672642967342e-10
13012,,6.105449755606463e-10
13013,,6.105333669761199e-10
13014,,6.105272563866271e-10
13015,,6.1052282016678e-10
13016,,6.10501952864288e-10
13017,,6.104893689736279e-10
13018,,6.104829650912238e-10
13019,,6.104784431694742e-10
13020,,6.104744946171563e-10
13021,,6.104454869131034e-10
13022,,6.104387526543164e-10
13023,,6.104341337885727e-10
13024,,6.10430159330695e-10
13025,,6.104017272831493e-10
13026,,6.103946210335946e-10
13027,,6.103898925349866e-10
13028,,6.103858883034283e-10
13029,,6.103580974219768e-10
13030,,6.103505723713283e-10
13031,,6.103457199728604e-10
13032,,6.10341681670159e-10
13033,,6.1031460562416e-10
13034,,6.103066091730622e-10
13035,,6.103016168371297e-10
13036,,6.102975395425037e-10
13037,,6.102712611394906e-10
13038,,6.102627341600688e-10
13039,,6.102575839049758e-10
13040,,6.102534621127998e-10
13041,,6.102280744379929e-10
13042,,6.102189504632971e-10
13043,,6.102136220487311e-10
13044,,6.10209449610899e-10
13045,,6.101850572687788e-10
13046,,6.101752616159988e-10
13047,,6.101697322675366e-10
13048,,6.101655022470484e-10
13049,,6.101422228979591e-10
13050,,6.101316715589996e-10
13051,,6.101259157277213e-10
13052,,6.101216203513747e-10
13053,,6.100995861707906e-10
13054,,6.100881848017451e-10
13055,,6.100821737478239e-10
13056,,6.100778042372434e-10
13057,,6.100571639107222e-10
13058,,6.10044806378819e-10
13059,,6.100385077682921e-10
13060,,6.100340542708785e-10
13061,,6.100149748160007e-10
13062,,6.100015419409366e-10
13063,,6.099949194512334e-10
13064,,6.099903709328626e-10
13065,,6.099864542039411e-10
13066,,6.099583978780672e-10
13067,,6.099514107148135e-10
13068,,6.099467547182774e-10
13069,,6.099428088210482e-10
13070,,6.099153813937584e-10
13071,,6.099079836661882e-10
13072,,6.09903206228927e-10
13073,,6.098992269381796e-10
13074,,6.098725005702688e-10
13075,,6.098646407205627e-10
13076,,6.098597261283235e-10
13077,,6.098557086379725e-10
13078,,6.098297645346057e-10
13079,,6.098213845790285e-10
13080,,6.098163151921891e-10
13081,,6.098122541152073e-10
13082,,6.097871835376132e-10
13083,,6.097782182926183e-10
13084,,6.097729742558936e-10
13085,,6.097688635662882e-10
13086,,6.097447690721456e-10
13087,,6.097351453482902e-10
13088,,6.097297043461862e-10
13089,,6.097255372199438e-10
13090,,6.097025341748677e-10
13091,,6.096921695978604e-10
13092,,6.096865065837498e-10
13093,,6.096822753951788e-10
13094,,6.096604933896444e-10
13095,,6.096492954556943e-10
13096,,6.096433822182381e-10
13097,,6.096390783910619e-10
13098,,6.096186631731354e-10
13099,,6.096065278638174e-10
13100,,6.096003327341313e-10
13101,,6.095959466054392e-10
13102,,6.095770619351762e-10
13103,,6.095638723531254e-10
13104,,6.095573597312429e-10
13105,,6.095528804599711e-10
13106,,6.095490205857833e-10
13107,,6.095213351830118e-10
13108,,6.095144650619276e-10
13109,,6.095098804508331e-10
13110,,6.095059920392642e-10
13111,,6.094789234450194e-10
13112,,6.094716508295402e-10
13113,,6.094669471727816e-10
13114,,6.094630260353699e-10
13115,,6.094366450527055e-10
13116,,6.094289193651882e-10
13117,,6.094240812700139e-10
13118,,6.094201227204377e-10
13119,,6.093945089043112e-10
13120,,6.093862733612291e-10
13121,,6.093812835204221e-10
13122,,6.09377282258544e-10
13123,,6.093525251222235e-10
13124,,6.093437157805641e-10
13125,,6.093385547600052e-10
13126,,6.093345048616211e-10
13127,,6.093107049280663e-10
13128,,6.093012500433996e-10
13129,,6.092958959476983e-10
13130,,6.092917907471848e-10
13131,,6.092690611413419e-10
13132,,6.092588799353956e-10
13133,,6.092533081815808e-10
13134,,6.092491402051102e-10
13135,,6.092276079741579e-10
13136,,6.092166097747521e-10
13137,,6.092107927394317e-10
13138,,6.092065535711452e-10
13139,,6.091863615778302e-10
13140,,6.091744443664499e-10
13141,,6.091683510050839e-10
13142,,6.091640311880747e-10
13143,,6.091453400179743e-10
13144,,6.091323892101054e-10
13145,,6.091259846075916e-10
13146,,6.091215734844595e-10
13147,,6.091177696386052e-10
13148,,6.090904504242785e-10
13149,,6.090836953232829e-10
13150,,6.090791809633698e-10
13151,,6.090753491778547e-10
13152,,6.090486348929021e-10
13153,,6.090414852312768e-10
13154,,6.090368542088897e-10
13155,,6.090329903492497e-10
13156,,6.090069504625435e-10
13157,,6.089993566206954e-10
13158,,6.089945938254935e-10
13159,,6.08990693297796e-10
13160,,6.089654058305712e-10
13161,,6.089573121347173e-10
13162,,6.089524005879917e-10
13163,,6.089484582236289e-10
13164,,6.08924010877555e-10
13165,,6.089153546674422e-10
13166,,6.089102752802995e-10
13167,,6.089062852877216e-10
13168,,6.088827766591532e-10
13169,,6.088734875452082e-10
13170,,6.088682189181585e-10
13171,,6.088641747413701e-10
13172,,6.088417156825258e-10
13173,,6.088317145293096e-10
13174,,6.088262325336128e-10
13175,,6.088221268268706e-10
13176,,6.088008419444421e-10
13177,,6.087900398336728e-10
13178,,6.087843173787398e-10
13179,,6.087801418943415e-10
13180,,6.087601712591698e-10
13181,,6.087484681575875e-10
13182,,6.087424748241499e-10
13183,,6.087382202861527e-10
13184,,6.087197213014605e-10
13185,,6.087070048876701e-10
13186,,6.087007064580725e-10
13187,,6.086963624364232e-10
13188,,6.086926138047315e-10
13189,,6.08665656053857e-10
13190,,6.086590140074108e-10
13191,,6.086545688098062e-10
13192,,6.08650792786484e-10
13193,,6.086244283973506e-10
13194,,6.086173995311772e-10
13195,,6.086128399635206e-10
13196,,6.086090325378677e-10
13197,,6.085833295572329e-10
13198,,6.085758652703448e-10
13199,,6.085711765328417e-10
13200,,6.085673331827782e-10
13201,,6.085423681220203e-10
13202,,6.085344137718966e-10
13203,,6.085295792480974e-10
13204,,6.085256949104733e-10
13205,,6.085015537518319e-10
13206,,6.08493047935359e-10
13207,,6.084880488954443e-10
13208,,6.084841178793544e-10
13209,,6.084608972841934e-10
13210,,6.08451771024046e-10
13211,,6.084465864377876e-10
13212,,6.084426023382748e-10
13213,,6.084204109957707e-10
13214,,6.084105866615149e-10
13215,,6.084051929390419e-10
13216,,6.08401148535015e-10
13217,,6.083801085951081e-10
13218,,6.083694990148073e-10
13219,,6.083638695765994e-10
13220,,6.083597567991795e-10
13221,,6.083400056034316e-10
13222,,6.083285127113352e-10
13223,,6.0832261771336e-10
13224,,6.083184274668904e-10
13225,,6.083001193309175e-10
13226,,6.082876330107211e-10
13227,,6.082814388949265e-10
13228,,6.082771609575925e-10
13229,,6.082734667045034e-10
13230,,6.082468658218267e-10
13231,,6.082403348670346e-10
13232,,6.082359577134902e-10
13233,,6.082322366689376e-10
13234,,6.082062177274313e-10
13235,,6.081993075686817e-10
13236,,6.081948183438851e-10
13237,,6.081910665242364e-10
13238,,6.081656962791013e-10
13239,,6.081583592506999e-10
13240,,6.081537434172941e-10
13241,,6.081499564133625e-10
13242,,6.081253098370811e-10
13243,,6.081174924071856e-10
13244,,6.081127336304269e-10
13245,,6.081089064768935e-10
13246,,6.080850679304093e-10
13247,,6.080767098479331e-10
13248,,6.080717898208064e-10
13249,,6.080679169224206e-10
13250,,6.080449811423901e-10
13251,,6.080360147751784e-10
13252,,6.080309128890822e-10
13253,,6.080269879557508e-10
13254,,6.080050615120164e-10
13255,,6.079954107751638e-10
13256,,6.079901038673668e-10
13257,,6.079861198458009e-10
13258,,6.079653224799965e-10
13259,,6.079549018884999e-10
13260,,6.079493639266015e-10
13261,,6.079453128970391e-10
13262,,6.079257792710312e-10
13263,,6.07914492727928e-10
13264,,6.079086943970673e-10
13265,,6.079045674550305e-10
13266,,6.078864488602057e-10
13267,,6.078741883753796e-10
13268,,6.078680968268075e-10
13269,,6.07863883905899e-10
13270,,6.078602432975798e-10
13271,,6.078339946166755e-10
13272,,6.078275728730809e-10
13273,,6.078232627488265e-10
13274,,6.078195958495771e-10
13275,,6.07793917978036e-10
13276,,6.077871244650784e-10
13277,,6.077827044753103e-10
13278,,6.07779007447266e-10
13279,,6.077539657943067e-10
13280,,6.07746753814216e-10
13281,,6.077422097136085e-10
13282,,6.077384781992925e-10
13283,,6.077141463029284e-10
13284,,6.077064633479293e-10
13285,,6.07701779139565e-10
13286,,6.076980082886319e-10
13287,,6.076744688118542e-10
13288,,6.076662558278714e-10
13289,,6.076614135554196e-10
13290,,6.076575978783525e-10
13291,,6.076349437287272e-10
13292,,6.076261343982722e-10
13293,,6.076211138540965e-10
13294,,6.07617247197305e-10
13295,,6.075955828360234e-10
13296,,6.07586102568089e-10
13297,,6.075808810350189e-10
13298,,6.075769564920086e-10
13299,,6.075563993250137e-10
13300,,6.075461643214583e-10
13301,,6.075407162727037e-10
13302,,6.075367260494497e-10
13303,,6.075174081128269e-10
13304,,6.075063241252882e-10
13305,,6.075006208771486e-10
13306,,6.074965562332752e-10
13307,,6.07478625848319e-10
13308,,6.074665870064599e-10
13309,,6.074605962974203e-10
13310,,6.074564474163538e-10
13311,,6.074528595974966e-10
13312,,6.074269586517544e-10
13313,,6.074206442193899e-10
13314,,6.074164000485277e-10
13315,,6.074127865175695e-10
13316,,6.073874454139165e-10
13317,,6.073807665374392e-10
13318,,6.07376414668248e-10
13319,,6.073727715984659e-10
13320,,6.07348054513715e-10
13321,,6.073409653793513e-10
13322,,6.073364918679889e-10
13323,,6.073328150297693e-10
13324,,6.073087940139624e-10
13325,,6.073012431410089e-10
13326,,6.072966323072691e-10
13327,,6.072929169275908e-10
13328,,6.072696730339947e-10
13329,,6.072616025530271e-10
13330,,6.072568367669919e-10
13331,,6.072530774613211e-10
13332,,6.072307017873631e-10
13333,,6.072220466774292e-10
13334,,6.072171061246396e-10
13335,,6.072132968722413e-10
13336,,6.071918918414203e-10
13337,,6.071825789515333e-10
13338,,6.071774413787705e-10
13339,,6.071735753864638e-10
13340,,6.07153256084422e-10
13341,,6.071432032770759e-10
13342,,6.0713784367245e-10
13343,,6.071339132969392e-10
13344,,6.07114809175123e-10
13345,,6.07103924055594e-10
13346,,6.070983142260034e-10
13347,,6.070943109533059e-10
13348,,6.070765674335706e-10
13349,,6.070647461858055e-10
13350,,6.070588545743418e-10
13351,,6.070547687033834e-10
13352,,6.070512329498626e-10
13353,,6.070256752469535e-10
13354,,6.070194663078656e-10
13355,,6.07015287046876e-10
13356,,6.070117260739454e-10
13357,,6.069867174864647e-10
13358,,6.069801512740853e-10
13359,,6.069758664533466e-10
13360,,6.069722765628841e-10
13361,,6.069478799807482e-10
13362,,6.069409115665586e-10
13363,,6.069365074982095e-10
13364,,6.069328845351694e-10
13365,,6.069091706354344e-10
13366,,6.069017495366615e-10
13367,,6.068972108750579e-10
13368,,6.068935501331168e-10
13369,,6.068705983737759e-10
13370,,6.068626678645876e-10
13371,,6.068579773282688e-10
13372,,6.068542735548846e-10
13373,,6.068321732023994e-10
13374,,6.068236695591831e-10
13375,,6.068188077024268e-10
13376,,6.068150549721822e-10
13377,,6.067939064808599e-10
13378,,6.067847579801616e-10
13379,,6.067797029769386e-10
13380,,6.067758946650679e-10
13381,,6.067558108781006e-10
13382,,6.067459369644244e-10
13383,,6.067406642839784e-10
13384,,6.067367928843036e-10
13385,,6.067179006804384e-10
13386,,6.067072107906494e-10
13387,,6.067016928433137e-10
13388,,6.066977499628446e-10
13389,,6.06680191952782e-10
13390,,6.066685842854288e-10
13391,,6.066627901102308e-10
13392,,6.06658766305651e-10
13393,,6.066552818090555e-10
13394,,6.066300629451464e-10
13395,,6.06623957670454e-10
13396,,6.066198423136082e-10
13397,,6.066163331390363e-10
13398,,6.065916528732677e-10
13399,,6.06585197330102e-10
13400,,6.065809785179486e-10
13401,,6.065774410115532e-10
13402,,6.065533609794085e-10
13403,,6.06546511142119e-10
13404,,6.06542175442804e-10
13405,,6.065386055400344e-10
13406,,6.065151950256368e-10
13407,,6.065079014233012e-10
13408,,6.065034337820079e-10
13409,,6.064998268951512e-10
13410,,6.064771637834823e-10
13411,,6.064693707841715e-10
13412,,6.064647542624079e-10
13413,,6.064611051894609e-10
13414,,6.064392770792901e-10
13415,,6.064309221599117e-10
13416,,6.064261377171906e-10
13417,,6.064224406641552e-10
13418,,6.064015460144537e-10
13419,,6.063925588977153e-10
13420,,6.063875851056428e-10
13421,,6.063838335773318e-10
13422,,6.063639829721811e-10
13423,,6.063542846952449e-10
13424,,6.063490975266554e-10
13425,,6.063452841763595e-10
13426,,6.063266020528315e-10
13427,,6.063161037821649e-10
13428,,6.063106761897745e-10
13429,,6.06306792788661e-10
13430,,6.062894189138319e-10
13431,,6.062780209114439e-10
13432,,6.06272322497412e-10
13433,,6.06268359779376e-10
13434,,6.062649258071245e-10
13435,,6.06240041419229e-10
13436,,6.062340380241759e-10
13437,,6.06229985586042e-10
13438,,6.062265274464104e-10
13439,,6.062021713154515e-10
13440,,6.061958245401421e-10
13441,,6.061916706856893e-10
13442,,6.061881847891964e-10
13443,,6.061644173795042e-10
13444,,6.061576840643129e-10
13445,,6.061534156512225e-10
13446,,6.061498980041807e-10
13447,,6.061267872046695e-10
13448,,6.061196188452807e-10
13449,,6.06115221101082e-10
13450,,6.061116671978355e-10
13451,,6.060892894229868e-10
13452,,6.060816314633449e-10
13453,,6.060770877500062e-10
13454,,6.060734925475963e-10
13455,,6.060519336178102e-10
13456,,6.0604372479105e-10
13457,,6.060390164756569e-10
13458,,6.060353742690592e-10
13459,,6.060147306952092e-10
13460,,6.060059020866352e-10
13461,,6.060010081610553e-10
13462,,6.059973125671283e-10
13463,,6.059776928281527e-10
13464,,6.059681669968647e-10
13465,,6.059630639051766e-10
13466,,6.059593077315144e-10
13467,,6.059408337889842e-10
13468,,6.059305236670559e-10
13469,,6.059251848828893e-10
13470,,6.059213600434888e-10
13471,,6.059041689773052e-10
13472,,6.058929767542427e-10
13473,,6.058873724844449e-10
13474,,6.058834699119177e-10
13475,,6.058800857180907e-10
13476,,6.058555314905271e-10
13477,,6.05849628241308e-10
13478,,6.058456377232049e-10
13479,,6.058422298547561e-10
13480,,6.058181937780205e-10
13481,,6.058119538859514e-10
13482,,6.0580786395726e-10
13483,,6.058044289349128e-10
13484,,6.057809702221721e-10
13485,,6.057743514039642e-10
13486,,6.057701491815074e-10
13487,,6.057666830490829e-10
13488,,6.057438683314198e-10
13489,,6.057368229902961e-10
13490,,6.057324940007282e-10
13491,,6.05728992366176e-10
13492,,6.057068964990098e-10
13493,,6.056993711890733e-10
13494,,6.056948991350973e-10
13495,,6.056913570043493e-10
13496,,6.056700641875592e-10
13497,,6.056619988113167e-10
13498,,6.056573653962399e-10
13499,,6.056537771962214e-10
13500,,6.056333820405397e-10
13501,,6.056247090336913e-10
13502,,6.05619893681031e-10
13503,,6.056162531628122e-10
13504,,6.055968620035319e-10
13505,,6.055875054820385e-10
13506,,6.05582485061941e-10
13507,,6.055787851703686e-10
13508,,6.055605175934084e-10
13509,,6.0555039217531e-10
13510,,6.055451406991427e-10
13511,,6.05541373520407e-10
13512,,6.055243638938185e-10
13513,,6.055133736661053e-10
13514,,6.055078619395085e-10
13515,,6.055040185822889e-10
13516,,6.055006834440295e-10
13517,,6.054764551136517e-10
13518,,6.054706502809257e-10
13519,,6.054667207125411e-10
13520,,6.054633623949356e-10
13521,,6.054396422775156e-10
13522,,6.054335074441696e-10
13523,,6.05429480450171e-10
13524,,6.054260955133601e-10
13525,,6.054029416975286e-10
13526,,6.053964353523826e-10
13527,,6.05392298295706e-10
13528,,6.053888828939053e-10
13529,,6.053663606422776e-10
13530,,6.053594361879968e-10
13531,,6.05355174862767e-10
13532,,6.053517246552339e-10
13533,,6.053299074252302e-10
13534,,6.053225124079984e-10
13535,,6.053181108285157e-10
13536,,6.053146209582107e-10
13537,,6.052935912611557e-10
13538,,6.052856667865849e-10
13539,,6.052811070217778e-10
13540,,6.052775720241923e-10
13541,,6.052574226026736e-10
13542,,6.052489024378536e-10
13543,,6.052441643475355e-10
13544,,6.052405780635424e-10
13545,,6.052214131763313e-10
13546,,6.052122228955231e-10
13547,,6.052072837772396e-10
13548,,6.05203639316164e-10
13549,,6.051855762201375e-10
13550,,6.051756321329922e-10
13551,,6.051704665041012e-10
13552,,6.051667560929562e-10
13553,,6.051499265250548e-10
13554,,6.051391346058775e-10
13555,,6.051337138288772e-10
13556,,6.051299287513763e-10
13557,,6.05126641966083e-10
13558,,6.051027353501033e-10
13559,,6.0509702722959e-10
13560,,6.050931576919414e-10
13561,,6.050898481903183e-10
13562,,6.050664400214931e-10
13563,,6.050604084179233e-10
13564,,6.050564433517173e-10
13565,,6.050531077882889e-10
13566,,6.050302550422045e-10
13567,,6.050238592280944e-10
13568,,6.050197862829194e-10
13569,,6.050164208522399e-10
13570,,6.049941875453825e-10
13571,,6.049873818201752e-10
13572,,6.049831870646629e-10
13573,,6.049797875422271e-10
13574,,6.049582456488579e-10
13575,,6.049509785980637e-10
13576,,6.049466463947652e-10
13577,,6.049432080022149e-10
13578,,6.049224384035574e-10
13579,,6.049146523079271e-10
13580,,6.049101650181573e-10
13581,,6.049066824050558e-10
13582,,6.048867760791147e-10
13583,,6.048784059803425e-10
13584,,6.048737438646193e-10
13585,,6.048702109974244e-10
13586,,6.048512701479458e-10
13587,,6.04842243059659e-10
13588,,6.048373839025468e-10
13589,,6.048337940149586e-10
13590,,6.048159335828099e-10
13591,,6.048061674903678e-10
13592,,6.048010862743994e-10
13593,,6.047974317571362e-10
13594,,6.047807808843686e-10
13595,,6.047701835916353e-10
13596,,6.047648522550315e-10
13597,,6.047611245793993e-10
13598,,6.047578854093274e-10
13599,,6.047342963505832e-10
13600,,6.047286833130006e-10
13601,,6.047248728360066e-10
13602,,6.047216114165996e-10
13603,,6.046985112675336e-10
13604,,6.046925810806085e-10
13605,,6.046886769848928e-10
13606,,6.046853900508711e-10
13607,,6.04662834636296e-10
13608,,6.046565474200013e-10
13609,,6.046525375683078e-10
13610,,6.04649221383318e-10
13611,,6.046272734847773e-10
13612,,6.046205844027538e-10
13613,,6.046164551430863e-10
13614,,6.046131055661045e-10
13615,,6.045918357494991e-10
13616,,6.045846944224021e-10
13617,,6.04580430427084e-10
13618,,6.045770427502028e-10
13619,,6.045565303111803e-10
13620,,6.045488801079188e-10
13621,,6.04544464111609e-10
13622,,6.045410331235116e-10
13623,,6.045213672111374e-10
13624,,6.045131444789765e-10
13625,,6.045085570974543e-10
13626,,6.045050768687879e-10
13627,,6.044863577564017e-10
13628,,6.044774909364666e-10
13629,,6.0447271039799e-10
13630,,6.044691742630891e-10
13631,,6.044515146067195e-10
13632,,6.044419232743841e-10
13633,,6.044369250384643e-10
13634,,6.044333255717557e-10
13635,,6.044168520131201e-10
13636,,6.044064457844783e-10
13637,,6.044012023561651e-10
13638,,6.043975311703779e-10
13639,,6.043943389446322e-10
13640,,6.043710633192975e-10
13641,,6.043655437524389e-10
13642,,6.043617914104173e-10
13643,,6.043585773903026e-10
13644,,6.043357813245567e-10
13645,,6.043299508222494e-10
13646,,6.043261067245949e-10
13647,,6.043228677052391e-10
13648,,6.043006059134458e-10
13649,,6.042944253876671e-10
13650,,6.042904776383404e-10
13651,,6.042872099658246e-10
13652,,6.042655439993897e-10
13653,,6.042589694993765e-10
13654,,6.042549047235361e-10
13655,,6.042516043222938e-10
13656,,6.042306033572672e-10
13657,,6.042235855120192e-10
13658,,6.042193886291432e-10
13659,,6.042160509139861e-10
13660,,6.041957926987152e-10
13661,,6.041882759763647e-10
13662,,6.041839300905547e-10
13663,,6.041805499173551e-10
13664,,6.041611218850588e-10
13665,,6.041530438623644e-10
13666,,6.041485299682331e-10
13667,,6.041451015484875e-10
13668,,6.041266019363071e-10
13669,,6.041178924656745e-10
13670,,6.041131892270857e-10
13671,,6.041097060380737e-10
13672,,6.040922453499059e-10
13673,,6.040828255809647e-10
13674,,6.040779089345098e-10
13675,,6.04074363686294e-10
13676,,6.040580660510879e-10
13677,,6.04047847366027e-10
13678,,6.040426903646223e-10
13679,,6.040390748105528e-10
13680,,6.040359288038305e-10
13681,,6.040129625962404e-10
13682,,6.04007534884169e-10
13683,,6.040038397681859e-10
13684,,6.040006724569265e-10
13685,,6.039781765700621e-10
13686,,6.039724440690968e-10
13687,,6.039686590144287e-10
13688,,6.039654671843564e-10
13689,,6.039434953638472e-10
13690,,6.039374196874272e-10
13691,,6.039335330330074e-10
13692,,6.039303131553871e-10
13693,,6.039089256797892e-10
13694,,6.039024637788392e-10
13695,,6.038984624069264e-10
13696,,6.038952104638001e-10
13697,,6.03874475155933e-10
13698,,6.03867578588869e-10
13699,,6.038634477430582e-10
13700,,6.038601592566203e-10
13701,,6.038401523493364e-10
13702,,6.03832766712339e-10
13703,,6.038284898134444e-10
13704,,6.038251597073275e-10
13705,,6.038059669225827e-10
13706,,6.037980310024697e-10
13707,,6.037935894063827e-10
13708,,6.037902120170808e-10
13709,,6.037719296935821e-10
13710,,6.0376337473426e-10
13711,,6.037587474997526e-10
13712,,6.037553164305113e-10
13713,,6.037380528636752e-10
13714,,6.037288015432185e-10
13715,,6.037239651385526e-10
13716,,6.037204732377657e-10
13717,,6.037043501639091e-10
13718,,6.036943155783055e-10
13719,,6.036892435339446e-10
13720,,6.036856827211072e-10
13721,,6.036825823261651e-10
13722,,6.03659921489902e-10
13723,,6.03654584063383e-10
13724,,6.036509452809228e-10
13725,,6.036478239773903e-10
13726,,6.036256245081662e-10
13727,,6.036199882567433e-10
13728,,6.036162613350653e-10
13729,,6.03613116029846e-10
13730,,6.035914305266e-10
13731,,6.03585457866516e-10
13732,,6.035816313611959e-10
13733,,6.03578458568672e-10
13734,,6.035573461534953e-10
13735,,6.035509948655353e-10
13736,,6.035470559152273e-10
13737,,6.035438516963915e-10
13738,,6.03523378902863e-10
13739,,6.035166014854294e-10
13740,,6.035125356112796e-10
13741,,6.035092955916756e-10
13742,,6.034895371312141e-10
13743,,6.034822802327495e-10
13744,,6.034780711834873e-10
13745,,6.0347479038371e-10
13746,,6.034558302972712e-10
13747,,6.034480339373765e-10
13748,,6.034436634312965e-10
13749,,6.034403362970085e-10
13750,,6.034222690369662e-10
13751,,6.034138657807971e-10
13752,,6.034093133039141e-10
13753,,6.034059335580853e-10
13754,,6.03388865322665e-10
13755,,6.0337977933552e-10
13756,,6.033750218088686e-10
13757,,6.033715824632852e-10
13758,,6.033556325562036e-10
13759,,6.033457786944105e-10
13760,,6.03340790162228e-10
13761,,6.033372832743683e-10
13762,,6.033342277705038e-10
13763,,6.033118683820657e-10
13764,,6.033066196974531e-10
13765,,6.033030363981695e-10
13766,,6.032999604196522e-10
13767,,6.032780535367583e-10
13768,,6.032725119102862e-10
13769,,6.032688422209815e-10
13770,,6.032657427344724e-10
13771,,6.032443399668633e-10
13772,,6.032384685267108e-10
13773,,6.032347012161795e-10
13774,,6.032315748124673e-10
13775,,6.032107341117608e-10
13776,,6.032044914909173e-10
13777,,6.03200613945809e-10
13778,,6.031974567525391e-10
13779,,6.031772433350705e-10
13780,,6.031705829735761e-10
13781,,6.031665810094556e-10
13782,,6.031633887294776e-10
13783,,6.031438758611075e-10
13784,,6.031367454213566e-10
13785,,6.03132603112461e-10
13786,,6.031293708852887e-10
13787,,6.031106409493077e-10
13788,,6.031029816113456e-10
13789,,6.030986810663998e-10
13790,,6.030954034042315e-10
13791,,6.03077549014757e-10
13792,,6.030692946911372e-10
13793,,6.030648157498853e-10
13794,,6.030614865663542e-10
13795,,6.030446118058407e-10
13796,,6.030356881554085e-10
13797,,6.030310081882058e-10
13798,,6.030276205818608e-10
13799,,6.030118424456673e-10
13800,,6.030021659986616e-10
13801,,6.029972595693283e-10
13802,,6.02993805762267e-10
13803,,6.029907945116405e-10
13804,,6.029687326702086e-10
13805,,6.029635711973413e-10
13806,,6.029600425101738e-10
13807,,6.029570111916052e-10
13808,,6.02935393199902e-10
13809,,6.029299445423285e-10
13810,,6.029263311585905e-10
13811,,6.029232768320433e-10
13812,,6.029021532618041e-10
13813,,6.028963812937225e-10
13814,,6.028926722479196e-10
13815,,6.02889591520895e-10
13816,,6.028690192157013e-10
13817,,6.028628833486596e-10
13818,,6.028590662341537e-10
13819,,6.028559553811388e-10
13820,,6.028359982527938e-10
13821,,6.028294528451686e-10
13822,,6.028255137737993e-10
13823,,6.028223685164828e-10
13824,,6.028030984361937e-10
13825,,6.027960921752149e-10
13826,,6.027920155335183e-10
13827,,6.027888311318244e-10
13828,,6.027703288323153e-10
13829,,6.027628040644561e-10
13830,,6.027585722973507e-10
13831,,6.027553433988413e-10
13832,,6.027376996774599e-10
13833,,6.027295916036648e-10
13834,,6.027251849514046e-10
13835,,6.027219055608737e-10
13836,,6.027052224697214e-10
13837,,6.026964582085782e-10
13838,,6.026918544998045e-10
13839,,6.026885178285099e-10
13840,,6.026729101079252e-10
13841,,6.026634077985411e-10
13842,,6.026585820895307e-10
13843,,6.026551805472355e-10
13844,,6.026522128800816e-10
13845,,6.026304447358298e-10
13846,,6.026253690044086e-10
13847,,6.026218940441131e-10
13848,,6.026189067585438e-10
13849,,6.025975739494629e-10
13850,,6.025922166715031e-10
13851,,6.025886587381122e-10
13852,,6.025856488704622e-10
13853,,6.02564801015622e-10
13854,,6.025591267893104e-10
13855,,6.025554750525886e-10
13856,,6.025524393607629e-10
13857,,6.025321321516121e-10
13858,,6.025261011700666e-10
13859,,6.025223435168566e-10
13860,,6.025192782846912e-10
13861,,6.024995744158341e-10
13862,,6.02493141922174e-10
13863,,6.024892647333754e-10
13864,,6.024861658151934e-10
13865,,6.024671356931984e-10
13866,,6.02460251425e-10
13867,,6.024562393554718e-10
13868,,6.02453102087463e-10
13869,,6.024348249211727e-10
13870,,6.024274323040677e-10
13871,,6.02423268175197e-10
13872,,6.024200873050512e-10
13873,,6.024026520737622e-10
13874,,6.023946875993599e-10
13875,,6.023903520488873e-10
13876,,6.023871216795865e-10
13877,,6.023706284639453e-10
13878,,6.023620206803203e-10
13879,,6.023574919525789e-10
13880,,6.023542054475716e-10
13881,,6.023387667417784e-10
13882,,6.023294353816702e-10
13883,,6.023246890240674e-10
13884,,6.023213389315777e-10
13885,,6.023184142305242e-10
13886,,6.022969359708377e-10
13887,,6.022919444980199e-10
13888,,6.022885224768551e-10
13889,,6.022855785322513e-10
13890,,6.022645272898661e-10
13891,,6.022592598118148e-10
13892,,6.022557564247581e-10
13893,,6.02252790400699e-10
13894,,6.022322147882892e-10
13895,,6.02226636590471e-10
13896,,6.022230412675638e-10
13897,,6.022200499286208e-10
13898,,6.022000045804271e-10
13899,,6.021940766396408e-10
13900,,6.02190377498108e-10
13901,,6.021873572151839e-10
13902,,6.021679035728539e-10
13903,,6.021615820110818e-10
13904,,6.021577656860143e-10
13905,,6.021547123975058e-10
13906,,6.02135919507916e-10
13907,,6.021291550167634e-10
13908,,6.021252065222417e-10
13909,,6.02122115639494e-10
13910,,6.021040611346974e-10
13911,,6.020967982994978e-10
13912,,6.020927007179843e-10
13913,,6.02089567118764e-10
13914,,6.020723382347754e-10
13915,,6.020645147841669e-10
13916,,6.020602491357769e-10
13917,,6.020570670270029e-10
13918,,6.020407619192363e-10
13919,,6.020323077639839e-10
13920,,6.020278527525179e-10
13921,,6.020246156463751e-10
13922,,6.020093445465174e-10
13923,,6.020001809927788e-10
13924,,6.019955126563728e-10
13925,,6.019922132411608e-10
13926,,6.019781001351199e-10
13927,,6.019681387115351e-10
13928,,6.019632300918382e-10
13929,,6.019598601500076e-10
13930,,6.019569589377649e-10
13931,,6.019361856508621e-10
13932,,6.019310064373437e-10
13933,,6.019275567506131e-10
13934,,6.019246339049831e-10
13935,,6.019043271095325e-10
13936,,6.01898843297826e-10
13937,,6.018953034945492e-10
13938,,6.018923558607118e-10
13939,,6.018725691218772e-10
13940,,6.01866742409642e-10
13941,,6.018631008526886e-10
13942,,6.018601248772503e-10
13943,,6.018409184437066e-10
13944,,6.018347058675268e-10
13945,,6.018309494341957e-10
13946,,6.018279411172496e-10
13947,,6.018093826666893e-10
13948,,6.018027358546887e-10
13949,,6.017988498483491e-10
13950,,6.017958047011113e-10
13951,,6.017779703665687e-10
13952,,6.017708349839834e-10
13953,,6.017668028528711e-10
13954,,6.017637158212358e-10
13955,,6.017466911595285e-10
13956,,6.01739006141608e-10
13957,,6.017348092659412e-10
13958,,6.017316747015003e-10
13959,,6.017155558754847e-10
13960,,6.017072525528771e-10
13961,,6.017028700348189e-10
13962,,6.016996815620302e-10
13963,,6.016845767067928e-10
13964,,6.016755779114085e-10
13965,,6.01670986255185e-10
13966,,6.016677367053064e-10
13967,,6.016537673339267e-10
13968,,6.016439863102201e-10
13969,,6.016391590927636e-10
13970,,6.016358404451747e-10
13971,,6.016329813290762e-10
13972,,6.016124824268814e-10
13973,,6.016073899615721e-10
13974,,6.016039931547895e-10
13975,,6.016011128489254e-10
13976,,6.015810715040648e-10
13977,,6.01575680404878e-10
13978,,6.015721952591125e-10
13979,,6.01569290666309e-10
13980,,6.015497593710314e-10
13981,,6.015440321382518e-10
13982,,6.015404472469515e-10
13983,,6.015375148909705e-10
13984,,6.015185527255242e-10
13985,,6.015124471770674e-10
13986,,6.015087496957215e-10
13987,,6.015057856389868e-10
13988,,6.014874589594099e-10
13989,,6.01480927725428e-10
13990,,6.014771032025868e-10
13991,,6.014741030710119e-10
13992,,6.014564865195797e-10
13993,,6.014494762859069e-10
13994,,6.014455085221285e-10
13995,,6.014424673545513e-10
13996,,6.014256447668723e-10
13997,,6.014180956980448e-10
13998,,6.014139664444065e-10
13999,,6.014108787016801e-10
14000,,6.013949444108343e-10
14001,,6.01386789168963e-10
14002,,6.01382477924575e-10
14003,,6.013793373442051e-10
14004,,6.013643973236352e-10
14005,,6.013555602485715e-10
14006,,6.013510439867449e-10
14007,,6.013478435526583e-10
14008,,6.013340169637223e-10
14009,,6.013244130178883e-10
14010,,6.01319665825639e-10
14011,,6.013163976671856e-10
14012,,6.013135800247358e-10
14013,,6.012933520185088e-10
14014,,6.012883447971144e-10
14015,,6.012850000052978e-10
14016,,6.012821616358232e-10
14017,,6.012623823790576e-10
14018,,6.012570824085869e-10
14019,,6.012536510487965e-10
14020,,6.012507888792873e-10
14021,,6.012315098849944e-10
14022,,6.012258803770517e-10
14023,,6.012223512450075e-10
14024,,6.012194618614035e-10
14025,,6.012007410175721e-10
14026,,6.01194740630235e-10
14027,,6.011911011305367e-10
14028,,6.011881807080347e-10
14029,,6.011700830859208e-10
14030,,6.011636653526137e-10
14031,,6.011599013318661e-10
14032,,6.01156945552883e-10
14033,,6.01139544321292e-10
14034,,6.011326570083365e-10
14035,,6.011287525719201e-10
14036,,6.011257565744237e-10
14037,,6.011091339729737e-10
14038,,6.011017183857222e-10
14039,,6.010976556424304e-10
14040,,6.01094614001004e-10
14041,,6.010788624546175e-10
14042,,6.010708525849296e-10
14043,,6.010666114277224e-10
14044,,6.010635180049084e-10
14045,,6.01048741451275e-10
14046,,6.010400631325248e-10
14047,,6.010356210076725e-10
14048,,6.010324689142149e-10
14049,,6.010187841772354e-10
14050,,6.01009354027209e-10
14051,,6.010046854941634e-10
14052,,6.0100146701994e-10
14053,,6.009986902717105e-10
14054,,6.009787296877268e-10
14055,,6.009738062360124e-10
14056,,6.009705126815298e-10
14057,,6.009677155888801e-10
14058,,6.009481951563397e-10
14059,,6.009429847073811e-10
14060,,6.009396062882302e-10
14061,,6.00936785905212e-10
14062,,6.009177561038697e-10
14063,,6.00912222594805e-10
14064,,6.009087483412607e-10
14065,,6.009059012965332e-10
14066,,6.008874188941958e-10
14067,,6.008815217990944e-10
14068,,6.008779393546403e-10
14069,,6.008750618952907e-10
14070,,6.008571906733412e-10
14071,,6.008508844405571e-10
14072,,6.008471799329972e-10
14073,,6.008442678291987e-10
14074,,6.008270795565584e-10
14075,,6.008203129502662e-10
14076,,6.008164707965763e-10
14077,,6.008135192947346e-10
14078,,6.007970945636773e-10
14079,,6.007898100532771e-10
14080,,6.007858127030452e-10
14081,,6.007828164559661e-10
14082,,6.007672459178321e-10
14083,,6.007593787800503e-10
14084,,6.007552065582095e-10
14085,,6.007521595624488e-10
14086,,6.007375450726682e-10
14087,,6.007290226272931e-10
14088,,6.007246533451702e-10
14089,,6.007215488889603e-10
14090,,6.007080049865603e-10
14091,,6.006987454376073e-10
14092,,6.006941542402547e-10
14093,,6.006909846953907e-10
14094,,6.006882482229359e-10
14095,,6.006685516213053e-10
14096,,6.006637105158401e-10
14097,,6.00660467375028e-10
14098,,6.006577109857984e-10
14099,,6.006384460908827e-10
14100,,6.006333236268023e-10
14101,,6.00629997314846e-10
14102,,6.006272180907915e-10
14103,,6.006084343973009e-10
14104,,6.006029952297712e-10
14105,,6.005995749706023e-10
14106,,6.005967696409158e-10
14107,,6.005785228028389e-10
14108,,6.005727271859127e-10
14109,,6.005692008777232e-10
14110,,6.005663657411086e-10
14111,,6.005487183129501e-10
14112,,6.005425215755143e-10
14113,,6.005388756120546e-10
14114,,6.005360065360322e-10
14115,,6.00519028824804e-10
14116,,6.005123807631913e-10
14117,,6.00508599879012e-10
14118,,6.005056921941893e-10
14119,,6.004894632442879e-10
14120,,6.004823074394401e-10
14121,,6.004783744306092e-10
14122,,6.00475422900196e-10
14123,,6.004600315996756e-10
14124,,6.004523045976023e-10
14125,,6.004482001265177e-10
14126,,6.004451988738837e-10
14127,,6.004307450822828e-10
14128,,6.00422375608115e-10
14129,,6.004180779791951e-10
14130,,6.004150203960976e-10
14131,,6.004016164030375e-10
14132,,6.003925243002053e-10
14133,,6.003880091056394e-10
14134,,6.003848877348514e-10
14135,,6.00382190946706e-10
14136,,6.003627549496501e-10
14137,,6.003579947707902e-10
14138,,6.003548012563071e-10
14139,,6.003520849743164e-10
14140,,6.003330723885329e-10
14141,,6.003280363941955e-10
14142,,6.003247613466995e-10
14143,,6.003220226910941e-10
14144,,6.003034820908303e-10
14145,,6.002981355850012e-10
14146,,6.002947684680841e-10
14147,,6.002920042233639e-10
14148,,6.002739901274041e-10
14149,,6.002682941760182e-10
14150,,6.002648231032012e-10
14151,,6.002620296690152e-10
14152,,6.002446034021299e-10
14153,,6.002385142284442e-10
14154,,6.002349258618908e-10
14155,,6.00232099153082e-10
14156,,6.002153296934186e-10
14157,,6.00208798045375e-10
14158,,6.002050774036531e-10
14159,,6.00202212882011e-10
14160,,6.001861776797156e-10
14161,,6.001791482463876e-10
14162,,6.001752784778604e-10
14163,,6.00172370991988e-10
14164,,6.001571571854904e-10
14165,,6.00149567774227e-10
14166,,6.001455299448662e-10
14167,,6.001425737208341e-10
14168,,6.001282792309506e-10
14169,,6.001200599662724e-10
14170,,6.001158327700058e-10
14171,,6.001128213295148e-10
14172,,6.000995562556132e-10
14173,,6.000906285219317e-10
14174,,6.000861880662738e-10
14175,,6.000831140943921e-10
14176,,6.000804564137057e-10
14177,,6.000612776686533e-10
14178,,6.000565970185738e-10
14179,,6.000534523724865e-10
14180,,6.000507755922501e-10
14181,,6.000320121523495e-10
14182,,6.000270611143075e-10
14183,,6.000238365320529e-10
14184,,6.000211378381976e-10
14185,,6.000028373035801e-10
14186,,5.999975818608973e-10
14187,,5.999942670234287e-10
14188,,5.999915432735216e-10
14189,,5.999737591076283e-10
14190,,5.999681610802244e-10
14191,,5.999647443502798e-10
14192,,5.999619919887966e-10
14193,,5.999447843186083e-10
14194,,5.999388007840239e-10
14195,,5.999352690742371e-10
14196,,5.999324841199113e-10
14197,,5.999159205302301e-10
14198,,5.99909503225202e-10
14199,,5.999058418591185e-10
14200,,5.999030198350747e-10
14201,,5.99887176321204e-10
14202,,5.998802710012883e-10
14203,,5.998764634371403e-10
14204,,5.99873599307729e-10
14205,,5.998585612673713e-10
14206,,5.998511069543263e-10
14207,,5.998471346345965e-10
14208,,5.998442227574524e-10
14209,,5.998300862062073e-10
14210,,5.998220143649134e-10
14211,,5.998178564463444e-10
14212,,5.998148904378468e-10
14213,,5.998017632918051e-10
14214,,5.997929968946299e-10
14215,,5.997886298821282e-10
14216,,5.997856026065194e-10
14217,,5.997829834555989e-10
14218,,5.997640586762901e-10
14219,,5.997594562075057e-10
14220,,5.997563596346019e-10
14221,,5.997537217671405e-10
14222,,5.99735204332009e-10
14223,,5.997303367829047e-10
14224,,5.997271618741187e-10
14225,,5.997245025508462e-10
14226,,5.997064390986353e-10
14227,,5.997012731430956e-10
14228,,5.996980097654961e-10
14229,,5.99695325895382e-10
14230,,5.996777688782102e-10
14231,,5.996722670396053e-10
14232,,5.996689037857391e-10
14233,,5.996661918842599e-10
14234,,5.996492002364283e-10
14235,,5.996433204694961e-10
14236,,5.996398445211874e-10
14237,,5.99637100686719e-10
14238,,5.996207406922955e-10
14239,,5.996144356448096e-10
14240,,5.996108325942755e-10
14241,,5.996080524268005e-10
14242,,5.995923985575404e-10
14243,,5.99585615100287e-10
14244,,5.99581868728854e-10
14245,,5.995790473051947e-10
14246,,5.995641833105406e-10
14247,,5.995568616260081e-10
14248,,5.995529537518299e-10
14249,,5.995500855254294e-10
14250,,5.995361055164362e-10
14251,,5.995281784306448e-10
14252,,5.995240885836329e-10
14253,,5.995211673270335e-10
14254,,5.995081771479649e-10
14255,,5.99499569119486e-10
14256,,5.994952743022966e-10
14257,,5.994922929841658e-10
14258,,5.994897117962011e-10
14259,,5.994710377047406e-10
14260,,5.994665120784351e-10
14261,,5.994634628371764e-10
14262,,5.994608633160911e-10
14263,,5.994425887695796e-10
14264,,5.994378032450009e-10
14265,,5.994346772400611e-10
14266,,5.994320566996808e-10
14267,,5.994142274151137e-10
14268,,5.994091493545283e-10
14269,,5.994059366246753e-10
14270,,5.994032920314776e-10
14271,,5.993859594182871e-10
14272,,5.993805521088004e-10
14273,,5.993772414614252e-10
14274,,5.993745694209759e-10
14275,,5.99357791276046e-10
14276,,5.993520134432904e-10
14277,,5.993485923150604e-10
14278,,5.993458889780958e-10
14279,,5.99329730298146e-10
14280,,5.993235355352656e-10
14281,,5.993199898170396e-10
14282,,5.993172508799977e-10
14283,,5.993017846493708e-10
14284,,5.992951208505371e-10
14285,,5.992914346444045e-10
14286,,5.992886552831708e-10
14287,,5.992739636156444e-10
14288,,5.992667721642851e-10
14289,,5.992629276499672e-10
14290,,5.992601024015968e-10
14291,,5.992462775867333e-10
14292,,5.992384926037773e-10
14293,,5.992344696974648e-10
14294,,5.992315924701352e-10
14295,,5.992187382625759e-10
14296,,5.992102856959074e-10
14297,,5.992060618420886e-10
14298,,5.992031257737361e-10
14299,,5.992005819952255e-10
14300,,5.991821553928264e-10
14301,,5.991777052663834e-10
14302,,5.991747026167125e-10
14303,,5.991721408922336e-10
14304,,5.991541061501745e-10
14305,,5.991494012580144e-10
14306,,5.991463233532971e-10
14307,,5.991437410392527e-10
14308,,5.991261430203456e-10
14309,,5.991211513223152e-10
14310,,5.991179884221444e-10
14311,,5.991153825319884e-10
14312,,5.990982716173616e-10
14313,,5.990929571433766e-10
14314,,5.990896982607458e-10
14315,,5.990870654807669e-10
14316,,5.990704983493313e-10
14317,,5.990648206171447e-10
14318,,5.990614534607476e-10
14319,,5.990587900033064e-10
14320,,5.99042830349932e-10
14321,,5.990367438779604e-10
14322,,5.990332545816109e-10
14323,,5.990305562550216e-10
14324,,5.990152756488794e-10
14325,,5.990087293604891e-10
14326,,5.990051023328148e-10
14327,,5.990023644043776e-10
14328,,5.989878433572179e-10
14329,,5.989807797633455e-10
14330,,5.989769975325259e-10
14331,,5.989742146377159e-10
14332,,5.989605436395864e-10
14333,,5.989528981446432e-10
14334,,5.989489410561268e-10
14335,,5.98946107212398e-10
14336,,5.989333879614659e-10
14337,,5.989250879819957e-10
14338,,5.989209339043961e-10
14339,,5.989180423703575e-10
14340,,5.9891553545885e-10
14341,,5.988973531376968e-10
14342,,5.988929772245201e-10
14343,,5.98890020435562e-10
14344,,5.988874959593685e-10
14345,,5.988696979997043e-10
14346,,5.988650723206232e-10
14347,,5.988620417888779e-10
14348,,5.98859497116937e-10
14349,,5.98842127469332e-10
14350,,5.98837220653171e-10
14351,,5.98834106788895e-10
14352,,5.988315390344111e-10
14353,,5.988146471322149e-10
14354,,5.988094238572456e-10
14355,,5.988062159362134e-10
14356,,5.988036218286321e-10
14357,,5.98787263195751e-10
14358,,5.987816838057972e-10
14359,,5.987783697259752e-10
14360,,5.987757455734682e-10
14361,,5.987599826969563e-10
14362,,5.987540025930507e-10
14363,,5.987505687848878e-10
14364,,5.98747910465077e-10
14365,,5.987328135024376e-10
14366,,5.987263826025191e-10
14367,,5.987228137910107e-10
14368,,5.987201166260105e-10
14369,,5.987057645225874e-10
14370,,5.986988264541458e-10
14371,,5.986951054938673e-10
14372,,5.986923642921504e-10
14373,,5.986788457271945e-10
14374,,5.986713372019283e-10
14375,,5.986674448105736e-10
14376,,5.98664653669479e-10
14377,,5.986520683831753e-10
14378,,5.986439181964857e-10
14379,,5.98639832699543e-10
14380,,5.986369850155132e-10
14381,,5.986345144290189e-10
14382,,5.986165732471644e-10
14383,,5.98612270282754e-10
14384,,5.986093586670503e-10
14385,,5.986068708407408e-10
14386,,5.985893066812809e-10
14387,,5.985847588464378e-10
14388,,5.985817749124972e-10
14389,,5.985792673641199e-10
14390,,5.985621232752669e-10
14391,,5.985572998214904e-10
14392,,5.985542342259965e-10
14393,,5.98551704049107e-10
14394,,5.985350285010391e-10
14395,,5.985298948188068e-10
14396,,5.985267370047012e-10
14397,,5.985241810019092e-10
14398,,5.985080284577147e-10
14399,,5.985025456363147e-10
14400,,5.984992837910911e-10
14401,,5.984966983620138e-10
14402,,5.984811300235374e-10
14403,,5.984752543887519e-10
14404,,5.98471875159987e-10
14405,,5.984692562274158e-10
14406,,5.984543409472046e-10
14407,,5.984480233427642e-10
14408,,5.984445117855308e-10
14409,,5.984418547853214e-10
14410,,5.984276699284357e-10
14411,,5.984208551321648e-10
14412,,5.984171944036595e-10
14413,,5.984144942653077e-10
14414,,5.984011267688287e-10
14415,,5.983937526842133e-10
14416,,5.983899239309335e-10
14417,,5.983871748184412e-10
14418,,5.983747225038297e-10
14419,,5.983667193562841e-10
14420,,5.983627012688208e-10
14421,,5.98359896768062e-10
14422,,5.983574619680128e-10
14423,,5.983397588401724e-10
14424,,5.983355275702546e-10
14425,,5.983326603879019e-10
14426,,5.983302087258493e-10
14427,,5.983128753611001e-10
14428,,5.9830840405083e-10
14429,,5.983054659968121e-10
14430,,5.983029949862047e-10
14431,,5.982860736465528e-10
14432,,5.982813321165335e-10
14433,,5.982783140223148e-10
14434,,5.982758208463331e-10
14435,,5.982593590347739e-10
14436,,5.982543133664923e-10
14437,,5.98251204879081e-10
14438,,5.982486864036685e-10
14439,,5.982327375087809e-10
14440,,5.98227349570937e-10
14441,,5.982241390805368e-10
14442,,5.982215917830436e-10
14443,,5.982062158154539e-10
14444,,5.982004427604522e-10
14445,,5.98197117214063e-10
14446,,5.981945370808378e-10
14447,,5.981798015329448e-10
14448,,5.98173595192487e-10
14449,,5.981701399174761e-10
14450,,5.981675225165126e-10
14451,,5.981535032378367e-10
14452,,5.981468094308807e-10
14453,,5.981432079751353e-10
14454,,5.981405482412232e-10
14455,,5.981273304766659e-10
14456,,5.981200883844359e-10
14457,,5.98116322156833e-10
14458,,5.981136144757617e-10
14459,,5.981012941143826e-10
14460,,5.980934352769664e-10
14461,,5.98089483473059e-10
14462,,5.980867214838478e-10
14463,,5.980843219383994e-10
14464,,5.980668537920958e-10
14465,,5.980626929960068e-10
14466,,5.980598695564969e-10
14467,,5.980574535168439e-10
14468,,5.980403480330967e-10
14469,,5.9803595191675e-10
14470,,5.980330590185334e-10
14471,,5.980306240196119e-10
14472,,5.980139226462711e-10
14473,,5.980092616228796e-10
14474,,5.980062902485161e-10
14475,,5.980038335592354e-10
14476,,5.979875828717019e-10
14477,,5.979826236771264e-10
14478,,5.979795637092973e-10
14479,,5.979770822223513e-10
14480,,5.97961334559507e-10
14481,,5.979560398192018e-10
14482,,5.979528798639853e-10
14483,,5.979503701186586e-10
14484,,5.979351843296236e-10
14485,,5.97929512028601e-10
14486,,5.979262393095838e-10
14487,,5.979236973987644e-10
14488,,5.979091396293466e-10
14489,,5.979030425425621e-10
14490,,5.978996426539499e-10
14491,,5.978970642123371e-10
14492,,5.978832088441356e-10
14493,,5.978766338607788e-10
14494,,5.978730906490115e-10
14495,,5.978704707258495e-10
14496,,5.978574013412939e-10
14497,,5.978502888297211e-10
14498,,5.978465841072671e-10
14499,,5.978439171820473e-10
14500,,5.978317277630046e-10
14501,,5.978240106073363e-10
14502,,5.978201239543141e-10
14503,,5.978174037997711e-10
14504,,5.978150390362168e-10
14505,,5.977978028189087e-10
14506,,5.977937112895082e-10
14507,,5.977909309104189e-10
14508,,5.977885499596251e-10
14509,,5.977716694720854e-10
14510,,5.977673472303453e-10
14511,,5.977644987954661e-10
14512,,5.977620992737894e-10
14513,,5.977456151382876e-10
14514,,5.977410332065102e-10
14515,,5.977381078490257e-10
14516,,5.977356870679966e-10
14517,,5.977196449296692e-10
14518,,5.977147706898447e-10
14519,,5.977117584936489e-10
14520,,5.977093134067874e-10
14521,,5.976937646098181e-10
14522,,5.976885614233263e-10
14523,,5.976854512063958e-10
14524,,5.976829784471031e-10
14525,,5.976679806587206e-10
14526,,5.97662407317971e-10
14527,,5.976591865461209e-10
14528,,5.976566822774417e-10
14529,,5.976423003734671e-10
14530,,5.976363105713651e-10
14531,,5.976329651558527e-10
14532,,5.976304250891864e-10
14533,,5.976167319604558e-10
14534,,5.976102736623301e-10
14535,,5.976067877399248e-10
14536,,5.97604207016823e-10
14537,,5.975912846515909e-10
14538,,5.975842993481544e-10
14539,,5.975806551031012e-10
14540,,5.975780283177047e-10
14541,,5.975659688199744e-10
14542,,5.975583907569537e-10
14543,,5.975545681364878e-10
14544,,5.975518892046281e-10
14545,,5.975495586547126e-10
14546,,5.975325513904684e-10
14547,,5.975285279379722e-10
14548,,5.975257899612288e-10
14549,,5.975234435846979e-10
14550,,5.975067852332638e-10
14551,,5.975025356184144e-10
14552,,5.974997309293702e-10
14553,,5.974973663606594e-10
14554,,5.9748109673672e-10
14555,,5.97476592531069e-10
14556,,5.974737124448722e-10
14557,,5.974713270533425e-10
14558,,5.974554909393624e-10
14559,,5.974507001608767e-10
14560,,5.974477349318703e-10
14561,,5.974453257575377e-10
14562,,5.974299734641399e-10
14563,,5.974248601743875e-10
14564,,5.974217988931823e-10
14565,,5.974193625750226e-10
14566,,5.974045506729458e-10
14567,,5.973990744948768e-10
14568,,5.97395904841141e-10
14569,,5.973934376461703e-10
14570,,5.973792297087803e-10
14571,,5.973733452672276e-10
14572,,5.973700534019447e-10
14573,,5.973675511345148e-10
14574,,5.973540186368761e-10
14575,,5.973476748786502e-10
14576,,5.973442452729516e-10
14577,,5.97341703164051e-10
14578,,5.973289264707545e-10
14579,,5.973220660693278e-10
14580,,5.973184812615019e-10
14581,,5.973158940019437e-10
14582,,5.973039634427754e-10
14583,,5.972965218816514e-10
14584,,5.972927622444162e-10
14585,,5.972901238698583e-10
14586,,5.972878270758336e-10
14587,,5.972710457896523e-10
14588,,5.972670892500428e-10
14589,,5.972643930136258e-10
14590,,5.972620807137859e-10
14591,,5.972456416658476e-10
14592,,5.972414634085305e-10
14593,,5.972387017772421e-10
14594,,5.972363716414826e-10
14595,,5.972203138844195e-10
14596,,5.972158860342205e-10
14597,,5.972130504917276e-10
14598,,5.972106999697779e-10
14599,,5.971950673605766e-10
14600,,5.971903585718421e-10
14601,,5.971874396010657e-10
14602,,5.97185065752862e-10
14603,,5.971699076455951e-10
14604,,5.971648826873524e-10
14605,,5.971618695266234e-10
14606,,5.97159469118862e-10
14607,,5.971448409510375e-10
14608,,5.971394602332296e-10
14609,,5.971363408532118e-10
14610,,5.97133910179585e-10
14611,,5.971198742959324e-10
14612,,5.97114093324622e-10
14613,,5.971108541471513e-10
14614,,5.971083890906107e-10
14615,,5.970950155806763e-10
14616,,5.970887843073432e-10
14617,,5.970854101052229e-10
14618,,5.97082906018893e-10
14619,,5.970702736575161e-10
14620,,5.97063535848459e-10
14621,,5.970600095036347e-10
14622,,5.970574611727712e-10
14623,,5.970456585180743e-10
14624,,5.970383509665696e-10
14625,,5.970346532143213e-10
14626,,5.970320547878878e-10
14627,,5.970297912287584e-10
14628,,5.970132330231228e-10
14629,,5.970093422586316e-10
14630,,5.97006687106475e-10
14631,,5.970044083667782e-10
14632,,5.969881858524413e-10
14633,,5.969840777181728e-10
14634,,5.96981358469552e-10
14635,,5.969790622801289e-10
14636,,5.969632137133629e-10
14637,,5.969588608861907e-10
14638,,5.96956069206234e-10
14639,,5.969537530343433e-10
14640,,5.969383214530447e-10
14641,,5.969336932062092e-10
14642,,5.969308197351221e-10
14643,,5.969284807120972e-10
14644,,5.969135144579436e-10
14645,,5.969085762786423e-10
14646,,5.96905610491753e-10
14647,,5.969032454327696e-10
14648,,5.968887989077895e-10
14649,,5.968835119422319e-10
14650,,5.968804420107976e-10
14651,,5.968780473176416e-10
14652,,5.968641816219725e-10
14653,,5.968585022423278e-10
14654,,5.968553148945531e-10
14655,,5.968528864833041e-10
14656,,5.968396703370433e-10
14657,,5.968335495060852e-10
14658,,5.968302297829299e-10
14659,,5.968277631477517e-10
14660,,5.968152737621339e-10
14661,,5.968086563446678e-10
14662,,5.968051874815311e-10
14663,,5.968026774641542e-10
14664,,5.9679100169182e-10
14665,,5.967838256937344e-10
14666,,5.967801888019638e-10
14667,,5.967776296708402e-10
14668,,5.967753988798134e-10
14669,,5.967590608794001e-10
14670,,5.967552347472699e-10
14671,,5.967526200529477e-10
14672,,5.967503743828918e-10
14673,,5.967343656262228e-10
14674,,5.967303264177419e-10
14675,,5.9672764888473e-10
14676,,5.967253861419418e-10
14677,,5.967097441590325e-10
14678,,5.967054650543956e-10
14679,,5.967027165266923e-10
14680,,5.967004341964931e-10
14681,,5.966852011732584e-10
14682,,5.966806520682045e-10
14683,,5.966778233673626e-10
14684,,5.96675518644908e-10
14685,,5.966607419995805e-10
14686,,5.96655889044183e-10
14687,,5.966529698510569e-10
14688,,5.966506396164806e-10
14689,,5.966363726585104e-10
14690,,5.966311777728395e-10
14691,,5.966281564909779e-10
14692,,5.966257972091766e-10
14693,,5.966120998486056e-10
14694,,5.966065202543483e-10
14695,,5.966033838649248e-10
14696,,5.966009915654725e-10
14697,,5.96587931176767e-10
14698,,5.965819187676533e-10
14699,,5.965786526298909e-10
14700,,5.965762228511248e-10
14701,,5.965638751489791e-10
14702,,5.965573759044797e-10
14703,,5.965539635474019e-10
14704,,5.96551491270012e-10
14705,,5.965399413749569e-10
14706,,5.965328945048929e-10
14707,,5.965293174275442e-10
14708,,5.965267970190635e-10
14709,,5.965245985139478e-10
14710,,5.965084778621305e-10
14711,,5.965047152626764e-10
14712,,5.965021403846164e-10
14713,,5.964999273107477e-10
14714,,5.964841295926146e-10
14715,,5.964801581053064e-10
14716,,5.964775216314411e-10
14717,,5.964752918383046e-10
14718,,5.96459853853708e-10
14719,,5.964556472014579e-10
14720,,5.964529411405056e-10
14721,,5.964506921573242e-10
14722,,5.964356552595182e-10
14723,,5.964311839204974e-10
14724,,5.9642839926207e-10
14725,,5.964261283495087e-10
14726,,5.964115390375036e-10
14727,,5.964067697903805e-10
14728,,5.964038964364216e-10
14729,,5.964016005185887e-10
14730,,5.963875110671624e-10
14731,,5.963824066021653e-10
14732,,5.963794331812055e-10
14733,,5.963771087994625e-10
14734,,5.963635779250946e-10
14735,,5.963580963039832e-10
14736,,5.963550100509701e-10
14737,,5.963526533144692e-10
14738,,5.963397470840571e-10
14739,,5.963338411409604e-10
14740,,5.9633062769289e-10
14741,,5.963282342227948e-10
14742,,5.963160268591253e-10
14743,,5.963096436339997e-10
14744,,5.963062868314496e-10
14745,,5.963038517118074e-10
14746,,5.96292426692032e-10
14747,,5.962855065807134e-10
14748,,5.962819883152145e-10
14749,,5.962795060208617e-10
14750,,5.962773393377322e-10
14751,,5.962614331985562e-10
14752,,5.962577330598951e-10
14753,,5.962551973855307e-10
14754,,5.962530164227716e-10
14755,,5.962374270536749e-10
14756,,5.962335221354091e-10
14757,,5.962309260874978e-10
14758,,5.962287287332302e-10
14759,,5.962134922023671e-10
14760,,5.962093567422248e-10
14761,,5.962066924737777e-10
14762,,5.962044763235301e-10
14763,,5.961896331729918e-10
14764,,5.961852382167036e-10
14765,,5.961824969137536e-10
14766,,5.961802592871493e-10
14767,,5.961658550886948e-10
14768,,5.96161168080014e-10
14769,,5.961583398334163e-10
14770,,5.961560777150438e-10
14771,,5.961421637062206e-10
14772,,5.961371480556492e-10
14773,,5.961342217205586e-10
14774,,5.961319317109012e-10
14775,,5.961185655142343e-10
14776,,5.961131801024124e-10
14777,,5.961101431535054e-10
14778,,5.961078214383847e-10
14779,,5.960950677669591e-10
14780,,5.960892663687503e-10
14781,,5.96086104737802e-10
14782,,5.960837470296657e-10
14783,,5.96071678682381e-10
14784,,5.960654093647567e-10
14785,,5.9606210720739e-10
14786,,5.960597086690988e-10
14787,,5.960484074825685e-10
14788,,5.960416118059047e-10
14789,,5.960381513666371e-10
14790,,5.960357065922587e-10
14791,,5.960252645149252e-10
14792,,5.960178768661136e-10
14793,,5.960142381283689e-10
14794,,5.960117410387163e-10
14795,,5.960095917166743e-10
14796,,5.959942080393053e-10
14797,,5.959903685442422e-10
14798,,5.959878122781735e-10
14799,,5.959856468950246e-10
14800,,5.959706092848947e-10
14801,,5.959665437778303e-10
14802,,5.959639206424555e-10
14803,,5.95961736867612e-10
14804,,5.959470850557309e-10
14805,,5.959427651349721e-10
14806,,5.959400665068324e-10
14807,,5.959378616842863e-10
14808,,5.959236403841205e-10
14809,,5.959190341396845e-10
14810,,5.959162502861435e-10
14811,,5.959140214589255e-10
14812,,5.959002809029088e-10
14813,,5.958953524864242e-10
14814,,5.958924724658201e-10
14815,,5.958902163074291e-10
14816,,5.958770129407167e-10
14817,,5.958717220358866e-10
14818,,5.958687335817082e-10
14819,,5.958664463534529e-10
14820,,5.958538436788142e-10
14821,,5.958481449415424e-10
14822,,5.958450342545525e-10
14823,,5.958427117396384e-10
14824,,5.958307811192863e-10
14825,,5.958246236292402e-10
14826,,5.958213751982946e-10
14827,,5.958190126833547e-10
14828,,5.958078343236107e-10
14829,,5.958011608173463e-10
14830,,5.95797757207574e-10
14831,,5.95795349378107e-10
14832,,5.957850134253624e-10
14833,,5.957777595484416e-10
14834,,5.957741811585737e-10
14835,,5.957717220478678e-10
14836,,5.957696039061398e-10
14837,,5.957544232983268e-10
14838,,5.957506480910014e-10
14839,,5.957481309837951e-10
14840,,5.95745997106206e-10
14841,,5.957311559287975e-10
14842,,5.957271591523288e-10
14843,,5.957245765143748e-10
14844,,5.95722424617036e-10
14845,,5.957079618165679e-10
14846,,5.957037156253176e-10
14847,,5.957010589693432e-10
14848,,5.956988864454739e-10
14849,,5.956848458744053e-10
14850,,5.956803189935695e-10
14851,,5.956775787946918e-10
14852,,5.95675382759318e-10
14853,,5.956618136335327e-10
14854,,5.956569709030212e-10
14855,,5.956541364435403e-10
14856,,5.956519136404259e-10
14857,,5.956388713177818e-10
14858,,5.956336731962863e-10
14859,,5.956307324506813e-10
14860,,5.956284791843075e-10
14861,,5.956160259459744e-10
14862,,5.956104280030759e-10
14863,,5.956073674272166e-10
14864,,5.956050796039238e-10
14865,,5.955932853737248e-10
14866,,5.9558723767127e-10
14867,,5.955840420707011e-10
14868,,5.955817150370454e-10
14869,,5.955706584709761e-10
14870,,5.955641048749534e-10
14871,,5.955607571436708e-10
14872,,5.955583856907293e-10
14873,,5.955481551971984e-10
14874,,5.955410326143054e-10
14875,,5.955375135277459e-10
14876,,5.955350918271319e-10
14877,,5.955330043898786e-10
14878,,5.955180242604168e-10
14879,,5.955143122458983e-10
14880,,5.955118336789585e-10
14881,,5.955097308500176e-10
14882,,5.954950836314342e-10
14883,,5.954911543898821e-10
14884,,5.9548861158735e-10
14885,,5.954864910993941e-10
14886,,5.954722150011982e-10
14887,,5.954680412460293e-10
14888,,5.954654259067713e-10
14889,,5.954632852151e-10
14890,,5.954494231899345e-10
14891,,5.954449742609581e-10
14892,,5.954422770187051e-10
14893,,5.954401132964053e-10
14894,,5.954267136279741e-10
14895,,5.954219550432465e-10
14896,,5.954191654025675e-10
14897,,5.954169754406553e-10
14898,,5.954040924039974e-10
14899,,5.953989854068912e-10
14900,,5.953960915787259e-10
14901,,5.953938717844467e-10
14902,,5.953815664008583e-10
14903,,5.953760674369999e-10
14904,,5.953730561395754e-10
14905,,5.953708024618395e-10
14906,,5.953591433202442e-10
14907,,5.953532034215621e-10
14908,,5.953500597693057e-10
14909,,5.953477676559319e-10
14910,,5.953368318834621e-10
14911,,5.953303960015758e-10
14912,,5.953271032061212e-10
14913,,5.953247675767992e-10
14914,,5.95314641813522e-10
14915,,5.953076481118512e-10
14916,,5.953041873406703e-10
14917,,5.953018024431278e-10
14918,,5.952997452909103e-10
14919,,5.952849630674567e-10
14920,,5.952813131373868e-10
14921,,5.952788725324631e-10
14922,,5.952768002855385e-10
14923,,5.952623445771807e-10
14924,,5.952584817054459e-10
14925,,5.952559781207753e-10
14926,,5.952538885825079e-10
14927,,5.952397968723134e-10
14928,,5.952356942936665e-10
14929,,5.952331195902286e-10
14930,,5.95231010275251e-10
14931,,5.952173246552114e-10
14932,,5.952129522987887e-10
14933,,5.952102973255245e-10
14934,,5.952081654300384e-10
14935,,5.951949332515286e-10
14936,,5.951902573149392e-10
14937,,5.951875117728848e-10
14938,,5.951853541670471e-10
14939,,5.951726286378231e-10
14940,,5.951676111295968e-10
14941,,5.951647634552559e-10
14942,,5.951625765969e-10
14943,,5.951504175531181e-10
14944,,5.951450157635915e-10
14945,,5.951420529351888e-10
14946,,5.951398328823558e-10
14947,,5.951283075621975e-10
14948,,5.951224734864888e-10
14949,,5.951193809061447e-10
14950,,5.951171231947826e-10
14951,,5.951063071845765e-10
14952,,5.950999868786075e-10
14953,,5.95096748085508e-10
14954,,5.950944477109917e-10
14955,,5.950844259890284e-10
14956,,5.950775587936012e-10
14957,,5.950741553243994e-10
14958,,5.950718066879622e-10
14959,,5.950697793524184e-10
14960,,5.95055192504698e-10
14961,,5.950516036082183e-10
14962,,5.950492003469478e-10
14963,,5.950471582365409e-10
14964,,5.95032891654691e-10
14965,,5.950290939940287e-10
14966,,5.950266290093363e-10
14967,,5.950245699659205e-10
14968,,5.950106603640668e-10
14969,,5.950066277006562e-10
14970,,5.950040930104231e-10
14971,,5.9500201458e-10
14972,,5.94988503254698e-10
14973,,5.949842061194053e-10
14974,,5.949815927645494e-10
14975,,5.949794922056744e-10
14976,,5.949664255676211e-10
14977,,5.949618308309007e-10
14978,,5.949591286499889e-10
14979,,5.949570029110243e-10
14980,,5.949444331329912e-10
14981,,5.949395035180507e-10
14982,,5.949367012425359e-10
14983,,5.949345468422878e-10
14984,,5.949225326013804e-10
14985,,5.949172262314442e-10
14986,,5.949143110623985e-10
14987,,5.949121241252431e-10
14988,,5.949007313238049e-10
14989,,5.948950011646297e-10
14990,,5.948919587940614e-10
14991,,5.94889734955583e-10
14992,,5.948790377096043e-10
14993,,5.948728308233623e-10
14994,,5.948696451403539e-10
14995,,5.94867379491407e-10
14996,,5.948574610908777e-10
14997,,5.948507180705893e-10
14998,,5.948473709499982e-10
14999,,5.948450579734091e-10
15000,,5.948430600284237e-10
15001,,5.948286660516791e-10
15002,,5.948251371488457e-10
15003,,5.948227706438648e-10
15004,,5.948207582358075e-10
15005,,5.948066783666712e-10
15006,,5.948029448004395e-10
15007,,5.948005178113808e-10
15008,,5.947984887970342e-10
15009,,5.947847590704816e-10
15010,,5.94780795117937e-10
15011,,5.947782997968514e-10
15012,,5.947762517950664e-10
15013,,5.947629126664433e-10
15014,,5.947586894436204e-10
15015,,5.947561169874013e-10
15016,,5.947540473231371e-10
15017,,5.947411443096193e-10
15018,,5.947366292980334e-10
15019,,5.947339698058455e-10
15020,,5.947318754618675e-10
15021,,5.94719459703071e-10
15022,,5.947146164006832e-10
15023,,5.947118587721579e-10
15024,,5.947097363368513e-10
15025,,5.946978653525041e-10
15026,,5.946926526966007e-10
15027,,5.946897844126732e-10
15028,,5.946876300884272e-10
15029,,5.946763685141767e-10
15030,,5.946707403690324e-10
15031,,5.946677473845707e-10
15032,,5.946655568958566e-10
15033,,5.946549773835537e-10
15034,,5.94648881884314e-10
15035,,5.946457483909191e-10
15036,,5.946435169266186e-10
15037,,5.946337011446256e-10
15038,,5.946270800014771e-10
15039,,5.946237882594679e-10
15040,,5.94621510406778e-10
15041,,5.946195414400323e-10
15042,,5.94605337857892e-10
15043,,5.946018679017326e-10
15044,,5.945995375862465e-10
15045,,5.945975544254038e-10
15046,,5.945836589605283e-10
15047,,5.945799883694319e-10
15048,,5.945775987542326e-10
15049,,5.945755993410411e-10
15050,,5.945620472558459e-10
15051,,5.945581508172734e-10
15052,,5.945556942324171e-10
15053,,5.945536762148447e-10
15054,,5.945405072229024e-10
15055,,5.945363565822154e-10
15056,,5.945338243950459e-10
15057,,5.945317851411783e-10
15058,,5.945190438560377e-10
15059,,5.945146071572771e-10
15060,,5.945119896566055e-10
15061,,5.9450992621893e-10
15062,,5.944976627702909e-10
15063,,5.944929042366582e-10
15064,,5.944901905148696e-10
15065,,5.944880995676382e-10
15066,,5.944763703415653e-10
15067,,5.944712497127548e-10
15068,,5.944684275227695e-10
15069,,5.944663053281893e-10
15070,,5.944551737022279e-10
15071,,5.94449645725165e-10
15072,,5.944467012789192e-10
15073,,5.944445436518664e-10
15074,,5.944340808557658e-10
15075,,5.94428094676045e-10
15076,,5.944250125186011e-10
15077,,5.94422814719776e-10
15078,,5.944131008277115e-10
15079,,5.94406599325396e-10
15080,,5.944033620165975e-10
15081,,5.944011187392882e-10
15082,,5.943991783067198e-10
15083,,5.943851626957097e-10
15084,,5.943817506778742e-10
15085,,5.943794559923109e-10
15086,,5.943775016664676e-10
15087,,5.943637882426196e-10
15088,,5.943601795248597e-10
15089,,5.943578267032107e-10
15090,,5.9435585646207e-10
15091,,5.943424798385167e-10
15092,,5.943386497188765e-10
15093,,5.943362312596222e-10
15094,,5.943342427708537e-10
15095,,5.943212418641166e-10
15096,,5.943171625278699e-10
15097,,5.9431466995636e-10
15098,,5.943126606871838e-10
15099,,5.943000792134724e-10
15100,,5.942957194531768e-10
15101,,5.942931432604155e-10
15102,,5.942911102817597e-10
15103,,5.942789974367006e-10
15104,,5.94274322124239e-10
15105,,5.942716516202418e-10
15106,,5.942695916856846e-10
15107,,5.942580027277949e-10
15108,,5.942529724346543e-10
15109,,5.942501955785621e-10
15110,,5.94248105027324e-10
15111,,5.942371020849225e-10
15112,,5.942316724473401e-10
15113,,5.9422877576739e-10
15114,,5.942266504668718e-10
15115,,5.942163033888947e-10
15116,,5.942104245482908e-10
15117,,5.942073928342931e-10
15118,,5.942052281790425e-10
15119,,5.94195615470827e-10
15120,,5.941892313895834e-10
15121,,5.94186047595417e-10
15122,,5.941838383811402e-10
15123,,5.941819260430402e-10
15124,,5.941680959825284e-10
15125,,5.941647409241563e-10
15126,,5.941624813038974e-10
15127,,5.941605553709062e-10
15128,,5.941470217118256e-10
15129,,5.941434737993031e-10
15130,,5.941411572228431e-10
15131,,5.941392156941951e-10
15132,,5.941260123598158e-10
15133,,5.941222473874551e-10
15134,,5.941198664502784e-10
15135,,5.941179070665266e-10
15136,,5.941050722078727e-10
15137,,5.941010629364083e-10
15138,,5.940986093593374e-10
15139,,5.940966295939084e-10
15140,,5.940842060881304e-10
15141,,5.940799218923985e-10
15142,,5.940773863263116e-10
15143,,5.94075383344594e-10
15144,,5.940634194089955e-10
15145,,5.940588258631938e-10
15146,,5.940561978560958e-10
15147,,5.94054168451044e-10
15148,,5.940427182670806e-10
15149,,5.940377767015116e-10
15150,,5.940350444468506e-10
15151,,5.940329850393069e-10
15152,,5.940221095104577e-10
15153,,5.940167764429208e-10
15154,,5.940139266957394e-10
15155,,5.940118332562998e-10
15156,,5.940016008829097e-10
15157,,5.939958273997726e-10
15158,,5.939928452993417e-10
15159,,5.939907132832823e-10
15160,,5.939812010178906e-10
15161,,5.939749322112027e-10
15162,,5.939718010083417e-10
15163,,5.939696253173096e-10
15164,,5.939677406863546e-10
15165,,5.939540937957844e-10
15166,,5.939507946994201e-10
15167,,5.939485695932158e-10
15168,,5.93946671651604e-10
15169,,5.939333154693097e-10
15170,,5.939298273471359e-10
15171,,5.939275463987787e-10
15172,,5.939256331853108e-10
15173,,5.939126009748103e-10
15174,,5.939089000350847e-10
15175,,5.939065560258216e-10
15176,,5.939046253157693e-10
15177,,5.938919544953583e-10
15178,,5.938880140513182e-10
15179,,5.93885598824811e-10
15180,,5.938836481370643e-10
15181,,5.938713807389064e-10
15182,,5.938671707805646e-10
15183,,5.938646751982307e-10
15184,,5.938627017594123e-10
15185,,5.938508850548312e-10
15186,,5.938463718020513e-10
15187,,5.938437856055316e-10
15188,,5.938417862771833e-10
15189,,5.938304733734407e-10
15190,,5.938256189371754e-10
15191,,5.9382293053635e-10
15192,,5.938209018180585e-10
15193,,5.938101524534165e-10
15194,,5.93804914186577e-10
15195,,5.93802110616593e-10
15196,,5.938000485397249e-10
15197,,5.937899298320089e-10
15198,,5.937842598073315e-10
15199,,5.937813264820302e-10
15200,,5.937792265845633e-10
15201,,5.937698140342445e-10
15202,,5.937636583836216e-10
15203,,5.93760578902932e-10
15204,,5.937584362053095e-10
15205,,5.937565788822063e-10
15206,,5.937431127958635e-10
15207,,5.93739868710799e-10
15208,,5.937376776033858e-10
15209,,5.937358072250004e-10
15210,,5.937226262815794e-10
15211,,5.937191968798678e-10
15212,,5.937169510277908e-10
15213,,5.937150656909205e-10
15214,,5.937022025126986e-10
15215,,5.936985644796473e-10
15216,,5.936962567912338e-10
15217,,5.936943543216692e-10
15218,,5.936818455691337e-10
15219,,5.936779727353917e-10
15220,,5.936755952515308e-10
15221,,5.936736732208644e-10
15222,,5.936615601003522e-10
15223,,5.936574230449337e-10
15224,,5.936549667926904e-10
15225,,5.93653022458499e-10
15226,,5.936413513375335e-10
15227,,5.936369169477335e-10
15228,,5.936343718547219e-10
15229,,5.936324021482507e-10
15230,,5.936212250963573e-10
15231,,5.936164562032646e-10
15232,,5.936138109366268e-10
15233,,5.936118124311483e-10
15234,,5.936011879968052e-10
15235,,5.93596042795108e-10
15236,,5.935932846365111e-10
15237,,5.935912534308474e-10
15238,,5.935812474209145e-10
15239,,5.935756789395088e-10
15240,,5.935727935790904e-10
15241,,5.935707253209759e-10
15242,,5.935614117436342e-10
15243,,5.935553671661912e-10
15244,,5.935523385092892e-10
15245,,5.935502283023325e-10
15246,,5.935483978813906e-10
15247,,5.935351102902616e-10
15248,,5.935319202639622e-10
15249,,5.935297626026876e-10
15250,,5.935279194032433e-10
15251,,5.935149114884535e-10
15252,,5.935115397956634e-10
15253,,5.935093284743281e-10
15254,,5.935074706120034e-10
15255,,5.934947743505078e-10
15256,,5.934911981248665e-10
15257,,5.934889262101196e-10
15258,,5.934870515708367e-10
15259,,5.934747029048362e-10
15260,,5.934708965016603e-10
15261,,5.934685561626161e-10
15262,,5.934666623421619e-10
15263,,5.934547017047867e-10
15264,,5.934506362457965e-10
15265,,5.934482186878868e-10
15266,,5.934463030383925e-10
15267,,5.934347758348485e-10
15268,,5.934304188852704e-10
15269,,5.934279142449549e-10
15270,,5.934259737310484e-10
15271,,5.934149310567226e-10
15272,,5.934102461678346e-10
15273,,5.934076433237721e-10
15274,,5.934056745719395e-10
15275,,5.933951737960489e-10
15276,,5.933901200063909e-10
15277,,5.93387406484889e-10
15278,,5.93385405702201e-10
15279,,5.933755113688403e-10
15280,,5.933700425878153e-10
15281,,5.933672043747302e-10
15282,,5.933651672680236e-10
15283,,5.933559519272447e-10
15284,,5.933500163867093e-10
15285,,5.933470377039634e-10
15286,,5.933449594799176e-10
15287,,5.933431555667001e-10
15288,,5.933300441609189e-10
15289,,5.933269072883004e-10
15290,,5.93324782549903e-10
15291,,5.933229661114895e-10
15292,,5.933101290423916e-10
15293,,5.933068140598672e-10
15294,,5.93304636742141e-10
15295,,5.933028059384069e-10
15296,,5.932902745291712e-10
15297,,5.932867590395711e-10
15298,,5.932845223059474e-10
15299,,5.932826750768747e-10
15300,,5.932704845838762e-10
15301,,5.932667434189565e-10
15302,,5.932644396237266e-10
15303,,5.932625736126631e-10
15304,,5.932507636528455e-10
15305,,5.932467685365406e-10
15306,,5.93244389044388e-10
15307,,5.932425016309526e-10
15308,,5.932311167444319e-10
15309,,5.932268358541338e-10
15310,,5.932243710045745e-10
15311,,5.932224592299304e-10
15312,,5.932115494832609e-10
15313,,5.932069470965362e-10
15314,,5.932043859827652e-10
15315,,5.932024465364769e-10
15316,,5.931920682099832e-10
15317,,5.931871041321383e-10
15318,,5.931844345305691e-10
15319,,5.931824636830679e-10
15320,,5.931726800505172e-10
15321,,5.93167309132798e-10
15322,,5.93164517279119e-10
15323,,5.931625108351449e-10
15324,,5.931533929943144e-10
15325,,5.931475644764021e-10
15326,,5.93144634922637e-10
15327,,5.931425881858795e-10
15328,,5.931408103905755e-10
15329,,5.931278729190695e-10
15330,,5.931247882778822e-10
15331,,5.931226959591547e-10
15332,,5.931209059071374e-10
15333,,5.931082374875515e-10
15334,,5.931049782380134e-10
15335,,5.931028343737545e-10
15336,,5.931010302508453e-10
15337,,5.930886616399182e-10
15338,,5.930852058331606e-10
15339,,5.930830037350084e-10
15340,,5.930811835097674e-10
15341,,5.930691492471935e-10
15342,,5.930654722062981e-10
15343,,5.930632043513185e-10
15344,,5.930613657289381e-10
15345,,5.930497046828858e-10
15346,,5.930457786477103e-10
15347,,5.930434366232518e-10
15348,,5.93041577012672e-10
15349,,5.930303328282944e-10
15350,,5.930261266409562e-10
15351,,5.930237009237743e-10
15352,,5.93021817464907e-10
15353,,5.930110392158191e-10
15354,,5.930065178423277e-10
15355,,5.93003997761344e-10
15356,,5.93002087185556e-10
15357,,5.929918300723256e-10
15358,,5.929869540982201e-10
15359,,5.929843276678645e-10
15360,,5.929823863309662e-10
15361,,5.929727123706508e-10
15362,,5.929674375395162e-10
15363,,5.92964691257226e-10
15364,,5.929627150274365e-10
15365,,5.929536939467399e-10
15366,,5.929479704936529e-10
15367,,5.929450892251563e-10
15368,,5.929430734901833e-10
15369,,5.929413214274608e-10
15370,,5.929285556363203e-10
15371,,5.929255223461021e-10
15372,,5.929234619294924e-10
15373,,5.929216978602915e-10
15374,,5.929091959712847e-10
15375,,5.929059915068104e-10
15376,,5.929038805728222e-10
15377,,5.929021027313827e-10
15378,,5.928898948916365e-10
15379,,5.928864977090837e-10
15380,,5.928843297038682e-10
15381,,5.928825360771283e-10
15382,,5.928706561671886e-10
15383,,5.928670420867081e-10
15384,,5.928648096342833e-10
15385,,5.928629979860536e-10
15386,,5.928514840768499e-10
15387,,5.928476259151551e-10
15388,,5.928453207364903e-10
15389,,5.928434885395169e-10
15390,,5.92832383448317e-10
15391,,5.928282506317045e-10
15392,,5.928258634131311e-10
15393,,5.928240078301136e-10
15394,,5.928133596788814e-10
15395,,5.928089178571275e-10
15396,,5.928064381298934e-10
15397,,5.928045559788785e-10
15398,,5.927944188640038e-10
15399,,5.927896294049391e-10
15400,,5.927870454302273e-10
15401,,5.927851331072714e-10
15402,,5.92775567844883e-10
15403,,5.92770387353694e-10
15404,,5.92767685897577e-10
15405,,5.927657393988802e-10
15406,,5.927568143327631e-10
15407,,5.927511940086442e-10
15408,,5.927483602134029e-10
15409,,5.927463750046894e-10
15410,,5.927446483115211e-10
15411,,5.927320519837976e-10
15412,,5.927290691475316e-10
15413,,5.927270401437234e-10
15414,,5.927253017033798e-10
15415,,5.927129642250407e-10
15416,,5.92709813572004e-10
15417,,5.927077350464891e-10
15418,,5.927059830941121e-10
15419,,5.926939340364081e-10
15420,,5.926905944782897e-10
15421,,5.926884600068765e-10
15422,,5.926866925979324e-10
15423,,5.926749651434179e-10
15424,,5.926714129439919e-10
15425,,5.926692153052842e-10
15426,,5.926674302347026e-10
15427,,5.926560617350248e-10
15428,,5.926522702414285e-10
15429,,5.926500013184047e-10
15430,,5.926481961208731e-10
15431,,5.926372285258217e-10
15432,,5.926331677627444e-10
15433,,5.926308184198159e-10
15434,,5.926289903074198e-10
15435,,5.926184708367099e-10
15436,,5.926141071280336e-10
15437,,5.926116671063366e-10
15438,,5.92609812955213e-10
15439,,5.925997946229218e-10
15440,,5.925950901012549e-10
15441,,5.925925478838237e-10
15442,,5.925906641651387e-10
15443,,5.925812065877693e-10
15444,,5.925761187095929e-10
15445,,5.92573461310481e-10
15446,,5.925715440926213e-10
15447,,5.925627143079014e-10
15448,,5.925571952102623e-10
15449,,5.925544080871472e-10
15450,,5.925524529339691e-10
15451,,5.925507512251397e-10
15452,,5.925383221896961e-10
15453,,5.925353889580533e-10
15454,,5.92533390872124e-10
15455,,5.925316776586019e-10
15456,,5.925195025117231e-10
15457,,5.925164047706005e-10
15458,,5.925143581420256e-10
15459,,5.925126316977265e-10
15460,,5.925007394336965e-10
15461,,5.924974564858896e-10
15462,,5.924953550245551e-10
15463,,5.924936134447506e-10
15464,,5.924820365874799e-10
15465,,5.924785451696985e-10
15466,,5.924763817983281e-10
15467,,5.924746229118532e-10
15468,,5.924633980957241e-10
15469,,5.924596720947127e-10
15470,,5.924574388378078e-10
15471,,5.924556602208514e-10
15472,,5.924448285938626e-10
15473,,5.924408386047015e-10
15474,,5.924385265187101e-10
15475,,5.924367254431634e-10
15476,,5.924263332542888e-10
15477,,5.924220462669639e-10
15478,,5.924196452829434e-10
15479,,5.924178187003353e-10
15480,,5.924079179475862e-10
15481,,5.924032968329118e-10
15482,,5.924007956631038e-10
15483,,5.923989401138306e-10
15484,,5.923895892507531e-10
15485,,5.923845922895612e-10
15486,,5.923819782285186e-10
15487,,5.923800898439445e-10
15488,,5.923713545811634e-10
15489,,5.92365934855204e-10
15490,,5.923631936152984e-10
15491,,5.923612680493589e-10
15492,,5.92359590964934e-10
15493,,5.923473270647114e-10
15494,,5.923444425811502e-10
15495,,5.923424749236763e-10
15496,,5.923407865735308e-10
15497,,5.923287717014896e-10
15498,,5.923257259446125e-10
15499,,5.923237107185632e-10
15500,,5.923220094145076e-10
15501,,5.923102719795076e-10
15502,,5.923070446489956e-10
15503,,5.923049756753557e-10
15504,,5.923032595389553e-10
15505,,5.922918314591938e-10
15506,,5.92288399767215e-10
15507,,5.922862700955564e-10
15508,,5.922845370190501e-10
15509,,5.922734541854759e-10
15510,,5.922697925004439e-10
15511,,5.922675943311245e-10
15512,,5.922658419131117e-10
15513,,5.922551446711695e-10
15514,,5.922512241914361e-10
15515,,5.922489487621962e-10
15516,,5.922471743357912e-10
15517,,5.92236908043032e-10
15518,,5.922326963811143e-10
15519,,5.922303338068236e-10
15520,,5.922285343846449e-10
15521,,5.922187500043534e-10
15522,,5.922142107850216e-10
15523,,5.922117499935683e-10
15524,,5.922099221823105e-10
15525,,5.922006770420042e-10
15526,,5.92195769348576e-10
15527,,5.921931978773092e-10
15528,,5.921913378828946e-10
15529,,5.921826964003006e-10
15530,,5.921773742333296e-10
15531,,5.921746780906676e-10
15532,,5.921727816545231e-10
15533,,5.921711288446712e-10
15534,,5.921590279306358e-10
15535,,5.921561913618419e-10
15536,,5.921542536821706e-10
15537,,5.921525898254028e-10
15538,,5.921407331835558e-10
15539,,5.921377385062917e-10
15540,,5.921357541921557e-10
15541,,5.921340776637084e-10
15542,,5.921224931198983e-10
15543,,5.921193204518389e-10
15544,,5.921172834550627e-10
15545,,5.921155923876701e-10
15546,,5.921043112656392e-10
15547,,5.921009382328583e-10
15548,,5.920988417519392e-10
15549,,5.920971340668153e-10
15550,,5.920861915424721e-10
15551,,5.920825930466007e-10
15552,,5.920804294187483e-10
15553,,5.92078702788132e-10
15554,,5.920681384025039e-10
15555,,5.92064286202084e-10
15556,,5.920620468054404e-10
15557,,5.920602986386366e-10
15558,,5.920501568674836e-10
15559,,5.920460191887945e-10
15560,,5.92043694382834e-10
15561,,5.92041921705301e-10
15562,,5.920322525252411e-10
15563,,5.920277937129112e-10
15564,,5.920253726242305e-10
15565,,5.92023572133805e-10
15566,,5.920144317337965e-10
15567,,5.920096116721112e-10
15568,,5.920070820810474e-10
15569,,5.920052500498391e-10
15570,,5.919967015975957e-10
15571,,5.919914752017554e-10
15572,,5.919888233959742e-10
15573,,5.919869556323766e-10
15574,,5.919853267260115e-10
15575,,5.919733867098192e-10
15576,,5.919705972444507e-10
15577,,5.919686890623753e-10
15578,,5.919670493472545e-10
15579,,5.919553489203781e-10
15580,,5.919524044524489e-10
15581,,5.919504505773566e-10
15582,,5.919487984290019e-10
15583,,5.919373648903794e-10
15584,,5.9193424592047e-10
15585,,5.919322403999369e-10
15586,,5.919305740273834e-10
15587,,5.919194380524151e-10
15588,,5.919161226737377e-10
15589,,5.919140588332678e-10
15590,,5.919123761796912e-10
15591,,5.919015722849656e-10
15592,,5.918980358550945e-10
15593,,5.918959061947333e-10
15594,,5.918942049924725e-10
15595,,5.918837719320797e-10
15596,,5.918799867780218e-10
15597,,5.91877782866168e-10
15598,,5.918760605352423e-10
15599,,5.918660419313289e-10
15600,,5.918619769027834e-10
15601,,5.918596892545297e-10
15602,,5.918579429145625e-10
15603,,5.918483877541686e-10
15604,,5.918440078903258e-10
15605,,5.918416258606746e-10
15606,,5.918398522511368e-10
15607,,5.918308156269678e-10
15608,,5.918260816032764e-10
15609,,5.918235932042144e-10
15610,,5.918217887010369e-10
15611,,5.918133325174526e-10
15612,,5.918082001266519e-10
15613,,5.918055919086887e-10
15614,,5.918037523908407e-10
15615,,5.918021470458535e-10
15616,,5.917903658401592e-10
15617,,5.917876226761806e-10
15618,,5.917857435368102e-10
15619,,5.917841276147821e-10
15620,,5.917725814052404e-10
15621,,5.917696862868953e-10
15622,,5.917677623499966e-10
15623,,5.917661342407873e-10
15624,,5.917548498111049e-10
15625,,5.917517836149272e-10
15626,,5.917498090610902e-10
15627,,5.917481670146903e-10
15628,,5.917371744257617e-10
15629,,5.917339156800839e-10
15630,,5.91731883960922e-10
15631,,5.917302259670086e-10
15632,,5.917195590527473e-10
15633,,5.917160836001875e-10
15634,,5.917139873701743e-10
15635,,5.917123111979368e-10
15636,,5.917020079748104e-10
15637,,5.916982886618897e-10
15638,,5.916961196350498e-10
15639,,5.916944227692e-10
15640,,5.916845259768027e-10
15641,,5.916805323049714e-10
15642,,5.916782812044665e-10
15643,,5.91676560804314e-10
15644,,5.916671184867803e-10
15645,,5.91662816146899e-10
15646,,5.916604725130736e-10
15647,,5.916587253973842e-10
15648,,5.91649791559784e-10
15649,,5.916451420015199e-10
15650,,5.916426941080657e-10
15651,,5.916409167030265e-10
15652,,5.916325520584101e-10
15653,,5.916275119436437e-10
15654,,5.91624946584377e-10
15655,,5.916231348666143e-10
15656,,5.916154076779405e-10
15657,,5.916099282916791e-10
15658,,5.916072306361918e-10
15659,,5.91605380088574e-10
15660,,5.916037875907287e-10
15661,,5.915923936399769e-10
15662,,5.915895470146668e-10
15663,,5.915876525598144e-10
15664,,5.915860481503887e-10
15665,,5.915749109439265e-10
15666,,5.915718966022895e-10
15667,,5.915699525364404e-10
15668,,5.915683344629496e-10
15669,,5.915574834953272e-10
15670,,5.915542803906558e-10
15671,,5.915522802752797e-10
15672,,5.915506465868008e-10
15673,,5.915401150311868e-10
15674,,5.915366994581665e-10
15675,,5.915346361099198e-10
15676,,5.915329846113194e-10
15677,,5.915228097223488e-10
15678,,5.915191550847869e-10
15679,,5.91517020385976e-10
15680,,5.91515348605444e-10
15681,,5.915055722787337e-10
15682,,5.915016486720427e-10
15683,,5.914994335132509e-10
15684,,5.914977386582839e-10
15685,,5.914884080193166e-10
15686,,5.914841818015795e-10
15687,,5.914818759374364e-10
15688,,5.91480154908173e-10
15689,,5.914713229042327e-10
15690,,5.914667562769782e-10
15691,,5.914643481935937e-10
15692,,5.914625974759411e-10
15693,,5.914543236100634e-10
15694,,5.914493741073516e-10
15695,,5.914468508763382e-10
15696,,5.914450665274821e-10
15697,,5.914374177175648e-10
15698,,5.914320375428105e-10
15699,,5.914293846337744e-10
15700,,5.914275622253188e-10
15701,,5.914259928280693e-10
15702,,5.914147491900802e-10
15703,,5.914119502311118e-10
15704,,5.914100847929907e-10
15705,,5.914085037107589e-10
15706,,5.913975119056123e-10
15707,,5.91394548528268e-10
15708,,5.913926344467271e-10
15709,,5.913910399909298e-10
15710,,5.913803289093883e-10
15711,,5.913771804818127e-10
15712,,5.913752114751222e-10
15713,,5.913736017102057e-10
15714,,5.913632038870802e-10
15715,,5.913598471593907e-10
15716,,5.913578161698814e-10
15717,,5.913561889599593e-10
15718,,5.91346140911587e-10
15719,,5.913425498210289e-10
15720,,5.913404488833518e-10
15721,,5.913388018039866e-10
15722,,5.913291446273062e-10
15723,,5.913252898205521e-10
15724,,5.913231100195248e-10
15725,,5.913214403431589e-10
15726,,5.913122202200905e-10
15727,,5.913080687335417e-10
15728,,5.913058000179652e-10
15729,,5.913041046815611e-10
15730,,5.912953735353487e-10
15731,,5.912908883262636e-10
15732,,5.91288519407272e-10
15733,,5.912867949678687e-10
15734,,5.912786111336655e-10
15735,,5.91273750549727e-10
15736,,5.912712687387286e-10
15737,,5.912695113427003e-10
15738,,5.91261940435904e-10
15739,,5.912566576463601e-10
15740,,5.912540486964445e-10
15741,,5.912522539984802e-10
15742,,5.912507073446282e-10
15743,,5.912396121142128e-10
15744,,5.912368599858616e-10
15745,,5.912350231151503e-10
15746,,5.912334650384989e-10
15747,,5.91222616793769e-10
15748,,5.912197034837171e-10
15749,,5.912178189394689e-10
15750,,5.912162477381554e-10
15751,,5.912056748332923e-10
15752,,5.912025801015362e-10
15753,,5.912006417097315e-10
15754,,5.911990555365163e-10
15755,,5.911887898508845e-10
15756,,5.91185490919422e-10
15757,,5.911834917513223e-10
15758,,5.911818884861256e-10
15759,,5.911719658262466e-10
15760,,5.911684371337042e-10
15761,,5.911663694096124e-10
15762,,5.911647466559499e-10
15763,,5.911552073251493e-10
15764,,5.91151420097841e-10
15765,,5.911492750602292e-10
15766,,5.91147630165481e-10
15767,,5.911385194189287e-10
15768,,5.911344413416783e-10
15769,,5.911322091430989e-10
15770,,5.911305390990513e-10
15771,,5.911219078604376e-10
15772,,5.911175025801711e-10
15773,,5.911151721588769e-10
15774,,5.911134736116946e-10
15775,,5.911053790620558e-10
15776,,5.911006057802627e-10
15777,,5.910981646884423e-10
15778,,5.91096433837608e-10
15779,,5.910889402966066e-10
15780,,5.910837530891155e-10
15781,,5.910811873624511e-10
15782,,5.91079419947149e-10
15783,,5.910778957139953e-10
15784,,5.910669469858969e-10
15785,,5.910642409027456e-10
15786,,5.910624321361483e-10
15787,,5.910608967019169e-10
15788,,5.910501902335216e-10
15789,,5.910473261219063e-10
15790,,5.910454706328822e-10
15791,,5.910439223666256e-10
15792,,5.910334859320598e-10
15793,,5.910304439686506e-10
15794,,5.910285357027685e-10
15795,,5.910269727507998e-10
15796,,5.910168376139218e-10
15797,,5.910135954685611e-10
15798,,5.910116276422184e-10
15799,,5.910100479255816e-10
15800,,5.910002492146507e-10
15801,,5.909967818069785e-10
15802,,5.909947467665185e-10
15803,,5.909931479815148e-10
15804,,5.909837251694266e-10
15805,,5.909800043101214e-10
15806,,5.909778934789966e-10
15807,,5.909762729886986e-10
15808,,5.909672704856691e-10
15809,,5.909632644615414e-10
15810,,5.909610682006956e-10
15811,,5.909594230740741e-10
15812,,5.909508907641039e-10
15813,,5.909465639792743e-10
15814,,5.909442714230803e-10
15815,,5.909425983503366e-10
15816,,5.909345923304362e-10
15817,,5.909299047527812e-10
15818,,5.909275036957489e-10
15819,,5.909257989655681e-10
15820,,5.909183822907734e-10
15821,,5.909132889063557e-10
15822,,5.909107656579783e-10
15823,,5.90909025102532e-10
15824,,5.909075229596019e-10
15825,,5.90896718860212e-10
15826,,5.908940580259695e-10
15827,,5.908922769272961e-10
15828,,5.908907638339745e-10
15829,,5.908801973317599e-10
15830,,5.908773815834501e-10
15831,,5.90875554689515e-10
15832,,5.908740290155486e-10
15833,,5.908637273657775e-10
15834,,5.908607372480267e-10
15835,,5.908588586261108e-10
15836,,5.908573185616608e-10
15837,,5.908473124110195e-10
15838,,5.908441260324136e-10
15839,,5.908421890262928e-10
15840,,5.908406325592979e-10
15841,,5.908309563258085e-10
15842,,5.908275491219623e-10
15843,,5.908255462264673e-10
15844,,5.908239710461626e-10
15845,,5.908146634879203e-10
15846,,5.908110077807994e-10
15847,,5.908089305941217e-10
15848,,5.908073341572259e-10
15849,,5.907984387575848e-10
15850,,5.907945035114587e-10
15851,,5.907923425582569e-10
15852,,5.907907219728596e-10
15853,,5.907822876559302e-10
15854,,5.90778037934468e-10
15855,,5.907757825928459e-10
15856,,5.90774134620526e-10
15857,,5.907662163801566e-10
15858,,5.907616129425762e-10
15859,,5.907592512426602e-10
15860,,5.907575722472761e-10
15861,,5.907502319087768e-10
15862,,5.907452306161376e-10
15863,,5.907427491350928e-10
15864,,5.907410350061047e-10
15865,,5.907395546392777e-10
15866,,5.907288933161112e-10
15867,,5.907262769420892e-10
15868,,5.907245231001972e-10
15869,,5.907230319935945e-10
15870,,5.907126037107332e-10
15871,,5.90709835483169e-10
15872,,5.907080367334835e-10
15873,,5.90706533309294e-10
15874,,5.906963647930607e-10
15875,,5.906934256118736e-10
15876,,5.906915761728671e-10
15877,,5.90690058646922e-10
15878,,5.906801799432397e-10
15879,,5.906770483666314e-10
15880,,5.90675141685629e-10
15881,,5.906736080790875e-10
15882,,5.90664052933657e-10
15883,,5.906607048425074e-10
15884,,5.906587335840333e-10
15885,,5.906571816704314e-10
15886,,5.906479880559122e-10
15887,,5.906443963604413e-10
15888,,5.906423522641514e-10
15889,,5.906407794926638e-10
15890,,5.906319900815372e-10
15891,,5.906281243187204e-10
15892,,5.906259981187386e-10
15893,,5.906244016883155e-10
15894,,5.906160644237847e-10
15895,,5.90611890361302e-10
15896,,5.90609671626449e-10
15897,,5.906080483663684e-10
15898,,5.906002171512807e-10
15899,,5.905956963134061e-10
15900,,5.905933733173989e-10
15901,,5.905917196348741e-10
15902,,5.905844551149454e-10
15903,,5.90579544223118e-10
15904,,5.90577103788781e-10
15905,,5.905754156997036e-10
15906,,5.905739567843293e-10
15907,,5.905634364099958e-10
15908,,5.905608637322311e-10
15909,,5.905591367135069e-10
15910,,5.905576672757396e-10
15911,,5.905473754806161e-10
15912,,5.905446539406415e-10
15913,,5.905428829009904e-10
15914,,5.905414013964442e-10
15915,,5.905313643707218e-10
15916,,5.905284752414564e-10
15917,,5.905266545080266e-10
15918,,5.905251592009642e-10
15919,,5.905154063945054e-10
15920,,5.905123286442787e-10
15921,,5.905104518039632e-10
15922,,5.905089407296849e-10
15923,,5.904995052655686e-10
15924,,5.904962152516501e-10
15925,,5.904942751129879e-10
15926,,5.904927460905428e-10
15927,,5.904836651666677e-10
15928,,5.904801363209529e-10
15929,,5.904781247888436e-10
15930,,5.90476575340991e-10
15931,,5.90467890778952e-10
15932,,5.904640932554058e-10
15933,,5.904620012289396e-10
15934,,5.904604286059346e-10
15935,,5.904521874411445e-10
15936,,5.904480876514036e-10
15937,,5.90445904911442e-10
15938,,5.904443059863884e-10
15939,,5.904365610733407e-10
15940,,5.904321213119668e-10
15941,,5.904298363631034e-10
15942,,5.904282076217423e-10
15943,,5.904210183876491e-10
15944,,5.904161962128221e-10
15945,,5.904137961434071e-10
15946,,5.904121336772673e-10
15947,,5.904106958933231e-10
15948,,5.904003146610231e-10
15949,,5.903977849658807e-10
15950,,5.903960843171078e-10
15951,,5.903946362424976e-10
15952,,5.903844792026532e-10
15953,,5.903818035455142e-10
15954,,5.903800597789e-10
15955,,5.903785998712978e-10
15956,,5.903686927176837e-10
15957,,5.903658527598056e-10
15958,,5.903640602758971e-10
15959,,5.903625868460785e-10
15960,,5.903529584482322e-10
15961,,5.903499335751199e-10
15962,,5.903480860914283e-10
15963,,5.903465972254032e-10
15964,,5.903372800263772e-10
15965,,5.903340470549524e-10
15966,,5.903321375285056e-10
15967,,5.903306310720726e-10
15968,,5.90321661564058e-10
15969,,5.903181944676774e-10
15970,,5.903162149467892e-10
15971,,5.903146884806822e-10
15972,,5.903061076712262e-10
15973,,5.903023771591994e-10
15974,,5.903003187325139e-10
15975,,5.902987695374766e-10
15976,,5.902906235457454e-10
15977,,5.902865966912881e-10
15978,,5.902844493354427e-10
15979,,5.902828743698734e-10
15980,,5.90275215007094e-10
15981,,5.902708548409448e-10
15982,,5.902686072948007e-10
15983,,5.902670031130705e-10
15984,,5.902598886311213e-10
15985,,5.902551535653883e-10
15986,,5.902527931638982e-10
15987,,5.902511559287563e-10
15988,,5.90249738975258e-10
15989,,5.902394951038145e-10
15990,,5.90237007611329e-10
15991,,5.902353329623884e-10
15992,,5.902339059125687e-10
15993,,5.902238819512593e-10
15994,,5.902212513700572e-10
15995,,5.902195344543066e-10
15996,,5.902180958304411e-10
15997,,5.902083169318391e-10
15998,,5.902055252920994e-10
15999,,5.902037606075818e-10
16000,,5.902023087345714e-10
16001,,5.901928032344316e-10
16002,,5.901898303061882e-10
16003,,5.901880117103705e-10
16004,,5.901865447111241e-10
16005,,5.901773444186629e-10
16006,,5.901741674825121e-10
16007,,5.901722880562741e-10
16008,,5.901708038273717e-10
16009,,5.901619445083977e-10
16010,,5.901585380250332e-10
16011,,5.901565900061136e-10
16012,,5.901550861632015e-10
16013,,5.901466080208489e-10
16014,,5.901429432930582e-10
16015,,5.901409179210376e-10
16016,,5.901393918082712e-10
16017,,5.901313400465289e-10
16018,,5.901273848148077e-10
16019,,5.901252722650686e-10
16020,,5.901237208849531e-10
16021,,5.901161463238627e-10
16022,,5.901118642936303e-10
16023,,5.901096535374436e-10
16024,,5.901080735300215e-10
16025,,5.901010332760416e-10
16026,,5.90096383686231e-10
16027,,5.900940622975175e-10
16028,,5.90092449893306e-10
16029,,5.900910534579405e-10
16030,,5.90080945179944e-10
16031,,5.900784991936993e-10
16032,,5.90076850130911e-10
16033,,5.900754438117982e-10
16034,,5.900655512243171e-10
16035,,5.900629649492157e-10
16036,,5.900612744484047e-10
16037,,5.90059856792464e-10
16038,,5.900502045775902e-10
16039,,5.900474604035155e-10
16040,,5.900457230889573e-10
16041,,5.900442924508492e-10
16042,,5.900349083647416e-10
16043,,5.900319864669223e-10
16044,,5.900301963058026e-10
16045,,5.90028750848811e-10
16046,,5.900196660846776e-10
16047,,5.900165441706273e-10
16048,,5.900146943912878e-10
16049,,5.900132320448232e-10
16050,,5.900044816656634e-10
16051,,5.900011347246244e-10
16052,,5.899992176900479e-10
16053,,5.899977361317029e-10
16054,,5.899893595538083e-10
16055,,5.899857594346041e-10
16056,,5.899837665754926e-10
16057,,5.899822631922596e-10
16058,,5.899743047428161e-10
16059,,5.899704198184445e-10
16060,,5.899683414877586e-10
16061,,5.89966813350173e-10
16062,,5.899593228415918e-10
16063,,5.899551175344494e-10
16064,,5.899529429215771e-10
16065,,5.899513867237254e-10
16066,,5.899444201629045e-10
16067,,5.899398545059758e-10
16068,,5.899375714347277e-10
16069,,5.899359834745616e-10
16070,,5.899346072703999e-10
16071,,5.899246328607397e-10
16072,,5.899222276498564e-10
16073,,5.899206037699598e-10
16074,,5.899192178661922e-10
16075,,5.899094550138313e-10
16076,,5.899069122821678e-10
16077,,5.89905247776119e-10
16078,,5.899038507878957e-10
16079,,5.898943236747867e-10
16080,,5.89891626144367e-10
16081,,5.898899157590908e-10
16082,,5.898885060457298e-10
16083,,5.89879241904813e-10
16084,,5.898763701410826e-10
16085,,5.898746079559277e-10
16086,,5.898731837127071e-10
16087,,5.898642131243224e-10
16088,,5.898611452870124e-10
16089,,5.898593246336916e-10
16090,,5.898578838606506e-10
16091,,5.898492411994579e-10
16092,,5.898459527437194e-10
16093,,5.898440661750568e-10
16094,,5.89842606559878e-10
16095,,5.898343304856711e-10
16096,,5.898307938129592e-10
16097,,5.898288329249041e-10
16098,,5.898273519294279e-10
16099,,5.898194858675374e-10
16100,,5.898156699563692e-10
16101,,5.898136253019839e-10
16102,,5.89812120033297e-10
16103,,5.898047128359822e-10
16104,,5.898005828491966e-10
16105,,5.897984437888438e-10
16106,,5.897969110306219e-10
16107,,5.897900176032975e-10
16108,,5.897855343339062e-10
16109,,5.897832889455594e-10
16110,,5.89781725064903e-10
16111,,5.897803687931563e-10
16112,,5.897705265188996e-10
16113,,5.897681613910835e-10
16114,,5.897665622804305e-10
16115,,5.897651965389122e-10
16116,,5.897555617506175e-10
16117,,5.897530618189268e-10
16118,,5.897514229021185e-10
16119,,5.897500462602852e-10
16120,,5.897406427123757e-10
16121,,5.897379910067758e-10
16122,,5.897363071152512e-10
16123,,5.897349180189484e-10
16124,,5.897257723763232e-10
16125,,5.897229498574093e-10
16126,,5.897212151993514e-10
16127,,5.897198118666035e-10
16128,,5.897109541104955e-10
16129,,5.897079393701993e-10
16130,,5.897061474200342e-10
16131,,5.897047278763589e-10
16132,,5.896961917238768e-10
16133,,5.896929606914887e-10
16134,,5.896911040929583e-10
16135,,5.896896661051049e-10
16136,,5.896814894397029e-10
16137,,5.896780150697589e-10
16138,,5.896760856193761e-10
16139,,5.896746266728102e-10
16140,,5.896668520969245e-10
16141,,5.896631039634561e-10
16142,,5.896610923806862e-10
16143,,5.896596096721374e-10
16144,,5.896522850500199e-10
16145,,5.896482289984176e-10
16146,,5.896461248883161e-10
16147,,5.896446152059997e-10
16148,,5.896377943844787e-10
16149,,5.896333919818722e-10
16150,,5.896311836317505e-10
16151,,5.896296434604498e-10
16152,,5.896283068116532e-10
16153,,5.896185949794213e-10
16154,,5.896162692609273e-10
16155,,5.896146945518189e-10
16156,,5.896133486215733e-10
16157,,5.896038403232851e-10
16158,,5.896013824311981e-10
16159,,5.895997686982837e-10
16160,,5.895984121060412e-10
16161,,5.895891306025061e-10
16162,,5.895865239158393e-10
16163,,5.895848661081188e-10
16164,,5.895834973150394e-10
16165,,5.895744687385378e-10
16166,,5.895716946032453e-10
16167,,5.895699870262655e-10
16168,,5.895686042831512e-10
16169,,5.895598580531762e-10
16170,,5.895568954654627e-10
16171,,5.895551317221984e-10
16172,,5.895537331158478e-10
16173,,5.89545302265322e-10
16174,,5.895421276283653e-10
16175,,5.895403005241876e-10
16176,,5.895388838342501e-10
16177,,5.895308055145116e-10
16178,,5.895273923258397e-10
16179,,5.89525493798305e-10
16180,,5.895240565681122e-10
16181,,5.895163725412854e-10
16182,,5.895126909667313e-10
16183,,5.895107119387587e-10
16184,,5.895092514055876e-10
16185,,5.895020086275798e-10
16186,,5.89498025154354e-10
16187,,5.894959554150997e-10
16188,,5.894944684688864e-10
16189,,5.894877197058855e-10
16190,,5.894833966729098e-10
16191,,5.894812247503806e-10
16192,,5.894797079045494e-10
16193,,5.894783906005371e-10
16194,,5.894688075466712e-10
16195,,5.894665205388526e-10
16196,,5.894649698568446e-10
16197,,5.894636434659606e-10
16198,,5.894542600372448e-10
16199,,5.89451843461156e-10
16200,,5.894502545271119e-10
16201,,5.894489176911209e-10
16202,,5.894397566914702e-10
16203,,5.89437194252657e-10
16204,,5.89435562113298e-10
16205,,5.894342133290472e-10
16206,,5.894253003929459e-10
16207,,5.894225738043318e-10
16208,,5.894208928667121e-10
16209,,5.894195304292329e-10
16210,,5.894108943868973e-10
16211,,5.894079830406839e-10
16212,,5.894062470576996e-10
16213,,5.894048690412191e-10
16214,,5.893965423009453e-10
16215,,5.893934230612606e-10
16216,,5.893916249826917e-10
16217,,5.893902292563808e-10
16218,,5.89382248232457e-10
16219,,5.893788951050024e-10
16220,,5.893770270127833e-10
16221,,5.893756111614822e-10
16222,,5.893680167995467e-10
16223,,5.893644005649207e-10
16224,,5.893624535300292e-10
16225,,5.893610148528668e-10
16226,,5.893538531798605e-10
16227,,5.893499409788128e-10
16228,,5.893479050175421e-10
16229,,5.893464404534176e-10
16230,,5.893397632055251e-10
16231,,5.893355180933848e-10
16232,,5.89333381969524e-10
16233,,5.893318880977127e-10
16234,,5.89330589856351e-10
16235,,5.893211339103005e-10
16236,,5.893188849763656e-10
16237,,5.893173579312496e-10
16238,,5.893160507918436e-10
16239,,5.893067906440747e-10
16240,,5.893044146823051e-10
16241,,5.893028501525558e-10
16242,,5.893015327789128e-10
16243,,5.892924907928431e-10
16244,,5.892899718285211e-10
16245,,5.89288364947025e-10
16246,,5.892870358694191e-10
16247,,5.892782371809979e-10
16248,,5.892755572812784e-10
16249,,5.892739025677971e-10
16250,,5.892725601168834e-10
16251,,5.892640329837001e-10
16252,,5.892611719600346e-10
16253,,5.892594632874924e-10
16254,,5.892581055791917e-10
16255,,5.892498817657229e-10
16256,,5.892468169435631e-10
16257,,5.89245047395911e-10
16258,,5.892436723300653e-10
16259,,5.892357875563876e-10
16260,,5.892324934212016e-10
16261,,5.892306552313228e-10
16262,,5.892292604550255e-10
16263,,5.89221754848986e-10
16264,,5.892182027642096e-10
16265,,5.892162872077532e-10
16266,,5.892148700516589e-10
16267,,5.892077887375502e-10
16268,,5.892039464993986e-10
16269,,5.892019437601833e-10
16270,,5.892005012360575e-10
16271,,5.891938949545861e-10
16272,,5.891897263383375e-10
16273,,5.891876253997479e-10
16274,,5.891861541380181e-10
16275,,5.891848746937991e-10
16276,,5.89175544222276e-10
16277,,5.891733326884693e-10
16278,,5.891718289250503e-10
16279,,5.891705407548734e-10
16280,,5.891614023283642e-10
16281,,5.891590662765242e-10
16282,,5.891575257566664e-10
16283,,5.891562275684936e-10
16284,,5.891473031227976e-10
16285,,5.891448268832684e-10
16286,,5.89143244856424e-10
16287,,5.891419351962211e-10
16288,,5.891332493597779e-10
16289,,5.891306153366765e-10
16290,,5.891289864322179e-10
16291,,5.891276636734704e-10
16292,,5.891192441543944e-10
16293,,5.891164325585929e-10
16294,,5.8911475075233e-10
16295,,5.891134130489202e-10
16296,,5.891052910003853e-10
16297,,5.891022796009552e-10
16298,,5.891005381225023e-10
16299,,5.890991834177033e-10
16300,,5.890913938405481e-10
16301,,5.890881576513147e-10
16302,,5.890863488885558e-10
16303,,5.890849748426619e-10
16304,,5.890775571120586e-10
16305,,5.8907406802051e-10
16306,,5.890721834085283e-10
16307,,5.890707874437463e-10
16308,,5.890637857772714e-10
16309,,5.890600122137186e-10
16310,,5.890580421429473e-10
16311,,5.890566213166451e-10
16312,,5.890500854504888e-10
16313,,5.890459919215146e-10
16314,,5.890439255841962e-10
16315,,5.890424765910452e-10
16316,,5.890412156612778e-10
16317,,5.890320090372537e-10
16318,,5.890298342815768e-10
16319,,5.89028353432515e-10
16320,,5.890270839537159e-10
16321,,5.890180657031312e-10
16322,,5.890157688664735e-10
16323,,5.890142519984047e-10
16324,,5.890129727058774e-10
16325,,5.890041643184412e-10
16326,,5.89001730060599e-10
16327,,5.890001724992992e-10
16328,,5.889988819754039e-10
16329,,5.889903076137803e-10
16330,,5.889877186585931e-10
16331,,5.889861151446777e-10
16332,,5.88984811785069e-10
16333,,5.889764986120107e-10
16334,,5.889737355915087e-10
16335,,5.889720802148165e-10
16336,,5.889707622070879e-10
16337,,5.889627407694833e-10
16338,,5.889597818468223e-10
16339,,5.889580679831471e-10
16340,,5.889567333142562e-10
16341,,5.88949037911953e-10
16342,,5.889458586259397e-10
16343,,5.88944078785956e-10
16344,,5.889427251851432e-10
16345,,5.889353944277768e-10
16346,,5.889319671826628e-10
16347,,5.889301130112505e-10
16348,,5.889287379125807e-10
16349,,5.8892181516039e-10
16350,,5.889181090267986e-10
16351,,5.889161710798343e-10
16352,,5.889147716070415e-10
16353,,5.889083056192843e-10
16354,,5.889042857899123e-10
16355,,5.889022534697566e-10
16356,,5.889008264055884e-10
16357,,5.88899583714384e-10
16358,,5.888904993515963e-10
16359,,5.88888360727916e-10
16360,,5.888869024393323e-10
16361,,5.888856513861466e-10
16362,,5.888767517850278e-10
16363,,5.888744934844923e-10
16364,,5.888729998943732e-10
16365,,5.888717392287683e-10
16366,,5.888630454677185e-10
16367,,5.888606524473551e-10
16368,,5.888591189575571e-10
16369,,5.888578472685984e-10
16370,,5.888493830475735e-10
16371,,5.888468383704325e-10
16372,,5.888452598375904e-10
16373,,5.888439755946555e-10
16374,,5.888357675052046e-10
16375,,5.888330521730816e-10
16376,,5.888314228180195e-10
16377,,5.88830124212262e-10
16378,,5.888222022350004e-10
16379,,5.888192948599892e-10
16380,,5.888176081607303e-10
16381,,5.88816293221527e-10
16382,,5.888086909920119e-10
16383,,5.888055675527266e-10
16384,,5.888038162005358e-10
16385,,5.88802482707523e-10
16386,,5.887952380414179e-10
16387,,5.887918715428962e-10
16388,,5.887900472912566e-10
16389,,5.887886927330547e-10
16390,,5.887818481720904e-10
16391,,5.887782082463012e-10
16392,,5.887763018784818e-10
16393,,5.887749234356632e-10
16394,,5.88768526778765e-10
16395,,5.887645793095714e-10
16396,,5.887625804184933e-10
16397,,5.887611749312918e-10
16398,,5.887599502238728e-10
16399,,5.887509865392259e-10
16400,,5.887488834495431e-10
16401,,5.887474473595126e-10
16402,,5.88746214456641e-10
16403,,5.887374319964481e-10
16404,,5.88735211586593e-10
16405,,5.887337408879186e-10
16406,,5.887324985642919e-10
16407,,5.887239180025146e-10
16408,,5.88721565505425e-10
16409,,5.887200557170985e-10
16410,,5.887188026048285e-10
16411,,5.887104471554763e-10
16412,,5.887079459864775e-10
16413,,5.887063920437818e-10
16414,,5.887051266154242e-10
16415,,5.886970223840322e-10
16416,,5.88694353903713e-10
16417,,5.886927501366293e-10
16418,,5.88691470648042e-10
16419,,5.886836469811225e-10
16420,,5.886807902399831e-10
16421,,5.886791302507582e-10
16422,,5.886778347720082e-10
16423,,5.886703246707063e-10
16424,,5.886672561006008e-10
16425,,5.886655327384122e-10
16426,,5.886642190647331e-10
16427,,5.886570596222482e-10
16428,,5.886537527491422e-10
16429,,5.886519579402571e-10
16430,,5.886506236187968e-10
16431,,5.886438565166962e-10
16432,,5.886402815906501e-10
16433,,5.886384062711162e-10
16434,,5.886370485463002e-10
16435,,5.886307206573226e-10
16436,,5.886268442115157e-10
16437,,5.886248781905994e-10
16438,,5.886234939585367e-10
16439,,5.886222869656768e-10
16440,,5.886134423985373e-10
16441,,5.886113742346692e-10
16442,,5.886099600036304e-10
16443,,5.886087449817199e-10
16444,,5.886000781816425e-10
16445,,5.885978949908035e-10
16446,,5.885964468426688e-10
16447,,5.885952226021572e-10
16448,,5.88586753811933e-10
16449,,5.885844411439941e-10
16450,,5.885829546666978e-10
16451,,5.885817198580593e-10
16452,,5.885734718487917e-10
16453,,5.885710134265836e-10
16454,,5.885694836775639e-10
16455,,5.885682367953096e-10
16456,,5.885602351715093e-10
16457,,5.885576127229421e-10
16458,,5.88556034134562e-10
16459,,5.885547734735715e-10
16460,,5.885470470101363e-10
16461,,5.885442399845563e-10
16462,,5.885426062911052e-10
16463,,5.885413299593688e-10
16464,,5.885339109985514e-10
16465,,5.885308963048242e-10
16466,,5.885292004763972e-10
16467,,5.885279063242341e-10
16468,,5.88520831219436e-10
16469,,5.885175829033703e-10
16470,,5.885158170377794e-10
16471,,5.885145026472951e-10
16472,,5.885078122939483e-10
16473,,5.885043011788094e-10
16474,,5.88502456381275e-10
16475,,5.885011190538043e-10
16476,,5.884948593920075e-10
16477,,5.884910526651902e-10
16478,,5.884891189675319e-10
16479,,5.884877556573766e-10
16480,,5.884865661102684e-10
16481,,5.884778391400472e-10
16482,,5.884758052997355e-10
16483,,5.884744125883367e-10
16484,,5.884732151875031e-10
16485,,5.884646625683965e-10
16486,,5.884625159630571e-10
16487,,5.884610900072481e-10
16488,,5.88459883577194e-10
16489,,5.884515251730186e-10
16490,,5.884492516247157e-10
16491,,5.884477881073153e-10
16492,,5.884465713177713e-10
16493,,5.884384294522398e-10
16494,,5.884360130254484e-10
16495,,5.884345070779231e-10
16496,,5.884332784722023e-10
16497,,5.88425378236416e-10
16498,,5.884228010023846e-10
16499,,5.884212471810276e-10
16500,,5.884200050772248e-10
16501,,5.884123746932828e-10
16502,,5.8840961650409e-10
16503,,5.8840800867485e-10
16504,,5.884067511977128e-10
16505,,5.883994223747369e-10
16506,,5.88396460595846e-10
16507,,5.883947918591007e-10
16508,,5.883935169143187e-10
16509,,5.883865252999948e-10
16510,,5.883833344742526e-10
16511,,5.883815970795671e-10
16512,,5.883803023133565e-10
16513,,5.883736879875722e-10
16514,,5.883702395217745e-10
16515,,5.883684247499136e-10
16516,,5.883671075005085e-10
16517,,5.883609155094488e-10
16518,,5.883571772310004e-10
16519,,5.883552752878109e-10
16520,,5.883539325855023e-10
16521,,5.883527602441251e-10
16522,,5.88344149337889e-10
16523,,5.883421492250299e-10
16524,,5.883407777138674e-10
16525,,5.883395976695806e-10
16526,,5.883311577754645e-10
16527,,5.883290471301131e-10
16528,,5.883276430204731e-10
16529,,5.88326454134941e-10
16530,,5.883182047330694e-10
16531,,5.883159696375519e-10
16532,,5.883145287071154e-10
16533,,5.883133296861386e-10
16534,,5.883052926572115e-10
16535,,5.883029174801953e-10
16536,,5.883014349687815e-10
16537,,5.883002243571113e-10
16538,,5.882924243117595e-10
16539,,5.882898914869107e-10
16540,,5.882883620438768e-10
16541,,5.882871382001655e-10
16542,,5.882796027946232e-10
16543,,5.882768925769977e-10
16544,,5.882753101855037e-10
16545,,5.882740712917442e-10
16546,,5.882668316151478e-10
16547,,5.882639218002109e-10
16548,,5.882622796973822e-10
16549,,5.882610236973808e-10
16550,,5.882541147000196e-10
16551,,5.882509803303627e-10
16552,,5.882492709261492e-10
16553,,5.882479954970197e-10
16554,,5.882414564821343e-10
16555,,5.882380695086788e-10
16556,,5.882362842526608e-10
16557,,5.882349867854522e-10
16558,,5.882288619141223e-10
16559,,5.882251908210573e-10
16560,,5.882233201286447e-10
16561,,5.882219976995386e-10
16562,,5.882163366139651e-10
16563,,5.882123459620109e-10
16564,,5.882103790240129e-10
16565,,5.882090283611572e-10
16566,,5.882078654260465e-10
16567,,5.881995368371948e-10
16568,,5.881974615157744e-10
16569,,5.881960789148232e-10
16570,,5.88194907311348e-10
16571,,5.881867655506755e-10
16572,,5.88184568235155e-10
16573,,5.881831495478583e-10
16574,,5.881819680066899e-10
16575,,5.881740345500771e-10
16576,,5.881716999005716e-10
16577,,5.881702404400074e-10
16578,,5.881690475632492e-10
16579,,5.881613465058677e-10
16580,,5.881588573085156e-10
16581,,5.881573518460878e-10
16582,,5.881561460134387e-10
16583,,5.881487044918209e-10
16584,,5.88146041371697e-10
16585,,5.881444840234749e-10
16586,,5.881432634272985e-10
16587,,5.88136111923042e-10
16588,,5.881332531254778e-10
16589,,5.88131637235e-10
16590,,5.881303998796916e-10
16591,,5.881235726522893e-10
16592,,5.881204937100975e-10
16593,,5.881188118455845e-10
16594,,5.881175554484988e-10
16595,,5.881110910187693e-10
16596,,5.881077644515521e-10
16597,,5.881060082198649e-10
16598,,5.881047302248086e-10
16599,,5.88098671913185e-10
16600,,5.880950667899212e-10
16601,,5.880932268015133e-10
16602,,5.88091924335633e-10
16603,,5.880863208148933e-10
16604,,5.880824023843807e-10
16605,,5.880804680461175e-10
16606,,5.880791379159166e-10
16607,,5.880779918354555e-10
16608,,5.880697731129292e-10
16609,,5.880677325381881e-10
16610,,5.880663710939005e-10
16611,,5.880652165310487e-10
16612,,5.880571810663908e-10
16613,,5.880550208719955e-10
16614,,5.880536240588529e-10
16615,,5.880524597673739e-10
16616,,5.880446285763085e-10
16617,,5.880423337567888e-10
16618,,5.880408969967755e-10
16619,,5.88039721577596e-10
16620,,5.880321183382025e-10
16621,,5.88029671995059e-10
16622,,5.880281901291347e-10
16623,,5.880270020306789e-10
16624,,5.880196533043793e-10
16625,,5.880170364660182e-10
16626,,5.880155037183839e-10
16627,,5.880143011630481e-10
16628,,5.880072368599229e-10
16629,,5.880044281727106e-10
16630,,5.880028380604669e-10
16631,,5.880016190671276e-10
16632,,5.879948727661359e-10
16633,,5.879918482552235e-10
16634,,5.879901934552917e-10
16635,,5.879889557976211e-10
16636,,5.879825652835749e-10
16637,,5.879792979858421e-10
16638,,5.879775702944097e-10
16639,,5.879763114836126e-10
16640,,5.879703191907245e-10
16641,,5.879667788098233e-10
16642,,5.879649689963487e-10
16643,,5.879636862144513e-10
16644,,5.879581398734301e-10
16645,,5.879542923470456e-10
16646,,5.879523900372497e-10
16647,,5.8795108011931e-10
16648,,5.879499506577203e-10
16649,,5.879418404093955e-10
16650,,5.879398339539629e-10
16651,,5.879384933574593e-10
16652,,5.87937355569696e-10
16653,,5.879294250647427e-10
16654,,5.879273013562754e-10
16655,,5.879259260758994e-10
16656,,5.879247787613027e-10
16657,,5.87917048621306e-10
16658,,5.879147929246013e-10
16659,,5.879133784801803e-10
16660,,5.879122202806352e-10
16661,,5.87904713671262e-10
16662,,5.879023094313745e-10
16663,,5.879008507891952e-10
16664,,5.878996801430028e-10
16665,,5.878924231595776e-10
16666,,5.878898517570174e-10
16667,,5.878883432396799e-10
16668,,5.878871584358515e-10
16669,,5.87880180371941e-10
16670,,5.878774209014076e-10
16671,,5.87875856140802e-10
16672,,5.878746552220498e-10
16673,,5.878679890145349e-10
16674,,5.878650179507674e-10
16675,,5.878633897813334e-10
16676,,5.878621705800689e-10
16677,,5.878558532543144e-10
16678,,5.878526441641478e-10
16679,,5.878509445402938e-10
16680,,5.878497046102808e-10
16681,,5.878437777864514e-10
16682,,5.878403009592234e-10
16683,,5.87838520834554e-10
16684,,5.878372574061851e-10
16685,,5.878317678641324e-10
16686,,5.878279899201834e-10
16687,,5.878261191297317e-10
16688,,5.878248291038491e-10
16689,,5.878237160047119e-10
16690,,5.878157128362382e-10
16691,,5.878137399305809e-10
16692,,5.878124198374829e-10
16693,,5.878112986019923e-10
16694,,5.878034717289253e-10
16695,,5.878013838699492e-10
16696,,5.878000297896074e-10
16697,,5.877988992102286e-10
16698,,5.877912688486978e-10
16699,,5.877890515969534e-10
16700,,5.877876591230186e-10
16701,,5.877865178734899e-10
16702,,5.877791067568376e-10
16703,,5.877767438770323e-10
16704,,5.877753080706953e-10
16705,,5.877741546364033e-10
16706,,5.877669883295011e-10
16707,,5.877644615641829e-10
16708,,5.877629768730605e-10
16709,,5.877618095607677e-10
16710,,5.877549167773869e-10
16711,,5.877522056267412e-10
16712,,5.877506658110061e-10
16713,,5.877494827145459e-10
16714,,5.877428957479141e-10
16715,,5.877399771645955e-10
16716,,5.877383751767848e-10
16717,,5.877371741711427e-10
16718,,5.877309293210596e-10
16719,,5.877277773798585e-10
16720,,5.877261053530186e-10
16721,,5.87724884013499e-10
16722,,5.877190221062468e-10
16723,,5.87715607684748e-10
16724,,5.877138567309568e-10
16725,,5.877126123630026e-10
16726,,5.87707179261462e-10
16727,,5.877034696200535e-10
16728,,5.877016297755556e-10
16729,,5.877003593435351e-10
16730,,5.876992623774734e-10
16731,,5.876913649247928e-10
16732,,5.876894249917933e-10
16733,,5.876881250921514e-10
16734,,5.876870201475994e-10
16735,,5.876792956088495e-10
16736,,5.876772429737827e-10
16737,,5.876759097587749e-10
16738,,5.876747956690603e-10
16739,,5.876672638648639e-10
16740,,5.876650843856972e-10
16741,,5.876637135363036e-10
16742,,5.876625889882542e-10
16743,,5.876552722070791e-10
16744,,5.876529499552626e-10
16745,,5.87651536633188e-10
16746,,5.87650400140885e-10
16747,,5.876433234450446e-10
16748,,5.876408405321865e-10
16749,,5.876393792874451e-10
16750,,5.876382292006814e-10
16751,,5.876314207440928e-10
16752,,5.876287570703859e-10
16753,,5.876272417736041e-10
16754,,5.876260762317187e-10
16755,,5.876195676832505e-10
16756,,5.876167006262153e-10
16757,,5.87615124395739e-10
16758,,5.876139412914895e-10
16759,,5.876077682390021e-10
16760,,5.876046724067129e-10
16761,,5.876030275119508e-10
16762,,5.876018244892292e-10
16763,,5.875960269469536e-10
16764,,5.875926737730328e-10
16765,,5.87590951509171e-10
16766,,5.875897259152101e-10
16767,,5.875843488459323e-10
16768,,5.875807062446122e-10
16769,,5.8757889684044e-10
16770,,5.875776456983201e-10
16771,,5.875765646223434e-10
16772,,5.875687715422821e-10
16773,,5.875668640020918e-10
16774,,5.875655839698189e-10
16775,,5.875644950814431e-10
16776,,5.875568716051772e-10
16777,,5.875548535888799e-10
16778,,5.875535408976584e-10
16779,,5.875524430498619e-10
16780,,5.87545008597213e-10
16781,,5.875428662283894e-10
16782,,5.875415166577031e-10
16783,,5.875404085617431e-10
16784,,5.875331849899711e-10
16785,,5.875309026536042e-10
16786,,5.875295114457337e-10
16787,,5.87528391655031e-10
16788,,5.87521403538348e-10
16789,,5.875189636887252e-10
16790,,5.875175255048737e-10
16791,,5.875163923929302e-10
16792,,5.875096673291512e-10
16793,,5.875070502677578e-10
16794,,5.87505559097176e-10
16795,,5.875044108319829e-10
16796,,5.874979798822553e-10
16797,,5.874951634313994e-10
16798,,5.874936125287732e-10
16799,,5.874924470555727e-10
16800,,5.874863451046761e-10
16801,,5.874833043633466e-10
16802,,5.874816861505839e-10
16803,,5.874805011488471e-10
16804,,5.874747674178548e-10
16805,,5.87471474386614e-10
16806,,5.874697803267805e-10
16807,,5.874685732161034e-10
16808,,5.874632517890542e-10
16809,,5.874596750034715e-10
16810,,5.87457895525766e-10
16811,,5.874566633691242e-10
16812,,5.874555979487825e-10
16813,,5.874479078965265e-10
16814,,5.874460322103447e-10
16815,,5.874447717434997e-10
16816,,5.87443698675588e-10
16817,,5.874361749614351e-10
16818,,5.874341909651771e-10
16819,,5.874328984880936e-10
16820,,5.874318166449981e-10
16821,,5.874244783469516e-10
16822,,5.874223724258757e-10
16823,,5.874210437945061e-10
16824,,5.874199519162267e-10
16825,,5.874128204330602e-10
16826,,5.874105773105351e-10
16827,,5.874092078516761e-10
16828,,5.874081045144942e-10
16829,,5.874012039415682e-10
16830,,5.873988064002578e-10
16831,,5.873973909031538e-10
16832,,5.87396274513249e-10
16833,,5.87389631917092e-10
16834,,5.873870606248307e-10
16835,,5.873855931955441e-10
16836,,5.873844619477868e-10
16837,,5.873781077724205e-10
16838,,5.873753410079466e-10
16839,,5.873738150218427e-10
16840,,5.87372666916134e-10
16841,,5.873666353623641e-10
16842,,5.873636487144432e-10
16843,,5.873620567395949e-10
16844,,5.873608894909986e-10
16845,,5.873552190304526e-10
16846,,5.873519850292467e-10
16847,,5.873503187049623e-10
16848,,5.873491297859407e-10
16849,,5.873438636229426e-10
16850,,5.873403514343696e-10
16851,,5.873386013566705e-10
16852,,5.873373879033364e-10
16853,,5.873363379206952e-10
16854,,5.873287495696113e-10
16855,,5.873269051875717e-10
16856,,5.873256639669875e-10
16857,,5.873246064921199e-10
16858,,5.873171813056954e-10
16859,,5.873152307452157e-10
16860,,5.873139581580219e-10
16861,,5.873128920814193e-10
16862,,5.873056487332261e-10
16863,,5.873035786460731e-10
16864,,5.873022706099747e-10
16865,,5.873011947077248e-10
16866,,5.872941542083067e-10
16867,,5.872919495883532e-10
16868,,5.87290601560254e-10
16869,,5.872895144232623e-10
16870,,5.872827003838517e-10
16871,,5.872803443818812e-10
16872,,5.872789512098649e-10
16873,,5.872778512826636e-10
16874,,5.872712902337889e-10
16875,,5.872687639013142e-10
16876,,5.872673198170078e-10
16877,,5.872662053321237e-10
16878,,5.872599271288571e-10
16879,,5.872572091635236e-10
16880,,5.872557076746311e-10
16881,,5.872545766616907e-10
16882,,5.872486148256565e-10
16883,,5.872456812835538e-10
16884,,5.87244115104249e-10
16885,,5.872429653520617e-10
16886,,5.872373575986645e-10
16887,,5.872341815623384e-10
16888,,5.872325424979612e-10
16889,,5.872313714910618e-10
16890,,5.872261602045424e-10
16891,,5.872227114220835e-10
16892,,5.872209902607714e-10
16893,,5.872197951993508e-10
16894,,5.87218760424531e-10
16895,,5.872112724860061e-10
16896,,5.872094588632644e-10
16897,,5.872082366113935e-10
16898,,5.872071944873671e-10
16899,,5.871998665842538e-10
16900,,5.871979488728329e-10
16901,,5.871966958595365e-10
16902,,5.871956453160717e-10
16903,,5.871884957632423e-10
16904,,5.871864608610237e-10
16905,,5.871851731187178e-10
16906,,5.871841129474468e-10
16907,,5.871771623248247e-10
16908,,5.871749955582893e-10
16909,,5.871736685908879e-10
16910,,5.871725974128602e-10
16911,,5.871658688878831e-10
16912,,5.871635536989575e-10
16913,,5.871621824906311e-10
16914,,5.871610987818021e-10
16915,,5.871546183631891e-10
16916,,5.871521361867301e-10
16917,,5.87150715072313e-10
16918,,5.8714961709958e-10
16919,,5.871434140497718e-10
16920,,5.87140743998581e-10
16921,,5.871392666126309e-10
16922,,5.871381524409585e-10
16923,,5.871322596402277e-10
16924,,5.871293782337161e-10
16925,,5.871278374344986e-10
16926,,5.87126704888834e-10
16927,,5.871211593113443e-10
16928,,5.871180401668908e-10
16929,,5.871164279052471e-10
16930,,5.871152745476449e-10
16931,,5.871101177309455e-10
16932,,5.871067311891922e-10
16933,,5.871050384488839e-10
16934,,5.871038615084312e-10
16935,,5.871028417070998e-10
16936,,5.870954528948798e-10
16937,,5.870936695104353e-10
16938,,5.870924659109093e-10
16939,,5.87091438933433e-10
16940,,5.870842070795974e-10
16941,,5.870823216505376e-10
16942,,5.870810878999706e-10
16943,,5.870800526690788e-10
16944,,5.870729957354759e-10
16945,,5.87070995430778e-10
16946,,5.870697276465406e-10
16947,,5.870686829707231e-10
16948,,5.870618211502643e-10
16949,,5.87059691552924e-10
16950,,5.870583853165229e-10
16951,,5.870573298716449e-10
16952,,5.87050685861056e-10
16953,,5.870484107651156e-10
16954,,5.870470611530424e-10
16955,,5.870459934200759e-10
16956,,5.870395927384547e-10
16957,,5.870371539254944e-10
16958,,5.870357553898548e-10
16959,,5.87034673685553e-10
16960,,5.870285449985144e-10
16961,,5.87025921996835e-10
16962,,5.870244683147412e-10
16963,,5.870233707299465e-10
16964,,5.870175462769247e-10
16965,,5.870147160743053e-10
16966,,5.870132002180055e-10
16967,,5.870120846272838e-10
16968,,5.870066006620863e-10
16969,,5.870035373787572e-10
16970,,5.870019514738815e-10
16971,,5.870008154791609e-10
16972,,5.869957127413262e-10
16973,,5.869923873110028e-10
16974,,5.869907224969025e-10
16975,,5.869895634088247e-10
16976,,5.869885583687128e-10
16977,,5.869812674031922e-10
16978,,5.869795137381969e-10
16979,,5.869783285102906e-10
16980,,5.869773164324173e-10
16981,,5.869701794232705e-10
16982,,5.86968325713914e-10
16983,,5.86967110936298e-10
16984,,5.869660907727478e-10
16985,,5.869591253387175e-10
16986,,5.86957159014669e-10
16987,,5.869559108566899e-10
16988,,5.869548814554982e-10
16989,,5.869481073657013e-10
16990,,5.8694601429475e-10
16991,,5.869447284549081e-10
16992,,5.869436884953358e-10
16993,,5.869371280186315e-10
16994,,5.869348922936383e-10
16995,,5.869335639398061e-10
16996,,5.869325119482082e-10
16997,,5.869261900837128e-10
16998,,5.869237938651705e-10
16999,,5.869224175567557e-10
17000,,5.869213518705643e-10
17001,,5.869152967460448e-10
17002,,5.869127199469695e-10
17003,,5.869112895655575e-10
17004,,5.86910208330714e-10
17005,,5.869044515566732e-10
17006,,5.869016716209381e-10
17007,,5.869001802925302e-10
17008,,5.868990814034954e-10
17009,,5.8689365851457e-10
17010,,5.868906500733886e-10
17011,,5.868890900777964e-10
17012,,5.868879711870324e-10
17013,,5.868829221231648e-10
17014,,5.868796566637157e-10
17015,,5.868780193213679e-10
17016,,5.868768777897098e-10
17017,,5.868758873064534e-10
17018,,5.868686929254163e-10
17019,,5.868669684744419e-10
17020,,5.868658013189343e-10
17021,,5.868648039360539e-10
17022,,5.868577605705559e-10
17023,,5.86855938039483e-10
17024,,5.868547419299783e-10
17025,,5.868537366365893e-10
17026,,5.868468615369105e-10
17027,,5.868449286002385e-10
17028,,5.868436997810452e-10
17029,,5.868426854250251e-10
17030,,5.868359979982372e-10
17031,,5.868339408018713e-10
17032,,5.868326750424215e-10
17033,,5.868316503410944e-10
17034,,5.868251724037336e-10
17035,,5.868229753669165e-10
17036,,5.868216679251126e-10
17037,,5.868206314324881e-10
17038,,5.868143875119878e-10
17039,,5.868120331160794e-10
17040,,5.868106786606898e-10
17041,,5.868096287564287e-10
17042,,5.86803646425506e-10
17043,,5.86801114993993e-10
17044,,5.867997075373487e-10
17045,,5.867986423888233e-10
17046,,5.867929526202943e-10
17047,,5.867902220322151e-10
17048,,5.867887548377574e-10
17049,,5.867876723931093e-10
17050,,5.86782310037698e-10
17051,,5.867793554273758e-10
17052,,5.867778209050035e-10
17053,,5.867767188664321e-10
17054,,5.86771723073015e-10
17055,,5.867685164954845e-10
17056,,5.867669061445808e-10
17057,,5.867657819033533e-10
17058,,5.867648057461034e-10
17059,,5.867577067303794e-10
17060,,5.867560109788643e-10
17061,,5.867548616335178e-10
17062,,5.867538787270256e-10
17063,,5.867469278228631e-10
17064,,5.86745135928988e-10
17065,,5.867439581970994e-10
17066,,5.867429675271604e-10
17067,,5.867361816692456e-10
17068,,5.867342815365101e-10
17069,,5.867330717263518e-10
17070,,5.86732072199173e-10
17071,,5.86725470389017e-10
17072,,5.867234484334659e-10
17073,,5.867222024341704e-10
17074,,5.867211927609187e-10
17075,,5.867147964075289e-10
17076,,5.867126373555296e-10
17077,,5.867113504934423e-10
17078,,5.867103292740552e-10
17079,,5.867041624109139e-10
17080,,5.867018490925926e-10
17081,,5.867005161447931e-10
17082,,5.866994817872509e-10
17083,,5.866935714479683e-10
17084,,5.866910845739392e-10
17085,,5.866896996646116e-10
17086,,5.866886503698333e-10
17087,,5.866830269291577e-10
17088,,5.86680344806386e-10
17089,,5.866789013297615e-10
17090,,5.86677835079495e-10
17091,,5.866725327081336e-10
17092,,5.866696309550719e-10
17093,,5.866681214910531e-10
17094,,5.866670360256285e-10
17095,,5.866620931054396e-10
17096,,5.866589443198409e-10
17097,,5.866573605175163e-10
17098,,5.866562532987536e-10
17099,,5.866552912724892e-10
17100,,5.866482863710282e-10
17101,,5.86646618851543e-10
17102,,5.866454870281051e-10
17103,,5.866445183789062e-10
17104,,5.866376587612904e-10
17105,,5.866358969768755e-10
17106,,5.866347373259999e-10
17107,,5.866337610937714e-10
17108,,5.866270633424896e-10
17109,,5.86625195450938e-10
17110,,5.866240043674027e-10
17111,,5.866230194443737e-10
17112,,5.866165022120849e-10
17113,,5.86614514890394e-10
17114,,5.866132883122885e-10
17115,,5.866122934534633e-10
17116,,5.86605977721305e-10
17117,,5.866038559883305e-10
17118,,5.866025893664819e-10
17119,,5.866015831839462e-10
17120,,5.865954925182303e-10
17121,,5.865932195490271e-10
17122,,5.865919077519638e-10
17123,,5.865908886965094e-10
17124,,5.865850495781369e-10
17125,,5.865826064612983e-10
17126,,5.865812437242716e-10
17127,,5.865802100335171e-10
17128,,5.865746522810156e-10
17129,,5.865720177295479e-10
17130,,5.865705975877589e-10
17131,,5.865695472761868e-10
17132,,5.865643043626706e-10
17133,,5.865614544942945e-10
17134,,5.865599696599215e-10
17135,,5.86558900522365e-10
17136,,5.86554010075447e-10
17137,,5.865509180258832e-10
17138,,5.865493603168026e-10
17139,,5.865482698511826e-10
17140,,5.865473217431444e-10
17141,,5.86540409762198e-10
17142,,5.865387699786116e-10
17143,,5.865376553989566e-10
17144,,5.865367008094739e-10
17145,,5.865299313166027e-10
17146,,5.86528199129227e-10
17147,,5.865270572861371e-10
17148,,5.865260952537383e-10
17149,,5.865194845348773e-10
17150,,5.865176483164511e-10
17151,,5.86516475646128e-10
17152,,5.865155051107799e-10
17153,,5.865090714342052e-10
17154,,5.865071181273272e-10
17155,,5.865059106814522e-10
17156,,5.865049304159203e-10
17157,,5.864986943421458e-10
17158,,5.864966092681054e-10
17159,,5.864953625717574e-10
17160,,5.864943712052398e-10
17161,,5.86488355858642e-10
17162,,5.864861225222904e-10
17163,,5.86484831531453e-10
17164,,5.864838275476179e-10
17165,,5.864780588995718e-10
17166,,5.864756587351373e-10
17167,,5.864743178190087e-10
17168,,5.864732994907166e-10
17169,,5.8646780674766e-10
17170,,5.864652189270522e-10
17171,,5.864638217268907e-10
17172,,5.864627871160159e-10
17173,,5.864576031118234e-10
17174,,5.864548041794252e-10
17175,,5.864533435613436e-10
17176,,5.864522905082685e-10
17177,,5.864474521331375e-10
17178,,5.864444157697942e-10
17179,,5.864428837063913e-10
17180,,5.864418097532387e-10
17181,,5.864408753621126e-10
17182,,5.86434055090351e-10
17183,,5.864324425664082e-10
17184,,5.864313449690093e-10
17185,,5.864304042377687e-10
17186,,5.864237237272307e-10
17187,,5.864220206260535e-10
17188,,5.864208962972549e-10
17189,,5.86419948274112e-10
17190,,5.864134234893386e-10
17191,,5.864116183881901e-10
17192,,5.864104638577718e-10
17193,,5.864095074980515e-10
17194,,5.864031563523776e-10
17195,,5.864012364779042e-10
17196,,5.864000478461452e-10
17197,,5.863990819527259e-10
17198,,5.863929246140546e-10
17199,,5.863908755431595e-10
17200,,5.863896484391653e-10
17201,,5.863886716713284e-10
17202,,5.863827307914394e-10
17203,,5.863805363652021e-10
17204,,5.863792658483384e-10
17205,,5.863782767236811e-10
17206,,5.863725777744048e-10
17207,,5.863702198022689e-10
17208,,5.863689003341053e-10
17209,,5.863678971443551e-10
17210,,5.863624687600642e-10
17211,,5.863599268073705e-10
17212,,5.863585521696887e-10
17213,,5.863575330228478e-10
17214,,5.863524073943845e-10
17215,,5.863496584801197e-10
17216,,5.863482216687615e-10
17217,,5.863471844392762e-10
17218,,5.863423977442624e-10
17219,,5.863394160353957e-10
17220,,5.863379091965344e-10
17221,,5.863368514846808e-10
17222,,5.863359306099162e-10
17223,,5.863292008744896e-10
17224,,5.86327615148812e-10
17225,,5.863265342722515e-10
17226,,5.863256071812134e-10
17227,,5.863190145399745e-10
17228,,5.863173400073919e-10
17229,,5.863162329285273e-10
17230,,5.863152987014901e-10
17231,,5.863088587754375e-10
17232,,5.863070842690834e-10
17233,,5.863059475902188e-10
17234,,5.863050051914389e-10
17235,,5.862987355787362e-10
17236,,5.862968485317084e-10
17237,,5.862956784286574e-10
17238,,5.862947266866262e-10
17239,,5.862886471425822e-10
17240,,5.862866334520895e-10
17241,,5.862854256265348e-10
17242,,5.862844632413056e-10
17243,,5.862785959807742e-10
17244,,5.86276439774263e-10
17245,,5.862751893887219e-10
17246,,5.862742148907246e-10
17247,,5.862685848813987e-10
17248,,5.862662683485517e-10
17249,,5.862649699840637e-10
17250,,5.862639816971878e-10
17251,,5.862586170263987e-10
17252,,5.8625612011188e-10
17253,,5.86254767658546e-10
17254,,5.862537637454328e-10
17255,,5.862486959494115e-10
17256,,5.862459961307323e-10
17257,,5.862445827363266e-10
17258,,5.862435610972277e-10
17259,,5.862388256624704e-10
17260,,5.862358976308174e-10
17261,,5.862344155658807e-10
17262,,5.86233373858734e-10
17263,,5.86232466297002e-10
17264,,5.862258259298134e-10
17265,,5.862242665468209e-10
17266,,5.862232021257923e-10
17267,,5.862222884761345e-10
17268,,5.862157825820722e-10
17269,,5.862141361384943e-10
17270,,5.862130460300933e-10
17271,,5.862121253961411e-10
17272,,5.862057692922718e-10
17273,,5.862040248270404e-10
17274,,5.862029057139404e-10
17275,,5.862019770718118e-10
17276,,5.861957880036179e-10
17277,,5.861939332128828e-10
17278,,5.861927813301497e-10
17279,,5.861918435398319e-10
17280,,5.861858408742443e-10
17281,,5.861838619300068e-10
17282,,5.861826730660313e-10
17283,,5.86181724842207e-10
17284,,5.861759303643803e-10
17285,,5.861738117085039e-10
17286,,5.861725811344488e-10
17287,,5.861716210303249e-10
17288,,5.861660592296717e-10
17289,,5.861637833714221e-10
17290,,5.861625057631948e-10
17291,,5.861615321668148e-10
17292,,5.861562305496378e-10
17293,,5.861537778571794e-10
17294,,5.861524472277635e-10
17295,,5.861514583107484e-10
17296,,5.861464478254304e-10
17297,,5.861437962156013e-10
17298,,5.861424058322885e-10
17299,,5.861413995432474e-10
17300,,5.861367149627694e-10
17301,,5.861338396066653e-10
17302,,5.861323819261907e-10
17303,,5.861313559636461e-10
17304,,5.86130461517644e-10
17305,,5.861239093753446e-10
17306,,5.861223758819473e-10
17307,,5.861213276612826e-10
17308,,5.861204272657958e-10
17309,,5.861140070037162e-10
17310,,5.861123881595559e-10
17311,,5.861113147721269e-10
17312,,5.861104075318609e-10
17313,,5.861041341964858e-10
17314,,5.86102419259426e-10
17315,,5.861013174237102e-10
17316,,5.861004023434314e-10
17317,,5.860942928208612e-10
17318,,5.860924697301351e-10
17319,,5.860913357794006e-10
17320,,5.860904117289125e-10
17321,,5.860844850324489e-10
17322,,5.860825402180595e-10
17323,,5.860813700158359e-10
17324,,5.860804357468649e-10
17325,,5.860747132181094e-10
17326,,5.860726314282525e-10
17327,,5.860714203368066e-10
17328,,5.860704744374478e-10
17329,,5.860649800727231e-10
17330,,5.860627441844819e-10
17331,,5.86061486988049e-10
17332,,5.860605278428208e-10
17333,,5.860552886467928e-10
17334,,5.860528793813864e-10
17335,,5.860515702052404e-10
17336,,5.860505960595371e-10
17337,,5.860456423421188e-10
17338,,5.860430380613528e-10
17339,,5.86041670317771e-10
17340,,5.860406791416243e-10
17341,,5.860360450143058e-10
17342,,5.860332213730775e-10
17343,,5.860317876343642e-10
17344,,5.860307771883001e-10
17345,,5.860298956800115e-10
17346,,5.860234306135566e-10
17347,,5.860219225750063e-10
17348,,5.860208902985612e-10
17349,,5.86020002962279e-10
17350,,5.860136672500453e-10
17351,,5.860120755349428e-10
17352,,5.860110185876803e-10
17353,,5.860101245478499e-10
17354,,5.860039329527798e-10
17355,,5.860022470196711e-10
17356,,5.860011621995661e-10
17357,,5.860002604758371e-10
17358,,5.859942295423199e-10
17359,,5.85992437586814e-10
17360,,5.859913212744826e-10
17361,,5.859904107676564e-10
17362,,5.859845591338839e-10
17363,,5.859826478446965e-10
17364,,5.859814960123464e-10
17365,,5.859805754908233e-10
17366,,5.859749240743152e-10
17367,,5.859728785083252e-10
17368,,5.859716865904312e-10
17369,,5.859707546585971e-10
17370,,5.859653270183006e-10
17371,,5.859631303647166e-10
17372,,5.859618932400975e-10
17373,,5.859609483494961e-10
17374,,5.859557709261493e-10
17375,,5.859534043036322e-10
17376,,5.859521162290588e-10
17377,,5.85951156625472e-10
17378,,5.859462591514117e-10
17379,,5.859437013341385e-10
17380,,5.859423558450738e-10
17381,,5.859413795554651e-10
17382,,5.859367954776998e-10
17383,,5.859340225948792e-10
17384,,5.859326124251386e-10
17385,,5.85931617235246e-10
17386,,5.859307484765401e-10
17387,,5.859243693544942e-10
17388,,5.859228863269364e-10
17389,,5.859218697582412e-10
17390,,5.859209952743027e-10
17391,,5.859147430535025e-10
17392,,5.859131779912448e-10
17393,,5.859121372415069e-10
17394,,5.859112562018093e-10
17395,,5.85905145313715e-10
17396,,5.859034878958703e-10
17397,,5.859024198163617e-10
17398,,5.859015312499334e-10
17399,,5.858955779341174e-10
17400,,5.858938165754756e-10
17401,,5.858927176389834e-10
17402,,5.858918204612729e-10
17403,,5.858860429989426e-10
17404,,5.858841646477542e-10
17405,,5.858830308709971e-10
17406,,5.85882123890651e-10
17407,,5.858765427910722e-10
17408,,5.85874532795948e-10
17409,,5.858733597333722e-10
17410,,5.858724415733343e-10
17411,,5.858670799160965e-10
17412,,5.85864921791756e-10
17413,,5.858637044229192e-10
17414,,5.858627735601551e-10
17415,,5.858576572757347e-10
17416,,5.858553325229178e-10
17417,,5.858540652039485e-10
17418,,5.858531199205833e-10
17419,,5.85848278160582e-10
17420,,5.858457659678077e-10
17421,,5.858444423624109e-10
17422,,5.858434807287134e-10
17423,,5.85838946283155e-10
17424,,5.85836223234803e-10
17425,,5.858348362193721e-10
17426,,5.858338560652944e-10
17427,,5.85829665765794e-10
17428,,5.858267055840824e-10
17429,,5.858252471475672e-10
17430,,5.858242460292507e-10
17431,,5.85823384236489e-10
17432,,5.858172144190341e-10
17433,,5.858156755600555e-10
17434,,5.858146507428579e-10
17435,,5.858137825067307e-10
17436,,5.858077513260698e-10
17437,,5.858061219320437e-10
17438,,5.858050703324101e-10
17439,,5.858041947245154e-10
17440,,5.85798318091863e-10
17441,,5.8579658678963e-10
17442,,5.857955049318543e-10
17443,,5.857946209000713e-10
17444,,5.857889167276192e-10
17445,,5.857870707238668e-10
17446,,5.857859547317902e-10
17447,,5.857850610776553e-10
17448,,5.857795494799239e-10
17449,,5.857775744092677e-10
17450,,5.857764199072584e-10
17451,,5.857755153129468e-10
17452,,5.857702189064577e-10
17453,,5.857680986313934e-10
17454,,5.857669006899774e-10
17455,,5.857659836540596e-10
17456,,5.85760927867369e-10
17457,,5.857586442268357e-10
17458,,5.857573973184366e-10
17459,,5.857564661380987e-10
17460,,5.857516795795548e-10
17461,,5.857492121704943e-10
17462,,5.857479100734547e-10
17463,,5.857469628733552e-10
17464,,5.857424776574449e-10
17465,,5.85739803539258e-10
17466,,5.857384392905115e-10
17467,,5.857374739353024e-10
17468,,5.857333261836274e-10
17469,,5.857304195695012e-10
17470,,5.857289853032996e-10
17471,,5.857279994110647e-10
17472,,5.857271501021863e-10
17473,,5.857210616519686e-10
17474,,5.857195485432563e-10
17475,,5.857185394119863e-10
17476,,5.857176838008457e-10
17477,,5.857117313234432e-10
17478,,5.85710129455927e-10
17479,,5.857090940711652e-10
17480,,5.857082312411959e-10
17481,,5.85702430340982e-10
17482,,5.85700728570946e-10
17483,,5.856996635325362e-10
17484,,5.85698792439741e-10
17485,,5.856931606752929e-10
17486,,5.856913464584147e-10
17487,,5.856902479571739e-10
17488,,5.856893674486814e-10
17489,,5.856839245448326e-10
17490,,5.856819837955065e-10
17491,,5.85680847538924e-10
17492,,5.85679956301105e-10
17493,,5.856747244309075e-10
17494,,5.856726413310631e-10
17495,,5.856714624938441e-10
17496,,5.856705590554343e-10
17497,,5.856655631617677e-10
17498,,5.85663319889473e-10
17499,,5.856620930513938e-10
17500,,5.856611757717734e-10
17501,,5.856564438769757e-10
17502,,5.856540204351098e-10
17503,,5.85652739501817e-10
17504,,5.856518065213912e-10
17505,,5.856473701144426e-10
17506,,5.856447440273648e-10
17507,,5.85643402157117e-10
17508,,5.856424513705859e-10
17509,,5.856383459028004e-10
17510,,5.856354918734106e-10
17511,,5.856340813640757e-10
17512,,5.856331104448023e-10
17513,,5.856322734437498e-10
17514,,5.856262653153543e-10
17515,,5.856247775162391e-10
17516,,5.856237838396482e-10
17517,,5.856229406576411e-10
17518,,5.856170658950533e-10
17519,,5.856154910786807e-10
17520,,5.856144716607627e-10
17521,,5.856136214161038e-10
17522,,5.856078953249438e-10
17523,,5.856062225573843e-10
17524,,5.856051740729817e-10
17525,,5.856043157304739e-10
17526,,5.855987555192511e-10
17527,,5.855969725203863e-10
17528,,5.855958912284964e-10
17529,,5.855950236618199e-10
17530,,5.855896486629819e-10
17531,,5.855877416186546e-10
17532,,5.85586623317344e-10
17533,,5.855857452426216e-10
17534,,5.855805772041168e-10
17535,,5.855785306000664e-10
17536,,5.855773705487216e-10
17537,,5.85576480516854e-10
17538,,5.855715438895595e-10
17539,,5.855693402549282e-10
17540,,5.855681331614015e-10
17541,,5.855672295576929e-10
17542,,5.855625518058761e-10
17543,,5.855601715452098e-10
17544,,5.855589114198044e-10
17545,,5.855579924270277e-10
17546,,5.85553604450336e-10
17547,,5.855510255009005e-10
17548,,5.855497056345842e-10
17549,,5.855487692102151e-10
17550,,5.855447057124546e-10
17551,,5.855419033012868e-10
17552,,5.855405161485644e-10
17553,,5.855395599810428e-10
17554,,5.855387351084274e-10
17555,,5.855328062869798e-10
17556,,5.855313433564182e-10
17557,,5.855303648701641e-10
17558,,5.855295339461772e-10
17559,,5.855237359299685e-10
17560,,5.855221877031138e-10
17561,,5.855211839921489e-10
17562,,5.855203461418028e-10
17563,,5.855146939346202e-10
17564,,5.855130496777154e-10
17565,,5.855120174814818e-10
17566,,5.855111717009091e-10
17567,,5.855056821779481e-10
17568,,5.855039298547851e-10
17569,,5.855028654953844e-10
17570,,5.855020106818812e-10
17571,,5.854967027969968e-10
17572,,5.85494828864176e-10
17573,,5.854937282257193e-10
17574,,5.85492863109985e-10
17575,,5.854877581889912e-10
17576,,5.854857474258467e-10
17577,,5.854846058715724e-10
17578,,5.854837290353778e-10
17579,,5.8547885104919e-10
17580,,5.854766863492526e-10
17581,,5.854754986677317e-10
17582,,5.854746085317316e-10
17583,,5.854699844121367e-10
17584,,5.854676465361334e-10
17585,,5.854664068763609e-10
17586,,5.854655016592698e-10
17587,,5.854611616788465e-10
17588,,5.854586290279704e-10
17589,,5.854573307955509e-10
17590,,5.854564084964142e-10
17591,,5.854523867101225e-10
17592,,5.8544963496595e-10
17593,,5.854482707716158e-10
17594,,5.854473291241649e-10
17595,,5.854465161955156e-10
17596,,5.854406656633769e-10
17597,,5.854392271806499e-10
17598,,5.854382636622262e-10
17599,,5.85437444813789e-10
17600,,5.854317225739745e-10
17601,,5.85430200470218e-10
17602,,5.854292122183912e-10
17603,,5.854283865851837e-10
17604,,5.854228073554155e-10
17605,,5.854211911116338e-10
17606,,5.854201749363686e-10
17607,,5.854193415407891e-10
17608,,5.854139218565047e-10
17609,,5.854121996656995e-10
17610,,5.854111519720012e-10
17611,,5.854103097109619e-10
17612,,5.854050681725539e-10
17613,,5.854032267560396e-10
17614,,5.854021434973591e-10
17615,,5.854012911472793e-10
17616,,5.853962486542132e-10
17617,,5.853942730829353e-10
17618,,5.853931497200185e-10
17619,,5.853922858876748e-10
17620,,5.853874659311552e-10
17621,,5.853853394467486e-10
17622,,5.853841708560604e-10
17623,,5.853832939974579e-10
17624,,5.853787229916539e-10
17625,,5.853764267297228e-10
17626,,5.853752071850184e-10
17627,,5.853743155408002e-10
17628,,5.853700231771471e-10
17629,,5.853675359525031e-10
17630,,5.853662589904431e-10
17631,,5.8536535059495e-10
17632,,5.853613702418273e-10
17633,,5.853586682300055e-10
17634,,5.853573265988044e-10
17635,,5.853563992467519e-10
17636,,5.853555980966299e-10
17637,,5.853498248445354e-10
17638,,5.853484103959961e-10
17639,,5.853474616023579e-10
17640,,5.853466546504106e-10
17641,,5.853410072428955e-10
17642,,5.853395108022554e-10
17643,,5.853385377666654e-10
17644,,5.853377241735443e-10
17645,,5.853322170201319e-10
17646,,5.853306283013593e-10
17647,,5.85329627899721e-10
17648,,5.853288066855802e-10
17649,,5.853234560187657e-10
17650,,5.853217634278231e-10
17651,,5.853207321255902e-10
17652,,5.853199022363735e-10
17653,,5.853147262762009e-10
17654,,5.853129167940366e-10
17655,,5.853118506321779e-10
17656,,5.853110108603731e-10
17657,,5.853060300869386e-10
17658,,5.8530408909557e-10
17659,,5.853029836156196e-10
17660,,5.853021325904861e-10
17661,,5.852973700520774e-10
17662,,5.85295281110637e-10
17663,,5.8529413130087e-10
17664,,5.852932675060107e-10
17665,,5.852887490954029e-10
17666,,5.852864937015332e-10
17667,,5.852852939326563e-10
17668,,5.852844156551756e-10
17669,,5.852801704805432e-10
17670,,5.852777278716276e-10
17671,,5.85276471818629e-10
17672,,5.8527557711584e-10
17673,,5.85271637904286e-10
17674,,5.85268984710318e-10
17675,,5.852676652646e-10
17676,,5.852667519822081e-10
17677,,5.852659624323337e-10
17678,,5.852602654855994e-10
17679,,5.852588746499486e-10
17680,,5.852579403571925e-10
17681,,5.852571451191044e-10
17682,,5.852515715990693e-10
17683,,5.852501003888107e-10
17684,,5.852491423380236e-10
17685,,5.852483405953315e-10
17686,,5.852429046384236e-10
17687,,5.852413429557409e-10
17688,,5.852403580727488e-10
17689,,5.852395488815433e-10
17690,,5.852342663922971e-10
17691,,5.852326028677162e-10
17692,,5.852315877095528e-10
17693,,5.852307700049843e-10
17694,,5.85225658854414e-10
17695,,5.852238807398759e-10
17696,,5.852228313937778e-10
17697,,5.852220040138093e-10
17698,,5.852170842886304e-10
17699,,5.852151772424432e-10
17700,,5.852140893591925e-10
17701,,5.852132509538026e-10
17702,,5.852085452351772e-10
17703,,5.85206493143822e-10
17704,,5.852053617987529e-10
17705,,5.852045108740101e-10
17706,,5.852000445593227e-10
17707,,5.85197829282062e-10
17708,,5.85196648972498e-10
17709,,5.851957838431996e-10
17710,,5.851915854626375e-10
17711,,5.851891866334747e-10
17712,,5.85187951152975e-10
17713,,5.851870699350734e-10
17714,,5.851831715764437e-10
17715,,5.851805663014717e-10
17716,,5.851792686639182e-10
17717,,5.851783692374028e-10
17718,,5.851775911221926e-10
17719,,5.851719694946544e-10
17720,,5.85170601868845e-10
17721,,5.851696818419537e-10
17722,,5.851688981630272e-10
17723,,5.851633975961312e-10
17724,,5.851619511753594e-10
17725,,5.851610078663704e-10
17726,,5.851602178074352e-10
17727,,5.851548521674546e-10
17728,,5.8515331705468e-10
17729,,5.851523474381222e-10
17730,,5.851515500820715e-10
17731,,5.851463349465149e-10
17732,,5.851446999994423e-10
17733,,5.851437007006286e-10
17734,,5.851428950100531e-10
17735,,5.851378479118462e-10
17736,,5.851361006235053e-10
17737,,5.851350678272411e-10
17738,,5.851342526425332e-10
17739,,5.851293932716355e-10
17740,,5.851275195813226e-10
17741,,5.851264490002926e-10
17742,,5.851256230192552e-10
17743,,5.851209735239183e-10
17744,,5.851189576092532e-10
17745,,5.851178444308851e-10
17746,,5.851170061796485e-10
17747,,5.85112591460607e-10
17748,,5.851104155666496e-10
17749,,5.851092543823446e-10
17750,,5.851084022146004e-10
17751,,5.851042502245645e-10
17752,,5.851018943897948e-10
17753,,5.851006791100153e-10
17754,,5.850998111774205e-10
17755,,5.850959533872426e-10
17756,,5.850933951437253e-10
17757,,5.85092118938465e-10
17758,,5.85091233160618e-10
17759,,5.850904663073391e-10
17760,,5.850849190401253e-10
17761,,5.850835742235108e-10
17762,,5.850826682467034e-10
17763,,5.850818959555666e-10
17764,,5.850764674204313e-10
17765,,5.850750453660962e-10
17766,,5.850741165603019e-10
17767,,5.850733380123796e-10
17768,,5.85068041822377e-10
17769,,5.850665328016459e-10
17770,,5.850655782171221e-10
17771,,5.850647925236764e-10
17772,,5.850596439433443e-10
17773,,5.850580370537852e-10
17774,,5.850570533819824e-10
17775,,5.850562595115097e-10
17776,,5.850512757296547e-10
17777,,5.850495587053586e-10
17778,,5.850485421843685e-10
17779,,5.8504773901984e-10
17780,,5.850429393335003e-10
17781,,5.850410983884299e-10
17782,,5.850400448318588e-10
17783,,5.850392310834678e-10
17784,,5.850346372214914e-10
17785,,5.850326568498323e-10
17786,,5.850315615347164e-10
17787,,5.850307357575333e-10
17788,,5.850263721093513e-10
17789,,5.850242349049362e-10
17790,,5.850230925259895e-10
17791,,5.850222531178277e-10
17792,,5.850181471178643e-10
17793,,5.850158334828909e-10
17794,,5.850146380841733e-10
17795,,5.850137832221188e-10
17796,,5.850099657057237e-10
17797,,5.850074536326013e-10
17798,,5.850061984990328e-10
17799,,5.850053261464287e-10
17800,,5.850045703962948e-10
17801,,5.849990965309676e-10
17802,,5.849977741387001e-10
17803,,5.849968819931962e-10
17804,,5.8499612091165e-10
17805,,5.849907635100542e-10
17806,,5.849893653885595e-10
17807,,5.849884508742952e-10
17808,,5.849876836670037e-10
17809,,5.849824560652729e-10
17810,,5.8498097268964e-10
17811,,5.849800329037425e-10
17812,,5.849792586932632e-10
17813,,5.849741758592983e-10
17814,,5.849725965357709e-10
17815,,5.849716282303126e-10
17816,,5.849708460159067e-10
17817,,5.849659248041234e-10
17818,,5.849642375077537e-10
17819,,5.849632370079084e-10
17820,,5.849624456797682e-10
17821,,5.849577050074409e-10
17822,,5.84955896226229e-10
17823,,5.849548594190316e-10
17824,,5.849540577175191e-10
17825,,5.849495188896978e-10
17826,,5.849475734140138e-10
17827,,5.849464956711133e-10
17828,,5.84945682194839e-10
17829,,5.84941369125923e-10
17830,,5.849392698834922e-10
17831,,5.849381460024409e-10
17832,,5.849373191620423e-10
17833,,5.84933258746002e-10
17834,,5.849309865393393e-10
17835,,5.849298106757687e-10
17836,,5.8492896869412e-10
17837,,5.849251911527315e-10
17838,,5.849227244084056e-10
17839,,5.849214899918201e-10
17840,,5.849206308661946e-10
17841,,5.849198860573973e-10
17842,,5.849144846513595e-10
17843,,5.849131842904373e-10
17844,,5.849123057661878e-10
17845,,5.849115557273781e-10
17846,,5.849062685609947e-10
17847,,5.849048939633785e-10
17848,,5.849039935056154e-10
17849,,5.849032374719798e-10
17850,,5.848980776082093e-10
17851,,5.848966194330564e-10
17852,,5.848956942120532e-10
17853,,5.848949313091263e-10
17854,,5.848899134357201e-10
17855,,5.848883611999967e-10
17856,,5.848874080069613e-10
17857,,5.848866372786932e-10
17858,,5.848817778990037e-10
17859,,5.848801198086836e-10
17860,,5.8487913506544e-10
17861,,5.848783554002181e-10
17862,,5.848736730838909e-10
17863,,5.848718958852774e-10
17864,,5.848708755597825e-10
17865,,5.84870085724514e-10
17866,,5.848656013420746e-10
17867,,5.848636901414929e-10
17868,,5.848626296722155e-10
17869,,5.848618283117137e-10
17870,,5.848575653066834e-10
17871,,5.848555033538728e-10
17872,,5.848543976605858e-10
17873,,5.848535831985934e-10
17874,,5.848495679587092e-10
17875,,5.848473364261388e-10
17876,,5.848461797817038e-10
17877,,5.848453504732395e-10
17878,,5.848416126155081e-10
17879,,5.848391903703979e-10
17880,,5.848379763123504e-10
17881,,5.848371301970651e-10
17882,,5.848363961710873e-10
17883,,5.848310663027871e-10
17884,,5.848297876117567e-10
17885,,5.848289224739478e-10
17886,,5.848281833221851e-10
17887,,5.848229655104709e-10
17888,,5.848216140219833e-10
17889,,5.848207274080723e-10
17890,,5.848199823846519e-10
17891,,5.848148894140021e-10
17892,,5.848134560066586e-10
17893,,5.84812545107126e-10
17894,,5.84811793365832e-10
17895,,5.848068396516415e-10
17896,,5.848053140230457e-10
17897,,5.848043757102982e-10
17898,,5.8480361627987e-10
17899,,5.847988180234927e-10
17900,,5.847971886225316e-10
17901,,5.847962193688065e-10
17902,,5.847954511996224e-10
17903,,5.847908265829518e-10
17904,,5.847890804112455e-10
17905,,5.847880762788122e-10
17906,,5.847872981408395e-10
17907,,5.847828676299816e-10
17908,,5.847809900764149e-10
17909,,5.847799466129335e-10
17910,,5.847791571595476e-10
17911,,5.847749437469744e-10
17912,,5.847729184025937e-10
17913,,5.8477183059623e-10
17914,,5.847710283127495e-10
17915,,5.847670578504533e-10
17916,,5.847648662541132e-10
17917,,5.847637285010959e-10
17918,,5.847629116689527e-10
17919,,5.847592132171307e-10
17920,,5.847568346320086e-10
17921,,5.847556406009378e-10
17922,,5.847548072967262e-10
17923,,5.847540838925703e-10
17924,,5.847488246325705e-10
17925,,5.847475672312661e-10
17926,,5.847467152911595e-10
17927,,5.847459868702707e-10
17928,,5.847408375247699e-10
17929,,5.847395087644167e-10
17930,,5.847386357648291e-10
17931,,5.847379015829276e-10
17932,,5.847328746912148e-10
17933,,5.847314656120615e-10
17934,,5.847305688103694e-10
17935,,5.847298280505057e-10
17936,,5.847249377353275e-10
17937,,5.847234382419985e-10
17938,,5.847225145709967e-10
17939,,5.847217662929055e-10
17940,,5.847170284180584e-10
17941,,5.847154271835559e-10
17942,,5.847144731973164e-10
17943,,5.84713716347012e-10
17944,,5.847091487728325e-10
17945,,5.847074330600053e-10
17946,,5.8470644487197e-10
17947,,5.847056782491479e-10
17948,,5.847013010314702e-10
17949,,5.84699456519855e-10
17950,,5.846984297707273e-10
17951,,5.846976520657526e-10
17952,,5.846934877372595e-10
17953,,5.846914983405626e-10
17954,,5.846904281233285e-10
17955,,5.846896378412761e-10
17956,,5.846857117552127e-10
17957,,5.846835593663268e-10
17958,,5.84682440180183e-10
17959,,5.846816356357301e-10
17960,,5.846779762862225e-10
17961,,5.846756405750777e-10
17962,,5.846744662213299e-10
17963,,5.846736455413088e-10
17964,,5.846729325931025e-10
17965,,5.846677430524135e-10
17966,,5.846665065731338e-10
17967,,5.846656676202181e-10
17968,,5.846649497688168e-10
17969,,5.846598680220717e-10
17970,,5.846585615928122e-10
17971,,5.846577019905949e-10
17972,,5.846569785066768e-10
17973,,5.846520168637983e-10
17974,,5.846506316901633e-10
17975,,5.846497487587327e-10
17976,,5.846490188222873e-10
17977,,5.846441911319199e-10
17978,,5.846427173235716e-10
17979,,5.846418080663558e-10
17980,,5.846410707519211e-10
17981,,5.846363925723543e-10
17982,,5.846348190217524e-10
17983,,5.846338800347278e-10
17984,,5.846331343246235e-10
17985,,5.846286231529934e-10
17986,,5.846269373685207e-10
17987,,5.846259648557788e-10
17988,,5.846252095853195e-10
17989,,5.846208850782679e-10
17990,,5.846190730225474e-10
17991,,5.846180627134883e-10
17992,,5.846172965685052e-10
17993,,5.846131808430033e-10
17994,,5.846112267342279e-10
17995,,5.846101738168425e-10
17996,,5.846093953521626e-10
17997,,5.846055132491225e-10
17998,,5.846033993465684e-10
17999,,5.846022984213142e-10
18000,,5.846015059798318e-10
18001,,5.845978854297536e-10
18002,,5.845955918048647e-10
18003,,5.845944367972569e-10
18004,,5.845936285298423e-10
18005,,5.845929259105106e-10
18006,,5.845878051762612e-10
18007,,5.84586589262307e-10
18008,,5.845857630945452e-10
18009,,5.845850556545739e-10
18010,,5.845800406590878e-10
18011,,5.845787561704167e-10
18012,,5.845779097667425e-10
18013,,5.845771968053729e-10
18014,,5.845722996065949e-10
18015,,5.845709379165107e-10
18016,,5.845700686554183e-10
18017,,5.845693493757703e-10
18018,,5.845645835529732e-10
18019,,5.845631349690195e-10
18020,,5.845622398846479e-10
18021,,5.845615133901994e-10
18022,,5.845568941939686e-10
18023,,5.845553478275912e-10
18024,,5.845544236050555e-10
18025,,5.845536888730365e-10
18026,,5.845492334669832e-10
18027,,5.845475770670766e-10
18028,,5.845466199844748e-10
18029,,5.845458758816682e-10
18030,,5.845416035236008e-10
18031,,5.845398233388069e-10
18032,,5.845388292002879e-10
18033,,5.84538074446145e-10
18034,,5.845340068350605e-10
18035,,5.845320873749798e-10
18036,,5.845310514649895e-10
18037,,5.845302846408258e-10
18038,,5.845264461159072e-10
18039,,5.845243700099288e-10
18040,,5.845232870313939e-10
18041,,5.84522506507254e-10
18042,,5.845189244664358e-10
18043,,5.845166721445449e-10
18044,,5.845155361558837e-10
18045,,5.845147401282775e-10
18046,,5.845140476570854e-10
18047,,5.845089948528492e-10
18048,,5.845077991602473e-10
18049,,5.845069855863666e-10
18050,,5.845062884093065e-10
18051,,5.845013393061922e-10
18052,,5.84500076382907e-10
18053,,5.844992429706006e-10
18054,,5.844985403865968e-10
18055,,5.844937068277217e-10
18056,,5.844923682221294e-10
18057,,5.844915123933033e-10
18058,,5.844908036173464e-10
18059,,5.844860988997568e-10
18060,,5.844846751136138e-10
18061,,5.844837939796373e-10
18062,,5.844830781295619e-10
18063,,5.844785172196626e-10
18064,,5.844769975652883e-10
18065,,5.844760878692956e-10
18066,,5.84475363957426e-10
18067,,5.844709636674745e-10
18068,,5.844693361347193e-10
18069,,5.844683942331766e-10
18070,,5.844676611317464e-10
18071,,5.844634403714218e-10
18072,,5.84461691465433e-10
18073,,5.844607132363713e-10
18074,,5.844599697109596e-10
18075,,5.844559497218441e-10
18076,,5.844540642884163e-10
18077,,5.844530451023766e-10
18078,,5.844522897351008e-10
18079,,5.8444849439833e-10
18080,,5.844464553767825e-10
18081,,5.84445390065067e-10
18082,,5.844446212801984e-10
18083,,5.844410774423517e-10
18084,,5.844388656733842e-10
18085,,5.844377483786223e-10
18086,,5.844369643903241e-10
18087,,5.844362819466475e-10
18088,,5.844312961856872e-10
18089,,5.844301203631998e-10
18090,,5.844293191756077e-10
18091,,5.844286321103356e-10
18092,,5.844237480808781e-10
18093,,5.84422506342566e-10
18094,,5.84421685714068e-10
18095,,5.844209933551106e-10
18096,,5.84416222643579e-10
18097,,5.84414906712466e-10
18098,,5.844140641094986e-10
18099,,5.844133656924972e-10
18100,,5.844087213483333e-10
18101,,5.844073219045625e-10
18102,,5.844064545024834e-10
18103,,5.844057491431215e-10
18104,,5.844012458366774e-10
18105,,5.84399752411116e-10
18106,,5.843988570117308e-10
18107,,5.843981437506093e-10
18108,,5.843937979640096e-10
18109,,5.843921987881737e-10
18110,,5.843912718002803e-10
18111,,5.843905495487211e-10
18112,,5.843863798134763e-10
18113,,5.843846616467515e-10
18114,,5.843836990566827e-10
18115,,5.843829665787926e-10
18116,,5.843789937292431e-10
18117,,5.843771417060107e-10
18118,,5.843761389741057e-10
18119,,5.843753948951515e-10
18120,,5.843716423415803e-10
18121,,5.843696397458768e-10
18122,,5.843685917883838e-10
18123,,5.843678345526802e-10
18124,,5.843643286306698e-10
18125,,5.843621566695015e-10
18126,,5.843610577630999e-10
18127,,5.843602856258897e-10
18128,,5.843596130410001e-10
18129,,5.843546934799605e-10
18130,,5.843535371903728e-10
18131,,5.843527481936259e-10
18132,,5.843520710917677e-10
18133,,5.843472512965453e-10
18134,,5.843460303965194e-10
18135,,5.843452223474042e-10
18136,,5.843445400608525e-10
18137,,5.843398314204021e-10
18138,,5.843385377773361e-10
18139,,5.843377081899776e-10
18140,,5.84337019958897e-10
18141,,5.843324352528863e-10
18142,,5.843310597367007e-10
18143,,5.843302058412361e-10
18144,,5.843295108218e-10
18145,,5.843250644346655e-10
18146,,5.8432359677805e-10
18147,,5.843227154366342e-10
18148,,5.843220126779303e-10
18149,,5.843177207660633e-10
18150,,5.843161494351115e-10
18151,,5.843152371366908e-10
18152,,5.843145255584575e-10
18153,,5.843104062935408e-10
18154,,5.843087183090494e-10
18155,,5.843077711056897e-10
18156,,5.843070495138676e-10
18157,,5.84303123331312e-10
18158,,5.843013041037843e-10
18159,,5.843003175526866e-10
18160,,5.842995845860914e-10
18161,,5.842958744336821e-10
18162,,5.84293907594608e-10
18163,,5.842928767068484e-10
18164,,5.842921308367511e-10
18165,,5.842886625264605e-10
18166,,5.842865296543102e-10
18167,,5.842854488040644e-10
18168,,5.842846883497506e-10
18169,,5.842840254954829e-10
18170,,5.842791712647608e-10
18171,,5.842780341668018e-10
18172,,5.8427725718506e-10
18173,,5.842765899044163e-10
18174,,5.842718335360367e-10
18175,,5.842706330948228e-10
18176,,5.842698374331529e-10
18177,,5.842691650745334e-10
18178,,5.84264517721254e-10
18179,,5.842632459717389e-10
18180,,5.842624292044412e-10
18181,,5.842617510207127e-10
18182,,5.842572252178507e-10
18183,,5.842558732114418e-10
18184,,5.842550326063377e-10
18185,,5.842543477716696e-10
18186,,5.842499576289599e-10
18187,,5.842485152835313e-10
18188,,5.842476477812402e-10
18189,,5.842469553525864e-10
18190,,5.842427167137781e-10
18191,,5.842411727248456e-10
18192,,5.842402748735656e-10
18193,,5.842395738150969e-10
18194,,5.842355044765877e-10
18195,,5.842338461334833e-10
18196,,5.842329140586989e-10
18197,,5.842322031846041e-10
18198,,5.842283231892601e-10
18199,,5.842265361835667e-10
18200,,5.842255655342384e-10
18201,,5.842248435116188e-10
18202,,5.842211753587177e-10
18203,,5.842192436310922e-10
18204,,5.842182295233445e-10
18205,,5.84217494861892e-10
18206,,5.842140638611856e-10
18207,,5.842119693459017e-10
18208,,5.842109062634668e-10
18209,,5.842101573006698e-10
18210,,5.842095040300815e-10
18211,,5.842047142878297e-10
18212,,5.842035960616196e-10
18213,,5.842028309048473e-10
18214,,5.842021732988583e-10
18215,,5.841974795490167e-10
18216,,5.841962992246775e-10
18217,,5.841955157518674e-10
18218,,5.841948531650023e-10
18219,,5.841902663414312e-10
18220,,5.841890161165016e-10
18221,,5.84188211950798e-10
18222,,5.84187543670916e-10
18223,,5.841830760649809e-10
18224,,5.841817471387817e-10
18225,,5.84180919619596e-10
18226,,5.841802448119634e-10
18227,,5.841759102446045e-10
18228,,5.841744927696265e-10
18229,,5.841736388787286e-10
18230,,5.841729566411369e-10
18231,,5.841687706494839e-10
18232,,5.841672535227841e-10
18233,,5.841663698826358e-10
18234,,5.841656791811874e-10
18235,,5.841616592334594e-10
18236,,5.841600299838711e-10
18237,,5.841591128015719e-10
18238,,5.841584124778811e-10
18239,,5.841545782048876e-10
18240,,5.841528228276077e-10
18241,,5.841518678207463e-10
18242,,5.841511565808144e-10
18243,,5.84147530042853e-10
18244,,5.84145632779725e-10
18245,,5.841446351682015e-10
18246,,5.841439115440997e-10
18247,,5.841405175556454e-10
18248,,5.841384606944962e-10
18249,,5.841374150869277e-10
18250,,5.841366774358764e-10
18251,,5.841360335993048e-10
18252,,5.841313075222693e-10
18253,,5.841302078441445e-10
18254,,5.841294543259727e-10
18255,,5.841288062535651e-10
18256,,5.841241743246039e-10
18257,,5.841230137725207e-10
18258,,5.84122242296004e-10
18259,,5.841215893459393e-10
18260,,5.841170622971467e-10
18261,,5.841158332082639e-10
18262,,5.84115041459156e-10
18263,,5.841143829175452e-10
18264,,5.841099728005992e-10
18265,,5.841086665654375e-10
18266,,5.841078519109828e-10
18267,,5.841071869977215e-10
18268,,5.841029073436955e-10
18269,,5.841015142921568e-10
18270,,5.841006737952624e-10
18271,,5.841000015943128e-10
18272,,5.840958676496783e-10
18273,,5.8409437690842e-10
18274,,5.840935072486181e-10
18275,,5.840928267496153e-10
18276,,5.840888556464934e-10
18277,,5.840872549810512e-10
18278,,5.840863524357546e-10
18279,,5.840856625073982e-10
18280,,5.840818734855849e-10
18281,,5.840801491549153e-10
18282,,5.84079209549664e-10
18283,,5.840785089196721e-10
18284,,5.840749236061946e-10
18285,,5.840730601805351e-10
18286,,5.840720787961015e-10
18287,,5.840713660363644e-10
18288,,5.840680087620349e-10
18289,,5.840659888654423e-10
18290,,5.84064960422541e-10
18291,,5.840642339112486e-10
18292,,5.840611320230639e-10
18293,,5.840589361436421e-10
18294,,5.840578547051658e-10
18295,,5.840571126354169e-10
18296,,5.840564739533265e-10
18297,,5.840519030615087e-10
18298,,5.840507619357497e-10
18299,,5.840500022850218e-10
18300,,5.840493588197766e-10
18301,,5.840448907961165e-10
18302,,5.8404368248157e-10
18303,,5.840429029495874e-10
18304,,5.840422540215357e-10
18305,,5.840379006723866e-10
18306,,5.840366167297696e-10
18307,,5.840358147436724e-10
18308,,5.840351595638504e-10
18309,,5.840309341783893e-10
18310,,5.840295651235935e-10
18311,,5.840287377971542e-10
18312,,5.840280754854552e-10
18313,,5.840239929961835e-10
18314,,5.840225281595315e-10
18315,,5.840216722555829e-10
18316,,5.840210018074465e-10
18317,,5.840170790121073e-10
18318,,5.840155064095218e-10
18319,,5.84014618269647e-10
18320,,5.84013938584514e-10
18321,,5.840101943403639e-10
18322,,5.840085005155481e-10
18323,,5.840075760343999e-10
18324,,5.840068858579071e-10
18325,,5.840033413853615e-10
18326,,5.84001511175942e-10
18327,,5.840005457492686e-10
18328,,5.839998436865618e-10
18329,,5.839965228260217e-10
18330,,5.839945392156924e-10
18331,,5.839935276559102e-10
18332,,5.839928121208172e-10
18333,,5.839897416807124e-10
18334,,5.839875855404564e-10
18335,,5.839865220202749e-10
18336,,5.839857912343898e-10
18337,,5.839851618073221e-10
18338,,5.839806511778588e-10
18339,,5.839795291492114e-10
18340,,5.839787811195701e-10
18341,,5.839781470156242e-10
18342,,5.839737372718241e-10
18343,,5.839725493747273e-10
18344,,5.839717818609528e-10
18345,,5.839711423958322e-10
18346,,5.839668451328283e-10
18347,,5.839655830901888e-10
18348,,5.839647935712195e-10
18349,,5.839641479787059e-10
18350,,5.839599762171366e-10
18351,,5.839586307291797e-10
18352,,5.8395781637461e-10
18353,,5.839571637869817e-10
18354,,5.839531321617934e-10
18355,,5.839516927815013e-10
18356,,5.839508504063845e-10
18357,,5.839501898582736e-10
18358,,5.83946314834528e-10
18359,,5.839447698044672e-10
18360,,5.839438958341313e-10
18361,,5.839432262244566e-10
18362,,5.83939526304537e-10
18363,,5.839378624226974e-10
18364,,5.839369528236321e-10
18365,,5.8393627294296e-10
18366,,5.839327689239415e-10
18367,,5.839309713310296e-10
18368,,5.839300215921766e-10
18369,,5.839293300522742e-10
18370,,5.8392604531623e-10
18371,,5.839240973258209e-10
18372,,5.839231023647251e-10
18373,,5.839223976237202e-10
18374,,5.839193584373214e-10
18375,,5.839172413066071e-10
18376,,5.839161954106616e-10
18377,,5.83915475720301e-10
18378,,5.839148554126552e-10
18379,,5.839104042721382e-10
18380,,5.83909301008763e-10
18381,,5.839085644288252e-10
18382,,5.839079395422539e-10
18383,,5.839035873553086e-10
18384,,5.839024195181562e-10
18385,,5.839016638440247e-10
18386,,5.83901033701498e-10
18387,,5.838967918344818e-10
18388,,5.83895551308854e-10
18389,,5.838947740516484e-10
18390,,5.838941379085481e-10
18391,,5.838900191272097e-10
18392,,5.838886967925031e-10
18393,,5.838878952002688e-10
18394,,5.83887252201812e-10
18395,,5.838832708594987e-10
18396,,5.838818564713721e-10
18397,,5.838810274041075e-10
18398,,5.838803766087142e-10
18399,,5.838765488342912e-10
18400,,5.838750308766439e-10
18401,,5.838741708356142e-10
18402,,5.838735111634124e-10
18403,,5.838698551070444e-10
18404,,5.838682206237066e-10
18405,,5.838673256596314e-10
18406,,5.838666559172391e-10
18407,,5.838631919607146e-10
18408,,5.83861426389553e-10
18409,,5.838604920812801e-10
18410,,5.838598109201107e-10
18411,,5.838565619907504e-10
18412,,5.838546489767458e-10
18413,,5.838536703272262e-10
18414,,5.838529762232519e-10
18415,,5.838499680888712e-10
18416,,5.838478892430317e-10
18417,,5.838468606597115e-10
18418,,5.838461519030684e-10
18419,,5.838455405871598e-10
18420,,5.838411481771433e-10
18421,,5.838400633552731e-10
18422,,5.838393380435517e-10
18423,,5.838387222332844e-10
18424,,5.838344268857821e-10
18425,,5.838332787623582e-10
18426,,5.838325347262528e-10
18427,,5.838319137747861e-10
18428,,5.83827726618884e-10
18429,,5.838265072351561e-10
18430,,5.838257420612597e-10
18431,,5.838251152177325e-10
18432,,5.838210487813586e-10
18433,,5.838197492011153e-10
18434,,5.838189601555077e-10
18435,,5.838183266101216e-10
18436,,5.838143949588626e-10
18437,,5.838130051238252e-10
18438,,5.838121891549985e-10
18439,,5.838115479624859e-10
18440,,5.838077669210341e-10
18441,,5.838062755421946e-10
18442,,5.838054292066699e-10
18443,,5.838047793227225e-10
18444,,5.838011666678713e-10
18445,,5.837995610565121e-10
18446,,5.837986804845103e-10
18447,,5.837980207285668e-10
18448,,5.837945964610601e-10
18449,,5.837928623355535e-10
18450,,5.837919431862927e-10
18451,,5.8379127223638e-10
18452,,5.837880588256908e-10
18453,,5.837861801494566e-10
18454,,5.837852175357619e-10
18455,,5.837845339027712e-10
18456,,5.837815566090476e-10
18457,,5.837795153435517e-10
18458,,5.837785037854437e-10
18459,,5.837778057998546e-10
18460,,5.837772033320189e-10
18461,,5.837728689029079e-10
18462,,5.83771802209787e-10
18463,,5.837710879871017e-10
18464,,5.837704811267399e-10
18465,,5.837662418960038e-10
18466,,5.837651131502238e-10
18467,,5.837643805672534e-10
18468,,5.837637686703327e-10
18469,,5.837596355563984e-10
18470,,5.837584369469158e-10
18471,,5.837576836421993e-10
18472,,5.83757065988293e-10
18473,,5.83753051267031e-10
18474,,5.837517740304066e-10
18475,,5.837509973328373e-10
18476,,5.83750373093224e-10
18477,,5.837464905647541e-10
18478,,5.837451248466408e-10
18479,,5.837443217568251e-10
18480,,5.837436900283715e-10
18481,,5.837399551945659e-10
18482,,5.837384899313702e-10
18483,,5.83737657073931e-10
18484,,5.837370168229733e-10
18485,,5.837334471245034e-10
18486,,5.837318698605161e-10
18487,,5.837310034481535e-10
18488,,5.837303535305119e-10
18489,,5.837269685558381e-10
18490,,5.837252653036312e-10
18491,,5.83724361075871e-10
18492,,5.837237001759224e-10
18493,,5.837205219797805e-10
18494,,5.837186770095113e-10
18495,,5.837177301689255e-10
18496,,5.837170568468097e-10
18497,,5.837141101779458e-10
18498,,5.837121058089991e-10
18499,,5.837111109823573e-10
18500,,5.837104235840974e-10
18501,,5.837098298456302e-10
18502,,5.837055526618806e-10
18503,,5.837045037926214e-10
18504,,5.837038004786794e-10
18505,,5.837032024363254e-10
18506,,5.836990186276626e-10
18507,,5.836979089084673e-10
18508,,5.836971876162967e-10
18509,,5.836965846346845e-10
18510,,5.836925049015048e-10
18511,,5.83691326698489e-10
18512,,5.836905850857815e-10
18513,,5.836899764586122e-10
18514,,5.836860128437217e-10
18515,,5.836847575534757e-10
18516,,5.836839930159372e-10
18517,,5.836833779435124e-10
18518,,5.836795439635545e-10
18519,,5.836782019353967e-10
18520,,5.83677411525961e-10
18521,,5.836767891122049e-10
18522,,5.836730999729781e-10
18523,,5.836716603522838e-10
18524,,5.836708407568885e-10
18525,,5.836702099972728e-10
18526,,5.836666828030129e-10
18527,,5.836651333746798e-10
18528,,5.836642808811157e-10
18529,,5.836636406500401e-10
18530,,5.836602946077095e-10
18531,,5.836586216612421e-10
18532,,5.836577320954821e-10
18533,,5.836570811049366e-10
18534,,5.83653937830816e-10
18535,,5.836521259376091e-10
18536,,5.836511945984511e-10
18537,,5.836505314300006e-10
18538,,5.836476151928815e-10
18539,,5.836456470312855e-10
18540,,5.83644668652802e-10
18541,,5.836439916887956e-10
18542,,5.836434065457271e-10
18543,,5.836391858714954e-10
18544,,5.836381545151319e-10
18545,,5.836374619481225e-10
18546,,5.836368725890852e-10
18547,,5.836327435024009e-10
18548,,5.836316524894139e-10
18549,,5.836309423049123e-10
18550,,5.836303481072208e-10
18551,,5.836263210962542e-10
18552,,5.836251629494241e-10
18553,,5.836244328357693e-10
18554,,5.836238331139295e-10
18555,,5.836199199799233e-10
18556,,5.836186862580023e-10
18557,,5.836179336748993e-10
18558,,5.836173276357505e-10
18559,,5.83613541639729e-10
18560,,5.836122228830435e-10
18561,,5.83611444933528e-10
18562,,5.836108317076012e-10
18563,,5.836071877598178e-10
18564,,5.83605773318778e-10
18565,,5.836049667682671e-10
18566,,5.836043453595538e-10
18567,,5.836008602195072e-10
18568,,5.835993381230916e-10
18569,,5.835984993310655e-10
18570,,5.835978686257996e-10
18571,,5.835945611405626e-10
18572,,5.835929179469243e-10
18573,,5.835920428097154e-10
18574,,5.83591401571593e-10
18575,,5.835882929074575e-10
18576,,5.83586513505934e-10
18577,,5.83585597412259e-10
18578,,5.835849442295229e-10
18579,,5.83582058200613e-10
18580,,5.835801255938238e-10
18581,,5.83579163378941e-10
18582,,5.835784966835561e-10
18583,,5.835779200144164e-10
18584,,5.835737551266903e-10
18585,,5.835727409769179e-10
18586,,5.835720589923785e-10
18587,,5.83571478197687e-10
18588,,5.835674031376246e-10
18589,,5.835663305122808e-10
18590,,5.835656312461835e-10
18591,,5.835650457121283e-10
18592,,5.835610707734774e-10
18593,,5.835599323188543e-10
18594,,5.835592135374366e-10
18595,,5.835586225827646e-10
18596,,5.835547593302605e-10
18597,,5.835535467937491e-10
18598,,5.835528059782878e-10
18599,,5.835522088385281e-10
18600,,5.835484702764015e-10
18601,,5.835471743633188e-10
18602,,5.835464086887408e-10
18603,,5.83545804501593e-10
18604,,5.835422052379729e-10
18605,,5.835408155232584e-10
18606,,5.835400218114388e-10
18607,,5.83539409605901e-10
18608,,5.835359660817195e-10
18609,,5.835344708305143e-10
18610,,5.835336455019221e-10
18611,,5.835330241930335e-10
18612,,5.835297548780608e-10
18613,,5.835281409037053e-10
18614,,5.835272799433496e-10
18615,,5.835266483114942e-10
18616,,5.835235739648761e-10
18617,,5.835218264452535e-10
18618,,5.835209253472043e-10
18619,,5.835202820132296e-10
18620,,5.835174259793155e-10
18621,,5.835155282566003e-10
18622,,5.83514581938846e-10
18623,,5.835139253522996e-10
18624,,5.835133570394002e-10
18625,,5.835092472260987e-10
18626,,5.835082499876387e-10
18627,,5.835075784134189e-10
18628,,5.835070060557095e-10
18629,,5.835029843481369e-10
18630,,5.835019297867337e-10
18631,,5.835012412746412e-10
18632,,5.835006642743841e-10
18633,,5.834967407609558e-10
18634,,5.834956216706482e-10
18635,,5.834949140251214e-10
18636,,5.834943317130058e-10
18637,,5.834905177422376e-10
18638,,5.834893260159975e-10
18639,,5.83488596779822e-10
18640,,5.834880084065353e-10
18641,,5.834843167156995e-10
18642,,5.834830432573348e-10
18643,,5.834822896478197e-10
18644,,5.834816943673827e-10
18645,,5.834781392993593e-10
18646,,5.834767738718367e-10
18647,,5.834759927724607e-10
18648,,5.834753896400908e-10
18649,,5.834719872855787e-10
18650,,5.834705183991324e-10
18651,,5.834697063152399e-10
18652,,5.834690942563009e-10
18653,,5.834658627346474e-10
18654,,5.834642774540528e-10
18655,,5.834634304387228e-10
18656,,5.834628082646038e-10
18657,,5.834597679369278e-10
18658,,5.834580517278988e-10
18659,,5.834571653718217e-10
18660,,5.834565317184516e-10
18661,,5.83453705465808e-10
18662,,5.83451841999648e-10
18663,,5.834509113119853e-10
18664,,5.834502646801648e-10
18665,,5.834497045811435e-10
18666,,5.834456491361638e-10
18667,,5.834446685316104e-10
18668,,5.834440072075433e-10
18669,,5.83443443155718e-10
18670,,5.834394741340749e-10
18671,,5.834384373164865e-10
18672,,5.834377594009425e-10
18673,,5.834371907965661e-10
18674,,5.834333180806391e-10
18675,,5.834322180086357e-10
18676,,5.834315213367751e-10
18677,,5.834309475363037e-10
18678,,5.834271822465712e-10
18679,,5.834260109676753e-10
18680,,5.834252931201277e-10
18681,,5.834247133833963e-10
18682,,5.834210680217951e-10
18683,,5.834198166123445e-10
18684,,5.834190748774983e-10
18685,,5.834184883715639e-10
18686,,5.834149769904454e-10
18687,,5.834136354214874e-10
18688,,5.834128667396511e-10
18689,,5.834122725349769e-10
18690,,5.834089109198607e-10
18691,,5.834074679178928e-10
18692,,5.834066688575023e-10
18693,,5.834060659156592e-10
18694,,5.834028718210364e-10
18695,,5.834013147016071e-10
18696,,5.834004814100429e-10
18697,,5.833998685434483e-10
18698,,5.833968619457102e-10
18699,,5.833951764613209e-10
18700,,5.833943045862324e-10
18701,,5.833936804860905e-10
18702,,5.833908838025596e-10
18703,,5.833890539518502e-10
18704,,5.833881386226069e-10
18705,,5.8338750179373e-10
18706,,5.833869498000926e-10
18707,,5.833829480275957e-10
18708,,5.833819837615599e-10
18709,,5.833813325370127e-10
18710,,5.833807766614365e-10
18711,,5.833768596525257e-10
18712,,5.833758402916047e-10
18713,,5.833751727947676e-10
18714,,5.833746124707402e-10
18715,,5.833707899237358e-10
18716,,5.833697085381886e-10
18717,,5.833690226576201e-10
18718,,5.833684572400954e-10
18719,,5.833647400505334e-10
18720,,5.833635888602367e-10
18721,,5.833628822250576e-10
18722,,5.833623109860753e-10
18723,,5.833587114177988e-10
18724,,5.833574816666495e-10
18725,,5.833567516162989e-10
18726,,5.833561737529707e-10
18727,,5.833527055684173e-10
18728,,5.833513874237265e-10
18729,,5.833506309559304e-10
18730,,5.833500455490889e-10
18731,,5.833467242479384e-10
18732,,5.833453066624568e-10
18733,,5.833445204092485e-10
18734,,5.833439264399793e-10
18735,,5.833407694093927e-10
18736,,5.833392399506514e-10
18737,,5.833384201374468e-10
18738,,5.833378164399735e-10
18739,,5.833348432658541e-10
18740,,5.833331879594246e-10
18741,,5.833323303332501e-10
18742,,5.83331715624518e-10
18743,,5.833289482952625e-10
18744,,5.833271514472596e-10
18745,,5.833262512159892e-10
18746,,5.833256240344586e-10
18747,,5.833250800298645e-10
18748,,5.833211312419849e-10
18749,,5.833201830350235e-10
18750,,5.833195417420046e-10
18751,,5.833189939382578e-10
18752,,5.833151282902451e-10
18753,,5.833141260681018e-10
18754,,5.833134688312045e-10
18755,,5.833129166654055e-10
18756,,5.833091436665156e-10
18757,,5.833080806403609e-10
18758,,5.833074053749176e-10
18759,,5.833068482258222e-10
18760,,5.833031785500148e-10
18761,,5.83302047095397e-10
18762,,5.833013514894666e-10
18763,,5.833007886379037e-10
18764,,5.83297234318001e-10
18765,,5.832960258409952e-10
18766,,5.83295307279498e-10
18767,,5.832947379266075e-10
18768,,5.832913124616589e-10
18769,,5.832900173311159e-10
18770,,5.832892728786417e-10
18771,,5.832886961379322e-10
18772,,5.832854147120518e-10
18773,,5.832840220763778e-10
18774,,5.832832484301505e-10
18775,,5.832826632927576e-10
18776,,5.832795429666842e-10
18777,,5.83278040652372e-10
18778,,5.832772341083126e-10
18779,,5.832766394386911e-10
18780,,5.832736993966361e-10
18781,,5.832720737142343e-10
18782,,5.832712300941411e-10
18783,,5.832706246257429e-10
18784,,5.832678864383264e-10
18785,,5.832661219846212e-10
18786,,5.832652366034509e-10
18787,,5.832646189146789e-10
18788,,5.832640827823186e-10
18789,,5.832601862966382e-10
18790,,5.832592538854314e-10
18791,,5.832586223662372e-10
18792,,5.83258082514167e-10
18793,,5.832542675719627e-10
18794,,5.832532822053008e-10
18795,,5.832526350554726e-10
18796,,5.832520909314843e-10
18797,,5.832483668647346e-10
18798,,5.832473218796766e-10
18799,,5.832466570659652e-10
18800,,5.8324610805818e-10
18801,,5.832424853311888e-10
18802,,5.832413732535559e-10
18803,,5.832406885051738e-10
18804,,5.832401339101883e-10
18805,,5.832366243093271e-10
18806,,5.832354367285085e-10
18807,,5.832347294746279e-10
18808,,5.832341685168585e-10
18809,,5.832307852784338e-10
18810,,5.832295127437074e-10
18811,,5.832287801157232e-10
18812,,5.83228211907194e-10
18813,,5.832249699303175e-10
18814,,5.832236018067512e-10
18815,,5.832228405540795e-10
18816,,5.832222641196843e-10
18817,,5.832191801162894e-10
18818,,5.832177044693994e-10
18819,,5.832169109611524e-10
18820,,5.832163251906737e-10
18821,,5.832134179846669e-10
18822,,5.832118213828851e-10
18823,,5.832109915315294e-10
18824,,5.832103951753502e-10
18825,,5.832076859105135e-10
18826,,5.832059532557227e-10
18827,,5.832050824614538e-10
18828,,5.832044741352667e-10
18829,,5.832039457538381e-10
18830,,5.83200100901006e-10
18831,,5.831991839959468e-10
18832,,5.831985621067988e-10
18833,,5.831980300873071e-10
18834,,5.831942652221725e-10
18835,,5.831932964056106e-10
18836,,5.831926591924804e-10
18837,,5.831921229861101e-10
18838,,5.831884472447854e-10
18839,,5.831874199914066e-10
18840,,5.831867654718771e-10
18841,,5.831862244720813e-10
18842,,5.831826481212409e-10
18843,,5.831815550948777e-10
18844,,5.831808810254289e-10
18845,,5.831803345602187e-10
18846,,5.831768691595195e-10
18847,,5.831757021099126e-10
18848,,5.831750059776171e-10
18849,,5.831744532781848e-10
18850,,5.831711117990685e-10
18851,,5.83169861455729e-10
18852,,5.831691404488789e-10
18853,,5.831685806545756e-10
18854,,5.83165377699031e-10
18855,,5.831640336422996e-10
18856,,5.831632845823918e-10
18857,,5.831627167230592e-10
18858,,5.831596686892552e-10
18859,,5.83158219212852e-10
18860,,5.831574385302718e-10
18861,,5.831568615233828e-10
18862,,5.831539868547148e-10
18863,,5.831524188007127e-10
18864,,5.831516024865014e-10
18865,,5.831510151075526e-10
18866,,5.831483345339779e-10
18867,,5.831466330985285e-10
18868,,5.83145776651363e-10
18869,,5.831451775304126e-10
18870,,5.831446567924732e-10
18871,,5.831408629058851e-10
18872,,5.831399612543498e-10
18873,,5.831393488452899e-10
18874,,5.831388245426362e-10
18875,,5.83135109115873e-10
18876,,5.831341565709433e-10
18877,,5.831335291424761e-10
18878,,5.831330007365991e-10
18879,,5.831293727195355e-10
18880,,5.831283628827788e-10
18881,,5.831277184811866e-10
18882,,5.831271853888708e-10
18883,,5.831236548529575e-10
18884,,5.831225805361918e-10
18885,,5.831219169745653e-10
18886,,5.831213785169605e-10
18887,,5.831179567977831e-10
18888,,5.831168099125736e-10
18889,,5.831161247273796e-10
18890,,5.831155801648962e-10
18891,,5.831122799665816e-10
18892,,5.831110514304131e-10
18893,,5.831103418546037e-10
18894,,5.831097903370733e-10
18895,,5.831066259853245e-10
18896,,5.83105305572689e-10
18897,,5.831045684955992e-10
18898,,5.831040090753056e-10
18899,,5.83100996654346e-10
18900,,5.830995728841333e-10
18901,,5.830988048149817e-10
18902,,5.830982364324604e-10
18903,,5.830953940148781e-10
18904,,5.83093853986257e-10
18905,,5.830930509857982e-10
18906,,5.83092472438366e-10
18907,,5.830898203505856e-10
18908,,5.830881495537154e-10
18909,,5.830873072114325e-10
18910,,5.83086717155935e-10
18911,,5.830862039485582e-10
18912,,5.830824603759187e-10
18913,,5.830815737171467e-10
18914,,5.830809706341322e-10
18915,,5.830804539393858e-10
18916,,5.830767873154661e-10
18917,,5.830758507653592e-10
18918,,5.83075232957985e-10
18919,,5.830747122510211e-10
18920,,5.830711313623344e-10
18921,,5.830701386404503e-10
18922,,5.830695042042168e-10
18923,,5.830689788945001e-10
18924,,5.830654936167463e-10
18925,,5.830644376877907e-10
18926,,5.830637844629473e-10
18927,,5.830632539029797e-10
18928,,5.830598753411386e-10
18929,,5.83058748255211e-10
18930,,5.830580738480186e-10
18931,,5.830575372969908e-10
18932,,5.830542779237954e-10
18933,,5.830530707873989e-10
18934,,5.830523724606518e-10
18935,,5.830518291051063e-10
18936,,5.830487029441846e-10
18937,,5.8304740573564e-10
18938,,5.830466804525901e-10
18939,,5.830461293528385e-10
18940,,5.830431521781417e-10
18941,,5.830417536486427e-10
18942,,5.830409979781923e-10
18943,,5.830404380869163e-10
18944,,5.83037627622885e-10
18945,,5.830361151117331e-10
18946,,5.83035325204353e-10
18947,,5.830347553496422e-10
18948,,5.830321315241405e-10
18949,,5.830304908125912e-10
18950,,5.830296623292179e-10
18951,,5.830290812011117e-10
18952,,5.830285754193436e-10
18953,,5.830248815044262e-10
18954,,5.83024009582246e-10
18955,,5.830234156883245e-10
18956,,5.830229064798151e-10
18957,,5.830192880505159e-10
18958,,5.830183672140559e-10
18959,,5.830177588876992e-10
18960,,5.83017245749816e-10
18961,,5.830137114107865e-10
18962,,5.830127355149679e-10
18963,,5.830121108805217e-10
18964,,5.830115932442155e-10
18965,,5.830081526707065e-10
18966,,5.830071147966784e-10
18967,,5.830064717540573e-10
18968,,5.830059489682885e-10
18969,,5.830026130554754e-10
18970,,5.830015054300967e-10
18971,,5.83000841616728e-10
18972,,5.830003129619391e-10
18973,,5.829970939389013e-10
18974,,5.829959078284598e-10
18975,,5.829952205709679e-10
18976,,5.829946852502294e-10
18977,,5.829915968644555e-10
18978,,5.829903224556069e-10
18979,,5.82989608770665e-10
18980,,5.829890658578678e-10
18981,,5.829861235746009e-10
18982,,5.829847498271096e-10
18983,,5.829840063579441e-10
18984,,5.829834548284131e-10
18985,,5.829806760239071e-10
18986,,5.829791905322605e-10
18987,,5.829784134950364e-10
18988,,5.829778522051493e-10
18989,,5.82975256418544e-10
18990,,5.829736452350241e-10
18991,,5.829728303848822e-10
18992,,5.829722580400061e-10
18993,,5.829717595718822e-10
18994,,5.82968114684723e-10
18995,,5.829672572465914e-10
18996,,5.829666723902044e-10
18997,,5.829661705773754e-10
18998,,5.829625997197247e-10
18999,,5.829616943273962e-10
19000,,5.829610953315592e-10
19001,,5.82960589652344e-10
19002,,5.829571012868179e-10
19003,,5.829561419069554e-10
19004,,5.829555269309364e-10
19005,,5.829550168442481e-10
19006,,5.829516204394148e-10
19007,,5.829506003103396e-10
19008,,5.829499672804372e-10
19009,,5.829494521590646e-10
19010,,5.829461583921589e-10
19011,,5.829450698779769e-10
19012,,5.829444164842709e-10
19013,,5.829438956147184e-10
19014,,5.829407164833142e-10
19015,,5.829395510270473e-10
19016,,5.829388746513169e-10
19017,,5.82938347238667e-10
19018,,5.829352962244542e-10
19019,,5.829340442003543e-10
19020,,5.829333419216697e-10
19021,,5.829328070717315e-10
19022,,5.829298993325894e-10
19023,,5.829285499179061e-10
19024,,5.829278184396813e-10
19025,,5.829272751527318e-10
19026,,5.829245277214016e-10
19027,,5.829230687542498e-10
19028,,5.829223043643165e-10
19029,,5.829217515075464e-10
19030,,5.82919183543863e-10
19031,,5.829176013532265e-10
19032,,5.829167998970105e-10
19033,,5.829162362051473e-10
19034,,5.829157449435284e-10
19035,,5.829121484522147e-10
19036,,5.82911305244577e-10
19037,,5.829107292950642e-10
19038,,5.82910234751903e-10
19039,,5.829067108777765e-10
19040,,5.829058206651155e-10
19041,,5.829052308460925e-10
19042,,5.829047325294019e-10
19043,,5.829012895518468e-10
19044,,5.829003464146741e-10
19045,,5.828997409310248e-10
19046,,5.82899238289909e-10
19047,,5.828958855167806e-10
19048,,5.828948828115449e-10
19049,,5.828942596425201e-10
19050,,5.828937520578049e-10
19051,,5.828904999463024e-10
19052,,5.828894302079916e-10
19053,,5.828887870723583e-10
19054,,5.828882738592652e-10
19055,,5.82885134164953e-10
19056,,5.828839889947338e-10
19057,,5.828833233386003e-10
19058,,5.828828037175423e-10
19059,,5.828797896592108e-10
19060,,5.828785596142812e-10
19061,,5.828778685610159e-10
19062,,5.828773416547999e-10
19063,,5.828744680968216e-10
19064,,5.828731425756789e-10
19065,,5.828724228983042e-10
19066,,5.828718877239955e-10
19067,,5.828691713721287e-10
19068,,5.8286773844244e-10
19069,,5.828669865060462e-10
19070,,5.82866441951268e-10
19071,,5.828639015892508e-10
19072,,5.828623478505482e-10
19073,,5.828615595674628e-10
19074,,5.828610043949699e-10
19075,,5.828605202346112e-10
19076,,5.828569715130101e-10
19077,,5.828561423019068e-10
19078,,5.828555751117887e-10
19079,,5.828550877304289e-10
19080,,5.828516102407158e-10
19081,,5.828507349498922e-10
19082,,5.828501541651176e-10
19083,,5.828496630967552e-10
19084,,5.828462649400104e-10
19085,,5.828453377665074e-10
19086,,5.828447416284326e-10
19087,,5.828442463230074e-10
19088,,5.82840936644468e-10
19089,,5.828399510646864e-10
19090,,5.828393375916352e-10
19091,,5.82838837446292e-10
19092,,5.828356264860169e-10
19093,,5.828345751946128e-10
19094,,5.828339421422552e-10
19095,,5.828334364898387e-10
19096,,5.828303357737884e-10
19097,,5.828292105276762e-10
19098,,5.828285554009607e-10
19099,,5.828280434596836e-10
19100,,5.828250659629949e-10
19101,,5.82823857509843e-10
19102,,5.82823177489794e-10
19103,,5.82822658408437e-10
19104,,5.828198186970942e-10
19105,,5.828185166271029e-10
19106,,5.828178085507489e-10
19107,,5.828172813611662e-10
19108,,5.82814595810217e-10
19109,,5.82813188441105e-10
19110,,5.828124487380834e-10
19111,,5.828119123593312e-10
19112,,5.828093993807999e-10
19113,,5.82807873575433e-10
19114,,5.828070982485442e-10
19115,,5.828065514584058e-10
19116,,5.828060742959093e-10
19117,,5.82802572726575e-10
19118,,5.828017572756994e-10
19119,,5.828011987031425e-10
19120,,5.828007183981964e-10
19121,,5.8279728669204e-10
19122,,5.827964260625724e-10
19123,,5.827958541656006e-10
19124,,5.827953702401607e-10
19125,,5.827920163602224e-10
19126,,5.827911048580259e-10
19127,,5.827905179211489e-10
19128,,5.827900298468816e-10
19129,,5.827867627328869e-10
19130,,5.827857939793472e-10
19131,,5.827851900461951e-10
19132,,5.827846972346936e-10
19133,,5.827815269328533e-10
19134,,5.82780493759319e-10
19135,,5.827798706389591e-10
19136,,5.827793724165456e-10
19137,,5.827763102470747e-10
19138,,5.82775204566526e-10
19139,,5.827745598071232e-10
19140,,5.827740554260603e-10
19141,,5.827711140939352e-10
19142,,5.827699268359876e-10
19143,,5.827692576714571e-10
19144,,5.827687462915314e-10
19145,,5.827659400777672e-10
19146,,5.827646610426142e-10
19147,,5.827639643735851e-10
19148,,5.827634450515731e-10
19149,,5.827607900085921e-10
19150,,5.827594077394607e-10
19151,,5.827586800686161e-10
19152,,5.82758151742217e-10
19153,,5.827556659161328e-10
19154,,5.827541675379381e-10
19155,,5.827534049372412e-10
19156,,5.827528664091713e-10
19157,,5.827505701003674e-10
19158,,5.827489411207869e-10
19159,,5.82748139187215e-10
19160,,5.827475891096759e-10
19161,,5.827471157654348e-10
19162,,5.827437292652111e-10
19163,,5.827428830380978e-10
19164,,5.82742319913712e-10
19165,,5.827418430152426e-10
19166,,5.827385328458828e-10
19167,,5.82737636760647e-10
19168,,5.827370588786567e-10
19169,,5.827365779148762e-10
19170,,5.827333528515823e-10
19171,,5.827324006282884e-10
19172,,5.827318060913385e-10
19173,,5.827313204889003e-10
19174,,5.827281903758232e-10
19175,,5.827271749930952e-10
19176,,5.827265616476696e-10
19177,,5.827260707520466e-10
19178,,5.827230466745212e-10
19179,,5.827219602122801e-10
19180,,5.827213256519411e-10
19181,,5.827208287175241e-10
19182,,5.827179231464223e-10
19183,,5.82716756709955e-10
19184,,5.827160982192736e-10
19185,,5.827155944324205e-10
19186,,5.827128213635708e-10
19187,,5.827115649571917e-10
19188,,5.827108795006096e-10
19189,,5.827103679337924e-10
19190,,5.827077431082169e-10
19191,,5.827063854835606e-10
19192,,5.827056696398958e-10
19193,,5.827051492418393e-10
19194,,5.827026903550724e-10
19195,,5.827012188948135e-10
19196,,5.82700468814618e-10
19197,,5.826999384195039e-10
19198,,5.826976653703367e-10
19199,,5.826960658622994e-10
19200,,5.826952772189155e-10
19201,,5.826947355091718e-10
19202,,5.826942690157423e-10
19203,,5.826909271548815e-10
19204,,5.826900950889244e-10
19205,,5.826895405732013e-10
19206,,5.826890706111102e-10
19207,,5.82685803614907e-10
19208,,5.82684922666107e-10
19209,,5.826843536958336e-10
19210,,5.826838797546499e-10
19211,,5.826806962198372e-10
19212,,5.826797602417496e-10
19213,,5.826791749383925e-10
19214,,5.826786964479005e-10
19215,,5.82675606041705e-10
19216,,5.826746081452733e-10
19217,,5.82674004408677e-10
19218,,5.826735207228211e-10
19219,,5.826705343111442e-10
19220,,5.826694667239082e-10
19221,,5.826688421888763e-10
19222,,5.826683526017037e-10
19223,,5.826654823962447e-10
19224,,5.826643364090297e-10
19225,,5.826636884242762e-10
19226,,5.826631921091581e-10
19227,,5.826604518431652e-10
19228,,5.826592176473606e-10
19229,,5.826585432260944e-10
19230,,5.826580392835666e-10
19231,,5.826554443952092e-10
19232,,5.826541109708338e-10
19233,,5.826534067574698e-10
19234,,5.826528941664728e-10
19235,,5.826504620013955e-10
19236,,5.826490169663598e-10
19237,,5.826482791868522e-10
19238,,5.826477567937518e-10
19239,,5.826455068579012e-10
19240,,5.826439362924607e-10
19241,,5.826431607120422e-10
19242,,5.826426272290404e-10
19243,,5.826421674970846e-10
19244,,5.8263886969841e-10
19245,,5.82638051546925e-10
19246,,5.826375055260878e-10
19247,,5.826370423835856e-10
19248,,5.826338180156852e-10
19249,,5.826329519489058e-10
19250,,5.826323917493472e-10
19251,,5.826319247116871e-10
19252,,5.826287822031271e-10
19253,,5.826278621852216e-10
19254,,5.826272859753241e-10
19255,,5.826268144899453e-10
19256,,5.826237633187117e-10
19257,,5.826227825917262e-10
19258,,5.826221883121782e-10
19259,,5.826217117386206e-10
19260,,5.826187625507065e-10
19261,,5.826177135088509e-10
19262,,5.826170988440865e-10
19263,,5.826166164770249e-10
19264,,5.826137812548807e-10
19265,,5.826126553451221e-10
19266,,5.826120176918909e-10
19267,,5.826115287449935e-10
19268,,5.826088209477678e-10
19269,,5.826076085554324e-10
19270,,5.826069449855186e-10
19271,,5.826064485607859e-10
19272,,5.826038833224525e-10
19273,,5.826025736515271e-10
19274,,5.826018808725717e-10
19275,,5.826013759728831e-10
19276,,5.825989703015537e-10
19277,,5.825975512067171e-10
19278,,5.825968255303886e-10
19279,,5.825963110228335e-10
19280,,5.825940840396675e-10
19281,,5.825925418778979e-10
19282,,5.825917791388997e-10
19283,,5.825912537657552e-10
19284,,5.825908006855558e-10
19285,,5.825875463908704e-10
19286,,5.825867419223959e-10
19287,,5.825862042472273e-10
19288,,5.825857478414536e-10
19289,,5.825825655681808e-10
19290,,5.825817141156073e-10
19291,,5.825811625479073e-10
19292,,5.825807023248286e-10
19293,,5.825776003358542e-10
19294,,5.825766959976312e-10
19295,,5.8257612873742e-10
19296,,5.825756641497143e-10
19297,,5.825726517405405e-10
19298,,5.825716878877848e-10
19299,,5.825711029126268e-10
19300,,5.825706333363131e-10
19301,,5.825677209502604e-10
19302,,5.825666901158973e-10
19303,,5.825660851606014e-10
19304,,5.825656099162581e-10
19305,,5.825628092877232e-10
19306,,5.825617030966735e-10
19307,,5.825610756064197e-10
19308,,5.825605939015799e-10
19309,,5.825579182371832e-10
19310,,5.825567272657108e-10
19311,,5.825560743686373e-10
19312,,5.825555853446652e-10
19313,,5.825530494689952e-10
19314,,5.825517631289717e-10
19315,,5.825510815957369e-10
19316,,5.825505842608504e-10
19317,,5.825482048612915e-10
19318,,5.825468112396274e-10
19319,,5.825460974579944e-10
19320,,5.825455907132367e-10
19321,,5.82543386535625e-10
19322,,5.825418722540011e-10
19323,,5.825411221372833e-10
19324,,5.825406047340347e-10
19325,,5.825401582232529e-10
19326,,5.825369468751593e-10
19327,,5.82536155850065e-10
19328,,5.825356263959196e-10
19329,,5.825351766190005e-10
19330,,5.825320359129488e-10
19331,,5.825311988303592e-10
19332,,5.825306557565606e-10
19333,,5.825302022449853e-10
19334,,5.825271402778598e-10
19335,,5.825262513466724e-10
19336,,5.82525692894431e-10
19337,,5.825252351055767e-10
19338,,5.825222609890534e-10
19339,,5.825213137068923e-10
19340,,5.825207378960911e-10
19341,,5.825202752178947e-10
19342,,5.825173992012201e-10
19343,,5.825163862527859e-10
19344,,5.825157908516369e-10
19345,,5.82515322617725e-10
19346,,5.825125562013116e-10
19347,,5.825114693744807e-10
19348,,5.825108518798019e-10
19349,,5.825103773232879e-10
19350,,5.82507733450654e-10
19351,,5.825065635035494e-10
19352,,5.825059211032135e-10
19353,,5.825054393668189e-10
19354,,5.825029325838883e-10
19355,,5.825016691394831e-10
19356,,5.825009986690652e-10
19357,,5.825005087879652e-10
19358,,5.824981554410737e-10
19359,,5.824967868231169e-10
19360,,5.824960847364003e-10
19361,,5.824955856325539e-10
19362,,5.824934041070964e-10
19363,,5.824919171905889e-10
19364,,5.824911794851734e-10
19365,,5.824906699337997e-10
19366,,5.824902298913285e-10
19367,,5.824870609380594e-10
19368,,5.824862831296592e-10
19369,,5.824857617680654e-10
19370,,5.824853185233686e-10
19371,,5.824822188618339e-10
19372,,5.824813958950813e-10
19373,,5.824808611881972e-10
19374,,5.824804142785409e-10
19375,,5.824773918534402e-10
19376,,5.824765180558714e-10
19377,,5.824759682692803e-10
19378,,5.824755171706008e-10
19379,,5.82472580900749e-10
19380,,5.824716499016803e-10
19381,,5.824710830983795e-10
19382,,5.824706272166532e-10
19383,,5.824677871489899e-10
19384,,5.824667917756911e-10
19385,,5.824662057669656e-10
19386,,5.82465744438481e-10
19387,,5.824630118576875e-10
19388,,5.824619440523166e-10
19389,,5.824613363870649e-10
19390,,5.824608688653448e-10
19391,,5.824582564537954e-10
19392,,5.824571071571799e-10
19393,,5.824564750823569e-10
19394,,5.824560005226437e-10
19395,,5.824535225447839e-10
19396,,5.824522815802452e-10
19397,,5.824516219921884e-10
19398,,5.824511394519333e-10
19399,,5.824488119365861e-10
19400,,5.824474678628367e-10
19401,,5.824467772720325e-10
19402,,5.824462856887303e-10
19403,,5.824441266599956e-10
19404,,5.824426666100878e-10
19405,,5.824419411046883e-10
19406,,5.824414392882325e-10
19407,,5.82441005615831e-10
19408,,5.824378785204651e-10
19409,,5.824371136931745e-10
19410,,5.824366002985835e-10
19411,,5.824361634945556e-10
19412,,5.824331043613194e-10
19413,,5.824322952677621e-10
19414,,5.8243176879261e-10
19415,,5.824313283965387e-10
19416,,5.824283450110005e-10
19417,,5.824274860876378e-10
19418,,5.824269448322675e-10
19419,,5.824265003281907e-10
19420,,5.824236014453589e-10
19421,,5.824226864430256e-10
19422,,5.824221285049076e-10
19423,,5.824216793204587e-10
19424,,5.824188747790505e-10
19425,,5.824178966673444e-10
19426,,5.824173199042801e-10
19427,,5.824168653785365e-10
19428,,5.824141662535451e-10
19429,,5.824131171206086e-10
19430,,5.824125191305256e-10
19431,,5.824120585351462e-10
19432,,5.824094772581001e-10
19433,,5.824083482359363e-10
19434,,5.824077263160763e-10
19435,,5.824072588291239e-10
19436,,5.824048093769877e-10
19437,,5.824035904914968e-10
19438,,5.824029415938838e-10
19439,,5.824024662812137e-10
19440,,5.824001643795913e-10
19441,,5.823988444020743e-10
19442,,5.823981651144269e-10
19443,,5.823976809432378e-10
19444,,5.823955442512258e-10
19445,,5.823941105731339e-10
19446,,5.823933970589675e-10
19447,,5.823929028518402e-10
19448,,5.823924754582253e-10
19449,,5.823893896876839e-10
19450,,5.823886376250796e-10
19451,,5.823881320713997e-10
19452,,5.823877016115362e-10
19453,,5.823846824970189e-10
19454,,5.823838870373134e-10
19455,,5.823833686623082e-10
19456,,5.823829346884225e-10
19457,,5.823799898625879e-10
19458,,5.823791455515642e-10
19459,,5.823786126870894e-10
19460,,5.823781746894465e-10
19461,,5.823753127420596e-10
19462,,5.823744134484723e-10
19463,,5.823738642351453e-10
19464,,5.823734216452046e-10
19465,,5.823706522249943e-10
19466,,5.823696910607175e-10
19467,,5.8236912339549e-10
19468,,5.82368675570832e-10
19469,,5.823660095317314e-10
19470,,5.823649787486765e-10
19471,,5.823643902677759e-10
19472,,5.823639364931633e-10
19473,,5.823613860188645e-10
19474,,5.823602769180818e-10
19475,,5.823596649765506e-10
19476,,5.823592044505054e-10
19477,,5.823567832553785e-10
19478,,5.823555860387328e-10
19479,,5.823549476600052e-10
19480,,5.823544794639195e-10
19481,,5.823522029533176e-10
19482,,5.823509066292386e-10
19483,,5.823502384579664e-10
19484,,5.823497615835287e-10
19485,,5.823476470769257e-10
19486,,5.823462392872282e-10
19487,,5.823455375561125e-10
19488,,5.823450508463373e-10
19489,,5.823446296348243e-10
19490,,5.823415846579634e-10
19491,,5.823408451387525e-10
19492,,5.823403473054326e-10
19493,,5.823399230996346e-10
19494,,5.82336943495436e-10
19495,,5.823361614357722e-10
19496,,5.823356510304722e-10
19497,,5.823352233794412e-10
19498,,5.823323166444341e-10
19499,,5.823314866886749e-10
19500,,5.823309620899955e-10
19501,,5.823305304946181e-10
19502,,5.823277050451704e-10
19503,,5.823268211854062e-10
19504,,5.823262805492123e-10
19505,,5.823258444529229e-10
19506,,5.823231097537107e-10
19507,,5.823221652340716e-10
19508,,5.823216065154859e-10
19509,,5.82321165298038e-10
19510,,5.823185319671752e-10
19511,,5.823175192058669e-10
19512,,5.823169400829041e-10
19513,,5.823164930325224e-10
19514,,5.823139730401716e-10
19515,,5.823128834869263e-10
19516,,5.823122813682329e-10
19517,,5.823118276949446e-10
19518,,5.823094344737212e-10
19519,,5.823082585386682e-10
19520,,5.823076305002899e-10
19521,,5.823071693145328e-10
19522,,5.823049179778054e-10
19523,,5.823036448751625e-10
19524,,5.823029876327019e-10
19525,,5.823025179390176e-10
19526,,5.823004254601399e-10
19527,,5.822990430812776e-10
19528,,5.822983529358952e-10
19529,,5.822978736018796e-10
19530,,5.822974584880374e-10
19531,,5.822944537807564e-10
19532,,5.82293726599676e-10
19533,,5.822932363627053e-10
19534,,5.822928183091814e-10
19535,,5.822898777355903e-10
19536,,5.82289108833992e-10
19537,,5.822886062793066e-10
19538,,5.822881848530717e-10
19539,,5.82285315742868e-10
19540,,5.822844998901626e-10
19541,,5.822839834163417e-10
19542,,5.822835581335062e-10
19543,,5.822807687343224e-10
19544,,5.822799000378106e-10
19545,,5.822793678564066e-10
19546,,5.822789381630147e-10
19547,,5.822762377595146e-10
19548,,5.822753096034327e-10
19549,,5.822747596809328e-10
19550,,5.822743249687322e-10
19551,,5.822717239860854e-10
19552,,5.822707289133099e-10
19553,,5.8227015900264e-10
19554,,5.822697185721598e-10
19555,,5.822672287364927e-10
19556,,5.822661583831024e-10
19557,,5.822655659207184e-10
19558,,5.822651189998008e-10
19559,,5.822627534811695e-10
19560,,5.82261598440294e-10
19561,,5.822609805749886e-10
19562,,5.82260526295206e-10
19563,,5.822582998996891e-10
19564,,5.822570496040557e-10
19565,,5.822564031039599e-10
19566,,5.822559404812315e-10
19567,,5.822538698710903e-10
19568,,5.822525124302932e-10
19569,,5.822518336742631e-10
19570,,5.82251361611151e-10
19571,,5.822509525027955e-10
19572,,5.822479875513247e-10
19573,,5.822472724872407e-10
19574,,5.822467897318128e-10
19575,,5.822463777514973e-10
19576,,5.822434756929427e-10
19577,,5.822427197344597e-10
19578,,5.822422249060023e-10
19579,,5.82241809614514e-10
19580,,5.822389776563264e-10
19581,,5.822381756693101e-10
19582,,5.822376671925831e-10
19583,,5.822372481247496e-10
19584,,5.822344943520005e-10
19585,,5.822336405540697e-10
19586,,5.822331166776158e-10
19587,,5.822326932884213e-10
19588,,5.822300267953448e-10
19589,,5.822291146985127e-10
19590,,5.822285734479122e-10
19591,,5.822281451345256e-10
19592,,5.822255761375516e-10
19593,,5.822245984447399e-10
19594,,5.822240375836599e-10
19595,,5.822236036752594e-10
19596,,5.822211436756823e-10
19597,,5.822200921756866e-10
19598,,5.822195092180565e-10
19599,,5.822190689463311e-10
19600,,5.822167308614992e-10
19601,,5.822155963337688e-10
19602,,5.822149884677272e-10
19603,,5.822145409799661e-10
19604,,5.822123393239196e-10
19605,,5.822111114075413e-10
19606,,5.822104754709173e-10
19607,,5.822100198109221e-10
19608,,5.822079709157262e-10
19609,,5.822066379533667e-10
19610,,5.822059704003511e-10
19611,,5.822055054870167e-10
19612,,5.822051022979148e-10
19613,,5.822021765965243e-10
19614,,5.822014734364767e-10
19615,,5.822009980454749e-10
19616,,5.822005920434819e-10
19617,,5.821977280304215e-10
19618,,5.821969847847982e-10
19619,,5.821964975594974e-10
19620,,5.821960883125004e-10
19621,,5.821932930501832e-10
19622,,5.821925046820272e-10
19623,,5.821920040840767e-10
19624,,5.821915911332765e-10
19625,,5.821888725527467e-10
19626,,5.821880333889694e-10
19627,,5.821875176935066e-10
19628,,5.821871005101646e-10
19629,,5.821844675297867e-10
19630,,5.821835712135113e-10
19631,,5.821830384735341e-10
19632,,5.821826164770518e-10
19633,,5.821800791088277e-10
19634,,5.821791184808638e-10
19635,,5.821785665267054e-10
19636,,5.821781390467467e-10
19637,,5.82175708561971e-10
19638,,5.821746755792514e-10
19639,,5.821741019599267e-10
19640,,5.82173668244798e-10
19641,,5.821713573139832e-10
19642,,5.821702429324938e-10
19643,,5.821696448913436e-10
19644,,5.821692041050039e-10
19645,,5.821670269573475e-10
19646,,5.82165821020805e-10
19647,,5.82165195467383e-10
19648,,5.821647466685547e-10
19649,,5.821627193223201e-10
19650,,5.821614103903594e-10
19651,,5.821607538437007e-10
19652,,5.821602959697951e-10
19653,,5.821598986174855e-10
19654,,5.821570116580502e-10
19655,,5.82156320201295e-10
19656,,5.821558520639087e-10
19657,,5.821554519515326e-10
19658,,5.821526255011558e-10
19659,,5.821518947510488e-10
19660,,5.821514150097512e-10
19661,,5.821510117223737e-10
19662,,5.821482526998277e-10
19663,,5.821474777115609e-10
19664,,5.821469848576407e-10
19665,,5.821465779421142e-10
19666,,5.821438941283738e-10
19667,,5.82143069345613e-10
19668,,5.821425616991002e-10
19669,,5.821421506348339e-10
19670,,5.82139550763879e-10
19671,,5.821386699490367e-10
19672,,5.821381455978785e-10
19673,,5.821377298134409e-10
19674,,5.821352237172947e-10
19675,,5.821342798505386e-10
19676,,5.821337366620558e-10
19677,,5.821333155028435e-10
19678,,5.821309142245494e-10
19679,,5.821298994139189e-10
19680,,5.821293349877855e-10
19681,,5.821289077241833e-10
19682,,5.821266236877529e-10
19683,,5.821255290791675e-10
19684,,5.821249407089919e-10
19685,,5.821245065165978e-10
19686,,5.821223536751613e-10
19687,,5.821211693018399e-10
19688,,5.821205539608479e-10
19689,,5.821201119104179e-10
19690,,5.821181059576825e-10
19691,,5.821168206178307e-10
19692,,5.821161748937254e-10
19693,,5.821157239520869e-10
19694,,5.82115332344898e-10
19695,,5.821124836294887e-10
19696,,5.821118036866345e-10
19697,,5.821113426824905e-10
19698,,5.821109483633702e-10
19699,,5.821081590045706e-10
19700,,5.821074405329685e-10
19701,,5.821069681565453e-10
19702,,5.821065707428925e-10
19703,,5.821038475150268e-10
19704,,5.821030856780094e-10
19705,,5.821026004450589e-10
19706,,5.821021994762389e-10
19707,,5.820995500077181e-10
19708,,5.820987393514504e-10
19709,,5.820982396159313e-10
19710,,5.820978345841296e-10
19711,,5.820952674408083e-10
19712,,5.820944018473054e-10
19713,,5.820938857431127e-10
19714,,5.820934760857743e-10
19715,,5.820910009031127e-10
19716,,5.820900735002106e-10
19717,,5.820895389351775e-10
19718,,5.820891239996531e-10
19719,,5.82086751614408e-10
19720,,5.820857546715806e-10
19721,,5.820851992791335e-10
19722,,5.820847783639893e-10
19723,,5.820825209507583e-10
19724,,5.820814457595319e-10
19725,,5.820808669042553e-10
19726,,5.820804391979676e-10
19727,,5.820783104347796e-10
19728,,5.820771472458548e-10
19729,,5.820765419401182e-10
19730,,5.820761065392732e-10
19731,,5.820741218149595e-10
19732,,5.820728596354213e-10
19733,,5.820722245517967e-10
19734,,5.820717804283302e-10
19735,,5.820713944841982e-10
19736,,5.820685835264309e-10
19737,,5.82067914894369e-10
19738,,5.820674609160995e-10
19739,,5.820670723216374e-10
19740,,5.82064319580271e-10
19741,,5.820636131742286e-10
19742,,5.820631480489125e-10
19743,,5.820627564170943e-10
19744,,5.820600685379239e-10
19745,,5.820593196119928e-10
19746,,5.820588418913372e-10
19747,,5.820584467735241e-10
19748,,5.820558312338326e-10
19749,,5.820550344568255e-10
19750,,5.820545425131172e-10
19751,,5.820541434157375e-10
19752,,5.820516086188199e-10
19753,,5.820507579878866e-10
19754,,5.820502499969405e-10
19755,,5.820498463648763e-10
19756,,5.820474017589832e-10
19757,,5.820464905253609e-10
19758,,5.820459644298991e-10
19759,,5.820455556399713e-10
19760,,5.820432118357404e-10
19761,,5.820422324154016e-10
19762,,5.820416859169285e-10
19763,,5.820412712590116e-10
19764,,5.820390402014227e-10
19765,,5.820379840797485e-10
19766,,5.820374145733965e-10
19767,,5.820369932591993e-10
19768,,5.820348883588431e-10
19769,,5.8203374596186e-10
19770,,5.820331505335599e-10
19771,,5.820327216791644e-10
19772,,5.820307580202716e-10
19773,,5.820295185682965e-10
19774,,5.820288939441885e-10
19775,,5.820284565475049e-10
19776,,5.82028076186258e-10
19777,,5.820253024915745e-10
19778,,5.820246449713671e-10
19779,,5.820241979138878e-10
19780,,5.820238149597693e-10
19781,,5.820210983699898e-10
19782,,5.820204038204493e-10
19783,,5.820199458307471e-10
19784,,5.820195598950397e-10
19785,,5.820169069247057e-10
19786,,5.820161706968089e-10
19787,,5.820157003610432e-10
19788,,5.820153110126509e-10
19789,,5.82012728991959e-10
19790,,5.820119458524545e-10
19791,,5.820114615746627e-10
19792,,5.82011068335278e-10
19793,,5.82008565494953e-10
19794,,5.820077295546985e-10
19795,,5.820072295451756e-10
19796,,5.820068318547465e-10
19797,,5.820044174697735e-10
19798,,5.820035221155958e-10
19799,,5.820030043581099e-10
19800,,5.820026016164887e-10
19801,,5.820002860843489e-10
19802,,5.819993238864826e-10
19803,,5.819987861268125e-10
19804,,5.819983776319496e-10
19805,,5.819961726632725e-10
19806,,5.819951352677609e-10
19807,,5.819945749586829e-10
19808,,5.819941599352445e-10
19809,,5.819920786809151e-10
19810,,5.81990956703417e-10
19811,,5.819903709744601e-10
19812,,5.819899485648537e-10
19813,,5.819880058174327e-10
19814,,5.819867886841471e-10
19815,,5.819861743334018e-10
19816,,5.819857435534267e-10
19817,,5.819853686891632e-10
19818,,5.819826317870197e-10
19819,,5.819819852003996e-10
19820,,5.819815449482706e-10
19821,,5.819811675436252e-10
19822,,5.819784866499926e-10
19823,,5.819778037619357e-10
19824,,5.819773527955642e-10
19825,,5.81976972471505e-10
19826,,5.819743539775003e-10
19827,,5.81973630226081e-10
19828,,5.81973167160419e-10
19829,,5.819727834913884e-10
19830,,5.819702345854006e-10
19831,,5.819694648353919e-10
19832,,5.819689881033717e-10
19833,,5.819686006213034e-10
19834,,5.819661293736011e-10
19835,,5.819653078586696e-10
19836,,5.819648157112094e-10
19837,,5.819644238717506e-10
19838,,5.819620393620167e-10
19839,,5.819611596040642e-10
19840,,5.819606500574763e-10
19841,,5.819602532644889e-10
19842,,5.819579657019024e-10
19843,,5.819570204131349e-10
19844,,5.819564912553003e-10
19845,,5.819560888280114e-10
19846,,5.819539096891519e-10
19847,,5.819528906718699e-10
19848,,5.819523394035179e-10
19849,,5.819519305918883e-10
19850,,5.819498727669473e-10
19851,,5.819487708203789e-10
19852,,5.819481946420735e-10
19853,,5.81947778579482e-10
19854,,5.819458565737635e-10
19855,,5.819446613511324e-10
19856,,5.819440571093465e-10
19857,,5.819436328414799e-10
19858,,5.819432633997882e-10
19859,,5.819405628084342e-10
19860,,5.819399269616007e-10
19861,,5.819394934098488e-10
19862,,5.819391214804069e-10
19863,,5.819364758311627e-10
19864,,5.819358043978257e-10
19865,,5.81935360341313e-10
19866,,5.819349855560286e-10
19867,,5.819324011081801e-10
19868,,5.819316896097482e-10
19869,,5.819312336997306e-10
19870,,5.819308556315766e-10
19871,,5.819283394330325e-10
19872,,5.819275828398746e-10
19873,,5.819271135359632e-10
19874,,5.819267317321326e-10
19875,,5.81924291692303e-10
19876,,5.819234843578033e-10
19877,,5.819229999307045e-10
19878,,5.819226138642596e-10
19879,,5.81920258892164e-10
19880,,5.819193944539946e-10
19881,,5.819188929782335e-10
19882,,5.819185020548425e-10
19883,,5.819162421563063e-10
19884,,5.819153134664425e-10
19885,,5.819147927686378e-10
19886,,5.819143963247944e-10
19887,,5.819122427435715e-10
19888,,5.819112417803426e-10
19889,,5.819106994083657e-10
19890,,5.819102966995912e-10
19891,,5.81908262094915e-10
19892,,5.819071798195571e-10
19893,,5.819066130286112e-10
19894,,5.819062032118878e-10
19895,,5.819043017911231e-10
19896,,5.819031280715825e-10
19897,,5.819025337598184e-10
19898,,5.81902115908478e-10
19899,,5.819017518125424e-10
19900,,5.81899087065714e-10
19901,,5.818984617816032e-10
19902,,5.818980348246129e-10
19903,,5.818976682877547e-10
19904,,5.818950574315245e-10
19905,,5.818943972543371e-10
19906,,5.818939600066603e-10
19907,,5.81893590670737e-10
19908,,5.818910398453765e-10
19909,,5.818903403905479e-10
19910,,5.818898915210576e-10
19911,,5.818895189725992e-10
19912,,5.818870350821174e-10
19913,,5.81886291421419e-10
19914,,5.818858294226188e-10
19915,,5.818854532125731e-10
19916,,5.81883044011263e-10
19917,,5.818822506010616e-10
19918,,5.81881773786316e-10
19919,,5.818813933936866e-10
19920,,5.818790676272841e-10
19921,,5.818782182286899e-10
19922,,5.818777246934656e-10
19923,,5.818773395539218e-10
19924,,5.818751070144649e-10
19925,,5.818741946329109e-10
19926,,5.818736822527362e-10
19927,,5.818732916961945e-10
19928,,5.818711634315113e-10
19929,,5.818701801862063e-10
19930,,5.818696465554005e-10
19931,,5.818692498612915e-10
19932,,5.818672382554471e-10
19933,,5.818661753068657e-10
19934,,5.818656177387128e-10
19935,,5.818652140799923e-10
19936,,5.818633330774987e-10
19937,,5.818621804630971e-10
19938,,5.818615959287603e-10
19939,,5.818611843865414e-10
19940,,5.818608255454969e-10
19941,,5.818581961914802e-10
19942,,5.81857581280887e-10
19943,,5.818571608218018e-10
19944,,5.81856799596761e-10
19945,,5.818542230999185e-10
19946,,5.818535739806052e-10
19947,,5.818531434403924e-10
19948,,5.818527794672711e-10
19949,,5.818502618449708e-10
19950,,5.818495742254108e-10
19951,,5.818491322826452e-10
19952,,5.818487651737625e-10
19953,,5.818463131980048e-10
19954,,5.818455822383468e-10
19955,,5.818451274333646e-10
19956,,5.818447567306875e-10
19957,,5.818423780092234e-10
19958,,5.818415982782311e-10
19959,,5.81841128944914e-10
19960,,5.818407541477097e-10
19961,,5.818384572536095e-10
19962,,5.818376226307705e-10
19963,,5.81837136905649e-10
19964,,5.818367574473396e-10
19965,,5.818345519821356e-10
19966,,5.818336556136391e-10
19967,,5.818331514171093e-10
19968,,5.818327666575224e-10
19969,,5.818306634376057e-10
19970,,5.818296976018764e-10
19971,,5.81829172579135e-10
19972,,5.818287818011481e-10
19973,,5.818267929879493e-10
19974,,5.818257489956485e-10
19975,,5.81825200502361e-10
19976,,5.818248029070413e-10
19977,,5.818229421560185e-10
19978,,5.818218102675492e-10
19979,,5.818212353339982e-10
19980,,5.818208300148446e-10
19981,,5.818204763643906e-10
19982,,5.818178819328961e-10
19983,,5.818172772246277e-10
19984,,5.818168631633223e-10
19985,,5.818165071663792e-10
19986,,5.81813964585524e-10
19987,,5.818133263457989e-10
19988,,5.818129023916492e-10
19989,,5.818125437203213e-10
19990,,5.818100588806609e-10
19991,,5.818093828937097e-10
19992,,5.818089477730997e-10
19993,,5.818085860182551e-10
19994,,5.818061655673233e-10
19995,,5.818054470903393e-10
19996,,5.818049993563549e-10
19997,,5.818046340808943e-10
19998,,5.818022854805299e-10
19999,,5.818015191830576e-10
20000,,5.818010572145951e-10
20001,,5.818006879236166e-10
20002,,5.817984195643535e-10
20003,,5.817975994640066e-10
20004,,5.817971214289746e-10
20005,,5.817967475654329e-10
20006,,5.817945688762163e-10
20007,,5.817936882348797e-10
20008,,5.817931920836194e-10
20009,,5.817928130357874e-10
20010,,5.817907346104836e-10
20011,,5.817897858601072e-10
20012,,5.817892692909848e-10
20013,,5.817888843509882e-10
20014,,5.817869181129689e-10
20015,,5.817858927442797e-10
20016,,5.817853531693608e-10
20017,,5.817849615420417e-10
20018,,5.81783120884113e-10
20019,,5.817820093388571e-10
20020,,5.817814438474647e-10
20021,,5.81781044646472e-10
20022,,5.817806961064182e-10
20023,,5.817781361568299e-10
20024,,5.817775414741214e-10
20025,,5.817771337038421e-10
20026,,5.817767828732993e-10
20027,,5.817742737753849e-10
20028,,5.817736462236655e-10
20029,,5.817732287640571e-10
20030,,5.817728753032717e-10
20031,,5.81770422848513e-10
20032,,5.817697582845346e-10
20033,,5.817693298742306e-10
20034,,5.817689733973796e-10
20035,,5.817665840892791e-10
20036,,5.817658778722314e-10
20037,,5.81765437096782e-10
20038,,5.817650771727848e-10
20039,,5.817627583358532e-10
20040,,5.817620052362938e-10
20041,,5.817615505029593e-10
20042,,5.817611866468735e-10
20043,,5.817589464921871e-10
20044,,5.817581406503478e-10
20045,,5.817576701746517e-10
20046,,5.817573018418733e-10
20047,,5.817551496236568e-10
20048,,5.817542844273507e-10
20049,,5.817537961918649e-10
20050,,5.817534227657551e-10
20051,,5.817513688823303e-10
20052,,5.817504369080201e-10
20053,,5.817499286653867e-10
20054,,5.817495494655082e-10
20055,,5.817476055931138e-10
20056,,5.817465985011295e-10
20057,,5.81746067701186e-10
20058,,5.817456819466565e-10
20059,,5.817438612219895e-10
20060,,5.817427696476345e-10
20061,,5.817422134381784e-10
20062,,5.817418202630249e-10
20063,,5.817401374470822e-10
20064,,5.817389508448161e-10
20065,,5.817383660160933e-10
20066,,5.817379644426562e-10
20067,,5.817376186951159e-10
20068,,5.817351426663298e-10
20069,,5.81734525612359e-10
20070,,5.817341145389245e-10
20071,,5.817337662119194e-10
20072,,5.817313457352311e-10
20073,,5.817306923997794e-10
20074,,5.817302705953806e-10
20075,,5.817299193147277e-10
20076,,5.817275607756179e-10
20077,,5.817268666017011e-10
20078,,5.817264326783275e-10
20079,,5.817260780240741e-10
20080,,5.817237885828152e-10
20081,,5.817230484586051e-10
20082,,5.817226008525449e-10
20083,,5.817222423455467e-10
20084,,5.817200300812755e-10
20085,,5.817192382327777e-10
20086,,5.817187751962614e-10
20087,,5.817184122994089e-10
20088,,5.817162862695477e-10
20089,,5.81715436234283e-10
20090,,5.817149557960161e-10
20091,,5.817145879145267e-10
20092,,5.817125583112559e-10
20093,,5.81711642814199e-10
20094,,5.817111427508987e-10
20095,,5.817107692038109e-10
20096,,5.817088474884994e-10
20097,,5.817078583461245e-10
20098,,5.817073361715555e-10
20099,,5.817069562058306e-10
20100,,5.817051552452592e-10
20101,,5.817040832725387e-10
20102,,5.817035361922761e-10
20103,,5.817031489509728e-10
20104,,5.817014832251203e-10
20105,,5.817003180865599e-10
20106,,5.816997429516539e-10
20107,,5.816993474768875e-10
20108,,5.81699006738075e-10
20109,,5.816965633494143e-10
20110,,5.816959566139338e-10
20111,,5.816955518308346e-10
20112,,5.81695208568236e-10
20113,,5.816928196629264e-10
20114,,5.816921773618549e-10
20115,,5.816917620613161e-10
20116,,5.816914159084209e-10
20117,,5.816890877454183e-10
20118,,5.816884054131423e-10
20119,,5.816879782329415e-10
20120,,5.816876287650932e-10
20121,,5.816853683845556e-10
20122,,5.816846409936037e-10
20123,,5.816842003977772e-10
20124,,5.816838471575305e-10
20125,,5.816816624636496e-10
20126,,5.81680884369666e-10
20127,,5.81680428641845e-10
20128,,5.81680071107161e-10
20129,,5.816779709788626e-10
20130,,5.816771358399306e-10
20131,,5.81676663056181e-10
20132,,5.816763006250574e-10
20133,,5.8167429506427e-10
20134,,5.81673395742549e-10
20135,,5.816729037286766e-10
20136,,5.816725357516798e-10
20137,,5.816706359766194e-10
20138,,5.816696644619776e-10
20139,,5.816691507681068e-10
20140,,5.816687765001083e-10
20141,,5.816669951432538e-10
20142,,5.816659424214923e-10
20143,,5.816654043043352e-10
20144,,5.816650229100302e-10
20145,,5.816633741605094e-10
20146,,5.816622301015539e-10
20147,,5.816616644837474e-10
20148,,5.816612750176642e-10
20149,,5.816609392106524e-10
20150,,5.816585280468242e-10
20151,,5.816579314558048e-10
20152,,5.816575328686095e-10
20153,,5.816571945926112e-10
20154,,5.816548368597612e-10
20155,,5.816542054069586e-10
20156,,5.816537965061743e-10
20157,,5.816534553945242e-10
20158,,5.816511572491272e-10
20159,,5.816504865407033e-10
20160,,5.816500659963343e-10
20161,,5.816497216430364e-10
20162,,5.816474899728046e-10
20163,,5.816467750887534e-10
20164,,5.816463413984869e-10
20165,,5.816459933466494e-10
20166,,5.816438359004845e-10
20167,,5.816430713102705e-10
20168,,5.816426227916738e-10
20169,,5.816422705302446e-10
20170,,5.816401960163535e-10
20171,,5.816393755001572e-10
20172,,5.816389102546038e-10
20173,,5.816385532012173e-10
20174,,5.816365714227671e-10
20175,,5.816356879870415e-10
20176,,5.816352038844541e-10
20177,,5.816348413930374e-10
20178,,5.816329633597273e-10
20179,,5.816320091398638e-10
20180,,5.816315037874043e-10
20181,,5.816311351293416e-10
20182,,5.816293732159109e-10
20183,,5.816283393795175e-10
20184,,5.816278100883455e-10
20185,,5.816274344446182e-10
20186,,5.816258025680479e-10
20187,,5.816246791863008e-10
20188,,5.816241229299743e-10
20189,,5.816237393779005e-10
20190,,5.816234084379123e-10
20191,,5.81621029082824e-10
20192,,5.816204424606154e-10
20193,,5.81620049968107e-10
20194,,5.816197166071233e-10
20195,,5.816173896663606e-10
20196,,5.816167688672123e-10
20197,,5.81616366264721e-10
20198,,5.816160301271949e-10
20199,,5.81613761623376e-10
20200,,5.816131023474722e-10
20201,,5.816126883266844e-10
20202,,5.816123490099614e-10
20203,,5.816101457072773e-10
20204,,5.81609443119012e-10
20205,,5.816090162108304e-10
20206,,5.816086732793359e-10
20207,,5.816065427593436e-10
20208,,5.816057914425995e-10
20209,,5.816053499993948e-10
20210,,5.816050029334243e-10
20211,,5.816029537547173e-10
20212,,5.816021476083177e-10
20213,,5.816016897665393e-10
20214,,5.816013380077017e-10
20215,,5.815993797691414e-10
20216,,5.815985119334575e-10
20217,,5.815980356094258e-10
20218,,5.815976785208367e-10
20219,,5.815958220189826e-10
20220,,5.815948847866995e-10
20221,,5.815943876342075e-10
20222,,5.815940245024899e-10
20223,,5.815922818649608e-10
20224,,5.815912665773109e-10
20225,,5.815907459583378e-10
20226,,5.815903759817692e-10
20227,,5.815887608499988e-10
20228,,5.815876577765142e-10
20229,,5.815871107221151e-10
20230,,5.815867329921585e-10
20231,,5.815864068446695e-10
20232,,5.81584058895891e-10
20233,,5.815834820768011e-10
20234,,5.815830955822703e-10
20235,,5.815827670629843e-10
20236,,5.815804705282716e-10
20237,,5.815798601921379e-10
20238,,5.815794637941938e-10
20239,,5.815791325508394e-10
20240,,5.815768933300621e-10
20241,,5.815762452768367e-10
20242,,5.815758376810256e-10
20243,,5.815755033299204e-10
20244,,5.815733280467155e-10
20245,,5.815726375368217e-10
20246,,5.815722173133366e-10
20247,,5.81571879409633e-10
20248,,5.815697755190534e-10
20249,,5.815690372313119e-10
20250,,5.815686027535343e-10
20251,,5.815682608096486e-10
20252,,5.815662366829131e-10
20253,,5.815654446373064e-10
20254,,5.815649940904956e-10
20255,,5.815646475469396e-10
20256,,5.815627125980979e-10
20257,,5.815618600829321e-10
20258,,5.815613914142312e-10
20259,,5.815610396442825e-10
20260,,5.815592044632323e-10
20261,,5.81558283906706e-10
20262,,5.815577948214338e-10
20263,,5.815574371324125e-10
20264,,5.815557136053252e-10
20265,,5.815547165294988e-10
20266,,5.815542044374074e-10
20267,,5.815538400348928e-10
20268,,5.815522415433742e-10
20269,,5.81551158398967e-10
20270,,5.815506203903862e-10
20271,,5.815502483910927e-10
20272,,5.815499269679309e-10
20273,,5.815476100239446e-10
20274,,5.815470428362829e-10
20275,,5.815466622456598e-10
20276,,5.815463384966215e-10
20277,,5.815440719837751e-10
20278,,5.815434719407763e-10
20279,,5.815430816396317e-10
20280,,5.815427552278424e-10
20281,,5.815405449241141e-10
20282,,5.815399078995558e-10
20283,,5.815395066276228e-10
20284,,5.8153917716855e-10
20285,,5.815370295730212e-10
20286,,5.815363509219613e-10
20287,,5.815359372756324e-10
20288,,5.815356043316245e-10
20289,,5.815335267563935e-10
20290,,5.815328012737636e-10
20291,,5.815323736463581e-10
20292,,5.815320367462645e-10
20293,,5.815300373884341e-10
20294,,5.81529259201877e-10
20295,,5.815288158273816e-10
20296,,5.815284744196323e-10
20297,,5.815265625137589e-10
20298,,5.815257250360342e-10
20299,,5.815252638990342e-10
20300,,5.815249173720477e-10
20301,,5.815231033031997e-10
20302,,5.81522199129062e-10
20303,,5.815217179666708e-10
20304,,5.815213656340047e-10
20305,,5.815196610614508e-10
20306,,5.815186818623585e-10
20307,,5.815181781504512e-10
20308,,5.815178192387724e-10
20309,,5.815162372801468e-10
20310,,5.815151736960457e-10
20311,,5.815146445762162e-10
20312,,5.815142782237676e-10
20313,,5.815139614492116e-10
20314,,5.815116751178647e-10
20315,,5.815111173929214e-10
20316,,5.815107426174103e-10
20317,,5.815104235697884e-10
20318,,5.81508186701415e-10
20319,,5.81507596763535e-10
20320,,5.81507212471974e-10
20321,,5.815068908110814e-10
20322,,5.815047090738758e-10
20323,,5.815040828866493e-10
20324,,5.815036878404453e-10
20325,,5.815033631967297e-10
20326,,5.815012429636245e-10
20327,,5.815005759683998e-10
20328,,5.815001687837004e-10
20329,,5.814998407323828e-10
20330,,5.814977891624095e-10
20331,,5.814970762474242e-10
20332,,5.814966553695513e-10
20333,,5.8149632343316e-10
20334,,5.814943485730536e-10
20335,,5.814935839913232e-10
20336,,5.814931476719449e-10
20337,,5.814928113213381e-10
20338,,5.814909222282919e-10
20339,,5.814900995191212e-10
20340,,5.814896457827766e-10
20341,,5.814893044161868e-10
20342,,5.814875112587805e-10
20343,,5.814866231585793e-10
20344,,5.814861497971442e-10
20345,,5.814858027464282e-10
20346,,5.814841169623269e-10
20347,,5.814831553093666e-10
20348,,5.814826598375164e-10
20349,,5.814823063332065e-10
20350,,5.814807407791525e-10
20351,,5.814796963934786e-10
20352,,5.814791760221201e-10
20353,,5.814788152251999e-10
20354,,5.81478503036307e-10
20355,,5.81476246921954e-10
20356,,5.8147569849892e-10
20357,,5.814753294422532e-10
20358,,5.814750150310406e-10
20359,,5.814728074333684e-10
20360,,5.814722274360271e-10
20361,,5.81471849054146e-10
20362,,5.814715320810203e-10
20363,,5.814693785544931e-10
20364,,5.814687630152436e-10
20365,,5.814683740917026e-10
20366,,5.8146805419443e-10
20367,,5.814659609893762e-10
20368,,5.814653054398605e-10
20369,,5.814649046217944e-10
20370,,5.814645813852323e-10
20371,,5.814625555192053e-10
20372,,5.814618549559279e-10
20373,,5.81461440704947e-10
20374,,5.814611136654886e-10
20375,,5.814591630317365e-10
20376,,5.814584118163471e-10
20377,,5.814579824303606e-10
20378,,5.814576510605687e-10
20379,,5.814557845340816e-10
20380,,5.814549763262967e-10
20381,,5.814545298769298e-10
20382,,5.81454193591224e-10
20383,,5.814524211417258e-10
20384,,5.814515488284563e-10
20385,,5.814510831362468e-10
20386,,5.814507412787579e-10
20387,,5.814490741212898e-10
20388,,5.814481296966904e-10
20389,,5.814476423274838e-10
20390,,5.814472941557799e-10
20391,,5.814457448883465e-10
20392,,5.814447193510844e-10
20393,,5.814442075714811e-10
20394,,5.814438522395781e-10
20395,,5.814435445750144e-10
20396,,5.814413182930919e-10
20397,,5.814407790162941e-10
20398,,5.814404155931116e-10
20399,,5.814401057454751e-10
20400,,5.814379270483616e-10
20401,,5.814373568181806e-10
20402,,5.814369842473394e-10
20403,,5.814366718904775e-10
20404,,5.814345462318912e-10
20405,,5.814339411499054e-10
20406,,5.81433558258009e-10
20407,,5.814332430333965e-10
20408,,5.814311765311415e-10
20409,,5.814305322369931e-10
20410,,5.814301376739338e-10
20411,,5.814298191863574e-10
20412,,5.814278187197128e-10
20413,,5.814271302873071e-10
20414,,5.814267225662144e-10
20415,,5.814264003492925e-10
20416,,5.814244736704395e-10
20417,,5.814237355762722e-10
20418,,5.814233130165657e-10
20419,,5.814229865561151e-10
20420,,5.814211423541106e-10
20421,,5.814203483896082e-10
20422,,5.814199090963139e-10
20423,,5.81419577817962e-10
20424,,5.814178258778203e-10
20425,,5.814169690616205e-10
20426,,5.814165109102292e-10
20427,,5.814161741677809e-10
20428,,5.814145254712803e-10
20429,,5.814135979616892e-10
20430,,5.814131185615623e-10
20431,,5.81412775629211e-10
20432,,5.814112425455526e-10
20433,,5.814102355093115e-10
20434,,5.814097321754952e-10
20435,,5.814093822280212e-10
20436,,5.814090790176948e-10
20437,,5.814068821793978e-10
20438,,5.814063518932733e-10
20439,,5.814059940145753e-10
20440,,5.814056886626346e-10
20441,,5.814035385053271e-10
20442,,5.814029778670376e-10
20443,,5.814026110256845e-10
20444,,5.814023032189982e-10
20445,,5.814002050801583e-10
20446,,5.813996102843116e-10
20447,,5.813992333191725e-10
20448,,5.813989227022964e-10
20449,,5.813968825783201e-10
20450,,5.81396249331087e-10
20451,,5.813958609316463e-10
20452,,5.8139554711477e-10
20453,,5.813935717616257e-10
20454,,5.813928952429126e-10
20455,,5.813924939494205e-10
20456,,5.813921764754681e-10
20457,,5.813902734799502e-10
20458,,5.813895482774827e-10
20459,,5.813891324320979e-10
20460,,5.81388810800666e-10
20461,,5.813869886885919e-10
20462,,5.813862087139514e-10
20463,,5.813857764646498e-10
20464,,5.813854501137358e-10
20465,,5.813837184771518e-10
20466,,5.813828768800274e-10
20467,,5.813824261390367e-10
20468,,5.813820944399938e-10
20469,,5.813804640502387e-10
20470,,5.813795531379844e-10
20471,,5.813790815744838e-10
20472,,5.813787437995522e-10
20473,,5.813772267775381e-10
20474,,5.813762379036972e-10
20475,,5.813757428762601e-10
20476,,5.813753982344064e-10
20477,,5.813750994044699e-10
20478,,5.813729316469389e-10
20479,,5.813724101905279e-10
20480,,5.81372057773171e-10
20481,,5.813717568488722e-10
20482,,5.8136963486664e-10
20483,,5.813690836629238e-10
20484,,5.813687224554048e-10
20485,,5.813684191307339e-10
20486,,5.813663481708808e-10
20487,,5.813657634708546e-10
20488,,5.813653923455965e-10
20489,,5.813650862669352e-10
20490,,5.813630722053905e-10
20491,,5.813624498158871e-10
20492,,5.81362067484467e-10
20493,,5.813617582700383e-10
20494,,5.813598077293694e-10
20495,,5.813591429163611e-10
20496,,5.813587479383193e-10
20497,,5.813584351422711e-10
20498,,5.813565555630655e-10
20499,,5.813558430210661e-10
20500,,5.81355433780521e-10
20501,,5.813551169136629e-10
20502,,5.81353316654811e-10
20503,,5.813525504137195e-10
20504,,5.813521250950895e-10
20505,,5.81351803595927e-10
20506,,5.813500920642545e-10
20507,,5.813492654083217e-10
20508,,5.813488219618085e-10
20509,,5.813484952207398e-10
20510,,5.813468829713286e-10
20511,,5.81345988363802e-10
20512,,5.813455244995763e-10
20513,,5.813451918087953e-10
20514,,5.813436907268932e-10
20515,,5.813427196888719e-10
20516,,5.81342232817639e-10
20517,,5.813418933961349e-10
20518,,5.813415988897328e-10
20519,,5.813394598287755e-10
20520,,5.813389470554173e-10
20521,,5.813386000110923e-10
20522,,5.813383034541628e-10
20523,,5.813362093002288e-10
20524,,5.813356673583249e-10
20525,,5.813353117042876e-10
20526,,5.813350127924746e-10
20527,,5.813329686763873e-10
20528,,5.81332393901629e-10
20529,,5.813320285176364e-10
20530,,5.813317269156567e-10
20531,,5.813297386061214e-10
20532,,5.813291268784995e-10
20533,,5.813287505084229e-10
20534,,5.813284458211049e-10
20535,,5.813265198133978e-10
20536,,5.813258664977027e-10
20537,,5.813254777367031e-10
20538,,5.813251695468485e-10
20539,,5.813233131205838e-10
20540,,5.813226130138052e-10
20541,,5.813222102691898e-10
20542,,5.813218980931389e-10
20543,,5.813201194559013e-10
20544,,5.813193666984135e-10
20545,,5.813189481913043e-10
20546,,5.813186314780482e-10
20547,,5.813169398465657e-10
20548,,5.813161278645521e-10
20549,,5.813156915881201e-10
20550,,5.81315369732998e-10
20551,,5.813137754653168e-10
20552,,5.813128968624588e-10
20553,,5.813124405683035e-10
20554,,5.813121128841122e-10
20555,,5.81310627622938e-10
20556,,5.813096740864381e-10
20557,,5.813091952382264e-10
20558,,5.813088609592229e-10
20559,,5.813085707114642e-10
20560,,5.813064599849315e-10
20561,,5.813059557447342e-10
20562,,5.813056139948239e-10
20563,,5.813053217366908e-10
20564,,5.813032550528036e-10
20565,,5.813027222221969e-10
20566,,5.813023720262264e-10
20567,,5.813020774647579e-10
20568,,5.813000598561285e-10
20569,,5.812994948374253e-10
20570,,5.812991351030969e-10
20571,,5.812988379040875e-10
20572,,5.812968750366301e-10
20573,,5.81296273784125e-10
20574,,5.812959032860764e-10
20575,,5.812956030685851e-10
20576,,5.81293701292481e-10
20577,,5.812930592764035e-10
20578,,5.812926766282414e-10
20579,,5.812923729764771e-10
20580,,5.812905394489974e-10
20581,,5.812898515504546e-10
20582,,5.812894551971051e-10
20583,,5.812891476374075e-10
20584,,5.812873903913585e-10
20585,,5.812866508776234e-10
20586,,5.812862390733222e-10
20587,,5.812859270750475e-10
20588,,5.812842551416306e-10
20589,,5.812834575651126e-10
20590,,5.81283028343268e-10
20591,,5.812827112989199e-10
20592,,5.812811348498055e-10
20593,,5.812802719591498e-10
20594,,5.812798231149553e-10
20595,,5.812795003581236e-10
20596,,5.812780307989082e-10
20597,,5.812770944423363e-10
20598,,5.812766234878777e-10
20599,,5.812762942649876e-10
20600,,5.812760082075407e-10
20601,,5.812739254549545e-10
20602,,5.812734296033101e-10
20603,,5.812730930568765e-10
20604,,5.812728050414137e-10
20605,,5.812707654773768e-10
20606,,5.81270241599354e-10
20607,,5.812698967778397e-10
20608,,5.812696065009217e-10
20609,,5.812676150779731e-10
20610,,5.812670596440562e-10
20611,,5.81266705474782e-10
20612,,5.812664126161374e-10
20613,,5.812644748740003e-10
20614,,5.812638839161364e-10
20615,,5.812635191942443e-10
20616,,5.81263223383883e-10
20617,,5.812613455566886e-10
20618,,5.812607146275899e-10
20619,,5.812603379993325e-10
20620,,5.812600388174349e-10
20621,,5.812582279280066e-10
20622,,5.812575520195167e-10
20623,,5.812571619501723e-10
20624,,5.812568589426412e-10
20625,,5.812551228578702e-10
20626,,5.812543963530224e-10
20627,,5.812539911379445e-10
20628,,5.812536837746332e-10
20629,,5.812520313586683e-10
20630,,5.812512479240485e-10
20631,,5.812508256347952e-10
20632,,5.812505133302311e-10
20633,,5.812489545414669e-10
20634,,5.81248107070634e-10
20635,,5.812476655467898e-10
20636,,5.81247347642493e-10
20637,,5.812458936676006e-10
20638,,5.81244974180772e-10
20639,,5.812445109787125e-10
20640,,5.812441867370427e-10
20641,,5.812439048227665e-10
20642,,5.812418496713639e-10
20643,,5.812413620659333e-10
20644,,5.81241030645671e-10
20645,,5.812407468082128e-10
20646,,5.81238734032025e-10
20647,,5.812382189413061e-10
20648,,5.812378794136408e-10
20649,,5.812375933629319e-10
20650,,5.812356277947504e-10
20651,,5.812350817707347e-10
20652,,5.812347330798558e-10
20653,,5.812344444952413e-10
20654,,5.812325315810262e-10
20655,,5.812319507369443e-10
20656,,5.812315916978573e-10
20657,,5.812313002196823e-10
20658,,5.812294460722295e-10
20659,,5.81228826040083e-10
20660,,5.812284553291217e-10
20661,,5.812281605492271e-10
20662,,5.812263720341797e-10
20663,,5.812257079116384e-10
20664,,5.812253240268735e-10
20665,,5.812250255008932e-10
20666,,5.812233103463198e-10
20667,,5.812225966119724e-10
20668,,5.812221978794107e-10
20669,,5.812218950828694e-10
20670,,5.812202619816854e-10
20671,,5.812194924385681e-10
20672,,5.812190769688716e-10
20673,,5.812187693315735e-10
20674,,5.812172280419746e-10
20675,,5.81216395715204e-10
20676,,5.812159613857356e-10
20677,,5.812156482617308e-10
20678,,5.812142097557358e-10
20679,,5.812133068196257e-10
20680,,5.812128512426159e-10
20681,,5.812125319067816e-10
20682,,5.812122540678121e-10
20683,,5.812102261692222e-10
20684,,5.812097466602443e-10
20685,,5.812094202950161e-10
20686,,5.812091405738609e-10
20687,,5.812071542357715e-10
20688,,5.812066477932029e-10
20689,,5.812063134739086e-10
20690,,5.812060315798009e-10
20691,,5.812040915564382e-10
20692,,5.812035547801833e-10
20693,,5.812032114754847e-10
20694,,5.812029271016437e-10
20695,,5.81201038715721e-10
20696,,5.812004678016961e-10
20697,,5.812001143632164e-10
20698,,5.811998271544835e-10
20699,,5.81197996394436e-10
20700,,5.81197387066082e-10
20701,,5.811970221812163e-10
20702,,5.81196731742212e-10
20703,,5.811949653514345e-10
20704,,5.811943127952999e-10
20705,,5.811939349990132e-10
20706,,5.811936408830304e-10
20707,,5.811919464373466e-10
20708,,5.811912452425908e-10
20709,,5.811908528894919e-10
20710,,5.811905545901524e-10
20711,,5.811889406095297e-10
20712,,5.811881846981944e-10
20713,,5.811877759369092e-10
20714,,5.811874728942199e-10
20715,,5.811859489470361e-10
20716,,5.811851314898506e-10
20717,,5.811847042385757e-10
20718,,5.811843958175752e-10
20719,,5.811829726590402e-10
20720,,5.811820859759664e-10
20721,,5.811816378963866e-10
20722,,5.811813233841875e-10
20723,,5.811810495651186e-10
20724,,5.811790485662671e-10
20725,,5.811785770325235e-10
20726,,5.811782556300763e-10
20727,,5.811779799594147e-10
20728,,5.811760197314478e-10
20729,,5.811755217799618e-10
20730,,5.811751925914602e-10
20731,,5.811749147953783e-10
20732,,5.811729999879155e-10
20733,,5.811724723072915e-10
20734,,5.811721343103919e-10
20735,,5.811718540895532e-10
20736,,5.811699899178698e-10
20737,,5.811694287670305e-10
20738,,5.811690808313557e-10
20739,,5.811687978349826e-10
20740,,5.81166990192479e-10
20741,,5.811663913760146e-10
20742,,5.811660322206157e-10
20743,,5.811657460540927e-10
20744,,5.811640015432732e-10
20745,,5.811633603475773e-10
20746,,5.811629885344221e-10
20747,,5.811626987658596e-10
20748,,5.81161024805451e-10
20749,,5.811603359305939e-10
20750,,5.81159949843663e-10
20751,,5.811596559772662e-10
20752,,5.811580609218796e-10
20753,,5.811573184038802e-10
20754,,5.811569162377645e-10
20755,,5.811566177188911e-10
20756,,5.811551109514844e-10
20757,,5.811543080900565e-10
20758,,5.811538877990876e-10
20759,,5.811535840106919e-10
20760,,5.811521760811068e-10
20761,,5.811513053495673e-10
20762,,5.811508646393351e-10
20763,,5.811505548810509e-10
20764,,5.811502850200341e-10
20765,,5.811483105802235e-10
20766,,5.811478468709513e-10
20767,,5.811475303599386e-10
20768,,5.811472586875611e-10
20769,,5.811453242327609e-10
20770,,5.811448346333258e-10
20771,,5.811445104863915e-10
20772,,5.811442367375622e-10
20773,,5.811423468318076e-10
20774,,5.811418280790669e-10
20775,,5.811414953015816e-10
20776,,5.811412191684108e-10
20777,,5.811393789353783e-10
20778,,5.811388273778595e-10
20779,,5.811384848558696e-10
20780,,5.811382059993738e-10
20781,,5.81136421200426e-10
20782,,5.811358327154626e-10
20783,,5.811354791947133e-10
20784,,5.811351972387804e-10
20785,,5.811334743495333e-10
20786,,5.81132844317725e-10
20787,,5.811324783893794e-10
20788,,5.811321929042243e-10
20789,,5.811305392035123e-10
20790,,5.811298624245499e-10
20791,,5.811294825128192e-10
20792,,5.81129193007056e-10
20793,,5.811276166886256e-10
20794,,5.811268873142916e-10
20795,,5.811264916353182e-10
20796,,5.811261975733835e-10
20797,,5.811247078308078e-10
20798,,5.811239192979145e-10
20799,,5.811235058488179e-10
20800,,5.811232066235036e-10
20801,,5.811218138032344e-10
20802,,5.811209587289058e-10
20803,,5.811205252610801e-10
20804,,5.811202201883595e-10
20805,,5.811199542268544e-10
20806,,5.811180060001963e-10
20807,,5.811175499859174e-10
20808,,5.811172382937797e-10
20809,,5.811169705597472e-10
20810,,5.811150615539326e-10
20811,,5.811145801594363e-10
20812,,5.811142609808847e-10
20813,,5.811139912075591e-10
20814,,5.811121258953111e-10
20815,,5.811116159224784e-10
20816,,5.811112882819703e-10
20817,,5.811110161813684e-10
20818,,5.81109199582181e-10
20819,,5.811086574443955e-10
20820,,5.811083202542459e-10
20821,,5.811080454880467e-10
20822,,5.811062832549521e-10
20823,,5.811057049167582e-10
20824,,5.811053569459671e-10
20825,,5.811050791387178e-10
20826,,5.811033776261195e-10
20827,,5.811027585510002e-10
20828,,5.811023984217575e-10
20829,,5.811021171492468e-10
20830,,5.811004834914927e-10
20831,,5.810998185900099e-10
20832,,5.81099444741036e-10
20833,,5.810991595408625e-10
20834,,5.810976017593871e-10
20835,,5.810968853008215e-10
20836,,5.810964959939984e-10
20837,,5.810962063235669e-10
20838,,5.810947334507712e-10
20839,,5.810939589865842e-10
20840,,5.810935522636857e-10
20841,,5.810932575287308e-10
20842,,5.810918796913453e-10
20843,,5.81091040000242e-10
20844,,5.810906136509387e-10
20845,,5.810903131857388e-10
20846,,5.810900510690446e-10
20847,,5.810881287199688e-10
20848,,5.81087680273209e-10
20849,,5.810873733142091e-10
20850,,5.810871094637543e-10
20851,,5.810852255846625e-10
20852,,5.810847522530115e-10
20853,,5.810844379614297e-10
20854,,5.810841721111435e-10
20855,,5.810823310851256e-10
20856,,5.810818297419804e-10
20857,,5.810815071558546e-10
20858,,5.810812390222876e-10
20859,,5.810794457775288e-10
20860,,5.810789128962741e-10
20861,,5.810785809479468e-10
20862,,5.810783102050108e-10
20863,,5.810765702783632e-10
20864,,5.810760019058019e-10
20865,,5.810756593943389e-10
20866,,5.810753856723268e-10
20867,,5.810737052913241e-10
20868,,5.810730969849617e-10
20869,,5.810727425508659e-10
20870,,5.810724654356666e-10
20871,,5.810708515994995e-10
20872,,5.810701983588623e-10
20873,,5.810698304842417e-10
20874,,5.810695495140477e-10
20875,,5.810680100887875e-10
20876,,5.810673063015734e-10
20877,,5.810669232677883e-10
20878,,5.810666379260593e-10
20879,,5.810651817584726e-10
20880,,5.8106442111133e-10
20881,,5.810640210015767e-10
20882,,5.810637306944928e-10
20883,,5.810623677241619e-10
20884,,5.810615431187413e-10
20885,,5.810611237719256e-10
20886,,5.810608278468592e-10
20887,,5.810605695156634e-10
20888,,5.81058672710028e-10
20889,,5.810582316970014e-10
20890,,5.810579294123768e-10
20891,,5.810576693800623e-10
20892,,5.810558103022272e-10
20893,,5.810553449026695e-10
20894,,5.810550354188178e-10
20895,,5.810547734375755e-10
20896,,5.810529563965845e-10
20897,,5.810524635230625e-10
20898,,5.81052145915691e-10
20899,,5.810518816908719e-10
20900,,5.810501115175665e-10
20901,,5.810495877286337e-10
20902,,5.810492609431262e-10
20903,,5.810489941626283e-10
20904,,5.810472762801361e-10
20905,,5.810467176976827e-10
20906,,5.810463805544658e-10
20907,,5.810461108538697e-10
20908,,5.810444513653484e-10
20909,,5.810438536326399e-10
20910,,5.81043504801536e-10
20911,,5.81043231782743e-10
20912,,5.810416375479979e-10
20913,,5.810409957697514e-10
20914,,5.810406337627895e-10
20915,,5.810403569584526e-10
20916,,5.810388356984492e-10
20917,,5.810381443640993e-10
20918,,5.810377675024523e-10
20919,,5.810374864141582e-10
20920,,5.810360467972469e-10
20921,,5.810352997094128e-10
20922,,5.810349061087316e-10
20923,,5.810346201544841e-10
20924,,5.810332719320832e-10
20925,,5.810324621448248e-10
20926,,5.810320496840697e-10
20927,,5.810317582209976e-10
20928,,5.810305123586564e-10
20929,,5.810296350557955e-10
20930,,5.810292022696161e-10
20931,,5.810289048543449e-10
20932,,5.810286486750626e-10
20933,,5.810268126449866e-10
20934,,5.810263560633676e-10
20935,,5.810260516287556e-10
20936,,5.81025793544654e-10
20937,,5.810239985645129e-10
20938,,5.810235151787025e-10
20939,,5.810232028213306e-10
20940,,5.810229425559844e-10
20941,,5.810211933343645e-10
20942,,5.810206797833476e-10
20943,,5.810203584743925e-10
20944,,5.810200957154547e-10
20945,,5.810183975548941e-10
20946,,5.810178500540384e-10
20947,,5.810175186385172e-10
20948,,5.810172530379701e-10
20949,,5.810156118921267e-10
20950,,5.810150261923873e-10
20951,,5.810146833758794e-10
20952,,5.810144145376634e-10
20953,,5.810128371013483e-10
20954,,5.810122084193281e-10
20955,,5.810118527514292e-10
20956,,5.81011580224461e-10
20957,,5.810100740247652e-10
20958,,5.810093969865791e-10
20959,,5.810090268273265e-10
20960,,5.810087501202999e-10
20961,,5.810073236269744e-10
20962,,5.810065921881871e-10
20963,,5.810062056944595e-10
20964,,5.810059242498414e-10
20965,,5.810045869611077e-10
20966,,5.810037943430498e-10
20967,,5.810033894477474e-10
20968,,5.810031026279238e-10
20969,,5.810018652481246e-10
20970,,5.810010038102396e-10
20971,,5.810005781913973e-10
20972,,5.810002852965583e-10
20973,,5.810000328297326e-10
20974,,5.809982210069261e-10
20975,,5.809977720541438e-10
20976,,5.809974722777954e-10
20977,,5.809972179452093e-10
20978,,5.809954463811726e-10
20979,,5.80994971155924e-10
20980,,5.809946636120152e-10
20981,,5.809944071479896e-10
20982,,5.809926804636416e-10
20983,,5.809921756683576e-10
20984,,5.809918593485455e-10
20985,,5.809916004385522e-10
20986,,5.809899238345424e-10
20987,,5.809893857543921e-10
20988,,5.809890595278192e-10
20989,,5.809887978296833e-10
20990,,5.809871771413371e-10
20991,,5.809866016101881e-10
20992,,5.809862642122327e-10
20993,,5.809859993393673e-10
20994,,5.809844411286624e-10
20995,,5.809838234591796e-10
20996,,5.809834734573734e-10
20997,,5.809832049759389e-10
20998,,5.809817166310855e-10
20999,,5.809810515502681e-10
21000,,5.809806873422815e-10
21001,,5.8098041476385e-10
21002,,5.809790045741842e-10
21003,,5.809782861629045e-10
21004,,5.809779059468132e-10
21005,,5.809776287209994e-10
21006,,5.809763060113907e-10
21007,,5.809755276160455e-10
21008,,5.809751293621197e-10
21009,,5.809748468692658e-10
21010,,5.809736221233149e-10
21011,,5.809727762668377e-10
21012,,5.809723576941576e-10
21013,,5.809720692420824e-10
21014,,5.809718204285059e-10
21015,,5.809700325032189e-10
21016,,5.809695910600054e-10
21017,,5.809692958677178e-10
21018,,5.809690452300079e-10
21019,,5.809672967957997e-10
21020,,5.809668295888167e-10
21021,,5.809665267840662e-10
21022,,5.809662740570672e-10
21023,,5.809645696381041e-10
21024,,5.809640734373728e-10
21025,,5.809637620317104e-10
21026,,5.809635069085778e-10
21027,,5.809618516048854e-10
21028,,5.809613227760916e-10
21029,,5.80961001662629e-10
21030,,5.809607438071304e-10
21031,,5.809591433419046e-10
21032,,5.809585777981327e-10
21033,,5.809582457283446e-10
21034,,5.809579847589167e-10
21035,,5.80956445568243e-10
21036,,5.80955838715697e-10
21037,,5.809554942871066e-10
21038,,5.809552297886564e-10
21039,,5.809537591054321e-10
21040,,5.809531057717991e-10
21041,,5.809527474195474e-10
21042,,5.809524789019407e-10
21043,,5.809510848622547e-10
21044,,5.809503792473863e-10
21045,,5.809500051989467e-10
21046,,5.809497321258655e-10
21047,,5.809484238723477e-10
21048,,5.809476594469963e-10
21049,,5.80947267716767e-10
21050,,5.809469894831287e-10
21051,,5.809457772935829e-10
21052,,5.809449467214479e-10
21053,,5.809445350728118e-10
21054,,5.809442510032127e-10
21055,,5.809440057924474e-10
21056,,5.809422414642952e-10
21057,,5.809418073909307e-10
21058,,5.80941516712478e-10
21059,,5.809412697153634e-10
21060,,5.809395441150883e-10
21061,,5.809390847914107e-10
21062,,5.809387866500719e-10
21063,,5.809385376000709e-10
21064,,5.809368551785727e-10
21065,,5.809363674321489e-10
21066,,5.809360608530799e-10
21067,,5.809358094634579e-10
21068,,5.809341752052201e-10
21069,,5.809336554704827e-10
21070,,5.809333393829647e-10
21071,,5.809330853128491e-10
21072,,5.80931504835912e-10
21073,,5.809309491050648e-10
21074,,5.809306222711727e-10
21075,,5.809303651578144e-10
21076,,5.809288447697592e-10
21077,,5.80928248534052e-10
21078,,5.809279095988962e-10
21079,,5.809276490164713e-10
21080,,5.809261958121866e-10
21081,,5.809255540141168e-10
21082,,5.809252014204755e-10
21083,,5.809249369039722e-10
21084,,5.809235588590728e-10
21085,,5.809228658032753e-10
21086,,5.809224978214518e-10
21087,,5.809222288414473e-10
21088,,5.809209349223319e-10
21089,,5.809201842047882e-10
21090,,5.809197988905211e-10
21091,,5.809195248534873e-10
21092,,5.809183251318333e-10
21093,,5.80917509564698e-10
21094,,5.809171047288288e-10
21095,,5.809168249658289e-10
21096,,5.809165833074856e-10
21097,,5.809148422707519e-10
21098,,5.809144154417546e-10
21099,,5.809141292095533e-10
21100,,5.809138858039331e-10
21101,,5.809121827521099e-10
21102,,5.809117311725638e-10
21103,,5.809114376195905e-10
21104,,5.809111922035647e-10
21105,,5.809095314961777e-10
21106,,5.809090520542835e-10
21107,,5.809087502352833e-10
21108,,5.809085025183139e-10
21109,,5.80906889054667e-10
21110,,5.809063782508817e-10
21111,,5.809060671040163e-10
21112,,5.809058167681797e-10
21113,,5.80904256048335e-10
21114,,5.809037099510452e-10
21115,,5.809033882758893e-10
21116,,5.809031349537666e-10
21117,,5.809016331644607e-10
21118,,5.8090104736244e-10
21119,,5.809007138157366e-10
21120,,5.8090045709907e-10
21121,,5.808990211929763e-10
21122,,5.808983907178305e-10
21123,,5.808980437878979e-10
21124,,5.80897783215322e-10
21125,,5.80896421011339e-10
21126,,5.808957402809058e-10
21127,,5.808953782706376e-10
21128,,5.808951133205448e-10
21129,,5.808938336094375e-10
21130,,5.808930963563552e-10
21131,,5.808927173502101e-10
21132,,5.808924474435401e-10
21133,,5.808912601020005e-10
21134,,5.808904592684416e-10
21135,,5.808900611219556e-10
21136,,5.808897856060207e-10
21137,,5.808895474439196e-10
21138,,5.808878294034053e-10
21139,,5.808874097002085e-10
21140,,5.808871278405243e-10
21141,,5.808868879632954e-10
21142,,5.808852071779224e-10
21143,,5.80884763209387e-10
21144,,5.808844741748425e-10
21145,,5.808842323312012e-10
21146,,5.808825930830039e-10
21147,,5.808821218014064e-10
21148,,5.808818246599073e-10
21149,,5.808815805657307e-10
21150,,5.80879987649819e-10
21151,,5.808794856172968e-10
21152,,5.808791793307999e-10
21153,,5.808789326732636e-10
21154,,5.808773914803653e-10
21155,,5.808768548503036e-10
21156,,5.80876538249469e-10
21157,,5.808762886630067e-10
21158,,5.808748052649096e-10
21159,,5.808742297052326e-10
21160,,5.808739014691465e-10
21161,,5.808736485510615e-10
21162,,5.808722297602638e-10
21163,,5.808716104103703e-10
21164,,5.808712690504948e-10
21165,,5.80871012358077e-10
21166,,5.808696658426723e-10
21167,,5.808689972168692e-10
21168,,5.808686410755945e-10
21169,,5.808683800916914e-10
21170,,5.808671144741713e-10
21171,,5.80866390430566e-10
21172,,5.808660176277598e-10
21173,,5.808657517885833e-10
21174,,5.808645767452397e-10
21175,,5.808637903716e-10
21176,,5.808633988021178e-10
21177,,5.808631274634225e-10
21178,,5.80862892749049e-10
21179,,5.808611974091513e-10
21180,,5.80860784712219e-10
21181,,5.808605071505985e-10
21182,,5.808602707590935e-10
21183,,5.808586119622298e-10
21184,,5.808581754711984e-10
21185,,5.808578908831069e-10
21186,,5.808576525660374e-10
21187,,5.808560345072065e-10
21188,,5.808555712329682e-10
21189,,5.808552787000052e-10
21190,,5.808550381790137e-10
21191,,5.80853465557823e-10
21192,,5.808529721453394e-10
21193,,5.808526706500488e-10
21194,,5.808524276079117e-10
21195,,5.808509057188431e-10
21196,,5.808503783882289e-10
21197,,5.808500667728346e-10
21198,,5.8084982086522e-10
21199,,5.808483556529954e-10
21200,,5.808477901581872e-10
21201,,5.808474671401213e-10
21202,,5.808472179703728e-10
21203,,5.808458161180382e-10
21204,,5.808452076812811e-10
21205,,5.808448718035102e-10
21206,,5.80844618928323e-10
21207,,5.808432879545737e-10
21208,,5.808426312201201e-10
21209,,5.808422808423347e-10
21210,,5.808420237663263e-10
21211,,5.808407721156107e-10
21212,,5.808400610468068e-10
21213,,5.808396943406645e-10
21214,,5.808394325040624e-10
21215,,5.808382696722608e-10
21216,,5.808374974935168e-10
21217,,5.808371123907736e-10
21218,,5.808368451684065e-10
21219,,5.808366138502892e-10
21220,,5.8083494092268e-10
21221,,5.808345351027995e-10
21222,,5.808342617802251e-10
21223,,5.808340288190236e-10
21224,,5.808323917358546e-10
21225,,5.808319625933846e-10
21226,,5.80831682383417e-10
21227,,5.808314475301729e-10
21228,,5.808298503986179e-10
21229,,5.808293950015481e-10
21230,,5.80829107009092e-10
21231,,5.808288699997056e-10
21232,,5.808273174354099e-10
21233,,5.808268324894632e-10
21234,,5.808265357050422e-10
21235,,5.808262962309225e-10
21236,,5.808247934133262e-10
21237,,5.808242752188835e-10
21238,,5.808239685183013e-10
21239,,5.808237262320279e-10
21240,,5.808222790033588e-10
21241,,5.808217233826876e-10
21242,,5.808214054997849e-10
21243,,5.808211600218157e-10
21244,,5.808197749250742e-10
21245,,5.808191772147501e-10
21246,,5.808188467237619e-10
21247,,5.808185976153626e-10
21248,,5.808172820243518e-10
21249,,5.808166369581646e-10
21250,,5.808162922537317e-10
21251,,5.808160390298133e-10
21252,,5.808148012232124e-10
21253,,5.80814102889475e-10
21254,,5.808137421829141e-10
21255,,5.808134842851354e-10
21256,,5.808123335785093e-10
21257,,5.808115753318403e-10
21258,,5.808111965896565e-10
21259,,5.80810933412875e-10
21260,,5.808107054439076e-10
21261,,5.808090546376138e-10
21262,,5.808086555869921e-10
21263,,5.808083864352091e-10
21264,,5.808081568533507e-10
21265,,5.808065412093219e-10
21266,,5.808061192915827e-10
21267,,5.808058433807074e-10
21268,,5.8080561195568e-10
21269,,5.808040354954792e-10
21270,,5.808035878369505e-10
21271,,5.808033043002908e-10
21272,,5.808030707572271e-10
21273,,5.808015380010096e-10
21274,,5.808010613735474e-10
21275,,5.808007692258575e-10
21276,,5.808005332643975e-10
21277,,5.807990493040865e-10
21278,,5.807985400764715e-10
21279,,5.807982382059641e-10
21280,,5.807979994939381e-10
21281,,5.807965700397321e-10
21282,,5.80796024130348e-10
21283,,5.807957113000962e-10
21284,,5.80795469455098e-10
21285,,5.807941009375007e-10
21286,,5.807935137559844e-10
21287,,5.80793188563363e-10
21288,,5.807929431617342e-10
21289,,5.807916428064498e-10
21290,,5.807910091961937e-10
21291,,5.807906700773793e-10
21292,,5.807904206397328e-10
21293,,5.807891965561491e-10
21294,,5.80788510730654e-10
21295,,5.807881559152638e-10
21296,,5.807879019063139e-10
21297,,5.807867632288428e-10
21298,,5.807860186616733e-10
21299,,5.807856461654389e-10
21300,,5.807853869759802e-10
21301,,5.807851623080925e-10
21302,,5.807835333468953e-10
21303,,5.807831409389006e-10
21304,,5.807828758943308e-10
21305,,5.807826496461587e-10
21306,,5.807810551687123e-10
21307,,5.807806403481469e-10
21308,,5.807803686816781e-10
21309,,5.807801406194606e-10
21310,,5.807785845731256e-10
21311,,5.807781445193133e-10
21312,,5.807778653754846e-10
21313,,5.807776352432896e-10
21314,,5.807761220660329e-10
21315,,5.807756536064845e-10
21316,,5.807753660184529e-10
21317,,5.807751335212403e-10
21318,,5.807736681908712e-10
21319,,5.807731677764677e-10
21320,,5.807728706594907e-10
21321,,5.80772635463741e-10
21322,,5.8077122359117e-10
21323,,5.807706872109034e-10
21324,,5.807703793519499e-10
21325,,5.807701410843018e-10
21326,,5.807687889731158e-10
21327,,5.807682121314736e-10
21328,,5.807678921507308e-10
21329,,5.807676504007428e-10
21330,,5.807663651278189e-10
21331,,5.80765742773616e-10
21332,,5.807654091393564e-10
21333,,5.807651634328742e-10
21334,,5.807639529585412e-10
21335,,5.807632794041976e-10
21336,,5.80762930381329e-10
21337,,5.807626801940335e-10
21338,,5.807615534714382e-10
21339,,5.807608223308973e-10
21340,,5.807604559793773e-10
21341,,5.807602007155394e-10
21342,,5.807599792896976e-10
21343,,5.807583718895454e-10
21344,,5.807579860197449e-10
21345,,5.807577250143376e-10
21346,,5.807575020515819e-10
21347,,5.807559284722053e-10
21348,,5.807555206271717e-10
21349,,5.807552531327324e-10
21350,,5.807550283912209e-10
21351,,5.807534925124151e-10
21352,,5.807530599262174e-10
21353,,5.807527851025612e-10
21354,,5.807525583278094e-10
21355,,5.807510644919181e-10
21356,,5.807506040609641e-10
21357,,5.807503209612637e-10
21358,,5.807500918707345e-10
21359,,5.807486449606987e-10
21360,,5.807481531999048e-10
21361,,5.807478607585516e-10
21362,,5.807476290254161e-10
21363,,5.807462345424244e-10
21364,,5.807457075223459e-10
21365,,5.807454045461574e-10
21366,,5.807451698097062e-10
21367,,5.807438339232116e-10
21368,,5.807432672383311e-10
21369,,5.807429523829718e-10
21370,,5.807427142307643e-10
21371,,5.807414438924762e-10
21372,,5.807408325803263e-10
21373,,5.807405043438462e-10
21374,,5.807402623144572e-10
21375,,5.807390653259485e-10
21376,,5.807384038194233e-10
21377,,5.807380604978729e-10
21378,,5.807378140753392e-10
21379,,5.807366992114032e-10
21380,,5.807359812490069e-10
21381,,5.807356209326581e-10
21382,,5.807353695368314e-10
21383,,5.807351513168242e-10
21384,,5.807335652005253e-10
21385,,5.807331857496132e-10
21386,,5.807329287273138e-10
21387,,5.807327089968353e-10
21388,,5.807311560545529e-10
21389,,5.807307550636617e-10
21390,,5.807304916773266e-10
21391,,5.807302702053322e-10
21392,,5.807287542348258e-10
21393,,5.807283289930699e-10
21394,,5.807280584225078e-10
21395,,5.807278349659147e-10
21396,,5.807263602283742e-10
21397,,5.807259076840174e-10
21398,,5.807256290023293e-10
21399,,5.807254032726294e-10
21400,,5.807239745601633e-10
21401,,5.807234913005727e-10
21402,,5.807232034603127e-10
21403,,5.807229751428333e-10
21404,,5.807215978427513e-10
21405,,5.807210800156145e-10
21406,,5.807207818524757e-10
21407,,5.807205505850346e-10
21408,,5.807192307590307e-10
21409,,5.807186740440909e-10
21410,,5.807183642345383e-10
21411,,5.807181296200992e-10
21412,,5.807168740690836e-10
21413,,5.807162736039985e-10
21414,,5.807159506722794e-10
21415,,5.807157122578246e-10
21416,,5.807145286396973e-10
21417,,5.807138789625243e-10
21418,,5.807135412417778e-10
21419,,5.807132985231036e-10
21420,,5.807121954356044e-10
21421,,5.807114904065544e-10
21422,,5.807111360335575e-10
21423,,5.807108884415221e-10
21424,,5.807106733736709e-10
21425,,5.807091082694475e-10
21426,,5.807087351332936e-10
21427,,5.807084820244299e-10
21428,,5.807082654836077e-10
21429,,5.807067329179364e-10
21430,,5.807063386605462e-10
21431,,5.807060793177175e-10
21432,,5.807058610707994e-10
21433,,5.807043647708717e-10
21434,,5.807039467389703e-10
21435,,5.807036803522142e-10
21436,,5.807034601536078e-10
21437,,5.80702004294708e-10
21438,,5.807015595008073e-10
21439,,5.807012851635634e-10
21440,,5.807010627416937e-10
21441,,5.806996520147975e-10
21442,,5.806991771103252e-10
21443,,5.806988937939157e-10
21444,,5.806986688363757e-10
21445,,5.806973085348056e-10
21446,,5.806967997367815e-10
21447,,5.80696506300863e-10
21448,,5.806962784543289e-10
21449,,5.806949745097623e-10
21450,,5.80694427585452e-10
21451,,5.806941227341983e-10
21452,,5.806938916138551e-10
21453,,5.806926506994441e-10
21454,,5.806920608865238e-10
21455,,5.8069174317083e-10
21456,,5.806915083217812e-10
21457,,5.806903379477539e-10
21458,,5.80689699883756e-10
21459,,5.806893676735358e-10
21460,,5.806891286073946e-10
21461,,5.8068803719796e-10
21462,,5.806873448697234e-10
21463,,5.80686996334311e-10
21464,,5.806867524882588e-10
21465,,5.806865405342381e-10
21466,,5.806849961639374e-10
21467,,5.806846292353445e-10
21468,,5.8068437998565e-10
21469,,5.806841665802528e-10
21470,,5.806826541372322e-10
21471,,5.806822665005234e-10
21472,,5.80682011139022e-10
21473,,5.806817960629637e-10
21474,,5.806803191859525e-10
21475,,5.806799082378766e-10
21476,,5.806796459709384e-10
21477,,5.806794289912021e-10
21478,,5.806779917727635e-10
21479,,5.806775545945726e-10
21480,,5.80677284530975e-10
21481,,5.80677065372349e-10
21482,,5.8067567242207e-10
21483,,5.806752057143916e-10
21484,,5.806749268578715e-10
21485,,5.806747052107495e-10
21486,,5.806733617045248e-10
21487,,5.806728617799618e-10
21488,,5.806725729934764e-10
21489,,5.806723485188175e-10
21490,,5.806710602859597e-10
21491,,5.806705229803793e-10
21492,,5.806702230104175e-10
21493,,5.806699953181487e-10
21494,,5.80668768900241e-10
21495,,5.806681895386091e-10
21496,,5.80667876958418e-10
21497,,5.806676456178331e-10
21498,,5.806664883664708e-10
21499,,5.806658617103299e-10
21500,,5.806655349189708e-10
21501,,5.806652994418595e-10
21502,,5.806642196250806e-10
21503,,5.80663539767033e-10
21504,,5.806631969644172e-10
21505,,5.80662956807949e-10
21506,,5.80662747918671e-10
21507,,5.806612240288367e-10
21508,,5.806608631970334e-10
21509,,5.806606177413117e-10
21510,,5.806604074334627e-10
21511,,5.806589148493753e-10
21512,,5.806585337206513e-10
21513,,5.806582822744303e-10
21514,,5.806580703349126e-10
21515,,5.806566126321296e-10
21516,,5.806562086480157e-10
21517,,5.80655950442033e-10
21518,,5.806557366281498e-10
21519,,5.806543178258269e-10
21520,,5.806538881225967e-10
21521,,5.806536222722625e-10
21522,,5.806534063200958e-10
21523,,5.806520309378072e-10
21524,,5.806515722890048e-10
21525,,5.80651297813807e-10
21526,,5.806510794274818e-10
21527,,5.806497525365016e-10
21528,,5.806492613204573e-10
21529,,5.806489771115672e-10
21530,,5.80648755953534e-10
21531,,5.806474832666778e-10
21532,,5.806469554005728e-10
21533,,5.806466602289289e-10
21534,,5.80646435920792e-10
21535,,5.80645223849267e-10
21536,,5.806446547588603e-10
21537,,5.806443472224783e-10
21538,,5.806441193373563e-10
21539,,5.806429750950067e-10
21540,,5.806423596321039e-10
21541,,5.806420381648877e-10
21542,,5.806418062262769e-10
21543,,5.806407379195014e-10
21544,,5.806400702962182e-10
21545,,5.806397331380437e-10
21546,,5.806394966085859e-10
21547,,5.806392907422066e-10
21548,,5.806377870602587e-10
21549,,5.806374322286954e-10
21550,,5.806371905096632e-10
21551,,5.80636983247988e-10
21552,,5.806355102793451e-10
21553,,5.80635135539862e-10
21554,,5.806348879546277e-10
21555,,5.806346790906289e-10
21556,,5.806332403367715e-10
21557,,5.806328431950396e-10
21558,,5.806325889733235e-10
21559,,5.806323782835109e-10
21560,,5.806309776774838e-10
21561,,5.806305553188678e-10
21562,,5.806302936062794e-10
21563,,5.806300808242719e-10
21564,,5.806287227962832e-10
21565,,5.806282720654313e-10
21566,,5.806280018982047e-10
21567,,5.806277867290709e-10
21568,,5.806264762567284e-10
21569,,5.8062599359857e-10
21570,,5.806257138932994e-10
21571,,5.806254960068626e-10
21572,,5.80624238690473e-10
21573,,5.806237201001568e-10
21574,,5.806234296481939e-10
21575,,5.806232086691579e-10
21576,,5.806220108027964e-10
21577,,5.806214517962913e-10
21578,,5.80621149219287e-10
21579,,5.806209247432603e-10
21580,,5.806197933794455e-10
21581,,5.806191889117258e-10
21582,,5.806188726806323e-10
21583,,5.806186442285626e-10
21584,,5.806175873354145e-10
21585,,5.806169317258119e-10
21586,,5.806166001094091e-10
21587,,5.806163671593049e-10
21588,,5.806161642695003e-10
21589,,5.806146805385508e-10
21590,,5.806143315952343e-10
21591,,5.806140935577882e-10
21592,,5.806138893002727e-10
21593,,5.806124356926764e-10
21594,,5.806120672445949e-10
21595,,5.806118234481885e-10
21596,,5.806116176248786e-10
21597,,5.806101975780125e-10
21598,,5.806098071625019e-10
21599,,5.806095568627376e-10
21600,,5.806093492461703e-10
21601,,5.806079666147528e-10
21602,,5.806075514767242e-10
21603,,5.80607293840098e-10
21604,,5.806070841718701e-10
21605,,5.806057433027273e-10
21606,,5.806053003458571e-10
21607,,5.806050344183988e-10
21608,,5.806048224110042e-10
21609,,5.806035281858001e-10
21610,,5.806030539212324e-10
21611,,5.806027786473634e-10
21612,,5.80602563981372e-10
21613,,5.806013218752157e-10
21614,,5.806008123926356e-10
21615,,5.806005265749502e-10
21616,,5.806003088852035e-10
21617,,5.805991250727901e-10
21618,,5.805985759623262e-10
21619,,5.805982782709431e-10
21620,,5.805980571439503e-10
21621,,5.805969385553576e-10
21622,,5.805963448749588e-10
21623,,5.805960337941729e-10
21624,,5.805958087718776e-10
21625,,5.805947632046733e-10
21626,,5.805941193881077e-10
21627,,5.805937932256154e-10
21628,,5.805935637946314e-10
21629,,5.805933638342177e-10
21630,,5.805918998013384e-10
21631,,5.805915566510678e-10
21632,,5.805913222315751e-10
21633,,5.80591120934304e-10
21634,,5.805896864473077e-10
21635,,5.805893241706525e-10
21636,,5.805890841103658e-10
21637,,5.805888812822855e-10
21638,,5.805874797051267e-10
21639,,5.805870959011814e-10
21640,,5.805868494667627e-10
21641,,5.80586644879293e-10
21642,,5.805852800023903e-10
21643,,5.805848719585744e-10
21644,,5.80584618327027e-10
21645,,5.805844117341319e-10
21646,,5.805830878102353e-10
21647,,5.805826524933758e-10
21648,,5.8058239074166e-10
21649,,5.805821818506837e-10
21650,,5.80580903672764e-10
21651,,5.805804376664092e-10
21652,,5.805801667485265e-10
21653,,5.805799552501857e-10
21654,,5.805787281882743e-10
21655,,5.805782276516972e-10
21656,,5.805779464027078e-10
21657,,5.805777319377154e-10
21658,,5.805765620433455e-10
21659,,5.80576022657955e-10
21660,,5.805757297605291e-10
21661,,5.805755119339416e-10
21662,,5.805744060058435e-10
21663,,5.805738229133506e-10
21664,,5.805735168958744e-10
21665,,5.805732952559481e-10
21666,,5.805722609217248e-10
21667,,5.805716286785389e-10
21668,,5.80571307877209e-10
21669,,5.805710819147384e-10
21670,,5.805708848425062e-10
21671,,5.805694402518174e-10
21672,,5.805691027900466e-10
21673,,5.805688719430913e-10
21674,,5.805686735644995e-10
21675,,5.805672579472414e-10
21676,,5.805669017404193e-10
21677,,5.805666653605174e-10
21678,,5.805664654790446e-10
21679,,5.805650821486535e-10
21680,,5.805647048304585e-10
21681,,5.805644622041883e-10
21682,,5.805642605992065e-10
21683,,5.805629132622648e-10
21684,,5.805625121865092e-10
21685,,5.805622625033522e-10
21686,,5.805620589295869e-10
21687,,5.805607517592719e-10
21688,,5.80560323943108e-10
21689,,5.805600662992971e-10
21690,,5.805598604815496e-10
21691,,5.805585981679851e-10
21692,,5.805581402655844e-10
21693,,5.805578736365041e-10
21694,,5.805576652645422e-10
21695,,5.805564530827792e-10
21696,,5.805559613259996e-10
21697,,5.805556845676264e-10
21698,,5.805554732896609e-10
21699,,5.805543171681183e-10
21700,,5.805537873233659e-10
21701,,5.805534991465045e-10
21702,,5.805532845717076e-10
21703,,5.80552191175561e-10
21704,,5.805516184866866e-10
21705,,5.805513174486494e-10
21706,,5.805510991326358e-10
21707,,5.805500759475461e-10
21708,,5.805494550709291e-10
21709,,5.805491395353387e-10
21710,,5.805489169872601e-10
21711,,5.805487227646494e-10
21712,,5.80547297358683e-10
21713,,5.805469655009793e-10
21714,,5.805467381571548e-10
21715,,5.805465426545558e-10
21716,,5.805451456740958e-10
21717,,5.805447954314893e-10
21718,,5.805445626722026e-10
21719,,5.805443656940953e-10
21720,,5.805430003801827e-10
21721,,5.805426294425531e-10
21722,,5.805423905588481e-10
21723,,5.805421918984411e-10
21724,,5.805408618794766e-10
21725,,5.805404676527278e-10
21726,,5.8054022184961e-10
21727,,5.805400212571922e-10
21728,,5.805387306447799e-10
21729,,5.805383101954519e-10
21730,,5.805380565901546e-10
21731,,5.805378537992639e-10
21732,,5.805366071725783e-10
21733,,5.805361572320667e-10
21734,,5.805358948156347e-10
21735,,5.805356895224642e-10
21736,,5.805344920598358e-10
21737,,5.805340089246614e-10
21738,,5.805337365860581e-10
21739,,5.805335284436469e-10
21740,,5.805323859548584e-10
21741,,5.805318654829424e-10
21742,,5.805315819476854e-10
21743,,5.805313705758185e-10
21744,,5.805302895968265e-10
21745,,5.805297271217822e-10
21746,,5.805294309735998e-10
21747,,5.8052921593325e-10
21748,,5.805282038046279e-10
21749,,5.805275940860857e-10
21750,,5.805272837308031e-10
21751,,5.805270645425715e-10
21752,,5.805261295205765e-10
21753,,5.805254666631956e-10
21754,,5.805251403037801e-10
21755,,5.805249164168989e-10
21756,,5.805247237437675e-10
21757,,5.805233451663598e-10
21758,,5.805230007879023e-10
21759,,5.805227715858206e-10
21760,,5.805225774742603e-10
21761,,5.80521229952655e-10
21762,,5.805208652842563e-10
21763,,5.805206300818417e-10
21764,,5.805204343146449e-10
21765,,5.805191214147243e-10
21766,,5.805187339134097e-10
21767,,5.805184919302082e-10
21768,,5.805182942758258e-10
21769,,5.805170200112786e-10
21770,,5.805166068076687e-10
21771,,5.80516357174559e-10
21772,,5.805161573673701e-10
21773,,5.80514926248476e-10
21774,,5.805144841217502e-10
21775,,5.805142258615019e-10
21776,,5.80514023597734e-10
21777,,5.805128406906887e-10
21778,,5.805123660243535e-10
21779,,5.805120980271437e-10
21780,,5.805118929768481e-10
21781,,5.805107639801362e-10
21782,,5.805102527113426e-10
21783,,5.805099737436963e-10
21784,,5.805097655236828e-10
21785,,5.805086968436974e-10
21786,,5.805081443924432e-10
21787,,5.805078530612437e-10
21788,,5.805076412465148e-10
21789,,5.805066400876739e-10
21790,,5.805060413192844e-10
21791,,5.805057360567794e-10
21792,,5.805055201738157e-10
21793,,5.805045946230934e-10
21794,,5.805039437602197e-10
21795,,5.805036228066623e-10
21796,,5.805034023230582e-10
21797,,5.805032124405689e-10
21798,,5.805018520269637e-10
21799,,5.805015134075034e-10
21800,,5.805012877177197e-10
21801,,5.805010964221638e-10
21802,,5.804997664713754e-10
21803,,5.804994079608797e-10
21804,,5.804991763841852e-10
21805,,5.804989834767542e-10
21806,,5.804976874793445e-10
21807,,5.804973065833994e-10
21808,,5.80497068362588e-10
21809,,5.804968736001738e-10
21810,,5.804956154973751e-10
21811,,5.804952094065913e-10
21812,,5.804949636857272e-10
21813,,5.804947668111002e-10
21814,,5.804935510219173e-10
21815,,5.804931165752741e-10
21816,,5.80492862395015e-10
21817,,5.804926631173301e-10
21818,,5.804914946046683e-10
21819,,5.804910282610456e-10
21820,,5.80490764540945e-10
21821,,5.804905625250777e-10
21822,,5.804894468869896e-10
21823,,5.804889446491225e-10
21824,,5.804886701733572e-10
21825,,5.80488465054456e-10
21826,,5.804874085627569e-10
21827,,5.804868659586249e-10
21828,,5.804865793571157e-10
21829,,5.804863707196494e-10
21830,,5.804853804367908e-10
21831,,5.804847924184492e-10
21832,,5.804844921640737e-10
21833,,5.804842795388635e-10
21834,,5.804833633980767e-10
21835,,5.804827243030766e-10
21836,,5.804824086723646e-10
21837,,5.804821915310761e-10
21838,,5.804820044022012e-10
21839,,5.8048066192245e-10
21840,,5.804803289654232e-10
21841,,5.804801067247573e-10
21842,,5.80479918211488e-10
21843,,5.804786056057754e-10
21844,,5.804782531495832e-10
21845,,5.804780251432113e-10
21846,,5.804778350475194e-10
21847,,5.804765557473399e-10
21848,,5.804761813445617e-10
21849,,5.804759468239744e-10
21850,,5.804757549121693e-10
21851,,5.804745127746654e-10
21852,,5.804741136742213e-10
21853,,5.804738718020677e-10
21854,,5.804736778201699e-10
21855,,5.804724771785921e-10
21856,,5.804720502775165e-10
21857,,5.804718001114869e-10
21858,,5.804716037727753e-10
21859,,5.804704495029071e-10
21860,,5.804699913271107e-10
21861,,5.804697318078572e-10
21862,,5.804695327911043e-10
21863,,5.804684303651859e-10
21864,,5.804679370039415e-10
21865,,5.804676669413091e-10
21866,,5.804674648841491e-10
21867,,5.804664204607294e-10
21868,,5.804658875204804e-10
21869,,5.804656055740706e-10
21870,,5.804654000595038e-10
21871,,5.804644205624687e-10
21872,,5.804638431057594e-10
21873,,5.804635477709583e-10
21874,,5.804633383560906e-10
21875,,5.804624315563976e-10
21876,,5.804618040238531e-10
21877,,5.804614936114394e-10
21878,,5.804612797706845e-10
21879,,5.80461095351324e-10
21880,,5.804597705773768e-10
21881,,5.804594431859963e-10
21882,,5.804592243455224e-10
21883,,5.804590385710341e-10
21884,,5.804577430947602e-10
21885,,5.804573965909605e-10
21886,,5.804571720926027e-10
21887,,5.804569847655275e-10
21888,,5.80455721959994e-10
21889,,5.804553539350963e-10
21890,,5.804551230597296e-10
21891,,5.804549339532146e-10
21892,,5.804537075918312e-10
21893,,5.804533153547273e-10
21894,,5.804530772680565e-10
21895,,5.804528861372999e-10
21896,,5.804517004722508e-10
21897,,5.804512809827549e-10
21898,,5.804510347621209e-10
21899,,5.804508413264135e-10
21900,,5.804497011363502e-10
21901,,5.804492509801969e-10
21902,,5.804489955996444e-10
21903,,5.804487995322764e-10
21904,,5.804477101856052e-10
21905,,5.804472255347872e-10
21906,,5.804469598136412e-10
21907,,5.804467607690225e-10
21908,,5.804457283007182e-10
21909,,5.804452048487171e-10
21910,,5.804449274767459e-10
21911,,5.804447250509665e-10
21912,,5.804437562485248e-10
21913,,5.804431891485185e-10
21914,,5.80442898651111e-10
21915,,5.804426923950729e-10
21916,,5.804417948850837e-10
21917,,5.804411786927582e-10
21918,,5.804408734182969e-10
21919,,5.804406628258782e-10
21920,,5.804404810768073e-10
21921,,5.804391737778567e-10
21922,,5.804388518567766e-10
21923,,5.804386363583302e-10
21924,,5.804384532827677e-10
21925,,5.804371747280313e-10
21926,,5.804368340669959e-10
21927,,5.804366130288026e-10
21928,,5.804364284340925e-10
21929,,5.804351819156665e-10
21930,,5.804348201573208e-10
21931,,5.804345928658984e-10
21932,,5.804344065234037e-10
21933,,5.804331957545476e-10
21934,,5.804328102558734e-10
21935,,5.804325758981944e-10
21936,,5.804323875733021e-10
21937,,5.804312167132975e-10
21938,,5.804308044970494e-10
21939,,5.80430562169518e-10
21940,,5.804303715794003e-10
21941,,5.804292453185494e-10
21942,,5.804288030427211e-10
21943,,5.804285517222273e-10
21944,,5.804283585660956e-10
21945,,5.804272821626552e-10
21946,,5.804268060680988e-10
21947,,5.80426544619257e-10
21948,,5.804263485369428e-10
21949,,5.804253279110478e-10
21950,,5.8042481377347e-10
21951,,5.80424540904388e-10
21952,,5.80424341509671e-10
21953,,5.804233833140881e-10
21954,,5.80422826387248e-10
21955,,5.804225406512863e-10
21956,,5.804223375033756e-10
21957,,5.804214492138193e-10
21958,,5.804208441588276e-10
21959,,5.804205439306389e-10
21960,,5.804203365308689e-10
21961,,5.804201574151751e-10
21962,,5.804188673750029e-10
21963,,5.804185508260806e-10
21964,,5.804183386216603e-10
21965,,5.804181582079192e-10
21966,,5.804168963551092e-10
21967,,5.804165614390149e-10
21968,,5.804163438062721e-10
21969,,5.804161618945339e-10
21970,,5.804149314688111e-10
21971,,5.804145758721653e-10
21972,,5.804143521012703e-10
21973,,5.804141684876026e-10
21974,,5.804129731190182e-10
21975,,5.804125942455526e-10
21976,,5.80412363552588e-10
21977,,5.80412177993514e-10
21978,,5.804110217621942e-10
21979,,5.804106166988741e-10
21980,,5.804103781948345e-10
21981,,5.804101904181043e-10
21982,,5.804090779256546e-10
21983,,5.804086433895457e-10
21984,,5.804083960721657e-10
21985,,5.804082057752942e-10
21986,,5.804071421762787e-10
21987,,5.804066744844869e-10
21988,,5.804064172355686e-10
21989,,5.804062240732446e-10
21990,,5.804052151718569e-10
21991,,5.804047101839918e-10
21992,,5.804044417419979e-10
21993,,5.804042453344561e-10
21994,,5.804032976521733e-10
21995,,5.804027507116002e-10
21996,,5.804024696553746e-10
21997,,5.804022695682956e-10
21998,,5.80401390438959e-10
21999,,5.804007963105365e-10
22000,,5.804005010469564e-10
22001,,5.804002967974006e-10
22002,,5.804001202685595e-10
22003,,5.803988472680808e-10
22004,,5.803985360000944e-10
22005,,5.80398327041781e-10
22006,,5.803981492424441e-10
22007,,5.803969038865845e-10
22008,,5.80396574616233e-10
22009,,5.803963603307491e-10
22010,,5.803961810725902e-10
22011,,5.803949665386428e-10
22012,,5.803946169906418e-10
22013,,5.803943966913157e-10
22014,,5.803942157641863e-10
22015,,5.803930356092451e-10
22016,,5.803926632436508e-10
22017,,5.803924361618839e-10
22018,,5.803922533250902e-10
22019,,5.803911115564135e-10
22020,,5.803907135158553e-10
22021,,5.803904787705068e-10
22022,,5.803902937621996e-10
22023,,5.803891948902374e-10
22024,,5.803887679533865e-10
22025,,5.803885245722636e-10
22026,,5.803883370871351e-10
22027,,5.803872861681736e-10
22028,,5.803868267250633e-10
22029,,5.803865736058398e-10
22030,,5.803863833221212e-10
22031,,5.803853860370425e-10
22032,,5.803848900276302e-10
22033,,5.803846259378599e-10
22034,,5.803844324673801e-10
22035,,5.803834952165568e-10
22036,,5.803829580776076e-10
22037,,5.803826816189951e-10
22038,,5.80382484549137e-10
22039,,5.803816145153172e-10
22040,,5.803810311142051e-10
22041,,5.803807407295224e-10
22042,,5.803805395762253e-10
22043,,5.803803656045166e-10
22044,,5.803791094192085e-10
22045,,5.803788033508646e-10
22046,,5.803785975798666e-10
22047,,5.803784223626397e-10
22048,,5.803771932978426e-10
22049,,5.803768695705596e-10
22050,,5.803766585822922e-10
22051,,5.803764819314633e-10
22052,,5.803752830944412e-10
22053,,5.803749394939074e-10
22054,,5.803747226108865e-10
22055,,5.80374544329568e-10
22056,,5.803733792105579e-10
22057,,5.803730132361057e-10
22058,,5.803727897007868e-10
22059,,5.803726095514746e-10
22060,,5.803714820788236e-10
22061,,5.803710909308384e-10
22062,,5.803708598869238e-10
22063,,5.803706776051036e-10
22064,,5.803695921958821e-10
22065,,5.803691727255741e-10
22066,,5.803689332134191e-10
22067,,5.803687485147212e-10
22068,,5.803677101286123e-10
22069,,5.803672587876962e-10
22070,,5.803670097271679e-10
22071,,5.803668222806982e-10
22072,,5.803658364931661e-10
22073,,5.80365349305313e-10
22074,,5.803650894885948e-10
22075,,5.803648989212944e-10
22076,,5.803639720035032e-10
22077,,5.803634444915205e-10
22078,,5.803631725521374e-10
22079,,5.803629784487958e-10
22080,,5.803621174532911e-10
22081,,5.803615445828093e-10
22082,,5.803612589935124e-10
22083,,5.803610608911617e-10
22084,,5.803608894377435e-10
22085,,5.803596498515801e-10
22086,,5.803593488882489e-10
22087,,5.803591462592466e-10
22088,,5.803589735829035e-10
22089,,5.803577606010422e-10
22090,,5.803574423289618e-10
22091,,5.803572345816132e-10
22092,,5.803570605088758e-10
22093,,5.803558771740217e-10
22094,,5.80355539413516e-10
22095,,5.803553258915203e-10
22096,,5.803551502099748e-10
22097,,5.803539999504923e-10
22098,,5.803536402549767e-10
22099,,5.803534202138996e-10
22100,,5.803532427028659e-10
22101,,5.803521293668156e-10
22102,,5.803517449901188e-10
22103,,5.803515175880016e-10
22104,,5.803513379920809e-10
22105,,5.80350265901896e-10
22106,,5.803498537617978e-10
22107,,5.803496180569553e-10
22108,,5.803494360883934e-10
22109,,5.80348410110227e-10
22110,,5.803479667249141e-10
22111,,5.803477216648058e-10
22112,,5.803475370035284e-10
22113,,5.803465626046072e-10
22114,,5.803460840741112e-10
22115,,5.803458284690177e-10
22116,,5.803456407507303e-10
22117,,5.803447240833229e-10
22118,,5.803442060162933e-10
22119,,5.803439385248409e-10
22120,,5.803437473480284e-10
22121,,5.803428953179038e-10
22122,,5.803423327833478e-10
22123,,5.803420519119094e-10
22124,,5.803418568069491e-10
22125,,5.803416878382477e-10
22126,,5.803404646417612e-10
22127,,5.803401686950288e-10
22128,,5.803399691585791e-10
22129,,5.803397989873428e-10
22130,,5.803386018857493e-10
22131,,5.803382889696665e-10
22132,,5.803380844178449e-10
22133,,5.80337912876402e-10
22134,,5.803367448555138e-10
22135,,5.803364128329662e-10
22136,,5.803362026197936e-10
22137,,5.803360295101508e-10
22138,,5.803348939197975e-10
22139,,5.803345403984131e-10
22140,,5.803343237926539e-10
22141,,5.80334148885531e-10
22142,,5.803330495109622e-10
22143,,5.803326717918805e-10
22144,,5.803324479696992e-10
22145,,5.803322710221953e-10
22146,,5.80331212098057e-10
22147,,5.803308071528435e-10
22148,,5.803305751981658e-10
22149,,5.803303959259726e-10
22150,,5.803293822244405e-10
22151,,5.803289466479264e-10
22152,,5.80328705517748e-10
22153,,5.803285236036613e-10
22154,,5.803275604845239e-10
22155,,5.803270904543845e-10
22156,,5.803268389845939e-10
22157,,5.803266540785437e-10
22158,,5.803257475672891e-10
22159,,5.80325238777932e-10
22160,,5.803249756576253e-10
22161,,5.803247873558074e-10
22162,,5.803239442318889e-10
22163,,5.803233918463661e-10
22164,,5.803231156031374e-10
22165,,5.803229234589288e-10
22166,,5.803227569342898e-10
22167,,5.803215499177465e-10
22168,,5.80321258900823e-10
22169,,5.803210624096852e-10
22170,,5.803208947107114e-10
22171,,5.803197132882859e-10
22172,,5.803194056353569e-10
22173,,5.803192042263392e-10
22174,,5.803190351847343e-10
22175,,5.803178822838497e-10
22176,,5.803175559008565e-10
22177,,5.803173489425972e-10
22178,,5.803171783600175e-10
22179,,5.803160572717234e-10
22180,,5.803157098089651e-10
22181,,5.803154965896003e-10
22182,,5.803153242478708e-10
22183,,5.803142386705815e-10
22184,,5.803138674880454e-10
22185,,5.803136471931702e-10
22186,,5.80313472852775e-10
22187,,5.80312426946546e-10
22188,,5.803120290699849e-10
22189,,5.803118008016018e-10
22190,,5.803116241799697e-10
22191,,5.803106226248146e-10
22192,,5.803101947182791e-10
22193,,5.803099574520919e-10
22194,,5.803097782501659e-10
22195,,5.803088262962345e-10
22196,,5.803083646118834e-10
22197,,5.803081172118921e-10
22198,,5.803079350687372e-10
22199,,5.803070386318537e-10
22200,,5.803065389439227e-10
22201,,5.803062801275964e-10
22202,,5.80306094658032e-10
22203,,5.803052603729934e-10
22204,,5.803047179449628e-10
22205,,5.80304446262068e-10
22206,,5.803042570260871e-10
22207,,5.803040929101104e-10
22208,,5.803029018695836e-10
22209,,5.803026156976136e-10
22210,,5.803024222006173e-10
22211,,5.80302256935742e-10
22212,,5.803010909963957e-10
22213,,5.803007885169284e-10
22214,,5.803005902055067e-10
22215,,5.803004236207328e-10
22216,,5.802992856589514e-10
22217,,5.802989648168057e-10
22218,,5.802987610588887e-10
22219,,5.802985929722317e-10
22220,,5.802974862083296e-10
22221,,5.802971446982421e-10
22222,,5.80296934804776e-10
22223,,5.802967649876033e-10
22224,,5.80295693052695e-10
22225,,5.802953282898856e-10
22226,,5.802951114621095e-10
22227,,5.802949396861802e-10
22228,,5.802939066570693e-10
22229,,5.802935157280552e-10
22230,,5.802932910795475e-10
22231,,5.802931170715305e-10
22232,,5.802921275349297e-10
22233,,5.802917071641812e-10
22234,,5.802914736996082e-10
22235,,5.802912971577545e-10
22236,,5.802903562627803e-10
22237,,5.802899027700359e-10
22238,,5.802896593722372e-10
22239,,5.802894799547711e-10
22240,,5.802885934962211e-10
22241,,5.802881027506411e-10
22242,,5.802878481547706e-10
22243,,5.802876654771667e-10
22244,,5.802868399707992e-10
22245,,5.802863073194225e-10
22246,,5.802860401156099e-10
22247,,5.802858537483684e-10
22248,,5.802856920022219e-10
22249,,5.802845167279265e-10
22250,,5.802842353233336e-10
22251,,5.80284044774961e-10
22252,,5.802838819097253e-10
22253,,5.802827312591583e-10
22254,,5.80282433862049e-10
22255,,5.80282238593637e-10
22256,,5.802820744349436e-10
22257,,5.802809512209828e-10
22258,,5.802806358224183e-10
22259,,5.802804352213558e-10
22260,,5.802802695882545e-10
22261,,5.802791769760067e-10
22262,,5.802788413181423e-10
22263,,5.802786346915282e-10
22264,,5.802784673727938e-10
22265,,5.802774089132135e-10
22266,,5.802770504612188e-10
22267,,5.802768370404407e-10
22268,,5.802766677949874e-10
22269,,5.80275647495068e-10
22270,,5.802752633856684e-10
22271,,5.802750423005779e-10
22272,,5.80274870874023e-10
22273,,5.802738932222209e-10
22274,,5.802734802460353e-10
22275,,5.802732505207824e-10
22276,,5.802730766037012e-10
22277,,5.802721466567506e-10
22278,,5.802717012110472e-10
22279,,5.802714617446918e-10
22280,,5.802712850124934e-10
22281,,5.802704084464996e-10
22282,,5.802699264747641e-10
22283,,5.802696760396752e-10
22284,,5.802694961072336e-10
22285,,5.802686793046749e-10
22286,,5.80268156256829e-10
22287,,5.802678934527924e-10
22288,,5.80267709905789e-10
22289,,5.802675505014341e-10
22290,,5.802663907946289e-10
22291,,5.802661140670795e-10
22292,,5.802659264261805e-10
22293,,5.802657659215847e-10
22294,,5.802646303649011e-10
22295,,5.802643379664971e-10
22296,,5.802641456950507e-10
22297,,5.80263983924369e-10
22298,,5.802628752775512e-10
22299,,5.802625652334683e-10
22300,,5.802623677309958e-10
22301,,5.802622045149631e-10
22302,,5.802611258828623e-10
22303,,5.802607959740495e-10
22304,,5.802605925703824e-10
22305,,5.802604277033628e-10
22306,,5.802593825670407e-10
22307,,5.802590303098234e-10
22308,,5.802588202465471e-10
22309,,5.802586534918791e-10
22310,,5.802576457784729e-10
22311,,5.802572683656877e-10
22312,,5.802570507892445e-10
22313,,5.802568818939531e-10
22314,,5.802559159991879e-10
22315,,5.802555102930206e-10
22316,,5.802552842466632e-10
22317,,5.802551129175172e-10
22318,,5.802541938015604e-10
22319,,5.802537562614479e-10
22320,,5.80253520662793e-10
22321,,5.80253346573216e-10
22322,,5.802524798058148e-10
22323,,5.80252006457343e-10
22324,,5.802517601019925e-10
22325,,5.802515828752307e-10
22326,,5.802507747203117e-10
22327,,5.802502610970532e-10
22328,,5.802500026195937e-10
22329,,5.80249821848723e-10
22330,,5.802496647484582e-10
22331,,5.802485204078458e-10
22332,,5.802482482866074e-10
22333,,5.802480635016878e-10
22334,,5.802479053239907e-10
22335,,5.802467846705975e-10
22336,,5.802464971822525e-10
22337,,5.802463078654766e-10
22338,,5.802461484480181e-10
22339,,5.802450541865117e-10
22340,,5.802447493973862e-10
22341,,5.802445549548939e-10
22342,,5.802443941236985e-10
22343,,5.802433292981289e-10
22344,,5.802430050345567e-10
22345,,5.80242804803658e-10
22346,,5.80242642351254e-10
22347,,5.802416103809557e-10
22348,,5.802412642029745e-10
22349,,5.802410574453024e-10
22350,,5.802408931492422e-10
22351,,5.802398978750993e-10
22352,,5.80239527039644e-10
22353,,5.802393129132177e-10
22354,,5.802391465168422e-10
22355,,5.802381922620746e-10
22356,,5.802377936867846e-10
22357,,5.802375712556735e-10
22358,,5.802374024700731e-10
22359,,5.802364940860995e-10
22360,,5.802360643032162e-10
22361,,5.802358325132517e-10
22362,,5.802356610225627e-10
22363,,5.802348039705797e-10
22364,,5.802343390817332e-10
22365,,5.802340967440279e-10
22366,,5.802339221832767e-10
22367,,5.802331226020364e-10
22368,,5.802326182259443e-10
22369,,5.802323640067959e-10
22370,,5.802321859700845e-10
22371,,5.802320311403553e-10
22372,,5.802309019700858e-10
22373,,5.80230634371214e-10
22374,,5.802304524036657e-10
22375,,5.80230296516292e-10
22376,,5.802291905836741e-10
22377,,5.802289079148103e-10
22378,,5.802287215020853e-10
22379,,5.802285644022142e-10
22380,,5.802274843532749e-10
22381,,5.802271847303339e-10
22382,,5.80226993289033e-10
22383,,5.802268348035136e-10
22384,,5.802257836248176e-10
22385,,5.802254649085702e-10
22386,,5.80225267797123e-10
22387,,5.802251077275033e-10
22388,,5.802240887669558e-10
22389,,5.802237485672513e-10
22390,,5.802235450575118e-10
22391,,5.802233831774998e-10
22392,,5.802224002061573e-10
22393,,5.802220358307683e-10
22394,,5.802218251013142e-10
22395,,5.802216611632657e-10
22396,,5.80220718415242e-10
22397,,5.802203268465371e-10
22398,,5.802201079736227e-10
22399,,5.802199416983491e-10
22400,,5.80219043937128e-10
22401,,5.8021862176992e-10
22402,,5.802183937219667e-10
22403,,5.802182247914656e-10
22404,,5.802173773701836e-10
22405,,5.802169207834975e-10
22406,,5.802166823956256e-10
22407,,5.802165104587142e-10
22408,,5.802157193879473e-10
22409,,5.80215224091082e-10
22410,,5.802149740570355e-10
22411,,5.80214798713876e-10
22412,,5.802146461231705e-10
22413,,5.802135319233692e-10
22414,,5.802132687734148e-10
22415,,5.802130895743392e-10
22416,,5.802129359475681e-10
22417,,5.802118445396826e-10
22418,,5.802115666175701e-10
22419,,5.802113830602203e-10
22420,,5.802112282502523e-10
22421,,5.802101622331993e-10
22422,,5.802098676810097e-10
22423,,5.802096792023613e-10
22424,,5.802095230292429e-10
22425,,5.802084853242027e-10
22426,,5.802081720601562e-10
22427,,5.802079780207543e-10
22428,,5.802078202918514e-10
22429,,5.802068141917018e-10
22430,,5.80206479862425e-10
22431,,5.802062795503788e-10
22432,,5.802061200492676e-10
22433,,5.802051492386229e-10
22434,,5.802047912181391e-10
22435,,5.802045838241682e-10
22436,,5.802044223081272e-10
22437,,5.80203490945194e-10
22438,,5.802031062561772e-10
22439,,5.802028908840383e-10
22440,,5.802027270776533e-10
22441,,5.80201839828314e-10
22442,,5.802014251424686e-10
22443,,5.802012007743919e-10
22444,,5.802010343650892e-10
22445,,5.802001964841961e-10
22446,,5.801997480515082e-10
22447,,5.801995135473526e-10
22448,,5.801993441940115e-10
22449,,5.801985615707823e-10
22450,,5.801980751859845e-10
22451,,5.801978292621836e-10
22452,,5.80197656569033e-10
22453,,5.80197506184389e-10
22454,,5.801964067684694e-10
22455,,5.801961479865738e-10
22456,,5.801959715136391e-10
22457,,5.801958201144592e-10
22458,,5.801947430564606e-10
22459,,5.801944697908867e-10
22460,,5.801942890495722e-10
22461,,5.801941364874624e-10
22462,,5.801930843299566e-10
22463,,5.801927947656992e-10
22464,,5.801926091970678e-10
22465,,5.801924553046892e-10
22466,,5.801914309140667e-10
22467,,5.801911230012922e-10
22468,,5.801909319835825e-10
22469,,5.801907765688293e-10
22470,,5.801897831712701e-10
22471,,5.801894546070049e-10
22472,,5.801892574403382e-10
22473,,5.80189100287144e-10
22474,,5.80188141503799e-10
22475,,5.801877897110221e-10
22476,,5.801875856007791e-10
22477,,5.801874264741518e-10
22478,,5.801865063743927e-10
22479,,5.801861284405061e-10
22480,,5.801859165090506e-10
22481,,5.801857551334329e-10
22482,,5.801848782956526e-10
22483,,5.801844709515228e-10
22484,,5.801842502042258e-10
22485,,5.80184086284658e-10
22486,,5.801832578490361e-10
22487,,5.801828174224967e-10
22488,,5.8018258673968e-10
22489,,5.801824199267633e-10
22490,,5.801816456879221e-10
22491,,5.801811680484358e-10
22492,,5.801809261721316e-10
22493,,5.801807560821998e-10
22494,,5.801806078733285e-10
22495,,5.801795230479875e-10
22496,,5.801792685618907e-10
22497,,5.801790947772523e-10
22498,,5.80178945573253e-10
22499,,5.80177882673228e-10
22500,,5.80177613990008e-10
22501,,5.801774360202654e-10
22502,,5.80177285677254e-10
22503,,5.801762472050393e-10
22504,,5.801759625396654e-10
22505,,5.801757798349028e-10
22506,,5.801756281876477e-10
22507,,5.801746169501161e-10
22508,,5.801743142990594e-10
22509,,5.801741262522505e-10
22510,,5.801739731118858e-10
22511,,5.801729922696685e-10
22512,,5.8017266937667e-10
22513,,5.801724753017134e-10
22514,,5.801723204592285e-10
22515,,5.80171373562221e-10
22516,,5.801710278894801e-10
22517,,5.801708270142026e-10
22518,,5.80170670238951e-10
22519,,5.80169761275903e-10
22520,,5.801693899763399e-10
22521,,5.801691814322928e-10
22522,,5.801690224518424e-10
22523,,5.801681559194544e-10
22524,,5.801677557829446e-10
22525,,5.801675385939736e-10
22526,,5.801673771191118e-10
22527,,5.801665580540796e-10
22528,,5.801661254880422e-10
22529,,5.801658985550042e-10
22530,,5.801657342501104e-10
22531,,5.801649683202408e-10
22532,,5.801644992728092e-10
22533,,5.8016426136815e-10
22534,,5.801640938556308e-10
22535,,5.801639477849416e-10
22536,,5.801628773637657e-10
22537,,5.801626270995939e-10
22538,,5.80162455955728e-10
22539,,5.801623089121866e-10
22540,,5.80161259997294e-10
22541,,5.801609958170075e-10
22542,,5.801608205694191e-10
22543,,5.801606724143987e-10
22544,,5.801596474563839e-10
22545,,5.801593676087004e-10
22546,,5.801591877234209e-10
22547,,5.80159038287253e-10
22548,,5.801580400433315e-10
22549,,5.801577425576085e-10
22550,,5.801575574396368e-10
22551,,5.801574065427432e-10
22552,,5.801564381047038e-10
22553,,5.80156120776606e-10
22554,,5.801559297471511e-10
22555,,5.801557771822398e-10
22556,,5.801548420360763e-10
22557,,5.801545023754756e-10
22558,,5.80154304679043e-10
22559,,5.801541502189828e-10
22560,,5.801532522746778e-10
22561,,5.801528874870901e-10
22562,,5.801526822757276e-10
22563,,5.801525256569115e-10
22564,,5.801516693161932e-10
22565,,5.801512762675666e-10
22566,,5.801510625780631e-10
22567,,5.801509035088656e-10
22568,,5.801500937239577e-10
22569,,5.801496688706117e-10
22570,,5.801494456338546e-10
22571,,5.801492837930337e-10
22572,,5.801485261160379e-10
22573,,5.801480654969119e-10
22574,,5.80147831500067e-10
22575,,5.801476665156958e-10
22576,,5.801475225549013e-10
22577,,5.801464663537539e-10
22578,,5.801462202393421e-10
22579,,5.801460516976726e-10
22580,,5.80145906787709e-10
22581,,5.801448716791448e-10
22582,,5.801446119224362e-10
22583,,5.801444393589739e-10
22584,,5.80144293351842e-10
22585,,5.801432817392617e-10
22586,,5.801430066285525e-10
22587,,5.801428295161304e-10
22588,,5.801426822575149e-10
22589,,5.801416968448502e-10
22590,,5.801414044443055e-10
22591,,5.801412221996463e-10
22592,,5.801410735149341e-10
22593,,5.801401173332343e-10
22594,,5.801398054748619e-10
22595,,5.801396174408165e-10
22596,,5.801394671218591e-10
22597,,5.801385435875328e-10
22598,,5.801382098322514e-10
22599,,5.801380152654785e-10
22600,,5.801378630847841e-10
22601,,5.801369760410414e-10
22602,,5.801366176542017e-10
22603,,5.801364157122081e-10
22604,,5.80136261418774e-10
22605,,5.801354151748726e-10
22606,,5.801350290744845e-10
22607,,5.80134818825393e-10
22608,,5.801346621350719e-10
22609,,5.801338615396765e-10
22610,,5.801334442630653e-10
22611,,5.801332246538227e-10
22612,,5.801330652438809e-10
22613,,5.80132315747883e-10
22614,,5.801318634052577e-10
22615,,5.801316332496434e-10
22616,,5.801314707581837e-10
22617,,5.801313288791095e-10
22618,,5.801302867075625e-10
22619,,5.801300446753605e-10
22620,,5.801298786957252e-10
22621,,5.801297358848123e-10
22622,,5.801287144070183e-10
22623,,5.801284589955475e-10
22624,,5.801282890719846e-10
22625,,5.801281451918856e-10
22626,,5.801271467620882e-10
22627,,5.801268762926185e-10
22628,,5.801267019181269e-10
22629,,5.801265568079057e-10
22630,,5.801255840714101e-10
22631,,5.801252966539657e-10
22632,,5.801251172469536e-10
22633,,5.8012497073604e-10
22634,,5.801240266693402e-10
22635,,5.801237201816198e-10
22636,,5.801235350953501e-10
22637,,5.801233869811264e-10
22638,,5.80122474937976e-10
22639,,5.801221469821922e-10
22640,,5.801219554873983e-10
22641,,5.801218055549831e-10
22642,,5.80120929289834e-10
22643,,5.801205771867963e-10
22644,,5.801203784682432e-10
22645,,5.801202264639026e-10
22646,,5.801193902109638e-10
22647,,5.801190109353539e-10
22648,,5.801188040737488e-10
22649,,5.801186497202603e-10
22650,,5.801178582269355e-10
22651,,5.801174483900101e-10
22652,,5.801172323522619e-10
22653,,5.801170753279928e-10
22654,,5.801163339482078e-10
22655,,5.801158897330418e-10
22656,,5.801156633550352e-10
22657,,5.801155033134366e-10
22658,,5.801148180633447e-10
22659,,5.801143368679573e-10
22660,,5.801140993623549e-10
22661,,5.801139360630891e-10
22662,,5.80113795365092e-10
22663,,5.801127865300477e-10
22664,,5.801125359753427e-10
22665,,5.801123688265589e-10
22666,,5.80112227087202e-10
22667,,5.80111240759459e-10
22668,,5.801109755098353e-10
22669,,5.801108040183177e-10
22670,,5.801106610877304e-10
22671,,5.801096998444662e-10
22672,,5.801094180625609e-10
22673,,5.801092416606816e-10
22674,,5.801090973633788e-10
22675,,5.80108164115144e-10
22676,,5.801078637231559e-10
22677,,5.801076817841039e-10
22678,,5.801075359264831e-10
22679,,5.801066339363359e-10
22680,,5.801063126011198e-10
22681,,5.801061244171983e-10
22682,,5.80105976780498e-10
22683,,5.80105109720802e-10
22684,,5.801047648225406e-10
22685,,5.801045695888357e-10
22686,,5.801044199360319e-10
22687,,5.80103591930354e-10
22688,,5.801032205239956e-10
22689,,5.801030173496636e-10
22690,,5.801028654032612e-10
22691,,5.801020810931056e-10
22692,,5.801016798685892e-10
22693,,5.801014677356786e-10
22694,,5.801013131957647e-10
22695,,5.801005777898954e-10
22696,,5.801001430257595e-10
22697,,5.800999208081789e-10
22698,,5.800997633189365e-10
22699,,5.800990826876033e-10
22700,,5.800986101993614e-10
22701,,5.800983766211192e-10
22702,,5.800982157987322e-10
22703,,5.800980771422999e-10
22704,,5.8009708161252e-10
22705,,5.800968352385437e-10
22706,,5.800966706509359e-10
22707,,5.800965309718569e-10
22708,,5.800955575111833e-10
22709,,5.800952967406207e-10
22710,,5.800951278915557e-10
22711,,5.800949870430402e-10
22712,,5.800940381865702e-10
22713,,5.800937612063362e-10
22714,,5.800935875472926e-10
22715,,5.800934453594574e-10
22716,,5.800925239588391e-10
22717,,5.800922287323533e-10
22718,,5.800920496439e-10
22719,,5.800919059295612e-10
22720,,5.800910151839124e-10
22721,,5.800906994265984e-10
22722,,5.800905142125151e-10
22723,,5.800903687551621e-10
22724,,5.800895122674541e-10
22725,,5.800891734129982e-10
22726,,5.800889812896493e-10
22727,,5.800888338541245e-10
22728,,5.80088015667427e-10
22729,,5.800876508208242e-10
22730,,5.800874509121882e-10
22731,,5.80087301231134e-10
22732,,5.800865258914694e-10
22733,,5.800861318096512e-10
22734,,5.800859231232806e-10
22735,,5.800857708950623e-10
22736,,5.800850435136652e-10
22737,,5.800846165511747e-10
22738,,5.800843979778338e-10
22739,,5.80084242864572e-10
22740,,5.800835691939878e-10
22741,,5.800831052413465e-10
22742,,5.800828755298803e-10
22743,,5.800827171512371e-10
22744,,5.800825805022536e-10
22745,,5.80081598099451e-10
22746,,5.800813558463283e-10
22747,,5.800811937748917e-10
22748,,5.800810561213845e-10
22749,,5.800800953729644e-10
22750,,5.8007983899983e-10
22751,,5.800796727523225e-10
22752,,5.80079533955735e-10
22753,,5.800785973383516e-10
22754,,5.800783250726011e-10
22755,,5.800781541087138e-10
22756,,5.800780140015694e-10
22757,,5.800771043083198e-10
22758,,5.80076814159268e-10
22759,,5.800766378734482e-10
22760,,5.800764962700156e-10
22761,,5.800756166418963e-10
22762,,5.800753063627073e-10
22763,,5.800751240720542e-10
22764,,5.800749807625524e-10
22765,,5.800741347299256e-10
22766,,5.800738018028014e-10
22767,,5.800736127405488e-10
22768,,5.800734674960692e-10
22769,,5.800726590179408e-10
22770,,5.800723006154042e-10
22771,,5.800721039174949e-10
22772,,5.800719564670756e-10
22773,,5.800711900111534e-10
22774,,5.800708029459813e-10
22775,,5.80070597648404e-10
22776,,5.800704476993918e-10
22777,,5.800697282748237e-10
22778,,5.80069308971603e-10
22779,,5.80069093977738e-10
22780,,5.800689412021002e-10
22781,,5.800682744425508e-10
22782,,5.800678188756119e-10
22783,,5.800675929659721e-10
22784,,5.800674369905354e-10
22785,,5.800673023177385e-10
22786,,5.800663328796937e-10
22787,,5.800660946726223e-10
22788,,5.800659350758892e-10
22789,,5.800657994269828e-10
22790,,5.800648512218332e-10
22791,,5.800645991759544e-10
22792,,5.800644354882062e-10
22793,,5.80064298712277e-10
22794,,5.800633741788183e-10
22795,,5.800631065539682e-10
22796,,5.800629382424543e-10
22797,,5.80062800180413e-10
22798,,5.800619020611006e-10
22799,,5.800616168928518e-10
22800,,5.800614433661163e-10
22801,,5.800613038398008e-10
22802,,5.800604352034359e-10
22803,,5.800601303070918e-10
22804,,5.800599508905493e-10
22805,,5.800598096954767e-10
22806,,5.800589740016119e-10
22807,,5.800586469002065e-10
22808,,5.800584608466446e-10
22809,,5.800583177499698e-10
22810,,5.800575188939652e-10
22811,,5.800571668130472e-10
22812,,5.800569732754252e-10
22813,,5.800568280223048e-10
22814,,5.800560703677334e-10
22815,,5.800556901885878e-10
22816,,5.800554882161122e-10
22817,,5.800553405180163e-10
22818,,5.800546289803062e-10
22819,,5.800542171946517e-10
22820,,5.800540057201595e-10
22821,,5.800538552488484e-10
22822,,5.800531953547423e-10
22823,,5.800527480162681e-10
22824,,5.800525258413783e-10
22825,,5.800523722322304e-10
22826,,5.800522395089089e-10
22827,,5.800512828701449e-10
22828,,5.800510486418899e-10
22829,,5.800508914823212e-10
22830,,5.800507578024689e-10
22831,,5.800498219905878e-10
22832,,5.80049574192245e-10
22833,,5.800494130232905e-10
22834,,5.800492782405153e-10
22835,,5.800483656473655e-10
22836,,5.800481025736847e-10
22837,,5.80047936873569e-10
22838,,5.80047800832596e-10
22839,,5.800469141394724e-10
22840,,5.800466338722993e-10
22841,,5.800464630602861e-10
22842,,5.800463255808756e-10
22843,,5.800454678034036e-10
22844,,5.800451681932102e-10
22845,,5.800449916068823e-10
22846,,5.800448524915296e-10
22847,,5.800440270250205e-10
22848,,5.800437056458788e-10
22849,,5.800435225504059e-10
22850,,5.800433815769097e-10
22851,,5.800425922278025e-10
22852,,5.800422463612236e-10
22853,,5.800420559323436e-10
22854,,5.800419128450401e-10
22855,,5.800411639005263e-10
22856,,5.800407904871003e-10
22857,,5.800405917891568e-10
22858,,5.800404463004589e-10
22859,,5.800397425840002e-10
22860,,5.800393381815765e-10
22861,,5.800391301664137e-10
22862,,5.800389819615098e-10
22863,,5.800383288889009e-10
22864,,5.800378896282623e-10
22865,,5.80037671125574e-10
22866,,5.80037519844901e-10
22867,,5.800373890422648e-10
22868,,5.800364450415209e-10
22869,,5.80036214719528e-10
22870,,5.800360599630496e-10
22871,,5.800359282201491e-10
22872,,5.800350046479078e-10
22873,,5.800347610240115e-10
22874,,5.800346023356866e-10
22875,,5.800344695133918e-10
22876,,5.800335687117889e-10
22877,,5.8003331011184e-10
22878,,5.800331469828346e-10
22879,,5.800330129302354e-10
22880,,5.800321375285606e-10
22881,,5.800318620714084e-10
22882,,5.800316939277746e-10
22883,,5.800315584687315e-10
22884,,5.800307114283083e-10
22885,,5.800304170065052e-10
22886,,5.800302432073297e-10
22887,,5.800301061441454e-10
22888,,5.800292907867028e-10
22889,,5.800289750283523e-10
22890,,5.800287948460108e-10
22891,,5.800286559579201e-10
22892,,5.800278760233256e-10
22893,,5.800275362542963e-10
22894,,5.800273488830599e-10
22895,,5.80027207922197e-10
22896,,5.800264676144211e-10
22897,,5.800261008336258e-10
22898,,5.800259053604804e-10
22899,,5.800257620495264e-10
22900,,5.800250660858073e-10
22901,,5.800246689290979e-10
22902,,5.800244643195452e-10
22903,,5.800243183468138e-10
22904,,5.800236720422173e-10
22905,,5.800232407143973e-10
22906,,5.800230258201332e-10
22907,,5.800228768317878e-10
22908,,5.800227479238413e-10
22909,,5.800218163964314e-10
22910,,5.800215899163747e-10
22911,,5.800214375187296e-10
22912,,5.800213076919721e-10
22913,,5.800203962014441e-10
22914,,5.800201566812183e-10
22915,,5.800200004302288e-10
22916,,5.800198695447477e-10
22917,,5.800189803887144e-10
22918,,5.8001872618571e-10
22919,,5.800185655833995e-10
22920,,5.80018433488435e-10
22921,,5.800175692436716e-10
22922,,5.800172985181822e-10
22923,,5.800171329992352e-10
22924,,5.800169995319039e-10
22925,,5.80016163097034e-10
22926,,5.800158737753398e-10
22927,,5.800157027175421e-10
22928,,5.800155676714196e-10
22929,,5.800147623121898e-10
22930,,5.800144520707062e-10
22931,,5.800142747578842e-10
22932,,5.800141379268555e-10
22933,,5.800133673050829e-10
22934,,5.800130335241673e-10
22935,,5.800128491587232e-10
22936,,5.800127102970073e-10
22937,,5.800119785328367e-10
22938,,5.800116182745108e-10
22939,,5.800114259624903e-10
22940,,5.800112848015738e-10
22941,,5.800105965232114e-10
22942,,5.800102064825995e-10
22943,,5.800100052161474e-10
22944,,5.800098614400703e-10
22945,,5.800092218623061e-10
22946,,5.800087983197639e-10
22947,,5.800085869713913e-10
22948,,5.800084402409098e-10
22949,,5.800083132014099e-10
22950,,5.80007393986259e-10
22951,,5.800071712808147e-10
22952,,5.800070212106365e-10
22953,,5.8000689326743e-10
22954,,5.800059937073009e-10
22955,,5.800057582162042e-10
22956,,5.800056043710019e-10
22957,,5.80005475390441e-10
22958,,5.800045977359728e-10
22959,,5.800043478510249e-10
22960,,5.80004189737751e-10
22961,,5.80004059576377e-10
22962,,5.800032063539943e-10
22963,,5.800029402723496e-10
22964,,5.800027773422618e-10
22965,,5.800026458279042e-10
22966,,5.80001819879894e-10
22967,,5.800015355713667e-10
22968,,5.800013672043748e-10
22969,,5.80001234150956e-10
22970,,5.800004386791286e-10
22971,,5.800001338554013e-10
22972,,5.79999959358903e-10
22973,,5.799998245564198e-10
22974,,5.79999063147415e-10
22975,,5.799987352497796e-10
22976,,5.799985538406397e-10
22977,,5.799984170457333e-10
22978,,5.799976937426153e-10
22979,,5.799973398858247e-10
22980,,5.799971506891227e-10
22981,,5.799970116366381e-10
22982,,5.799963309819274e-10
22983,,5.799959479233231e-10
22984,,5.799957499461365e-10
22985,,5.799956083375157e-10
22986,,5.799949754291718e-10
22987,,5.799945595282698e-10
22988,,5.79994351668113e-10
22989,,5.799942071656967e-10
22990,,5.799940819581614e-10
22991,,5.799931749012316e-10
22992,,5.799929559071092e-10
22993,,5.799928081274773e-10
22994,,5.799926820383876e-10
22995,,5.799917942599767e-10
22996,,5.799915627317431e-10
22997,,5.799914112480262e-10
22998,,5.799912841487632e-10
22999,,5.799904178528192e-10
23000,,5.799901722147905e-10
23001,,5.799900165490144e-10
23002,,5.799898882890347e-10
23003,,5.799890459573215e-10
23004,,5.799887844380312e-10
23005,,5.799886240494966e-10
23006,,5.799884944669249e-10
23007,,5.799876788858261e-10
23008,,5.799873994956579e-10
23009,,5.799872337795834e-10
23010,,5.799871026854386e-10
23011,,5.799863169881849e-10
23012,,5.799860174885129e-10
23013,,5.799858457653691e-10
23014,,5.799857129553901e-10
23015,,5.799849606643335e-10
23016,,5.799846385438298e-10
23017,,5.799844600435864e-10
23018,,5.799843252839713e-10
23019,,5.799836103616937e-10
23020,,5.799832627895299e-10
23021,,5.799830766504873e-10
23022,,5.799829396822646e-10
23023,,5.799822665776928e-10
23024,,5.799818903778374e-10
23025,,5.799816956363683e-10
23026,,5.799815561603694e-10
23027,,5.79980929879292e-10
23028,,5.79980521474377e-10
23029,,5.799803170437981e-10
23030,,5.799801747277667e-10
23031,,5.799800513353143e-10
23032,,5.799791562797144e-10
23033,,5.799789409341752e-10
23034,,5.799787954076002e-10
23035,,5.799786711498848e-10
23036,,5.799777950015363e-10
23037,,5.799775673681015e-10
23038,,5.799774182095862e-10
23039,,5.799772929605296e-10
23040,,5.799764378809027e-10
23041,,5.799761964189643e-10
23042,,5.799760431625108e-10
23043,,5.799759167737843e-10
23044,,5.799750852023731e-10
23045,,5.799748281636035e-10
23046,,5.799746702813463e-10
23047,,5.799745425973537e-10
23048,,5.79973737256145e-10
23049,,5.799734627017218e-10
23050,,5.799732995960167e-10
23051,,5.7997317043224e-10
23052,,5.799723944005349e-10
23053,,5.799721001272239e-10
23054,,5.79971931131781e-10
23055,,5.799718002888277e-10
23056,,5.799710570173252e-10
23057,,5.799707405664714e-10
23058,,5.79970564927707e-10
23059,,5.799704321727033e-10
23060,,5.799697255476147e-10
23061,,5.799693841438118e-10
23062,,5.799692010220579e-10
23063,,5.799690660970535e-10
23064,,5.79968400480366e-10
23065,,5.799680310056288e-10
23066,,5.799678394518443e-10
23067,,5.799677020693444e-10
23068,,5.799670823679903e-10
23069,,5.799666813292767e-10
23070,,5.799664802689745e-10
23071,,5.799663401085306e-10
23072,,5.799662185007787e-10
23073,,5.79965335291073e-10
23074,,5.799651235292646e-10
23075,,5.799649802219486e-10
23076,,5.799648577653738e-10
23077,,5.799639931053143e-10
23078,,5.79963769295726e-10
23079,,5.799636224329271e-10
23080,,5.799634990056318e-10
23081,,5.799626550075367e-10
23082,,5.799624176380119e-10
23083,,5.799622667561099e-10
23084,,5.799621422150116e-10
23085,,5.79961321269166e-10
23086,,5.799610686363529e-10
23087,,5.799609132171624e-10
23088,,5.799607874027208e-10
23089,,5.799599921877008e-10
23090,,5.799597223779808e-10
23091,,5.799595618400642e-10
23092,,5.799594345796894e-10
23093,,5.799586681035392e-10
23094,,5.799583789679908e-10
23095,,5.799582126529022e-10
23096,,5.799580837449128e-10
23097,,5.799573493996312e-10
23098,,5.799570385198629e-10
23099,,5.799568656922246e-10
23100,,5.799567349111499e-10
23101,,5.799560365020957e-10
23102,,5.799557011567042e-10
23103,,5.799555209909642e-10
23104,,5.799553880878138e-10
23105,,5.799547298931373e-10
23106,,5.799543670319662e-10
23107,,5.799541785962798e-10
23108,,5.79954043285513e-10
23109,,5.799534301104449e-10
23110,,5.799530363001298e-10
23111,,5.799528385504034e-10
23112,,5.799527005126541e-10
23113,,5.799525806624448e-10
23114,,5.799517091497765e-10
23115,,5.79951500912913e-10
23116,,5.799513597891642e-10
23117,,5.799512391080774e-10
23118,,5.799503857866937e-10
23119,,5.799501657405848e-10
23120,,5.799500211293955e-10
23121,,5.79949899498038e-10
23122,,5.799490664451336e-10
23123,,5.799488331024276e-10
23124,,5.799486845565149e-10
23125,,5.799485618314459e-10
23126,,5.799477513860448e-10
23127,,5.799475030805636e-10
23128,,5.799473500832556e-10
23129,,5.799472261169609e-10
23130,,5.799464409033952e-10
23131,,5.799461757593862e-10
23132,,5.799460177453925e-10
23133,,5.799458923589486e-10
23134,,5.799451353344228e-10
23135,,5.799448512400545e-10
23136,,5.799446875659862e-10
23137,,5.7994456056382e-10
23138,,5.799438350468593e-10
23139,,5.799435296326237e-10
23140,,5.799433595733954e-10
23141,,5.799432307371675e-10
23142,,5.799425404612986e-10
23143,,5.799422110674949e-10
23144,,5.79942033811663e-10
23145,,5.799419028921299e-10
23146,,5.799412520528244e-10
23147,,5.79940895678706e-10
23148,,5.799407103202693e-10
23149,,5.799405770436681e-10
23150,,5.79939970349186e-10
23151,,5.799395836314262e-10
23152,,5.799393891424164e-10
23153,,5.799392531924739e-10
23154,,5.799391350765213e-10
23155,,5.799382751077785e-10
23156,,5.799380703350087e-10
23157,,5.799379313595498e-10
23158,,5.799378124309593e-10
23159,,5.799369703069662e-10
23160,,5.799367539554295e-10
23161,,5.79936611564289e-10
23162,,5.799364916999533e-10
23163,,5.799356694568418e-10
23164,,5.799354400720884e-10
23165,,5.79935293817077e-10
23166,,5.799351728917843e-10
23167,,5.799343728175754e-10
23168,,5.79934128761782e-10
23169,,5.799339781523473e-10
23170,,5.799338560009519e-10
23171,,5.79933080677209e-10
23172,,5.799328201098815e-10
23173,,5.799326645783825e-10
23174,,5.799325410396253e-10
23175,,5.799317933613833e-10
23176,,5.799315142169604e-10
23177,,5.799313531347995e-10
23178,,5.799312280140545e-10
23179,,5.799305112306296e-10
23180,,5.799302111874434e-10
23181,,5.799300438504817e-10
23182,,5.799299169314472e-10
23183,,5.799292347064476e-10
23184,,5.799289111509934e-10
23185,,5.799287367597546e-10
23186,,5.799286077977956e-10
23187,,5.799279642451041e-10
23188,,5.799276142422094e-10
23189,,5.799274319047767e-10
23190,,5.799273006301925e-10
23191,,5.799267003720636e-10
23192,,5.799263206162873e-10
23193,,5.799261293323765e-10
23194,,5.799259954336526e-10
23195,,5.799258790248312e-10
23196,,5.799250304556618e-10
23197,,5.799248290860719e-10
23198,,5.79924692232469e-10
23199,,5.799245750245315e-10
23200,,5.799237439555071e-10
23201,,5.799235312357241e-10
23202,,5.799233910291224e-10
23203,,5.799232729108485e-10
23204,,5.799224613431079e-10
23205,,5.799222358444471e-10
23206,,5.799220918514415e-10
23207,,5.799219726868671e-10
23208,,5.799211828602785e-10
23209,,5.799209429822571e-10
23210,,5.799207947181371e-10
23211,,5.799206743586126e-10
23212,,5.799199088055138e-10
23213,,5.799196527407696e-10
23214,,5.799194996538922e-10
23215,,5.799193779314299e-10
23216,,5.799186394884974e-10
23217,,5.799183652086817e-10
23218,,5.79918206681954e-10
23219,,5.799180834094541e-10
23220,,5.799173752713142e-10
23221,,5.799170804992668e-10
23222,,5.799169158393547e-10
23223,,5.799167908046068e-10
23224,,5.799161165499162e-10
23225,,5.799157987291657e-10
23226,,5.799156271561469e-10
23227,,5.799155001198783e-10
23228,,5.799148637893326e-10
23229,,5.799145200397027e-10
23230,,5.799143406725825e-10
23231,,5.799142113734927e-10
23232,,5.799136174992888e-10
23233,,5.799132445815011e-10
23234,,5.799130564396191e-10
23235,,5.799129245708047e-10
23236,,5.799128098437996e-10
23237,,5.799119725247098e-10
23238,,5.799117745020557e-10
23239,,5.799116397281225e-10
23240,,5.799115242235297e-10
23241,,5.799107040703682e-10
23242,,5.799104949179993e-10
23243,,5.799103568617064e-10
23244,,5.799102404626712e-10
23245,,5.799094394324156e-10
23246,,5.799092177562352e-10
23247,,5.799090759877234e-10
23248,,5.799089585633908e-10
23249,,5.799081788631685e-10
23250,,5.799079430843021e-10
23251,,5.799077971299557e-10
23252,,5.79907678533168e-10
23253,,5.799069226350523e-10
23254,,5.799066709917886e-10
23255,,5.79906520307909e-10
23256,,5.799064003775599e-10
23257,,5.79905671067119e-10
23258,,5.799054015648127e-10
23259,,5.799052455505786e-10
23260,,5.799051240984876e-10
23261,,5.79904424505154e-10
23262,,5.799041349167103e-10
23263,,5.799039728897855e-10
23264,,5.799038497120306e-10
23265,,5.79903183351461e-10
23266,,5.79902871160863e-10
23267,,5.799027023550927e-10
23268,,5.799025772159361e-10
23269,,5.799019480451044e-10
23270,,5.799016104322403e-10
23271,,5.799014339895689e-10
23272,,5.799013066295937e-10
23273,,5.799007190884977e-10
23274,,5.799003528826774e-10
23275,,5.799001678401167e-10
23276,,5.799000379634292e-10
23277,,5.798999248936716e-10
23278,,5.79899098680821e-10
23279,,5.79898903947447e-10
23280,,5.79898771225223e-10
23281,,5.798986573931468e-10
23282,,5.798978480164963e-10
23283,,5.798976423756417e-10
23284,,5.798975064346006e-10
23285,,5.798973917252699e-10
23286,,5.798966011066425e-10
23287,,5.798963831836348e-10
23288,,5.79896243607928e-10
23289,,5.798961278946542e-10
23290,,5.798953581956514e-10
23291,,5.798951264499544e-10
23292,,5.798949827675921e-10
23293,,5.798948659079332e-10
23294,,5.798941195533841e-10
23295,,5.798938722499528e-10
23296,,5.798937239325187e-10
23297,,5.798936057667816e-10
23298,,5.798928854847342e-10
23299,,5.798926206742402e-10
23300,,5.798924671314007e-10
23301,,5.798923474746109e-10
23302,,5.798916563381348e-10
23303,,5.79891371831473e-10
23304,,5.798912123939428e-10
23305,,5.798910910466829e-10
23306,,5.798904324984965e-10
23307,,5.798901258379444e-10
23308,,5.798899597543906e-10
23309,,5.798898364851594e-10
23310,,5.798892144033175e-10
23311,,5.798888828191689e-10
23312,,5.79888709250119e-10
23313,,5.798885838028506e-10
23314,,5.798880025458678e-10
23315,,5.798876429277419e-10
23316,,5.798874609265118e-10
23317,,5.798873330116945e-10
23318,,5.798872215789666e-10
23319,,5.798864063287621e-10
23320,,5.798862148286041e-10
23321,,5.798860841267652e-10
23322,,5.79885971944231e-10
23323,,5.798851732061e-10
23324,,5.798849710137628e-10
23325,,5.798848371568182e-10
23326,,5.798847241168097e-10
23327,,5.798839437768861e-10
23328,,5.798837295426181e-10
23329,,5.798835921197363e-10
23330,,5.798834780979391e-10
23331,,5.798827182745169e-10
23332,,5.798824904884926e-10
23333,,5.798823490434325e-10
23334,,5.79882233896731e-10
23335,,5.798814969706751e-10
23336,,5.798812539328948e-10
23337,,5.798811079436173e-10
23338,,5.798809915164134e-10
23339,,5.798802801601417e-10
23340,,5.798800199592728e-10
23341,,5.798798688451103e-10
23342,,5.79879750960388e-10
23343,,5.798790681828975e-10
23344,,5.798787886755893e-10
23345,,5.798786317840968e-10
23346,,5.798785122368649e-10
23347,,5.798778614201061e-10
23348,,5.798775601899765e-10
23349,,5.798773967860433e-10
23350,,5.798772753551216e-10
23351,,5.79876660298639e-10
23352,,5.798763346333421e-10
23353,,5.798761638899283e-10
23354,,5.798760403266223e-10
23355,,5.798754653017838e-10
23356,,5.798751121508766e-10
23357,,5.798749331394849e-10
23358,,5.798748071620053e-10
23359,,5.798746973351902e-10
23360,,5.798738929089074e-10
23361,,5.798737045841886e-10
23362,,5.798735758703092e-10
23363,,5.79873465314272e-10
23364,,5.798726770851163e-10
23365,,5.79872478277704e-10
23366,,5.79872346474317e-10
23367,,5.798722350749682e-10
23368,,5.798714648904147e-10
23369,,5.798712542795876e-10
23370,,5.798711189788097e-10
23371,,5.798710066198786e-10
23372,,5.798702565573894e-10
23373,,5.798700326599379e-10
23374,,5.798698934174055e-10
23375,,5.798697799525689e-10
23376,,5.798690523449966e-10
23377,,5.798688134952993e-10
23378,,5.798686698000836e-10
23379,,5.798685550827724e-10
23380,,5.798678525511888e-10
23381,,5.798675968777521e-10
23382,,5.798674481578898e-10
23383,,5.798673320109307e-10
23384,,5.798666575066905e-10
23385,,5.798663829024573e-10
23386,,5.798662285172921e-10
23387,,5.798661107451829e-10
23388,,5.798654675845946e-10
23389,,5.798651716848298e-10
23390,,5.798650109131878e-10
23391,,5.798648912980086e-10
23392,,5.79864283199249e-10
23393,,5.798639633450584e-10
23394,,5.798637953810265e-10
23395,,5.798636736700525e-10
23396,,5.798631048303566e-10
23397,,5.798627580304608e-10
23398,,5.798625819599375e-10
23399,,5.7986245788271e-10
23400,,5.79862349647433e-10
23401,,5.798615558981117e-10
23402,,5.79861370699342e-10
23403,,5.798612439435107e-10
23404,,5.798611349914503e-10
23405,,5.798603571300646e-10
23406,,5.798601616535381e-10
23407,,5.798600318653537e-10
23408,,5.798599220882513e-10
23409,,5.7985916193143e-10
23410,,5.798589548790921e-10
23411,,5.798588216675929e-10
23412,,5.798587109470193e-10
23413,,5.79857970523489e-10
23414,,5.798577504496902e-10
23415,,5.798576133693812e-10
23416,,5.798575015719302e-10
23417,,5.798567831701041e-10
23418,,5.798565484330645e-10
23419,,5.798564069907491e-10
23420,,5.798562939583756e-10
23421,,5.798556001537481e-10
23422,,5.798553489242201e-10
23423,,5.79855202558106e-10
23424,,5.798550881251159e-10
23425,,5.798544218051097e-10
23426,,5.798541520188823e-10
23427,,5.798540000949366e-10
23428,,5.798538840734332e-10
23429,,5.798532484863479e-10
23430,,5.798529578210722e-10
23431,,5.798527996392343e-10
23432,,5.798526818096536e-10
23433,,5.798520806093077e-10
23434,,5.798517664589495e-10
23435,,5.798516012224207e-10
23436,,5.798514813423726e-10
23437,,5.798509186365714e-10
23438,,5.798505780694541e-10
23439,,5.798504048900408e-10
23440,,5.798502826877789e-10
23441,,5.798501760130845e-10
23442,,5.79849392811149e-10
23443,,5.798492106823681e-10
23444,,5.798490858542539e-10
23445,,5.798489784762796e-10
23446,,5.798482108605729e-10
23447,,5.79848018656472e-10
23448,,5.798478908557244e-10
23449,,5.798477826723116e-10
23450,,5.798470324130639e-10
23451,,5.798468288650255e-10
23452,,5.798466977084312e-10
23453,,5.798465886014539e-10
23454,,5.798458576997123e-10
23455,,5.798456413810482e-10
23456,,5.798455064326124e-10
23457,,5.798453962679505e-10
23458,,5.79844686967217e-10
23459,,5.798444562753354e-10
23460,,5.798443170493116e-10
23461,,5.798442056795522e-10
23462,,5.79843520495654e-10
23463,,5.798432736345822e-10
23464,,5.798431295819306e-10
23465,,5.798430168391217e-10
23466,,5.798423586109515e-10
23467,,5.798420935530398e-10
23468,,5.798419440568715e-10
23469,,5.798418297551138e-10
23470,,5.798412016660168e-10
23471,,5.798409161397356e-10
23472,,5.798407605080094e-10
23473,,5.798406444325729e-10
23474,,5.798400500684752e-10
23475,,5.798397415152909e-10
23476,,5.798395789670703e-10
23477,,5.798394608854643e-10
23478,,5.798389042663654e-10
23479,,5.798385698159821e-10
23480,,5.798383994821994e-10
23481,,5.798382791195201e-10
23482,,5.798377650159395e-10
23483,,5.798374132588204e-10
23484,,5.798372377526515e-10
23485,,5.798371159101338e-10
23486,,5.798370104221347e-10
23487,,5.798362472245144e-10
23488,,5.79836062280372e-10
23489,,5.798359376669613e-10
23490,,5.798358314284827e-10
23491,,5.798350845517188e-10
23492,,5.798348889894298e-10
23493,,5.798347612388419e-10
23494,,5.798346541416364e-10
23495,,5.798339254602893e-10
23496,,5.798337179445332e-10
23497,,5.79833586647412e-10
23498,,5.798334785690759e-10
23499,,5.798327701794019e-10
23500,,5.798325492072029e-10
23501,,5.798324139118563e-10
23502,,5.798323047114438e-10
23503,,5.798316189747188e-10
23504,,5.798313828625395e-10
23505,,5.798312430521317e-10
23506,,5.79831132568718e-10
23507,,5.798304721445191e-10
23508,,5.798302189980158e-10
23509,,5.798300740950483e-10
23510,,5.798299621601511e-10
23511,,5.798293300270281e-10
23512,,5.798290577134265e-10
23513,,5.798289070698337e-10
23514,,5.798287934838515e-10
23515,,5.79828192997986e-10
23516,,5.798278991228393e-10
23517,,5.798277420102965e-10
23518,,5.798276265473392e-10
23519,,5.798270614843798e-10
23520,,5.798267433560438e-10
23521,,5.798265789540933e-10
23522,,5.79826461364369e-10
23523,,5.798259359637886e-10
23524,,5.798255905521232e-10
23525,,5.798254179378618e-10
23526,,5.798252979464164e-10
23527,,5.798251939851597e-10
23528,,5.79824440878334e-10
23529,,5.798242590192706e-10
23530,,5.798241363045397e-10
23531,,5.798240316082283e-10
23532,,5.798232945134706e-10
23533,,5.798231022418877e-10
23534,,5.7982297645235e-10
23535,,5.798228709179154e-10
23536,,5.798221516645176e-10
23537,,5.79821947674022e-10
23538,,5.798218184110525e-10
23539,,5.798217119088662e-10
23540,,5.798210125585839e-10
23541,,5.798207953786689e-10
23542,,5.798206621934628e-10
23543,,5.798205545954154e-10
23544,,5.79819877463325e-10
23545,,5.798196454366036e-10
23546,,5.798195078292769e-10
23547,,5.79819398975365e-10
23548,,5.798187466670214e-10
23549,,5.798184979384947e-10
23550,,5.798183553348767e-10
23551,,5.798182450588621e-10
23552,,5.798176204976499e-10
23553,,5.798173529772848e-10
23554,,5.79817204750378e-10
23555,,5.798170928509472e-10
23556,,5.798164993268196e-10
23557,,5.798162106688314e-10
23558,,5.798160560998717e-10
23559,,5.798159423617065e-10
23560,,5.798153835692181e-10
23561,,5.798150711312536e-10
23562,,5.798149094155186e-10
23563,,5.79814793597606e-10
23564,,5.798142736953981e-10
23565,,5.798139345158104e-10
23566,,5.798137647473211e-10
23567,,5.798136465739041e-10
23568,,5.798135441143365e-10
23569,,5.798128009713441e-10
23570,,5.798126221405486e-10
23571,,5.798125013001329e-10
23572,,5.798123981252609e-10
23573,,5.798116706839851e-10
23574,,5.798114816456637e-10
23575,,5.798113577914951e-10
23576,,5.798112537901627e-10
23577,,5.798105438525668e-10
23578,,5.798103433217988e-10
23579,,5.798102160623159e-10
23580,,5.798101111176114e-10
23581,,5.798094207034804e-10
23582,,5.79809207241844e-10
23583,,5.798090761347887e-10
23584,,5.798089701145522e-10
23585,,5.798083014861389e-10
23586,,5.79808073474959e-10
23587,,5.798079380313916e-10
23588,,5.798078307829399e-10
23589,,5.798071864978284e-10
23590,,5.798069421114702e-10
23591,,5.798068017739122e-10
23592,,5.798066931279593e-10
23593,,5.798060760540252e-10
23594,,5.798058132463399e-10
23595,,5.798056673925499e-10
23596,,5.798055571590487e-10
23597,,5.798049705206811e-10
23598,,5.7980468698669e-10
23599,,5.798045349152199e-10
23600,,5.798044228803654e-10
23601,,5.798038703038955e-10
23602,,5.798035634579203e-10
23603,,5.798034043815663e-10
23604,,5.79803290307962e-10
23605,,5.798027758648477e-10
23606,,5.798024428007665e-10
23607,,5.798022758310361e-10
23608,,5.798021594459011e-10
23609,,5.798020584712545e-10
23610,,5.798013251614569e-10
23611,,5.798011493077325e-10
23612,,5.798010303070904e-10
23613,,5.79800928628224e-10
23614,,5.798002107261877e-10
23615,,5.798000248649243e-10
23616,,5.797999029109946e-10
23617,,5.797998004251847e-10
23618,,5.797990996846523e-10
23619,,5.797989025608953e-10
23620,,5.797987772695003e-10
23621,,5.797986738580913e-10
23622,,5.797979922655631e-10
23623,,5.797977824619565e-10
23624,,5.797976534048374e-10
23625,,5.797975489362942e-10
23626,,5.797968887131591e-10
23627,,5.797966646441009e-10
23628,,5.797965313296894e-10
23629,,5.79796425660694e-10
23630,,5.797957893120693e-10
23631,,5.797955491872134e-10
23632,,5.797954110806574e-10
23633,,5.797953040406981e-10
23634,,5.797946943743778e-10
23635,,5.797944361904467e-10
23636,,5.7979429267477e-10
23637,,5.797941840793947e-10
23638,,5.797936042607309e-10
23639,,5.79793325758054e-10
23640,,5.79793176145274e-10
23641,,5.797930657852621e-10
23642,,5.797925193694656e-10
23643,,5.797922180097953e-10
23644,,5.79792061532638e-10
23645,,5.797919491712097e-10
23646,,5.797914401494977e-10
23647,,5.797911130854047e-10
23648,,5.797909488698041e-10
23649,,5.797908342439229e-10
23650,,5.797907347305394e-10
23651,,5.797900111342497e-10
23652,,5.797898382023495e-10
23653,,5.797897210194207e-10
23654,,5.797896208136131e-10
23655,,5.797889123250287e-10
23656,,5.797887295844555e-10
23657,,5.797886095051632e-10
23658,,5.797885085111859e-10
23659,,5.797878168560248e-10
23660,,5.797876230778482e-10
23661,,5.797874997241105e-10
23662,,5.79787397823101e-10
23663,,5.797867249464164e-10
23664,,5.797865187369374e-10
23665,,5.797863916903838e-10
23666,,5.79786288751472e-10
23667,,5.797856368345131e-10
23668,,5.797854166385383e-10
23669,,5.79785285424856e-10
23670,,5.797851813092676e-10
23671,,5.797845528051033e-10
23672,,5.797843168675209e-10
23673,,5.797841809502377e-10
23674,,5.797840754940063e-10
23675,,5.797834731578773e-10
23676,,5.797832195141481e-10
23677,,5.7978307829916e-10
23678,,5.797829713181297e-10
23679,,5.797823982512924e-10
23680,,5.797821246879541e-10
23681,,5.797819774923321e-10
23682,,5.797818687855459e-10
23683,,5.797813284706343e-10
23684,,5.797810324999574e-10
23685,,5.797808785756668e-10
23686,,5.797807679060988e-10
23687,,5.797802642606802e-10
23688,,5.79779943088694e-10
23689,,5.797797815775543e-10
23690,,5.797796686883702e-10
23691,,5.797795706139287e-10
23692,,5.797788565985432e-10
23693,,5.797786865500815e-10
23694,,5.797785711464036e-10
23695,,5.797784723958383e-10
23696,,5.797777732046438e-10
23697,,5.797775935336054e-10
23698,,5.797774752938845e-10
23699,,5.797773757713358e-10
23700,,5.797766930923077e-10
23701,,5.79776502594477e-10
23702,,5.797763811500695e-10
23703,,5.79776280736362e-10
23704,,5.797756164713604e-10
23705,,5.797754137915476e-10
23706,,5.79775288725195e-10
23707,,5.797751873004869e-10
23708,,5.797745435912551e-10
23709,,5.797743271985443e-10
23710,,5.797741980443436e-10
23711,,5.797740954626121e-10
23712,,5.797734747128905e-10
23713,,5.797732428918725e-10
23714,,5.797731091282997e-10
23715,,5.797730052358695e-10
23716,,5.797724101474096e-10
23717,,5.797721609654855e-10
23718,,5.79772022006995e-10
23719,,5.79771916616754e-10
23720,,5.797713502308869e-10
23721,,5.797710815212886e-10
23722,,5.797709367052525e-10
23723,,5.797708296208007e-10
23724,,5.797702953556969e-10
23725,,5.797700046768951e-10
23726,,5.797698532598951e-10
23727,,5.797697442550257e-10
23728,,5.797692459496173e-10
23729,,5.797689305587207e-10
23730,,5.797687717101335e-10
23731,,5.797686605282018e-10
23732,,5.797685638708436e-10
23733,,5.797678593197699e-10
23734,,5.79767692094016e-10
23735,,5.797675784532484e-10
23736,,5.797674811331145e-10
23737,,5.797667911167969e-10
23738,,5.797666144662527e-10
23739,,5.797664980401986e-10
23740,,5.797663999623333e-10
23741,,5.797657261440623e-10
23742,,5.797655388769756e-10
23743,,5.797654193101472e-10
23744,,5.797653203626782e-10
23745,,5.797646646052487e-10
23746,,5.797644653916009e-10
23747,,5.797643422765315e-10
23748,,5.797642423345377e-10
23749,,5.79763606736591e-10
23750,,5.797633940817637e-10
23751,,5.79763266959415e-10
23752,,5.797631658857161e-10
23753,,5.797625528054326e-10
23754,,5.797623250233454e-10
23755,,5.79762193381689e-10
23756,,5.797620910233192e-10
23757,,5.79761503108931e-10
23758,,5.797612583049117e-10
23759,,5.797611215709765e-10
23760,,5.79761017748606e-10
23761,,5.797604579802222e-10
23762,,5.797601940306316e-10
23763,,5.797600515535814e-10
23764,,5.79759946069959e-10
23765,,5.797594178005133e-10
23766,,5.797591323136076e-10
23767,,5.797589833656205e-10
23768,,5.797588759978355e-10
23769,,5.79758382989763e-10
23770,,5.797580732791318e-10
23771,,5.797579170415989e-10
23772,,5.797578075408726e-10
23773,,5.797577122806043e-10
23774,,5.797570170686886e-10
23775,,5.797568526259339e-10
23776,,5.797567407137267e-10
23777,,5.79756644802936e-10
23778,,5.797559638522414e-10
23779,,5.797557901645846e-10
23780,,5.797556755255476e-10
23781,,5.797555788718578e-10
23782,,5.797549138039672e-10
23783,,5.797547297126831e-10
23784,,5.797546119939589e-10
23785,,5.797545144883458e-10
23786,,5.79753867137393e-10
23787,,5.797536713318591e-10
23788,,5.797535501311982e-10
23789,,5.797534516553319e-10
23790,,5.797528240730413e-10
23791,,5.797526150890311e-10
23792,,5.79752489962281e-10
23793,,5.797523903789631e-10
23794,,5.797517848774867e-10
23795,,5.797515610625589e-10
23796,,5.797514315084316e-10
23797,,5.797513306586797e-10
23798,,5.797507498429229e-10
23799,,5.7975050934277e-10
23800,,5.797503747933147e-10
23801,,5.797502725132223e-10
23802,,5.797497192958038e-10
23803,,5.797494600238856e-10
23804,,5.797493198458138e-10
23805,,5.797492159355058e-10
23806,,5.797486936078108e-10
23807,,5.797484132196342e-10
23808,,5.797482666973856e-10
23809,,5.797481609445302e-10
23810,,5.797476731922328e-10
23811,,5.79747369054424e-10
23812,,5.797472153893322e-10
23813,,5.797471075443781e-10
23814,,5.797470136597297e-10
23815,,5.797463276698437e-10
23816,,5.79746165956247e-10
23817,,5.797460557471718e-10
23818,,5.797459612271828e-10
23819,,5.797452892251913e-10
23820,,5.797451184507582e-10
23821,,5.797450055679726e-10
23822,,5.797449103208667e-10
23823,,5.797442538978576e-10
23824,,5.797440729204512e-10
23825,,5.797439570175427e-10
23826,,5.797438609396636e-10
23827,,5.797432218882562e-10
23828,,5.79743029429834e-10
23829,,5.797429101152043e-10
23830,,5.79742813084348e-10
23831,,5.797421934243363e-10
23832,,5.797419880457349e-10
23833,,5.797418648838457e-10
23834,,5.797417667647255e-10
23835,,5.797411687594495e-10
23836,,5.797409488426414e-10
23837,,5.797408213393644e-10
23838,,5.797407219807466e-10
23839,,5.797401481811298e-10
23840,,5.797399119051355e-10
23841,,5.797397795077813e-10
23842,,5.79739678744695e-10
23843,,5.797391320152846e-10
23844,,5.79738877335266e-10
23845,,5.797387394181536e-10
23846,,5.797386370579487e-10
23847,,5.797381206153237e-10
23848,,5.797378452330986e-10
23849,,5.797377011003807e-10
23850,,5.79737596933654e-10
23851,,5.797371143941539e-10
23852,,5.797368157306373e-10
23853,,5.79736664591382e-10
23854,,5.797365583769663e-10
23855,,5.797364658493359e-10
23856,,5.797357889624606e-10
23857,,5.797356299324667e-10
23858,,5.797355213981393e-10
23859,,5.797354282533266e-10
23860,,5.79734765080789e-10
23861,,5.797345971667933e-10
23862,,5.797344860180354e-10
23863,,5.797343921570182e-10
23864,,5.797337442663205e-10
23865,,5.797335663520206e-10
23866,,5.797334522412983e-10
23867,,5.797333575633195e-10
23868,,5.797327267152719e-10
23869,,5.797325375455844e-10
23870,,5.797324200908399e-10
23871,,5.797323244763418e-10
23872,,5.797317126462276e-10
23873,,5.79731510807173e-10
23874,,5.797313895824375e-10
23875,,5.797312929029398e-10
23876,,5.797307023088297e-10
23877,,5.797304862173584e-10
23878,,5.79730360736841e-10
23879,,5.797302628454013e-10
23880,,5.797296959874461e-10
23881,,5.797294638620114e-10
23882,,5.797293335755666e-10
23883,,5.79729234312345e-10
23884,,5.79728693998549e-10
23885,,5.797284438280429e-10
23886,,5.797283081338217e-10
23887,,5.797282073036149e-10
23888,,5.797276966929075e-10
23889,,5.797274262236497e-10
23890,,5.797272844374838e-10
23891,,5.797271818364169e-10
23892,,5.797267044722876e-10
23893,,5.797264111786347e-10
23894,,5.797262625241858e-10
23895,,5.797261579138282e-10
23896,,5.797260667234008e-10
23897,,5.797253988200077e-10
23898,,5.797252424292593e-10
23899,,5.797251355506148e-10
23900,,5.797250437529046e-10
23901,,5.797243893041172e-10
23902,,5.797242242036621e-10
23903,,5.797241147538068e-10
23904,,5.797240222569068e-10
23905,,5.797233827968704e-10
23906,,5.797232078943337e-10
23907,,5.797230955442323e-10
23908,,5.797230022477908e-10
23909,,5.797223794994311e-10
23910,,5.797221935597532e-10
23911,,5.797220779319342e-10
23912,,5.797219837206233e-10
23913,,5.797213796246203e-10
23914,,5.797211812653033e-10
23915,,5.797210619405698e-10
23916,,5.797209666851991e-10
23917,,5.797203834149937e-10
23918,,5.797201710852554e-10
23919,,5.797200475860102e-10
23920,,5.797199511440998e-10
23921,,5.797193911511167e-10
23922,,5.797191630970206e-10
23923,,5.797190348971824e-10
23924,,5.797189371038261e-10
23925,,5.797184031423786e-10
23926,,5.797181573984786e-10
23927,,5.797180238942892e-10
23928,,5.79717924569875e-10
23929,,5.797174197369597e-10
23930,,5.797171540933412e-10
23931,,5.797170146111496e-10
23932,,5.797169135488995e-10
23933,,5.797164413212049e-10
23934,,5.797161532993271e-10
23935,,5.797160070860515e-10
23936,,5.797159040564323e-10
23937,,5.797158141836225e-10
23938,,5.797151551515478e-10
23939,,5.797150013550181e-10
23940,,5.797148960994648e-10
23941,,5.797148056312883e-10
23942,,5.797141597936942e-10
23943,,5.797139974591798e-10
23944,,5.797138896892123e-10
23945,,5.79713798535003e-10
23946,,5.797131673985473e-10
23947,,5.797129954523312e-10
23948,,5.797128848361724e-10
23949,,5.797127929012685e-10
23950,,5.797121781552483e-10
23951,,5.797119953886279e-10
23952,,5.797118815618411e-10
23953,,5.797117887280367e-10
23954,,5.797111922743422e-10
23955,,5.797109973368003e-10
23956,,5.797108798824037e-10
23957,,5.7971078602636e-10
23958,,5.797102099990558e-10
23959,,5.797100013610587e-10
23960,,5.797098798154819e-10
23961,,5.797097847958653e-10
23962,,5.797092315983849e-10
23963,,5.797090075474162e-10
23964,,5.797088813877883e-10
23965,,5.79708785046224e-10
23966,,5.797082573764673e-10
23967,,5.79708015980558e-10
23968,,5.797078846252068e-10
23969,,5.797077867824908e-10
23970,,5.797072876739146e-10
23971,,5.797070267691959e-10
23972,,5.797068895585401e-10
23973,,5.797067900112813e-10
23974,,5.797063228751021e-10
23975,,5.797060400298556e-10
23976,,5.797058962168682e-10
23977,,5.797057947423669e-10
23978,,5.797057061691949e-10
23979,,5.797050558890638e-10
23980,,5.797049046438663e-10
23981,,5.797048009882536e-10
23982,,5.797047118290459e-10
23983,,5.797040744935985e-10
23984,,5.797039148778115e-10
23985,,5.797038087569755e-10
23986,,5.79703718925334e-10
23987,,5.797030960117495e-10
23988,,5.797029269729028e-10
23989,,5.797028180605157e-10
23990,,5.797027274666508e-10
23991,,5.797021206256398e-10
23992,,5.797019409805602e-10
23993,,5.797018289220992e-10
23994,,5.797017374451163e-10
23995,,5.797011485448212e-10
23996,,5.797009569624742e-10
23997,,5.797008413532436e-10
23998,,5.79700748875287e-10
23999,,5.797001800099738e-10
24000,,5.796999749962252e-10
24001,,5.796998553743392e-10
24002,,5.796997617583671e-10
24003,,5.796992152775395e-10
24004,,5.796989951530722e-10
24005,,5.796988710092385e-10
24006,,5.796987760970476e-10
24007,,5.79698254649131e-10
24008,,5.796980175232689e-10
24009,,5.796978882840231e-10
24010,,5.796977919012235e-10
24011,,5.796972984624857e-10
24012,,5.796970422101402e-10
24013,,5.796969072271468e-10
24014,,5.796968091766312e-10
24015,,5.796963470890846e-10
24016,,5.796960693246705e-10
24017,,5.79695927870988e-10
24018,,5.796958279309518e-10
24019,,5.796954009558687e-10
24020,,5.79695098998325e-10
24021,,5.796949502583331e-10
24022,,5.796948481770095e-10
24023,,5.796947603133799e-10
24024,,5.796941313716154e-10
24025,,5.796939744252599e-10
24026,,5.796938699265782e-10
24027,,5.79693781402131e-10
24028,,5.796931666058159e-10
24029,,5.796930004231061e-10
24030,,5.796928931914599e-10
24031,,5.796928039151812e-10
24032,,5.796922048834563e-10
24033,,5.796920283031981e-10
24034,,5.796919179874783e-10
24035,,5.796918278489008e-10
24036,,5.796912464115436e-10
24037,,5.79691058129498e-10
24038,,5.796909443283757e-10
24039,,5.796908532114817e-10
24040,,5.796902914213358e-10
24041,,5.796900899692906e-10
24042,,5.796899722386733e-10
24043,,5.796898800028301e-10
24044,,5.796893401690667e-10
24045,,5.796891239016343e-10
24046,,5.796890017360131e-10
24047,,5.796889082331182e-10
24048,,5.796883929461769e-10
24049,,5.796881600141054e-10
24050,,5.796880328510848e-10
24051,,5.796879379062898e-10
24052,,5.796874500877051e-10
24053,,5.796871984007272e-10
24054,,5.796870656118826e-10
24055,,5.796869690311768e-10
24056,,5.796865119546802e-10
24057,,5.796862391783659e-10
24058,,5.796861000477831e-10
24059,,5.796860016135514e-10
24060,,5.796855789681658e-10
24061,,5.796852824708329e-10
24062,,5.796851361961319e-10
24063,,5.7968503566455e-10
24064,,5.79684949070928e-10
24065,,5.796843284191116e-10
24066,,5.796841740981765e-10
24067,,5.796840711976981e-10
24068,,5.796839839614477e-10
24069,,5.796833771778577e-10
24070,,5.796832138022772e-10
24071,,5.796831082237168e-10
24072,,5.796830202483743e-10
24073,,5.796824289307279e-10
24074,,5.796822553597735e-10
24075,,5.796821467555658e-10
24076,,5.796820579401855e-10
24077,,5.796814838779594e-10
24078,,5.796812988335523e-10
24079,,5.796811868158357e-10
24080,,5.796810970380281e-10
24081,,5.796805422410879e-10
24082,,5.79680344288155e-10
24083,,5.796802284187816e-10
24084,,5.796801375484064e-10
24085,,5.796796042799688e-10
24086,,5.796793918024678e-10
24087,,5.796792715865438e-10
24088,,5.796791794709139e-10
24089,,5.796786702808844e-10
24090,,5.796784414612714e-10
24091,,5.796783163481486e-10
24092,,5.79678222816488e-10
24093,,5.796777405617933e-10
24094,,5.796774933609382e-10
24095,,5.796773627266937e-10
24096,,5.796772675931652e-10
24097,,5.79676815486774e-10
24098,,5.796765476080459e-10
24099,,5.796764107583671e-10
24100,,5.79676313810086e-10
24101,,5.796758954637935e-10
24102,,5.796756043279716e-10
24103,,5.796754604750303e-10
24104,,5.796753614708134e-10
