[one_start] cmd=['C:\\Install_Path\\Anaconda3\\envs\\ml\\python.exe', 'run_pinn.py']
[one_start] cwd=D:\Desktop\Work_of_PhD\Work_2\ODIL_Timoshenko_Elastic_foundation_FSDT_work\Opensource_1-2\experiments\Comparison_of_computational_time\pinn
[one_start] timestamp=2026-06-06T21:19:06
[one_start] ------------------------------------------------------------
============================================================================
PINN sweep (scenarios x optimizers)
============================================================================
============================================================================
PINN sweep matrix (scenarios x optimizers)
============================================================================
  - with_foundation     x  PINN-Adam (final model)               (k1=0.01, k2=0.001, opt=adam)
  - no_foundation       x  PINN-Adam (final model)               (k1=0.0, k2=0.0, opt=adam)
============================================================================

[OUTPUT] PINN results -> D:\Desktop\Work_of_PhD\Work_2\ODIL_Timoshenko_Elastic_foundation_FSDT_work\Opensource_1-2\experiments\Comparison_of_computational_time\results\pinn

############################################################################
# PINN  scenario=with_foundation  optimizer=adam
#       k1=0.01, k2=0.001
#       optimizer_type=Adam lr=8e-05 epochs=100000 patience=None restore_best=False
############################################################################

START: Starting training core (script: pure_pinn_adam)
Warning: Unable to import safety tools: No module named 'psutil'
Device: cuda
============================================================
Configuration:
------------------------------------------------------------
  Geometry: h=0.1, L=2.0
  Material: W_Gr=0.025, H_Gr=0.8, T=300
  Load: q=-0.08
  BC: C-C
  Training: epochs=100000, lr=8e-05 (fixed), optimizer=Adam
  Network: shared encoder=[1, 32, 64, 128], head=[128, 64, 32, 1]
  InputDim: 1
  Sampler: uniform
  SamplerReuse: True
  Integrator: mc (N_train=21)
============================================================

[INFO] Calculating material parameters...
============================================================
Material Properties Summary
============================================================
Geometry: L = 2.000 m, h = 0.100 m, layers = 10
Material: W_Gr = 0.025, H_Gr = 0.800, T = 300.0 K
Distribution: X
------------------------------------------------------------
Effective Material Properties:
  Young's modulus: E = 96.84 GPa
  Poisson's ratio: nu = -0.143
  Thermal expansion: alpha = 7.25 x 10^-6 /K
  Density: rho = 7744 kg/m^3

Stiffness Coefficients:
  A11 = 1.15e+10
  B11 = 2.98e-08
  D11 = 1.27e+07
  A55 = 5.95e+09

Pure Copper Reference:
  A11_0 = 7.74e+09
  B11_0 = 0.00e+00
  D11_0 = 6.45e+06
  A55_0 = 1.98e+09

Dimensionless Parameters:
  a11 = 1.4815
  b11 = 0.0000
  d11 = 0.1640
  a55 = 0.7694
  lambda = L/h = 20.00
  n_xT = -0.000000
  m_xT = -0.000000
============================================================

Elastic foundation parameters:
  k1 = 0.0100 (Winkler foundation stiffness)
  k2 = 0.0010 (Pasternak foundation stiffness)

[INFO] Starting dual model pseudo-supervised training..
[Pseudo-Supervision] Status: DISABLED
[EarlyStop] Patience-based early stopping DISABLED (will run full 100000 epochs).
============================================================
[Dual     1/100000] Linear: L=1.2403e-01 (lr=8.00e-05) (best_linear=1.2403e-01 @ epoch: 1)  Pi_str=1.2296e-01  Pi_str_T=0.0000e+00  Pi_w=2.7998e-06  Pi_e=-1.0703e-03  Pi_all=1.2403e-01  bc=0.0000e+00
               Nonlinear: L=6.8488e-02 (lr=8.00e-05) (best_nonlinear=6.8488e-02 @ epoch: 1)  Pi_str=7.0967e-02  Pi_str_T=0.0000e+00  Pi_w=1.5079e-05  Pi_e=2.4942e-03  Pi_all=6.8488e-02  bc=0.0000e+00  (ps_w: disabled)
============================================================
[Dual  1000/100000] Linear: L=-2.3612e-03 (lr=8.00e-05) (best_linear=-5.1574e-03 @ epoch: 970)  Pi_str=1.6115e-03  Pi_str_T=0.0000e+00  Pi_w=4.8269e-05  Pi_e=4.0210e-03  Pi_all=-2.3612e-03  bc=0.0000e+00
               Nonlinear: L=-2.2923e-03 (lr=8.00e-05) (best_nonlinear=-5.5011e-03 @ epoch: 913)  Pi_str=1.7061e-03  Pi_str_T=0.0000e+00  Pi_w=4.8588e-05  Pi_e=4.0470e-03  Pi_all=-2.2923e-03  bc=0.0000e+00  (ps_w: disabled)
      [GPU Status] GPU 0 (NVIDIA GeForce RTX 3070): Memory 0.02/0.02GB
============================================================
[Dual  2000/100000] Linear: L=-7.3656e-03 (lr=8.00e-05) (best_linear=-1.0705e-02 @ epoch: 1851)  Pi_str=2.9045e-03  Pi_str_T=0.0000e+00  Pi_w=2.4355e-04  Pi_e=1.0514e-02  Pi_all=-7.3656e-03  bc=0.0000e+00
               Nonlinear: L=-8.0627e-03 (lr=8.00e-05) (best_nonlinear=-1.1058e-02 @ epoch: 1851)  Pi_str=2.8175e-03  Pi_str_T=0.0000e+00  Pi_w=2.7223e-04  Pi_e=1.1152e-02  Pi_all=-8.0627e-03  bc=0.0000e+00  (ps_w: disabled)
      [GPU Status] GPU 0 (NVIDIA GeForce RTX 3070): Memory 0.02/0.02GB
============================================================
[Dual  3000/100000] Linear: L=-3.8167e-03 (lr=8.00e-05) (best_linear=-1.2878e-02 @ epoch: 2984)  Pi_str=3.7696e-03  Pi_str_T=0.0000e+00  Pi_w=2.5690e-04  Pi_e=7.8432e-03  Pi_all=-3.8167e-03  bc=0.0000e+00
               Nonlinear: L=-4.4558e-03 (lr=8.00e-05) (best_nonlinear=-1.3770e-02 @ epoch: 2984)  Pi_str=4.0205e-03  Pi_str_T=0.0000e+00  Pi_w=3.4418e-04  Pi_e=8.8205e-03  Pi_all=-4.4558e-03  bc=0.0000e+00  (ps_w: disabled)
      [GPU Status] GPU 0 (NVIDIA GeForce RTX 3070): Memory 0.02/0.02GB
============================================================
[Dual  4000/100000] Linear: L=-9.1945e-04 (lr=8.00e-05) (best_linear=-1.5070e-02 @ epoch: 3914)  Pi_str=5.8294e-03  Pi_str_T=0.0000e+00  Pi_w=3.1333e-04  Pi_e=7.0622e-03  Pi_all=-9.1945e-04  bc=0.0000e+00
               Nonlinear: L=-6.4546e-04 (lr=8.00e-05) (best_nonlinear=-1.6553e-02 @ epoch: 3914)  Pi_str=6.8462e-03  Pi_str_T=0.0000e+00  Pi_w=4.0425e-04  Pi_e=7.8959e-03  Pi_all=-6.4546e-04  bc=0.0000e+00  (ps_w: disabled)
      [GPU Status] GPU 0 (NVIDIA GeForce RTX 3070): Memory 0.02/0.02GB
============================================================
[Dual  5000/100000] Linear: L=-1.8457e-03 (lr=8.00e-05) (best_linear=-1.6105e-02 @ epoch: 4858)  Pi_str=6.2717e-03  Pi_str_T=0.0000e+00  Pi_w=3.6302e-04  Pi_e=8.4804e-03  Pi_all=-1.8457e-03  bc=0.0000e+00
               Nonlinear: L=-1.8013e-03 (lr=8.00e-05) (best_nonlinear=-1.6887e-02 @ epoch: 4847)  Pi_str=6.9808e-03  Pi_str_T=0.0000e+00  Pi_w=4.3303e-04  Pi_e=9.2151e-03  Pi_all=-1.8013e-03  bc=0.0000e+00  (ps_w: disabled)
      [GPU Status] GPU 0 (NVIDIA GeForce RTX 3070): Memory 0.02/0.02GB
============================================================
[Dual  6000/100000] Linear: L=-1.0558e-02 (lr=8.00e-05) (best_linear=-1.6525e-02 @ epoch: 5171)  Pi_str=6.5385e-03  Pi_str_T=0.0000e+00  Pi_w=7.4896e-04  Pi_e=1.7845e-02  Pi_all=-1.0558e-02  bc=0.0000e+00
               Nonlinear: L=-1.1065e-02 (lr=8.00e-05) (best_nonlinear=-1.7206e-02 @ epoch: 5171)  Pi_str=6.3965e-03  Pi_str_T=0.0000e+00  Pi_w=7.6605e-04  Pi_e=1.8227e-02  Pi_all=-1.1065e-02  bc=0.0000e+00  (ps_w: disabled)
      [GPU Status] GPU 0 (NVIDIA GeForce RTX 3070): Memory 0.02/0.02GB
============================================================
[Dual  7000/100000] Linear: L=-9.8379e-03 (lr=8.00e-05) (best_linear=-1.8071e-02 @ epoch: 6654)  Pi_str=7.1296e-03  Pi_str_T=0.0000e+00  Pi_w=7.6866e-04  Pi_e=1.7736e-02  Pi_all=-9.8379e-03  bc=0.0000e+00
               Nonlinear: L=-9.9676e-03 (lr=8.00e-05) (best_nonlinear=-1.8117e-02 @ epoch: 6911)  Pi_str=7.0206e-03  Pi_str_T=0.0000e+00  Pi_w=7.6586e-04  Pi_e=1.7754e-02  Pi_all=-9.9676e-03  bc=0.0000e+00  (ps_w: disabled)
      [GPU Status] GPU 0 (NVIDIA GeForce RTX 3070): Memory 0.02/0.02GB
============================================================
[Dual  8000/100000] Linear: L=-3.6901e-03 (lr=8.00e-05) (best_linear=-1.8071e-02 @ epoch: 6654)  Pi_str=9.4858e-03  Pi_str_T=0.0000e+00  Pi_w=6.5802e-04  Pi_e=1.3834e-02  Pi_all=-3.6901e-03  bc=0.0000e+00
               Nonlinear: L=-3.7387e-03 (lr=8.00e-05) (best_nonlinear=-1.8117e-02 @ epoch: 6911)  Pi_str=9.4541e-03  Pi_str_T=0.0000e+00  Pi_w=6.5004e-04  Pi_e=1.3843e-02  Pi_all=-3.7387e-03  bc=0.0000e+00  (ps_w: disabled)
      [GPU Status] GPU 0 (NVIDIA GeForce RTX 3070): Memory 0.02/0.02GB
============================================================
[Dual  9000/100000] Linear: L=-1.3785e-02 (lr=8.00e-05) (best_linear=-1.9330e-02 @ epoch: 8481)  Pi_str=7.8916e-03  Pi_str_T=0.0000e+00  Pi_w=9.2484e-04  Pi_e=2.2602e-02  Pi_all=-1.3785e-02  bc=0.0000e+00
               Nonlinear: L=-1.3426e-02 (lr=8.00e-05) (best_nonlinear=-1.9192e-02 @ epoch: 8481)  Pi_str=7.3018e-03  Pi_str_T=0.0000e+00  Pi_w=8.3176e-04  Pi_e=2.1560e-02  Pi_all=-1.3426e-02  bc=0.0000e+00  (ps_w: disabled)
      [GPU Status] GPU 0 (NVIDIA GeForce RTX 3070): Memory 0.02/0.02GB
============================================================
[Dual 10000/100000] Linear: L=-1.2784e-02 (lr=8.00e-05) (best_linear=-1.9931e-02 @ epoch: 9635)  Pi_str=6.8337e-03  Pi_str_T=0.0000e+00  Pi_w=9.7850e-04  Pi_e=2.0596e-02  Pi_all=-1.2784e-02  bc=0.0000e+00
               Nonlinear: L=-1.2362e-02 (lr=8.00e-05) (best_nonlinear=-1.9206e-02 @ epoch: 9635)  Pi_str=6.4376e-03  Pi_str_T=0.0000e+00  Pi_w=8.7766e-04  Pi_e=1.9677e-02  Pi_all=-1.2362e-02  bc=0.0000e+00  (ps_w: disabled)
      [GPU Status] GPU 0 (NVIDIA GeForce RTX 3070): Memory 0.02/0.02GB
============================================================
[Dual 11000/100000] Linear: L=-1.0076e-02 (lr=8.00e-05) (best_linear=-2.0100e-02 @ epoch: 10948)  Pi_str=7.0557e-03  Pi_str_T=0.0000e+00  Pi_w=9.1618e-04  Pi_e=1.8048e-02  Pi_all=-1.0076e-02  bc=0.0000e+00
               Nonlinear: L=-9.7626e-03 (lr=8.00e-05) (best_nonlinear=-1.9495e-02 @ epoch: 10948)  Pi_str=6.5184e-03  Pi_str_T=0.0000e+00  Pi_w=8.1450e-04  Pi_e=1.7096e-02  Pi_all=-9.7626e-03  bc=0.0000e+00  (ps_w: disabled)
      [GPU Status] GPU 0 (NVIDIA GeForce RTX 3070): Memory 0.02/0.02GB
============================================================
[Dual 12000/100000] Linear: L=-1.1735e-02 (lr=8.00e-05) (best_linear=-2.0100e-02 @ epoch: 10948)  Pi_str=6.9294e-03  Pi_str_T=0.0000e+00  Pi_w=9.7860e-04  Pi_e=1.9643e-02  Pi_all=-1.1735e-02  bc=0.0000e+00
               Nonlinear: L=-1.1298e-02 (lr=8.00e-05) (best_nonlinear=-1.9495e-02 @ epoch: 10948)  Pi_str=6.4245e-03  Pi_str_T=0.0000e+00  Pi_w=8.6216e-04  Pi_e=1.8584e-02  Pi_all=-1.1298e-02  bc=0.0000e+00  (ps_w: disabled)
      [GPU Status] GPU 0 (NVIDIA GeForce RTX 3070): Memory 0.02/0.02GB
============================================================
[Dual 13000/100000] Linear: L=-9.5284e-03 (lr=8.00e-05) (best_linear=-2.0944e-02 @ epoch: 12420)  Pi_str=1.0634e-02  Pi_str_T=0.0000e+00  Pi_w=8.7466e-04  Pi_e=2.1038e-02  Pi_all=-9.5284e-03  bc=0.0000e+00
               Nonlinear: L=-9.3937e-03 (lr=8.00e-05) (best_nonlinear=-2.0003e-02 @ epoch: 12420)  Pi_str=9.6953e-03  Pi_str_T=0.0000e+00  Pi_w=7.7538e-04  Pi_e=1.9864e-02  Pi_all=-9.3937e-03  bc=0.0000e+00  (ps_w: disabled)
      [GPU Status] GPU 0 (NVIDIA GeForce RTX 3070): Memory 0.02/0.02GB
============================================================
[Dual 14000/100000] Linear: L=-6.2271e-03 (lr=8.00e-05) (best_linear=-2.0944e-02 @ epoch: 12420)  Pi_str=8.5382e-03  Pi_str_T=0.0000e+00  Pi_w=8.4723e-04  Pi_e=1.5613e-02  Pi_all=-6.2271e-03  bc=0.0000e+00
               Nonlinear: L=-6.1461e-03 (lr=8.00e-05) (best_nonlinear=-2.0003e-02 @ epoch: 12420)  Pi_str=7.8461e-03  Pi_str_T=0.0000e+00  Pi_w=7.5089e-04  Pi_e=1.4743e-02  Pi_all=-6.1461e-03  bc=0.0000e+00  (ps_w: disabled)
      [GPU Status] GPU 0 (NVIDIA GeForce RTX 3070): Memory 0.02/0.02GB
============================================================
[Dual 15000/100000] Linear: L=-1.2109e-02 (lr=8.00e-05) (best_linear=-2.0944e-02 @ epoch: 12420)  Pi_str=6.3459e-03  Pi_str_T=0.0000e+00  Pi_w=1.0616e-03  Pi_e=1.9516e-02  Pi_all=-1.2109e-02  bc=0.0000e+00
               Nonlinear: L=-1.1332e-02 (lr=8.00e-05) (best_nonlinear=-2.0003e-02 @ epoch: 12420)  Pi_str=5.9878e-03  Pi_str_T=0.0000e+00  Pi_w=9.2037e-04  Pi_e=1.8240e-02  Pi_all=-1.1332e-02  bc=0.0000e+00  (ps_w: disabled)
      [GPU Status] GPU 0 (NVIDIA GeForce RTX 3070): Memory 0.02/0.02GB
============================================================
[Dual 16000/100000] Linear: L=-1.2925e-02 (lr=8.00e-05) (best_linear=-2.0944e-02 @ epoch: 12420)  Pi_str=9.2313e-03  Pi_str_T=0.0000e+00  Pi_w=9.6254e-04  Pi_e=2.3119e-02  Pi_all=-1.2925e-02  bc=0.0000e+00
               Nonlinear: L=-1.2250e-02 (lr=8.00e-05) (best_nonlinear=-2.0003e-02 @ epoch: 12420)  Pi_str=8.4144e-03  Pi_str_T=0.0000e+00  Pi_w=8.2953e-04  Pi_e=2.1494e-02  Pi_all=-1.2250e-02  bc=0.0000e+00  (ps_w: disabled)
      [GPU Status] GPU 0 (NVIDIA GeForce RTX 3070): Memory 0.02/0.02GB
============================================================
[Dual 17000/100000] Linear: L=-8.3533e-03 (lr=8.00e-05) (best_linear=-2.0944e-02 @ epoch: 12420)  Pi_str=8.6354e-03  Pi_str_T=0.0000e+00  Pi_w=8.4141e-04  Pi_e=1.7830e-02  Pi_all=-8.3533e-03  bc=0.0000e+00
               Nonlinear: L=-8.0191e-03 (lr=8.00e-05) (best_nonlinear=-2.0003e-02 @ epoch: 12420)  Pi_str=7.8493e-03  Pi_str_T=0.0000e+00  Pi_w=7.2625e-04  Pi_e=1.6595e-02  Pi_all=-8.0191e-03  bc=0.0000e+00  (ps_w: disabled)
      [GPU Status] GPU 0 (NVIDIA GeForce RTX 3070): Memory 0.02/0.02GB
============================================================
[Dual 18000/100000] Linear: L=-4.2228e-03 (lr=8.00e-05) (best_linear=-2.0944e-02 @ epoch: 12420)  Pi_str=1.1221e-02  Pi_str_T=0.0000e+00  Pi_w=8.5267e-04  Pi_e=1.6296e-02  Pi_all=-4.2228e-03  bc=0.0000e+00
               Nonlinear: L=-4.3232e-03 (lr=8.00e-05) (best_nonlinear=-2.0003e-02 @ epoch: 12420)  Pi_str=1.0159e-02  Pi_str_T=0.0000e+00  Pi_w=7.4059e-04  Pi_e=1.5222e-02  Pi_all=-4.3232e-03  bc=0.0000e+00  (ps_w: disabled)
      [GPU Status] GPU 0 (NVIDIA GeForce RTX 3070): Memory 0.02/0.02GB
============================================================
[Dual 19000/100000] Linear: L=-1.0822e-02 (lr=8.00e-05) (best_linear=-2.1054e-02 @ epoch: 18047)  Pi_str=8.6037e-03  Pi_str_T=0.0000e+00  Pi_w=9.2500e-04  Pi_e=2.0351e-02  Pi_all=-1.0822e-02  bc=0.0000e+00
               Nonlinear: L=-1.0439e-02 (lr=8.00e-05) (best_nonlinear=-2.0003e-02 @ epoch: 12420)  Pi_str=7.7147e-03  Pi_str_T=0.0000e+00  Pi_w=7.9867e-04  Pi_e=1.8952e-02  Pi_all=-1.0439e-02  bc=0.0000e+00  (ps_w: disabled)
      [GPU Status] GPU 0 (NVIDIA GeForce RTX 3070): Memory 0.02/0.02GB
============================================================
[Dual 20000/100000] Linear: L=-8.8503e-03 (lr=8.00e-05) (best_linear=-2.1054e-02 @ epoch: 18047)  Pi_str=1.0097e-02  Pi_str_T=0.0000e+00  Pi_w=9.4311e-04  Pi_e=1.9890e-02  Pi_all=-8.8503e-03  bc=0.0000e+00
               Nonlinear: L=-8.6544e-03 (lr=8.00e-05) (best_nonlinear=-2.0003e-02 @ epoch: 12420)  Pi_str=8.8286e-03  Pi_str_T=0.0000e+00  Pi_w=7.9197e-04  Pi_e=1.8275e-02  Pi_all=-8.6544e-03  bc=0.0000e+00  (ps_w: disabled)
      [GPU Status] GPU 0 (NVIDIA GeForce RTX 3070): Memory 0.02/0.02GB
============================================================
[Dual 21000/100000] Linear: L=-9.0822e-03 (lr=8.00e-05) (best_linear=-2.2036e-02 @ epoch: 20473)  Pi_str=1.2190e-02  Pi_str_T=0.0000e+00  Pi_w=9.7604e-04  Pi_e=2.2248e-02  Pi_all=-9.0822e-03  bc=0.0000e+00
               Nonlinear: L=-8.8820e-03 (lr=8.00e-05) (best_nonlinear=-2.0924e-02 @ epoch: 20473)  Pi_str=1.0770e-02  Pi_str_T=0.0000e+00  Pi_w=8.2283e-04  Pi_e=2.0475e-02  Pi_all=-8.8820e-03  bc=0.0000e+00  (ps_w: disabled)
      [GPU Status] GPU 0 (NVIDIA GeForce RTX 3070): Memory 0.02/0.02GB
============================================================
[Dual 22000/100000] Linear: L=-1.4482e-02 (lr=8.00e-05) (best_linear=-2.2036e-02 @ epoch: 20473)  Pi_str=5.3784e-03  Pi_str_T=0.0000e+00  Pi_w=1.1756e-03  Pi_e=2.1036e-02  Pi_all=-1.4482e-02  bc=0.0000e+00
               Nonlinear: L=-1.3325e-02 (lr=8.00e-05) (best_nonlinear=-2.0924e-02 @ epoch: 20473)  Pi_str=4.7958e-03  Pi_str_T=0.0000e+00  Pi_w=9.6802e-04  Pi_e=1.9089e-02  Pi_all=-1.3325e-02  bc=0.0000e+00  (ps_w: disabled)
      [GPU Status] GPU 0 (NVIDIA GeForce RTX 3070): Memory 0.02/0.02GB
============================================================
[Dual 23000/100000] Linear: L=-1.4878e-02 (lr=8.00e-05) (best_linear=-2.2036e-02 @ epoch: 20473)  Pi_str=9.3081e-03  Pi_str_T=0.0000e+00  Pi_w=1.0650e-03  Pi_e=2.5251e-02  Pi_all=-1.4878e-02  bc=0.0000e+00
               Nonlinear: L=-1.4100e-02 (lr=8.00e-05) (best_nonlinear=-2.0924e-02 @ epoch: 20473)  Pi_str=8.2382e-03  Pi_str_T=0.0000e+00  Pi_w=8.9839e-04  Pi_e=2.3236e-02  Pi_all=-1.4100e-02  bc=0.0000e+00  (ps_w: disabled)
      [GPU Status] GPU 0 (NVIDIA GeForce RTX 3070): Memory 0.02/0.02GB
============================================================
[Dual 24000/100000] Linear: L=-8.2036e-03 (lr=8.00e-05) (best_linear=-2.2036e-02 @ epoch: 20473)  Pi_str=8.2407e-03  Pi_str_T=0.0000e+00  Pi_w=9.0555e-04  Pi_e=1.7350e-02  Pi_all=-8.2036e-03  bc=0.0000e+00
               Nonlinear: L=-7.8730e-03 (lr=8.00e-05) (best_nonlinear=-2.0924e-02 @ epoch: 20473)  Pi_str=7.2526e-03  Pi_str_T=0.0000e+00  Pi_w=7.6796e-04  Pi_e=1.5894e-02  Pi_all=-7.8730e-03  bc=0.0000e+00  (ps_w: disabled)
      [GPU Status] GPU 0 (NVIDIA GeForce RTX 3070): Memory 0.02/0.02GB
============================================================
[Dual 25000/100000] Linear: L=-5.1981e-03 (lr=8.00e-05) (best_linear=-2.2036e-02 @ epoch: 20473)  Pi_str=1.0031e-02  Pi_str_T=0.0000e+00  Pi_w=8.2628e-04  Pi_e=1.6056e-02  Pi_all=-5.1981e-03  bc=0.0000e+00
               Nonlinear: L=-5.1495e-03 (lr=8.00e-05) (best_nonlinear=-2.0924e-02 @ epoch: 20473)  Pi_str=9.0712e-03  Pi_str_T=0.0000e+00  Pi_w=7.1075e-04  Pi_e=1.4931e-02  Pi_all=-5.1495e-03  bc=0.0000e+00  (ps_w: disabled)
      [GPU Status] GPU 0 (NVIDIA GeForce RTX 3070): Memory 0.02/0.02GB
============================================================
[Dual 26000/100000] Linear: L=-1.1215e-02 (lr=8.00e-05) (best_linear=-2.2036e-02 @ epoch: 20473)  Pi_str=8.9143e-03  Pi_str_T=0.0000e+00  Pi_w=1.0301e-03  Pi_e=2.1159e-02  Pi_all=-1.1215e-02  bc=0.0000e+00
               Nonlinear: L=-1.0748e-02 (lr=8.00e-05) (best_nonlinear=-2.0924e-02 @ epoch: 20473)  Pi_str=7.7046e-03  Pi_str_T=0.0000e+00  Pi_w=8.5919e-04  Pi_e=1.9311e-02  Pi_all=-1.0748e-02  bc=0.0000e+00  (ps_w: disabled)
      [GPU Status] GPU 0 (NVIDIA GeForce RTX 3070): Memory 0.02/0.02GB
============================================================
[Dual 27000/100000] Linear: L=-1.2723e-02 (lr=8.00e-05) (best_linear=-2.2036e-02 @ epoch: 20473)  Pi_str=7.6551e-03  Pi_str_T=0.0000e+00  Pi_w=9.5811e-04  Pi_e=2.1336e-02  Pi_all=-1.2723e-02  bc=0.0000e+00
               Nonlinear: L=-1.1991e-02 (lr=8.00e-05) (best_nonlinear=-2.0924e-02 @ epoch: 20473)  Pi_str=6.8976e-03  Pi_str_T=0.0000e+00  Pi_w=8.1567e-04  Pi_e=1.9704e-02  Pi_all=-1.1991e-02  bc=0.0000e+00  (ps_w: disabled)
      [GPU Status] GPU 0 (NVIDIA GeForce RTX 3070): Memory 0.02/0.02GB
============================================================
[Dual 28000/100000] Linear: L=-7.4905e-03 (lr=8.00e-05) (best_linear=-2.2036e-02 @ epoch: 20473)  Pi_str=1.0641e-02  Pi_str_T=0.0000e+00  Pi_w=9.0094e-04  Pi_e=1.9033e-02  Pi_all=-7.4905e-03  bc=0.0000e+00
               Nonlinear: L=-7.3622e-03 (lr=8.00e-05) (best_nonlinear=-2.0924e-02 @ epoch: 20473)  Pi_str=9.4545e-03  Pi_str_T=0.0000e+00  Pi_w=7.6594e-04  Pi_e=1.7583e-02  Pi_all=-7.3622e-03  bc=0.0000e+00  (ps_w: disabled)
      [GPU Status] GPU 0 (NVIDIA GeForce RTX 3070): Memory 0.02/0.02GB
============================================================
[Dual 29000/100000] Linear: L=-8.5587e-03 (lr=8.00e-05) (best_linear=-2.2036e-02 @ epoch: 20473)  Pi_str=7.4185e-03  Pi_str_T=0.0000e+00  Pi_w=8.7066e-04  Pi_e=1.6848e-02  Pi_all=-8.5587e-03  bc=0.0000e+00
               Nonlinear: L=-8.2078e-03 (lr=8.00e-05) (best_nonlinear=-2.0924e-02 @ epoch: 20473)  Pi_str=6.8934e-03  Pi_str_T=0.0000e+00  Pi_w=7.6127e-04  Pi_e=1.5862e-02  Pi_all=-8.2078e-03  bc=0.0000e+00  (ps_w: disabled)
      [GPU Status] GPU 0 (NVIDIA GeForce RTX 3070): Memory 0.02/0.02GB
============================================================
[Dual 30000/100000] Linear: L=-1.3814e-02 (lr=8.00e-05) (best_linear=-2.2036e-02 @ epoch: 20473)  Pi_str=6.2575e-03  Pi_str_T=0.0000e+00  Pi_w=1.1113e-03  Pi_e=2.1183e-02  Pi_all=-1.3814e-02  bc=0.0000e+00
               Nonlinear: L=-1.2706e-02 (lr=8.00e-05) (best_nonlinear=-2.0924e-02 @ epoch: 20473)  Pi_str=5.7321e-03  Pi_str_T=0.0000e+00  Pi_w=9.3050e-04  Pi_e=1.9369e-02  Pi_all=-1.2706e-02  bc=0.0000e+00  (ps_w: disabled)
      [GPU Status] GPU 0 (NVIDIA GeForce RTX 3070): Memory 0.02/0.02GB
============================================================
[Dual 31000/100000] Linear: L=-1.1467e-02 (lr=8.00e-05) (best_linear=-2.2195e-02 @ epoch: 30621)  Pi_str=8.1870e-03  Pi_str_T=0.0000e+00  Pi_w=1.0325e-03  Pi_e=2.0687e-02  Pi_all=-1.1467e-02  bc=0.0000e+00
               Nonlinear: L=-1.0837e-02 (lr=8.00e-05) (best_nonlinear=-2.0924e-02 @ epoch: 20473)  Pi_str=7.2945e-03  Pi_str_T=0.0000e+00  Pi_w=8.6706e-04  Pi_e=1.8999e-02  Pi_all=-1.0837e-02  bc=0.0000e+00  (ps_w: disabled)
      [GPU Status] GPU 0 (NVIDIA GeForce RTX 3070): Memory 0.02/0.02GB
============================================================
[Dual 32000/100000] Linear: L=-1.2545e-02 (lr=8.00e-05) (best_linear=-2.2195e-02 @ epoch: 30621)  Pi_str=5.9301e-03  Pi_str_T=0.0000e+00  Pi_w=1.0683e-03  Pi_e=1.9544e-02  Pi_all=-1.2545e-02  bc=0.0000e+00
               Nonlinear: L=-1.1717e-02 (lr=8.00e-05) (best_nonlinear=-2.0924e-02 @ epoch: 20473)  Pi_str=5.2453e-03  Pi_str_T=0.0000e+00  Pi_w=8.9229e-04  Pi_e=1.7855e-02  Pi_all=-1.1717e-02  bc=0.0000e+00  (ps_w: disabled)
      [GPU Status] GPU 0 (NVIDIA GeForce RTX 3070): Memory 0.02/0.02GB
============================================================
[Dual 33000/100000] Linear: L=-8.2769e-03 (lr=8.00e-05) (best_linear=-2.2195e-02 @ epoch: 30621)  Pi_str=9.4026e-03  Pi_str_T=0.0000e+00  Pi_w=8.7393e-04  Pi_e=1.8553e-02  Pi_all=-8.2769e-03  bc=0.0000e+00
               Nonlinear: L=-8.0293e-03 (lr=8.00e-05) (best_nonlinear=-2.0924e-02 @ epoch: 20473)  Pi_str=8.4138e-03  Pi_str_T=0.0000e+00  Pi_w=7.4608e-04  Pi_e=1.7189e-02  Pi_all=-8.0293e-03  bc=0.0000e+00  (ps_w: disabled)
      [GPU Status] GPU 0 (NVIDIA GeForce RTX 3070): Memory 0.02/0.02GB
============================================================
[Dual 34000/100000] Linear: L=-7.2137e-03 (lr=8.00e-05) (best_linear=-2.2195e-02 @ epoch: 30621)  Pi_str=1.0858e-02  Pi_str_T=0.0000e+00  Pi_w=8.8754e-04  Pi_e=1.8959e-02  Pi_all=-7.2137e-03  bc=0.0000e+00
               Nonlinear: L=-7.1397e-03 (lr=8.00e-05) (best_nonlinear=-2.0924e-02 @ epoch: 20473)  Pi_str=9.5719e-03  Pi_str_T=0.0000e+00  Pi_w=7.4786e-04  Pi_e=1.7459e-02  Pi_all=-7.1397e-03  bc=0.0000e+00  (ps_w: disabled)
      [GPU Status] GPU 0 (NVIDIA GeForce RTX 3070): Memory 0.02/0.02GB
============================================================
[Dual 35000/100000] Linear: L=-1.2621e-02 (lr=8.00e-05) (best_linear=-2.2195e-02 @ epoch: 30621)  Pi_str=7.4063e-03  Pi_str_T=0.0000e+00  Pi_w=1.0538e-03  Pi_e=2.1081e-02  Pi_all=-1.2621e-02  bc=0.0000e+00
               Nonlinear: L=-1.1837e-02 (lr=8.00e-05) (best_nonlinear=-2.0924e-02 @ epoch: 20473)  Pi_str=6.6872e-03  Pi_str_T=0.0000e+00  Pi_w=8.8903e-04  Pi_e=1.9414e-02  Pi_all=-1.1837e-02  bc=0.0000e+00  (ps_w: disabled)
      [GPU Status] GPU 0 (NVIDIA GeForce RTX 3070): Memory 0.02/0.02GB
============================================================
[Dual 36000/100000] Linear: L=-9.0087e-03 (lr=8.00e-05) (best_linear=-2.2195e-02 @ epoch: 30621)  Pi_str=1.0153e-02  Pi_str_T=0.0000e+00  Pi_w=9.6940e-04  Pi_e=2.0131e-02  Pi_all=-9.0087e-03  bc=0.0000e+00
               Nonlinear: L=-8.6412e-03 (lr=8.00e-05) (best_nonlinear=-2.0924e-02 @ epoch: 20473)  Pi_str=9.0468e-03  Pi_str_T=0.0000e+00  Pi_w=8.1520e-04  Pi_e=1.8503e-02  Pi_all=-8.6412e-03  bc=0.0000e+00  (ps_w: disabled)
      [GPU Status] GPU 0 (NVIDIA GeForce RTX 3070): Memory 0.02/0.02GB
============================================================
[Dual 37000/100000] Linear: L=-7.7305e-03 (lr=8.00e-05) (best_linear=-2.2195e-02 @ epoch: 30621)  Pi_str=8.9447e-03  Pi_str_T=0.0000e+00  Pi_w=8.5554e-04  Pi_e=1.7531e-02  Pi_all=-7.7305e-03  bc=0.0000e+00
               Nonlinear: L=-7.5900e-03 (lr=8.00e-05) (best_nonlinear=-2.0924e-02 @ epoch: 20473)  Pi_str=8.0033e-03  Pi_str_T=0.0000e+00  Pi_w=7.3588e-04  Pi_e=1.6329e-02  Pi_all=-7.5900e-03  bc=0.0000e+00  (ps_w: disabled)
      [GPU Status] GPU 0 (NVIDIA GeForce RTX 3070): Memory 0.02/0.02GB
============================================================
[Dual 38000/100000] Linear: L=-1.0516e-02 (lr=8.00e-05) (best_linear=-2.2195e-02 @ epoch: 30621)  Pi_str=8.9445e-03  Pi_str_T=0.0000e+00  Pi_w=9.5846e-04  Pi_e=2.0419e-02  Pi_all=-1.0516e-02  bc=0.0000e+00
               Nonlinear: L=-1.0037e-02 (lr=8.00e-05) (best_nonlinear=-2.0924e-02 @ epoch: 20473)  Pi_str=7.9508e-03  Pi_str_T=0.0000e+00  Pi_w=8.1058e-04  Pi_e=1.8798e-02  Pi_all=-1.0037e-02  bc=0.0000e+00  (ps_w: disabled)
      [GPU Status] GPU 0 (NVIDIA GeForce RTX 3070): Memory 0.02/0.02GB
============================================================
[Dual 39000/100000] Linear: L=-7.3472e-03 (lr=8.00e-05) (best_linear=-2.2195e-02 @ epoch: 30621)  Pi_str=1.0253e-02  Pi_str_T=0.0000e+00  Pi_w=9.3519e-04  Pi_e=1.8536e-02  Pi_all=-7.3472e-03  bc=0.0000e+00
               Nonlinear: L=-7.1617e-03 (lr=8.00e-05) (best_nonlinear=-2.0924e-02 @ epoch: 20473)  Pi_str=9.0008e-03  Pi_str_T=0.0000e+00  Pi_w=7.7641e-04  Pi_e=1.6939e-02  Pi_all=-7.1617e-03  bc=0.0000e+00  (ps_w: disabled)
      [GPU Status] GPU 0 (NVIDIA GeForce RTX 3070): Memory 0.02/0.02GB
============================================================
[Dual 40000/100000] Linear: L=-2.3662e-03 (lr=8.00e-05) (best_linear=-2.2195e-02 @ epoch: 30621)  Pi_str=1.1598e-02  Pi_str_T=0.0000e+00  Pi_w=7.9229e-04  Pi_e=1.4756e-02  Pi_all=-2.3662e-03  bc=0.0000e+00
               Nonlinear: L=-2.3529e-03 (lr=8.00e-05) (best_nonlinear=-2.0924e-02 @ epoch: 20473)  Pi_str=1.0640e-02  Pi_str_T=0.0000e+00  Pi_w=6.7750e-04  Pi_e=1.3670e-02  Pi_all=-2.3529e-03  bc=0.0000e+00  (ps_w: disabled)
      [GPU Status] GPU 0 (NVIDIA GeForce RTX 3070): Memory 0.02/0.02GB
============================================================
[Dual 41000/100000] Linear: L=-1.5222e-02 (lr=8.00e-05) (best_linear=-2.2195e-02 @ epoch: 30621)  Pi_str=6.7248e-03  Pi_str_T=0.0000e+00  Pi_w=9.7823e-04  Pi_e=2.2925e-02  Pi_all=-1.5222e-02  bc=0.0000e+00
               Nonlinear: L=-1.4293e-02 (lr=8.00e-05) (best_nonlinear=-2.0924e-02 @ epoch: 20473)  Pi_str=6.2934e-03  Pi_str_T=0.0000e+00  Pi_w=8.5146e-04  Pi_e=2.1438e-02  Pi_all=-1.4293e-02  bc=0.0000e+00  (ps_w: disabled)
      [GPU Status] GPU 0 (NVIDIA GeForce RTX 3070): Memory 0.02/0.02GB
============================================================
[Dual 42000/100000] Linear: L=-1.2670e-02 (lr=8.00e-05) (best_linear=-2.2195e-02 @ epoch: 30621)  Pi_str=7.5566e-03  Pi_str_T=0.0000e+00  Pi_w=1.0425e-03  Pi_e=2.1269e-02  Pi_all=-1.2670e-02  bc=0.0000e+00
               Nonlinear: L=-1.1794e-02 (lr=8.00e-05) (best_nonlinear=-2.0924e-02 @ epoch: 20473)  Pi_str=6.6745e-03  Pi_str_T=0.0000e+00  Pi_w=8.6330e-04  Pi_e=1.9331e-02  Pi_all=-1.1794e-02  bc=0.0000e+00  (ps_w: disabled)
      [GPU Status] GPU 0 (NVIDIA GeForce RTX 3070): Memory 0.02/0.02GB
============================================================
[Dual 43000/100000] Linear: L=-5.5590e-03 (lr=8.00e-05) (best_linear=-2.2195e-02 @ epoch: 30621)  Pi_str=1.1420e-02  Pi_str_T=0.0000e+00  Pi_w=8.6201e-04  Pi_e=1.7841e-02  Pi_all=-5.5590e-03  bc=0.0000e+00
               Nonlinear: L=-5.4006e-03 (lr=8.00e-05) (best_nonlinear=-2.0924e-02 @ epoch: 20473)  Pi_str=1.0245e-02  Pi_str_T=0.0000e+00  Pi_w=7.2631e-04  Pi_e=1.6372e-02  Pi_all=-5.4006e-03  bc=0.0000e+00  (ps_w: disabled)
      [GPU Status] GPU 0 (NVIDIA GeForce RTX 3070): Memory 0.02/0.02GB
============================================================
[Dual 44000/100000] Linear: L=-1.1332e-02 (lr=8.00e-05) (best_linear=-2.2195e-02 @ epoch: 30621)  Pi_str=7.2293e-03  Pi_str_T=0.0000e+00  Pi_w=1.0148e-03  Pi_e=1.9576e-02  Pi_all=-1.1332e-02  bc=0.0000e+00
               Nonlinear: L=-1.0586e-02 (lr=8.00e-05) (best_nonlinear=-2.0924e-02 @ epoch: 20473)  Pi_str=6.5090e-03  Pi_str_T=0.0000e+00  Pi_w=8.5201e-04  Pi_e=1.7947e-02  Pi_all=-1.0586e-02  bc=0.0000e+00  (ps_w: disabled)
      [GPU Status] GPU 0 (NVIDIA GeForce RTX 3070): Memory 0.02/0.02GB
============================================================
[Dual 45000/100000] Linear: L=-1.5356e-02 (lr=8.00e-05) (best_linear=-2.2195e-02 @ epoch: 30621)  Pi_str=7.0050e-03  Pi_str_T=0.0000e+00  Pi_w=1.0839e-03  Pi_e=2.3445e-02  Pi_all=-1.5356e-02  bc=0.0000e+00
               Nonlinear: L=-1.4319e-02 (lr=8.00e-05) (best_nonlinear=-2.0924e-02 @ epoch: 20473)  Pi_str=6.1459e-03  Pi_str_T=0.0000e+00  Pi_w=9.0009e-04  Pi_e=2.1365e-02  Pi_all=-1.4319e-02  bc=0.0000e+00  (ps_w: disabled)
      [GPU Status] GPU 0 (NVIDIA GeForce RTX 3070): Memory 0.02/0.02GB
============================================================
[Dual 46000/100000] Linear: L=-1.5184e-02 (lr=8.00e-05) (best_linear=-2.2195e-02 @ epoch: 30621)  Pi_str=6.1658e-03  Pi_str_T=0.0000e+00  Pi_w=1.0972e-03  Pi_e=2.2448e-02  Pi_all=-1.5184e-02  bc=0.0000e+00
               Nonlinear: L=-1.4224e-02 (lr=8.00e-05) (best_nonlinear=-2.0924e-02 @ epoch: 20473)  Pi_str=5.3092e-03  Pi_str_T=0.0000e+00  Pi_w=9.1440e-04  Pi_e=2.0448e-02  Pi_all=-1.4224e-02  bc=0.0000e+00  (ps_w: disabled)
      [GPU Status] GPU 0 (NVIDIA GeForce RTX 3070): Memory 0.02/0.02GB
============================================================
[Dual 47000/100000] Linear: L=-1.4124e-02 (lr=8.00e-05) (best_linear=-2.2195e-02 @ epoch: 30621)  Pi_str=7.3603e-03  Pi_str_T=0.0000e+00  Pi_w=1.0333e-03  Pi_e=2.2518e-02  Pi_all=-1.4124e-02  bc=0.0000e+00
               Nonlinear: L=-1.3186e-02 (lr=8.00e-05) (best_nonlinear=-2.0924e-02 @ epoch: 20473)  Pi_str=6.7338e-03  Pi_str_T=0.0000e+00  Pi_w=8.8186e-04  Pi_e=2.0802e-02  Pi_all=-1.3186e-02  bc=0.0000e+00  (ps_w: disabled)
      [GPU Status] GPU 0 (NVIDIA GeForce RTX 3070): Memory 0.02/0.02GB
============================================================
[Dual 48000/100000] Linear: L=-5.9254e-03 (lr=8.00e-05) (best_linear=-2.2195e-02 @ epoch: 30621)  Pi_str=1.2447e-02  Pi_str_T=0.0000e+00  Pi_w=9.4943e-04  Pi_e=1.9322e-02  Pi_all=-5.9254e-03  bc=0.0000e+00
               Nonlinear: L=-5.7497e-03 (lr=8.00e-05) (best_nonlinear=-2.0924e-02 @ epoch: 20473)  Pi_str=1.1251e-02  Pi_str_T=0.0000e+00  Pi_w=7.9914e-04  Pi_e=1.7799e-02  Pi_all=-5.7497e-03  bc=0.0000e+00  (ps_w: disabled)
      [GPU Status] GPU 0 (NVIDIA GeForce RTX 3070): Memory 0.02/0.02GB
============================================================
[Dual 49000/100000] Linear: L=-9.3032e-03 (lr=8.00e-05) (best_linear=-2.2436e-02 @ epoch: 48174)  Pi_str=1.0017e-02  Pi_str_T=0.0000e+00  Pi_w=9.6176e-04  Pi_e=2.0282e-02  Pi_all=-9.3032e-03  bc=0.0000e+00
               Nonlinear: L=-8.9520e-03 (lr=8.00e-05) (best_nonlinear=-2.0924e-02 @ epoch: 20473)  Pi_str=8.7559e-03  Pi_str_T=0.0000e+00  Pi_w=8.0420e-04  Pi_e=1.8512e-02  Pi_all=-8.9520e-03  bc=0.0000e+00  (ps_w: disabled)
      [GPU Status] GPU 0 (NVIDIA GeForce RTX 3070): Memory 0.02/0.02GB
============================================================
[Dual 50000/100000] Linear: L=-7.8582e-03 (lr=8.00e-05) (best_linear=-2.2436e-02 @ epoch: 48174)  Pi_str=1.0475e-02  Pi_str_T=0.0000e+00  Pi_w=8.9902e-04  Pi_e=1.9232e-02  Pi_all=-7.8582e-03  bc=0.0000e+00
               Nonlinear: L=-7.7199e-03 (lr=8.00e-05) (best_nonlinear=-2.0924e-02 @ epoch: 20473)  Pi_str=9.2887e-03  Pi_str_T=0.0000e+00  Pi_w=7.6543e-04  Pi_e=1.7774e-02  Pi_all=-7.7199e-03  bc=0.0000e+00  (ps_w: disabled)
      [GPU Status] GPU 0 (NVIDIA GeForce RTX 3070): Memory 0.02/0.02GB
============================================================
[Dual 51000/100000] Linear: L=-1.0671e-02 (lr=8.00e-05) (best_linear=-2.2838e-02 @ epoch: 50340)  Pi_str=1.0090e-02  Pi_str_T=0.0000e+00  Pi_w=9.8095e-04  Pi_e=2.1743e-02  Pi_all=-1.0671e-02  bc=0.0000e+00
               Nonlinear: L=-1.0251e-02 (lr=8.00e-05) (best_nonlinear=-2.1017e-02 @ epoch: 50340)  Pi_str=8.9035e-03  Pi_str_T=0.0000e+00  Pi_w=8.2822e-04  Pi_e=1.9983e-02  Pi_all=-1.0251e-02  bc=0.0000e+00  (ps_w: disabled)
      [GPU Status] GPU 0 (NVIDIA GeForce RTX 3070): Memory 0.02/0.02GB
============================================================
[Dual 52000/100000] Linear: L=-3.4227e-03 (lr=8.00e-05) (best_linear=-2.2838e-02 @ epoch: 50340)  Pi_str=1.2764e-02  Pi_str_T=0.0000e+00  Pi_w=8.3696e-04  Pi_e=1.7024e-02  Pi_all=-3.4227e-03  bc=0.0000e+00
               Nonlinear: L=-3.6596e-03 (lr=8.00e-05) (best_nonlinear=-2.1017e-02 @ epoch: 50340)  Pi_str=1.1235e-02  Pi_str_T=0.0000e+00  Pi_w=6.9952e-04  Pi_e=1.5594e-02  Pi_all=-3.6596e-03  bc=0.0000e+00  (ps_w: disabled)
      [GPU Status] GPU 0 (NVIDIA GeForce RTX 3070): Memory 0.02/0.02GB
============================================================
[Dual 53000/100000] Linear: L=-1.0378e-02 (lr=8.00e-05) (best_linear=-2.2838e-02 @ epoch: 50340)  Pi_str=8.9507e-03  Pi_str_T=0.0000e+00  Pi_w=1.0254e-03  Pi_e=2.0354e-02  Pi_all=-1.0378e-02  bc=0.0000e+00
               Nonlinear: L=-9.9228e-03 (lr=8.00e-05) (best_nonlinear=-2.1017e-02 @ epoch: 50340)  Pi_str=7.8512e-03  Pi_str_T=0.0000e+00  Pi_w=8.5599e-04  Pi_e=1.8630e-02  Pi_all=-9.9228e-03  bc=0.0000e+00  (ps_w: disabled)
      [GPU Status] GPU 0 (NVIDIA GeForce RTX 3070): Memory 0.02/0.02GB
============================================================
[Dual 54000/100000] Linear: L=-1.2170e-02 (lr=8.00e-05) (best_linear=-2.2838e-02 @ epoch: 50340)  Pi_str=7.7962e-03  Pi_str_T=0.0000e+00  Pi_w=1.0081e-03  Pi_e=2.0974e-02  Pi_all=-1.2170e-02  bc=0.0000e+00
               Nonlinear: L=-1.1477e-02 (lr=8.00e-05) (best_nonlinear=-2.1017e-02 @ epoch: 50340)  Pi_str=6.9421e-03  Pi_str_T=0.0000e+00  Pi_w=8.4803e-04  Pi_e=1.9267e-02  Pi_all=-1.1477e-02  bc=0.0000e+00  (ps_w: disabled)
      [GPU Status] GPU 0 (NVIDIA GeForce RTX 3070): Memory 0.02/0.02GB
============================================================
[Dual 55000/100000] Linear: L=-1.2103e-02 (lr=8.00e-05) (best_linear=-2.2838e-02 @ epoch: 50340)  Pi_str=9.4471e-03  Pi_str_T=0.0000e+00  Pi_w=9.9191e-04  Pi_e=2.2542e-02  Pi_all=-1.2103e-02  bc=0.0000e+00
               Nonlinear: L=-1.1613e-02 (lr=8.00e-05) (best_nonlinear=-2.1017e-02 @ epoch: 50340)  Pi_str=8.2446e-03  Pi_str_T=0.0000e+00  Pi_w=8.3398e-04  Pi_e=2.0691e-02  Pi_all=-1.1613e-02  bc=0.0000e+00  (ps_w: disabled)
      [GPU Status] GPU 0 (NVIDIA GeForce RTX 3070): Memory 0.02/0.02GB
============================================================
[Dual 56000/100000] Linear: L=-8.2677e-03 (lr=8.00e-05) (best_linear=-2.2838e-02 @ epoch: 50340)  Pi_str=8.9692e-03  Pi_str_T=0.0000e+00  Pi_w=8.9062e-04  Pi_e=1.8128e-02  Pi_all=-8.2677e-03  bc=0.0000e+00
               Nonlinear: L=-8.0577e-03 (lr=8.00e-05) (best_nonlinear=-2.1017e-02 @ epoch: 50340)  Pi_str=7.8970e-03  Pi_str_T=0.0000e+00  Pi_w=7.5792e-04  Pi_e=1.6713e-02  Pi_all=-8.0577e-03  bc=0.0000e+00  (ps_w: disabled)
      [GPU Status] GPU 0 (NVIDIA GeForce RTX 3070): Memory 0.02/0.02GB
============================================================
[Dual 57000/100000] Linear: L=-4.5715e-03 (lr=8.00e-05) (best_linear=-2.2838e-02 @ epoch: 50340)  Pi_str=1.3900e-02  Pi_str_T=0.0000e+00  Pi_w=8.9624e-04  Pi_e=1.9368e-02  Pi_all=-4.5715e-03  bc=0.0000e+00
               Nonlinear: L=-4.8574e-03 (lr=8.00e-05) (best_nonlinear=-2.1017e-02 @ epoch: 50340)  Pi_str=1.2168e-02  Pi_str_T=0.0000e+00  Pi_w=7.4851e-04  Pi_e=1.7774e-02  Pi_all=-4.8574e-03  bc=0.0000e+00  (ps_w: disabled)
      [GPU Status] GPU 0 (NVIDIA GeForce RTX 3070): Memory 0.02/0.02GB
============================================================
[Dual 58000/100000] Linear: L=-1.4450e-02 (lr=8.00e-05) (best_linear=-2.2838e-02 @ epoch: 50340)  Pi_str=5.0888e-03  Pi_str_T=0.0000e+00  Pi_w=1.1104e-03  Pi_e=2.0649e-02  Pi_all=-1.4450e-02  bc=0.0000e+00
               Nonlinear: L=-1.3229e-02 (lr=8.00e-05) (best_nonlinear=-2.1017e-02 @ epoch: 50340)  Pi_str=5.0377e-03  Pi_str_T=0.0000e+00  Pi_w=9.5401e-04  Pi_e=1.9221e-02  Pi_all=-1.3229e-02  bc=0.0000e+00  (ps_w: disabled)
      [GPU Status] GPU 0 (NVIDIA GeForce RTX 3070): Memory 0.02/0.02GB
============================================================
[Dual 59000/100000] Linear: L=-8.1431e-03 (lr=8.00e-05) (best_linear=-2.2838e-02 @ epoch: 50340)  Pi_str=1.0751e-02  Pi_str_T=0.0000e+00  Pi_w=9.3979e-04  Pi_e=1.9834e-02  Pi_all=-8.1431e-03  bc=0.0000e+00
               Nonlinear: L=-7.8429e-03 (lr=8.00e-05) (best_nonlinear=-2.1017e-02 @ epoch: 50340)  Pi_str=9.5249e-03  Pi_str_T=0.0000e+00  Pi_w=7.8630e-04  Pi_e=1.8154e-02  Pi_all=-7.8429e-03  bc=0.0000e+00  (ps_w: disabled)
      [GPU Status] GPU 0 (NVIDIA GeForce RTX 3070): Memory 0.02/0.02GB
============================================================
[Dual 60000/100000] Linear: L=-1.4437e-02 (lr=8.00e-05) (best_linear=-2.2838e-02 @ epoch: 50340)  Pi_str=6.7215e-03  Pi_str_T=0.0000e+00  Pi_w=1.0394e-03  Pi_e=2.2197e-02  Pi_all=-1.4437e-02  bc=0.0000e+00
               Nonlinear: L=-1.3596e-02 (lr=8.00e-05) (best_nonlinear=-2.1017e-02 @ epoch: 50340)  Pi_str=6.0239e-03  Pi_str_T=0.0000e+00  Pi_w=8.8092e-04  Pi_e=2.0501e-02  Pi_all=-1.3596e-02  bc=0.0000e+00  (ps_w: disabled)
      [GPU Status] GPU 0 (NVIDIA GeForce RTX 3070): Memory 0.02/0.02GB
============================================================
[Dual 61000/100000] Linear: L=-1.3211e-02 (lr=8.00e-05) (best_linear=-2.2838e-02 @ epoch: 50340)  Pi_str=6.7240e-03  Pi_str_T=0.0000e+00  Pi_w=1.1058e-03  Pi_e=2.1040e-02  Pi_all=-1.3211e-02  bc=0.0000e+00
               Nonlinear: L=-1.2285e-02 (lr=8.00e-05) (best_nonlinear=-2.1017e-02 @ epoch: 50340)  Pi_str=6.1456e-03  Pi_str_T=0.0000e+00  Pi_w=9.2964e-04  Pi_e=1.9360e-02  Pi_all=-1.2285e-02  bc=0.0000e+00  (ps_w: disabled)
      [GPU Status] GPU 0 (NVIDIA GeForce RTX 3070): Memory 0.02/0.02GB
============================================================
[Dual 62000/100000] Linear: L=-6.6690e-04 (lr=8.00e-05) (best_linear=-2.2838e-02 @ epoch: 50340)  Pi_str=1.0935e-02  Pi_str_T=0.0000e+00  Pi_w=7.8432e-04  Pi_e=1.2386e-02  Pi_all=-6.6690e-04  bc=0.0000e+00
               Nonlinear: L=-8.5305e-04 (lr=8.00e-05) (best_nonlinear=-2.1017e-02 @ epoch: 50340)  Pi_str=9.8654e-03  Pi_str_T=0.0000e+00  Pi_w=6.6168e-04  Pi_e=1.1380e-02  Pi_all=-8.5305e-04  bc=0.0000e+00  (ps_w: disabled)
      [GPU Status] GPU 0 (NVIDIA GeForce RTX 3070): Memory 0.02/0.02GB
============================================================
[Dual 63000/100000] Linear: L=-1.1201e-02 (lr=8.00e-05) (best_linear=-2.2838e-02 @ epoch: 50340)  Pi_str=7.5483e-03  Pi_str_T=0.0000e+00  Pi_w=9.6890e-04  Pi_e=1.9718e-02  Pi_all=-1.1201e-02  bc=0.0000e+00
               Nonlinear: L=-1.0493e-02 (lr=8.00e-05) (best_nonlinear=-2.1017e-02 @ epoch: 50340)  Pi_str=6.7365e-03  Pi_str_T=0.0000e+00  Pi_w=8.0715e-04  Pi_e=1.8037e-02  Pi_all=-1.0493e-02  bc=0.0000e+00  (ps_w: disabled)
      [GPU Status] GPU 0 (NVIDIA GeForce RTX 3070): Memory 0.02/0.02GB
============================================================
[Dual 64000/100000] Linear: L=-1.0092e-02 (lr=8.00e-05) (best_linear=-2.2838e-02 @ epoch: 50340)  Pi_str=9.7041e-03  Pi_str_T=0.0000e+00  Pi_w=9.7180e-04  Pi_e=2.0768e-02  Pi_all=-1.0092e-02  bc=0.0000e+00
               Nonlinear: L=-9.5282e-03 (lr=8.00e-05) (best_nonlinear=-2.1017e-02 @ epoch: 50340)  Pi_str=8.8177e-03  Pi_str_T=0.0000e+00  Pi_w=8.2100e-04  Pi_e=1.9167e-02  Pi_all=-9.5282e-03  bc=0.0000e+00  (ps_w: disabled)
      [GPU Status] GPU 0 (NVIDIA GeForce RTX 3070): Memory 0.02/0.02GB
============================================================
[Dual 65000/100000] Linear: L=-1.3067e-02 (lr=8.00e-05) (best_linear=-2.2838e-02 @ epoch: 50340)  Pi_str=7.7995e-03  Pi_str_T=0.0000e+00  Pi_w=1.0121e-03  Pi_e=2.1879e-02  Pi_all=-1.3067e-02  bc=0.0000e+00
               Nonlinear: L=-1.2155e-02 (lr=8.00e-05) (best_nonlinear=-2.1017e-02 @ epoch: 50340)  Pi_str=7.1618e-03  Pi_str_T=0.0000e+00  Pi_w=8.6053e-04  Pi_e=2.0177e-02  Pi_all=-1.2155e-02  bc=0.0000e+00  (ps_w: disabled)
      [GPU Status] GPU 0 (NVIDIA GeForce RTX 3070): Memory 0.02/0.02GB
============================================================
[Dual 66000/100000] Linear: L=-1.2239e-02 (lr=8.00e-05) (best_linear=-2.2838e-02 @ epoch: 50340)  Pi_str=7.3000e-03  Pi_str_T=0.0000e+00  Pi_w=9.9338e-04  Pi_e=2.0532e-02  Pi_all=-1.2239e-02  bc=0.0000e+00
               Nonlinear: L=-1.1578e-02 (lr=8.00e-05) (best_nonlinear=-2.1017e-02 @ epoch: 50340)  Pi_str=6.5159e-03  Pi_str_T=0.0000e+00  Pi_w=8.3976e-04  Pi_e=1.8934e-02  Pi_all=-1.1578e-02  bc=0.0000e+00  (ps_w: disabled)
      [GPU Status] GPU 0 (NVIDIA GeForce RTX 3070): Memory 0.02/0.02GB
============================================================
[Dual 67000/100000] Linear: L=4.3096e-03 (lr=8.00e-05) (best_linear=-2.2838e-02 @ epoch: 50340)  Pi_str=1.6897e-02  Pi_str_T=0.0000e+00  Pi_w=5.9843e-04  Pi_e=1.3186e-02  Pi_all=4.3096e-03  bc=0.0000e+00
               Nonlinear: L=3.1170e-03 (lr=8.00e-05) (best_nonlinear=-2.1017e-02 @ epoch: 50340)  Pi_str=1.4629e-02  Pi_str_T=0.0000e+00  Pi_w=4.9692e-04  Pi_e=1.2009e-02  Pi_all=3.1170e-03  bc=0.0000e+00  (ps_w: disabled)
      [GPU Status] GPU 0 (NVIDIA GeForce RTX 3070): Memory 0.02/0.02GB
============================================================
[Dual 68000/100000] Linear: L=-1.3384e-02 (lr=8.00e-05) (best_linear=-2.2838e-02 @ epoch: 50340)  Pi_str=6.3389e-03  Pi_str_T=0.0000e+00  Pi_w=1.0571e-03  Pi_e=2.0780e-02  Pi_all=-1.3384e-02  bc=0.0000e+00
               Nonlinear: L=-1.2546e-02 (lr=8.00e-05) (best_nonlinear=-2.1017e-02 @ epoch: 50340)  Pi_str=5.8056e-03  Pi_str_T=0.0000e+00  Pi_w=8.9750e-04  Pi_e=1.9249e-02  Pi_all=-1.2546e-02  bc=0.0000e+00  (ps_w: disabled)
      [GPU Status] GPU 0 (NVIDIA GeForce RTX 3070): Memory 0.02/0.02GB
============================================================
[Dual 69000/100000] Linear: L=-1.0738e-02 (lr=8.00e-05) (best_linear=-2.2838e-02 @ epoch: 50340)  Pi_str=9.3356e-03  Pi_str_T=0.0000e+00  Pi_w=9.8201e-04  Pi_e=2.1056e-02  Pi_all=-1.0738e-02  bc=0.0000e+00
               Nonlinear: L=-1.0229e-02 (lr=8.00e-05) (best_nonlinear=-2.1017e-02 @ epoch: 50340)  Pi_str=8.2693e-03  Pi_str_T=0.0000e+00  Pi_w=8.2230e-04  Pi_e=1.9321e-02  Pi_all=-1.0229e-02  bc=0.0000e+00  (ps_w: disabled)
      [GPU Status] GPU 0 (NVIDIA GeForce RTX 3070): Memory 0.02/0.02GB
============================================================
[Dual 70000/100000] Linear: L=-9.9229e-03 (lr=8.00e-05) (best_linear=-2.2838e-02 @ epoch: 50340)  Pi_str=9.4227e-03  Pi_str_T=0.0000e+00  Pi_w=9.1833e-04  Pi_e=2.0264e-02  Pi_all=-9.9229e-03  bc=0.0000e+00
               Nonlinear: L=-9.5900e-03 (lr=8.00e-05) (best_nonlinear=-2.1017e-02 @ epoch: 50340)  Pi_str=8.3739e-03  Pi_str_T=0.0000e+00  Pi_w=7.7902e-04  Pi_e=1.8743e-02  Pi_all=-9.5900e-03  bc=0.0000e+00  (ps_w: disabled)
      [GPU Status] GPU 0 (NVIDIA GeForce RTX 3070): Memory 0.02/0.02GB
============================================================
[Dual 71000/100000] Linear: L=-9.7267e-03 (lr=8.00e-05) (best_linear=-2.2838e-02 @ epoch: 50340)  Pi_str=8.5671e-03  Pi_str_T=0.0000e+00  Pi_w=9.8665e-04  Pi_e=1.9280e-02  Pi_all=-9.7267e-03  bc=0.0000e+00
               Nonlinear: L=-9.2523e-03 (lr=8.00e-05) (best_nonlinear=-2.1017e-02 @ epoch: 50340)  Pi_str=7.6038e-03  Pi_str_T=0.0000e+00  Pi_w=8.2611e-04  Pi_e=1.7682e-02  Pi_all=-9.2523e-03  bc=0.0000e+00  (ps_w: disabled)
      [GPU Status] GPU 0 (NVIDIA GeForce RTX 3070): Memory 0.02/0.02GB
============================================================
[Dual 72000/100000] Linear: L=-1.0875e-02 (lr=8.00e-05) (best_linear=-2.2838e-02 @ epoch: 50340)  Pi_str=9.8156e-03  Pi_str_T=0.0000e+00  Pi_w=1.0497e-03  Pi_e=2.1740e-02  Pi_all=-1.0875e-02  bc=0.0000e+00
               Nonlinear: L=-1.0287e-02 (lr=8.00e-05) (best_nonlinear=-2.1017e-02 @ epoch: 50340)  Pi_str=8.7645e-03  Pi_str_T=0.0000e+00  Pi_w=8.7560e-04  Pi_e=1.9927e-02  Pi_all=-1.0287e-02  bc=0.0000e+00  (ps_w: disabled)
      [GPU Status] GPU 0 (NVIDIA GeForce RTX 3070): Memory 0.02/0.02GB
============================================================
[Dual 73000/100000] Linear: L=-9.8035e-03 (lr=8.00e-05) (best_linear=-2.2838e-02 @ epoch: 50340)  Pi_str=1.0024e-02  Pi_str_T=0.0000e+00  Pi_w=1.0472e-03  Pi_e=2.0875e-02  Pi_all=-9.8035e-03  bc=0.0000e+00
               Nonlinear: L=-9.5064e-03 (lr=8.00e-05) (best_nonlinear=-2.1017e-02 @ epoch: 50340)  Pi_str=8.6585e-03  Pi_str_T=0.0000e+00  Pi_w=8.6209e-04  Pi_e=1.9027e-02  Pi_all=-9.5064e-03  bc=0.0000e+00  (ps_w: disabled)
      [GPU Status] GPU 0 (NVIDIA GeForce RTX 3070): Memory 0.02/0.02GB
============================================================
[Dual 74000/100000] Linear: L=-7.0109e-03 (lr=8.00e-05) (best_linear=-2.2838e-02 @ epoch: 50340)  Pi_str=1.1330e-02  Pi_str_T=0.0000e+00  Pi_w=9.8084e-04  Pi_e=1.9322e-02  Pi_all=-7.0109e-03  bc=0.0000e+00
               Nonlinear: L=-6.9173e-03 (lr=8.00e-05) (best_nonlinear=-2.1017e-02 @ epoch: 50340)  Pi_str=9.9756e-03  Pi_str_T=0.0000e+00  Pi_w=8.2255e-04  Pi_e=1.7715e-02  Pi_all=-6.9173e-03  bc=0.0000e+00  (ps_w: disabled)
      [GPU Status] GPU 0 (NVIDIA GeForce RTX 3070): Memory 0.02/0.02GB
============================================================
[Dual 75000/100000] Linear: L=-1.5293e-02 (lr=8.00e-05) (best_linear=-2.2838e-02 @ epoch: 50340)  Pi_str=5.2665e-03  Pi_str_T=0.0000e+00  Pi_w=1.1261e-03  Pi_e=2.1685e-02  Pi_all=-1.5293e-02  bc=0.0000e+00
               Nonlinear: L=-1.4050e-02 (lr=8.00e-05) (best_nonlinear=-2.1017e-02 @ epoch: 50340)  Pi_str=5.1086e-03  Pi_str_T=0.0000e+00  Pi_w=9.5612e-04  Pi_e=2.0114e-02  Pi_all=-1.4050e-02  bc=0.0000e+00  (ps_w: disabled)
      [GPU Status] GPU 0 (NVIDIA GeForce RTX 3070): Memory 0.02/0.02GB
============================================================
[Dual 76000/100000] Linear: L=-6.6176e-03 (lr=8.00e-05) (best_linear=-2.2838e-02 @ epoch: 50340)  Pi_str=1.1114e-02  Pi_str_T=0.0000e+00  Pi_w=9.0888e-04  Pi_e=1.8640e-02  Pi_all=-6.6176e-03  bc=0.0000e+00
               Nonlinear: L=-6.4827e-03 (lr=8.00e-05) (best_nonlinear=-2.1017e-02 @ epoch: 50340)  Pi_str=9.9231e-03  Pi_str_T=0.0000e+00  Pi_w=7.6580e-04  Pi_e=1.7172e-02  Pi_all=-6.4827e-03  bc=0.0000e+00  (ps_w: disabled)
      [GPU Status] GPU 0 (NVIDIA GeForce RTX 3070): Memory 0.02/0.02GB
============================================================
[Dual 77000/100000] Linear: L=-1.4517e-02 (lr=8.00e-05) (best_linear=-2.2838e-02 @ epoch: 50340)  Pi_str=6.4893e-03  Pi_str_T=0.0000e+00  Pi_w=1.1009e-03  Pi_e=2.2107e-02  Pi_all=-1.4517e-02  bc=0.0000e+00
               Nonlinear: L=-1.3517e-02 (lr=8.00e-05) (best_nonlinear=-2.1017e-02 @ epoch: 50340)  Pi_str=5.8697e-03  Pi_str_T=0.0000e+00  Pi_w=9.2287e-04  Pi_e=2.0309e-02  Pi_all=-1.3517e-02  bc=0.0000e+00  (ps_w: disabled)
      [GPU Status] GPU 0 (NVIDIA GeForce RTX 3070): Memory 0.02/0.02GB
============================================================
[Dual 78000/100000] Linear: L=-1.1333e-02 (lr=8.00e-05) (best_linear=-2.2838e-02 @ epoch: 50340)  Pi_str=7.3625e-03  Pi_str_T=0.0000e+00  Pi_w=1.0121e-03  Pi_e=1.9708e-02  Pi_all=-1.1333e-02  bc=0.0000e+00
               Nonlinear: L=-1.0678e-02 (lr=8.00e-05) (best_nonlinear=-2.1017e-02 @ epoch: 50340)  Pi_str=6.3841e-03  Pi_str_T=0.0000e+00  Pi_w=8.3498e-04  Pi_e=1.7897e-02  Pi_all=-1.0678e-02  bc=0.0000e+00  (ps_w: disabled)
      [GPU Status] GPU 0 (NVIDIA GeForce RTX 3070): Memory 0.02/0.02GB
============================================================
[Dual 79000/100000] Linear: L=-1.0502e-02 (lr=8.00e-05) (best_linear=-2.2838e-02 @ epoch: 50340)  Pi_str=6.1645e-03  Pi_str_T=0.0000e+00  Pi_w=1.1195e-03  Pi_e=1.7786e-02  Pi_all=-1.0502e-02  bc=0.0000e+00
               Nonlinear: L=-9.7359e-03 (lr=8.00e-05) (best_nonlinear=-2.1017e-02 @ epoch: 50340)  Pi_str=5.4757e-03  Pi_str_T=0.0000e+00  Pi_w=9.1984e-04  Pi_e=1.6131e-02  Pi_all=-9.7359e-03  bc=0.0000e+00  (ps_w: disabled)
      [GPU Status] GPU 0 (NVIDIA GeForce RTX 3070): Memory 0.02/0.02GB
============================================================
[Dual 80000/100000] Linear: L=-1.2119e-02 (lr=8.00e-05) (best_linear=-2.2838e-02 @ epoch: 50340)  Pi_str=7.9086e-03  Pi_str_T=0.0000e+00  Pi_w=9.9822e-04  Pi_e=2.1026e-02  Pi_all=-1.2119e-02  bc=0.0000e+00
               Nonlinear: L=-1.1410e-02 (lr=8.00e-05) (best_nonlinear=-2.1017e-02 @ epoch: 50340)  Pi_str=6.9702e-03  Pi_str_T=0.0000e+00  Pi_w=8.3145e-04  Pi_e=1.9211e-02  Pi_all=-1.1410e-02  bc=0.0000e+00  (ps_w: disabled)
      [GPU Status] GPU 0 (NVIDIA GeForce RTX 3070): Memory 0.02/0.02GB
============================================================
[Dual 81000/100000] Linear: L=-1.2246e-02 (lr=8.00e-05) (best_linear=-2.2838e-02 @ epoch: 50340)  Pi_str=7.7801e-03  Pi_str_T=0.0000e+00  Pi_w=1.1233e-03  Pi_e=2.1149e-02  Pi_all=-1.2246e-02  bc=0.0000e+00
               Nonlinear: L=-1.1503e-02 (lr=8.00e-05) (best_nonlinear=-2.1017e-02 @ epoch: 50340)  Pi_str=6.9541e-03  Pi_str_T=0.0000e+00  Pi_w=9.3846e-04  Pi_e=1.9395e-02  Pi_all=-1.1503e-02  bc=0.0000e+00  (ps_w: disabled)
      [GPU Status] GPU 0 (NVIDIA GeForce RTX 3070): Memory 0.02/0.02GB
============================================================
[Dual 82000/100000] Linear: L=-1.5003e-02 (lr=8.00e-05) (best_linear=-2.2838e-02 @ epoch: 50340)  Pi_str=6.6587e-03  Pi_str_T=0.0000e+00  Pi_w=1.0507e-03  Pi_e=2.2712e-02  Pi_all=-1.5003e-02  bc=0.0000e+00
               Nonlinear: L=-1.4022e-02 (lr=8.00e-05) (best_nonlinear=-2.1017e-02 @ epoch: 50340)  Pi_str=5.9329e-03  Pi_str_T=0.0000e+00  Pi_w=8.7952e-04  Pi_e=2.0835e-02  Pi_all=-1.4022e-02  bc=0.0000e+00  (ps_w: disabled)
      [GPU Status] GPU 0 (NVIDIA GeForce RTX 3070): Memory 0.02/0.02GB
============================================================
[Dual 83000/100000] Linear: L=-1.4047e-02 (lr=8.00e-05) (best_linear=-2.2838e-02 @ epoch: 50340)  Pi_str=6.9319e-03  Pi_str_T=0.0000e+00  Pi_w=9.9629e-04  Pi_e=2.1976e-02  Pi_all=-1.4047e-02  bc=0.0000e+00
               Nonlinear: L=-1.3244e-02 (lr=8.00e-05) (best_nonlinear=-2.1017e-02 @ epoch: 50340)  Pi_str=6.2295e-03  Pi_str_T=0.0000e+00  Pi_w=8.4608e-04  Pi_e=2.0320e-02  Pi_all=-1.3244e-02  bc=0.0000e+00  (ps_w: disabled)
      [GPU Status] GPU 0 (NVIDIA GeForce RTX 3070): Memory 0.02/0.02GB
============================================================
[Dual 84000/100000] Linear: L=-4.2105e-03 (lr=8.00e-05) (best_linear=-2.2838e-02 @ epoch: 50340)  Pi_str=1.2335e-02  Pi_str_T=0.0000e+00  Pi_w=8.7877e-04  Pi_e=1.7424e-02  Pi_all=-4.2105e-03  bc=0.0000e+00
               Nonlinear: L=-4.0389e-03 (lr=8.00e-05) (best_nonlinear=-2.1017e-02 @ epoch: 50340)  Pi_str=1.1313e-02  Pi_str_T=0.0000e+00  Pi_w=7.4816e-04  Pi_e=1.6100e-02  Pi_all=-4.0389e-03  bc=0.0000e+00  (ps_w: disabled)
      [GPU Status] GPU 0 (NVIDIA GeForce RTX 3070): Memory 0.02/0.02GB
============================================================
[Dual 85000/100000] Linear: L=-1.1752e-02 (lr=8.00e-05) (best_linear=-2.2838e-02 @ epoch: 50340)  Pi_str=8.5132e-03  Pi_str_T=0.0000e+00  Pi_w=1.0846e-03  Pi_e=2.1350e-02  Pi_all=-1.1752e-02  bc=0.0000e+00
               Nonlinear: L=-1.1030e-02 (lr=8.00e-05) (best_nonlinear=-2.1017e-02 @ epoch: 50340)  Pi_str=7.8288e-03  Pi_str_T=0.0000e+00  Pi_w=9.1713e-04  Pi_e=1.9776e-02  Pi_all=-1.1030e-02  bc=0.0000e+00  (ps_w: disabled)
      [GPU Status] GPU 0 (NVIDIA GeForce RTX 3070): Memory 0.02/0.02GB
============================================================
[Dual 86000/100000] Linear: L=-3.8965e-03 (lr=8.00e-05) (best_linear=-2.2838e-02 @ epoch: 50340)  Pi_str=1.1189e-02  Pi_str_T=0.0000e+00  Pi_w=8.8783e-04  Pi_e=1.5973e-02  Pi_all=-3.8965e-03  bc=0.0000e+00
               Nonlinear: L=-3.8837e-03 (lr=8.00e-05) (best_nonlinear=-2.1017e-02 @ epoch: 50340)  Pi_str=1.0196e-02  Pi_str_T=0.0000e+00  Pi_w=7.5550e-04  Pi_e=1.4835e-02  Pi_all=-3.8837e-03  bc=0.0000e+00  (ps_w: disabled)
      [GPU Status] GPU 0 (NVIDIA GeForce RTX 3070): Memory 0.02/0.02GB
============================================================
[Dual 87000/100000] Linear: L=-1.0231e-02 (lr=8.00e-05) (best_linear=-2.2838e-02 @ epoch: 50340)  Pi_str=9.3215e-03  Pi_str_T=0.0000e+00  Pi_w=9.7203e-04  Pi_e=2.0524e-02  Pi_all=-1.0231e-02  bc=0.0000e+00
               Nonlinear: L=-9.7593e-03 (lr=8.00e-05) (best_nonlinear=-2.1017e-02 @ epoch: 50340)  Pi_str=8.2818e-03  Pi_str_T=0.0000e+00  Pi_w=8.1768e-04  Pi_e=1.8859e-02  Pi_all=-9.7593e-03  bc=0.0000e+00  (ps_w: disabled)
      [GPU Status] GPU 0 (NVIDIA GeForce RTX 3070): Memory 0.02/0.02GB
============================================================
[Dual 88000/100000] Linear: L=-1.4093e-02 (lr=8.00e-05) (best_linear=-2.2838e-02 @ epoch: 50340)  Pi_str=9.7143e-03  Pi_str_T=0.0000e+00  Pi_w=1.0667e-03  Pi_e=2.4874e-02  Pi_all=-1.4093e-02  bc=0.0000e+00
               Nonlinear: L=-1.3497e-02 (lr=8.00e-05) (best_nonlinear=-2.1017e-02 @ epoch: 50340)  Pi_str=8.3854e-03  Pi_str_T=0.0000e+00  Pi_w=8.9178e-04  Pi_e=2.2774e-02  Pi_all=-1.3497e-02  bc=0.0000e+00  (ps_w: disabled)
      [GPU Status] GPU 0 (NVIDIA GeForce RTX 3070): Memory 0.02/0.02GB
============================================================
[Dual 89000/100000] Linear: L=-5.6016e-03 (lr=8.00e-05) (best_linear=-2.2838e-02 @ epoch: 50340)  Pi_str=8.7358e-03  Pi_str_T=0.0000e+00  Pi_w=9.0727e-04  Pi_e=1.5245e-02  Pi_all=-5.6016e-03  bc=0.0000e+00
               Nonlinear: L=-5.4739e-03 (lr=8.00e-05) (best_nonlinear=-2.1017e-02 @ epoch: 50340)  Pi_str=7.7998e-03  Pi_str_T=0.0000e+00  Pi_w=7.6041e-04  Pi_e=1.4034e-02  Pi_all=-5.4739e-03  bc=0.0000e+00  (ps_w: disabled)
      [GPU Status] GPU 0 (NVIDIA GeForce RTX 3070): Memory 0.02/0.02GB
============================================================
[Dual 90000/100000] Linear: L=-1.3579e-02 (lr=8.00e-05) (best_linear=-2.2838e-02 @ epoch: 50340)  Pi_str=6.9790e-03  Pi_str_T=0.0000e+00  Pi_w=1.0438e-03  Pi_e=2.1602e-02  Pi_all=-1.3579e-02  bc=0.0000e+00
               Nonlinear: L=-1.2696e-02 (lr=8.00e-05) (best_nonlinear=-2.1358e-02 @ epoch: 89297)  Pi_str=6.2969e-03  Pi_str_T=0.0000e+00  Pi_w=8.8141e-04  Pi_e=1.9874e-02  Pi_all=-1.2696e-02  bc=0.0000e+00  (ps_w: disabled)
      [GPU Status] GPU 0 (NVIDIA GeForce RTX 3070): Memory 0.02/0.02GB
============================================================
[Dual 91000/100000] Linear: L=-1.6711e-02 (lr=8.00e-05) (best_linear=-2.2838e-02 @ epoch: 50340)  Pi_str=5.9479e-03  Pi_str_T=0.0000e+00  Pi_w=1.1017e-03  Pi_e=2.3761e-02  Pi_all=-1.6711e-02  bc=0.0000e+00
               Nonlinear: L=-1.5531e-02 (lr=8.00e-05) (best_nonlinear=-2.1358e-02 @ epoch: 89297)  Pi_str=5.4033e-03  Pi_str_T=0.0000e+00  Pi_w=9.3016e-04  Pi_e=2.1865e-02  Pi_all=-1.5531e-02  bc=0.0000e+00  (ps_w: disabled)
      [GPU Status] GPU 0 (NVIDIA GeForce RTX 3070): Memory 0.02/0.02GB
============================================================
[Dual 92000/100000] Linear: L=-1.2099e-02 (lr=8.00e-05) (best_linear=-2.2838e-02 @ epoch: 50340)  Pi_str=9.3319e-03  Pi_str_T=0.0000e+00  Pi_w=1.0334e-03  Pi_e=2.2465e-02  Pi_all=-1.2099e-02  bc=0.0000e+00
               Nonlinear: L=-1.1486e-02 (lr=8.00e-05) (best_nonlinear=-2.1358e-02 @ epoch: 89297)  Pi_str=8.1932e-03  Pi_str_T=0.0000e+00  Pi_w=8.5761e-04  Pi_e=2.0537e-02  Pi_all=-1.1486e-02  bc=0.0000e+00  (ps_w: disabled)
      [GPU Status] GPU 0 (NVIDIA GeForce RTX 3070): Memory 0.02/0.02GB
============================================================
[Dual 93000/100000] Linear: L=-1.0808e-02 (lr=8.00e-05) (best_linear=-2.2838e-02 @ epoch: 50340)  Pi_str=9.6274e-03  Pi_str_T=0.0000e+00  Pi_w=9.4836e-04  Pi_e=2.1384e-02  Pi_all=-1.0808e-02  bc=0.0000e+00
               Nonlinear: L=-1.0405e-02 (lr=8.00e-05) (best_nonlinear=-2.1358e-02 @ epoch: 89297)  Pi_str=8.4647e-03  Pi_str_T=0.0000e+00  Pi_w=7.9906e-04  Pi_e=1.9669e-02  Pi_all=-1.0405e-02  bc=0.0000e+00  (ps_w: disabled)
      [GPU Status] GPU 0 (NVIDIA GeForce RTX 3070): Memory 0.02/0.02GB
============================================================
[Dual 94000/100000] Linear: L=-9.4221e-03 (lr=8.00e-05) (best_linear=-2.2838e-02 @ epoch: 50340)  Pi_str=8.2266e-03  Pi_str_T=0.0000e+00  Pi_w=9.2461e-04  Pi_e=1.8573e-02  Pi_all=-9.4221e-03  bc=0.0000e+00
               Nonlinear: L=-9.0503e-03 (lr=8.00e-05) (best_nonlinear=-2.1358e-02 @ epoch: 89297)  Pi_str=7.2139e-03  Pi_str_T=0.0000e+00  Pi_w=7.7592e-04  Pi_e=1.7040e-02  Pi_all=-9.0503e-03  bc=0.0000e+00  (ps_w: disabled)
      [GPU Status] GPU 0 (NVIDIA GeForce RTX 3070): Memory 0.02/0.02GB
============================================================
[Dual 95000/100000] Linear: L=-1.0547e-02 (lr=8.00e-05) (best_linear=-2.2838e-02 @ epoch: 50340)  Pi_str=8.7885e-03  Pi_str_T=0.0000e+00  Pi_w=1.0157e-03  Pi_e=2.0351e-02  Pi_all=-1.0547e-02  bc=0.0000e+00
               Nonlinear: L=-9.9826e-03 (lr=8.00e-05) (best_nonlinear=-2.1358e-02 @ epoch: 89297)  Pi_str=7.8534e-03  Pi_str_T=0.0000e+00  Pi_w=8.4865e-04  Pi_e=1.8685e-02  Pi_all=-9.9826e-03  bc=0.0000e+00  (ps_w: disabled)
      [GPU Status] GPU 0 (NVIDIA GeForce RTX 3070): Memory 0.02/0.02GB
============================================================
[Dual 96000/100000] Linear: L=-7.5042e-03 (lr=8.00e-05) (best_linear=-2.2838e-02 @ epoch: 50340)  Pi_str=1.1165e-02  Pi_str_T=0.0000e+00  Pi_w=8.7750e-04  Pi_e=1.9546e-02  Pi_all=-7.5042e-03  bc=0.0000e+00
               Nonlinear: L=-7.3354e-03 (lr=8.00e-05) (best_nonlinear=-2.1358e-02 @ epoch: 89297)  Pi_str=9.9226e-03  Pi_str_T=0.0000e+00  Pi_w=7.3901e-04  Pi_e=1.7997e-02  Pi_all=-7.3354e-03  bc=0.0000e+00  (ps_w: disabled)
      [GPU Status] GPU 0 (NVIDIA GeForce RTX 3070): Memory 0.02/0.02GB
============================================================
[Dual 97000/100000] Linear: L=-1.0213e-02 (lr=8.00e-05) (best_linear=-2.2838e-02 @ epoch: 50340)  Pi_str=9.5915e-03  Pi_str_T=0.0000e+00  Pi_w=9.5356e-04  Pi_e=2.0759e-02  Pi_all=-1.0213e-02  bc=0.0000e+00
               Nonlinear: L=-9.8215e-03 (lr=8.00e-05) (best_nonlinear=-2.1358e-02 @ epoch: 89297)  Pi_str=8.6623e-03  Pi_str_T=0.0000e+00  Pi_w=8.1332e-04  Pi_e=1.9297e-02  Pi_all=-9.8215e-03  bc=0.0000e+00  (ps_w: disabled)
      [GPU Status] GPU 0 (NVIDIA GeForce RTX 3070): Memory 0.02/0.02GB
============================================================
[Dual 98000/100000] Linear: L=-1.2602e-02 (lr=8.00e-05) (best_linear=-2.2838e-02 @ epoch: 50340)  Pi_str=9.6999e-03  Pi_str_T=0.0000e+00  Pi_w=9.8829e-04  Pi_e=2.3290e-02  Pi_all=-1.2602e-02  bc=0.0000e+00
               Nonlinear: L=-1.2030e-02 (lr=8.00e-05) (best_nonlinear=-2.1358e-02 @ epoch: 89297)  Pi_str=8.7161e-03  Pi_str_T=0.0000e+00  Pi_w=8.4133e-04  Pi_e=2.1588e-02  Pi_all=-1.2030e-02  bc=0.0000e+00  (ps_w: disabled)
      [GPU Status] GPU 0 (NVIDIA GeForce RTX 3070): Memory 0.02/0.02GB
============================================================
[Dual 99000/100000] Linear: L=-1.4063e-02 (lr=8.00e-05) (best_linear=-2.2858e-02 @ epoch: 98838)  Pi_str=7.9470e-03  Pi_str_T=0.0000e+00  Pi_w=1.0267e-03  Pi_e=2.3036e-02  Pi_all=-1.4063e-02  bc=0.0000e+00
               Nonlinear: L=-1.3230e-02 (lr=8.00e-05) (best_nonlinear=-2.1358e-02 @ epoch: 89297)  Pi_str=6.9827e-03  Pi_str_T=0.0000e+00  Pi_w=8.5775e-04  Pi_e=2.1070e-02  Pi_all=-1.3230e-02  bc=0.0000e+00  (ps_w: disabled)
      [GPU Status] GPU 0 (NVIDIA GeForce RTX 3070): Memory 0.02/0.02GB
============================================================
[Dual 100000/100000] Linear: L=-6.4680e-03 (lr=8.00e-05) (best_linear=-2.2858e-02 @ epoch: 98838)  Pi_str=9.4695e-03  Pi_str_T=0.0000e+00  Pi_w=8.8494e-04  Pi_e=1.6822e-02  Pi_all=-6.4680e-03  bc=0.0000e+00
               Nonlinear: L=-6.3094e-03 (lr=8.00e-05) (best_nonlinear=-2.1358e-02 @ epoch: 89297)  Pi_str=8.5411e-03  Pi_str_T=0.0000e+00  Pi_w=7.5510e-04  Pi_e=1.5606e-02  Pi_all=-6.3094e-03  bc=0.0000e+00  (ps_w: disabled)
      [GPU Status] GPU 0 (NVIDIA GeForce RTX 3070): Memory 0.02/0.02GB
[ModelSelect] restore_best=False: keeping FINAL-epoch states (linear final loss=-0.022858470678329468, nonlinear final loss=-0.021357910707592964).
[Dual] Best Summary  linear: -2.285847e-02 @ epoch 98838; nonlinear: -2.135791e-02 @ epoch 89297
[WARN] Path extremely long (281 chars). Using hashed filename: Lw_db09d74afccd.pth
[OK] linear model saved: D:\Desktop\Work_of_PhD\Work_2\ODIL_Timoshenko_Elastic_foundation_FSDT_work\Opensource_1-2\experiments\Comparison_of_computational_time\results\pinn\pure_pinn_adam\C-C\X\W0.025-T300.0-H0.8-qn0.08-L20h-Tanh-k0.01_0.001\models\Lw_db09d74afccd.pth
[WARN] Path extremely long (282 chars). Using hashed filename: NLw_db09d74afccd.pth
[OK] Nonlinear model saved: D:\Desktop\Work_of_PhD\Work_2\ODIL_Timoshenko_Elastic_foundation_FSDT_work\Opensource_1-2\experiments\Comparison_of_computational_time\results\pinn\pure_pinn_adam\C-C\X\W0.025-T300.0-H0.8-qn0.08-L20h-Tanh-k0.01_0.001\models\NLw_db09d74afccd.pth

[SAVE] Saving results...
Data saved: D:\Desktop\Work_of_PhD\Work_2\ODIL_Timoshenko_Elastic_foundation_FSDT_work\Opensource_1-2\experiments\Comparison_of_computational_time\results\pinn\pure_pinn_adam\C-C\X\W0.025-T300.0-H0.8-qn0.08-L20h-Tanh-k0.01_0.001\data\w_W_0.025_T_300.0_H_0.8_qn0.08_Tanh_k1_0.01_k2_0.001.csv
[OK] Displacement data saved: w_W_0.025_T_300.0_H_0.8_qn0.08_Tanh_k1_0.01_k2_0.001.csv
Loss log saved: D:\Desktop\Work_of_PhD\Work_2\ODIL_Timoshenko_Elastic_foundation_FSDT_work\Opensource_1-2\experiments\Comparison_of_computational_time\results\pinn\pure_pinn_adam\C-C\X\W0.025-T300.0-H0.8-qn0.08-L20h-Tanh-k0.01_0.001\logs\loss_W_0.025_T_300.0_H_0.8_qn0.08_Tanh_k1_0.01_k2_0.001.csv
[OK] Training log saved: W_0.025_T_300.0_H_0.8_qn0.08_Tanh_k1_0.01_k2_0.001_loss.csv
Training curves saved: D:\Desktop\Work_of_PhD\Work_2\ODIL_Timoshenko_Elastic_foundation_FSDT_work\Opensource_1-2\experiments\Comparison_of_computational_time\results\pinn\pure_pinn_adam\C-C\X\W0.025-T300.0-H0.8-qn0.08-L20h-Tanh-k0.01_0.001\plots\W_0.025_T_300.0_H_0.8_qn0.08_Tanh_k1_0.01_k2_0.001_loss.png
Comparison plot saved: D:\Desktop\Work_of_PhD\Work_2\ODIL_Timoshenko_Elastic_foundation_FSDT_work\Opensource_1-2\experiments\Comparison_of_computational_time\results\pinn\pure_pinn_adam\C-C\X\W0.025-T300.0-H0.8-qn0.08-L20h-Tanh-k0.01_0.001\plots\W_0.025_T_300.0_H_0.8_qn0.08_Tanh_k1_0.01_k2_0.001_u.png
Comparison plot saved: D:\Desktop\Work_of_PhD\Work_2\ODIL_Timoshenko_Elastic_foundation_FSDT_work\Opensource_1-2\experiments\Comparison_of_computational_time\results\pinn\pure_pinn_adam\C-C\X\W0.025-T300.0-H0.8-qn0.08-L20h-Tanh-k0.01_0.001\plots\W_0.025_T_300.0_H_0.8_qn0.08_Tanh_k1_0.01_k2_0.001_w.png
Comparison plot saved: D:\Desktop\Work_of_PhD\Work_2\ODIL_Timoshenko_Elastic_foundation_FSDT_work\Opensource_1-2\experiments\Comparison_of_computational_time\results\pinn\pure_pinn_adam\C-C\X\W0.025-T300.0-H0.8-qn0.08-L20h-Tanh-k0.01_0.001\plots\W_0.025_T_300.0_H_0.8_qn0.08_Tanh_k1_0.01_k2_0.001_phi.png

============================================================
Solution Results Summary
============================================================

Linear Model:
  Max deflection: 0.465936
  Final loss: -6.468045e-03

Nonlinear Model:
  Max deflection: 0.428731
  Final loss: -6.309400e-03
============================================================
Index updated: D:\Desktop\Work_of_PhD\Work_2\ODIL_Timoshenko_Elastic_foundation_FSDT_work\Opensource_1-2\experiments\Comparison_of_computational_time\results\pinn\pure_pinn_adam\C-C\X\W0.025-T300.0-H0.8-qn0.08-L20h-Tanh-k0.01_0.001\logs\index.json

[SUCCESS] Training completed!
[OK]   with_foundation/adam done in 4021.3 s (67.0 min)

############################################################################
# PINN  scenario=no_foundation  optimizer=adam
#       k1=0.0, k2=0.0
#       optimizer_type=Adam lr=8e-05 epochs=100000 patience=None restore_best=False
############################################################################

START: Starting training core (script: pure_pinn_adam)
Warning: Unable to import safety tools: No module named 'psutil'
Device: cuda
============================================================
Configuration:
------------------------------------------------------------
  Geometry: h=0.1, L=2.0
  Material: W_Gr=0.025, H_Gr=0.8, T=300
  Load: q=-0.08
  BC: C-C
  Training: epochs=100000, lr=8e-05 (fixed), optimizer=Adam
  Network: shared encoder=[1, 32, 64, 128], head=[128, 64, 32, 1]
  InputDim: 1
  Sampler: uniform
  SamplerReuse: True
  Integrator: mc (N_train=21)
============================================================

[INFO] Calculating material parameters...
============================================================
Material Properties Summary
============================================================
Geometry: L = 2.000 m, h = 0.100 m, layers = 10
Material: W_Gr = 0.025, H_Gr = 0.800, T = 300.0 K
Distribution: X
------------------------------------------------------------
Effective Material Properties:
  Young's modulus: E = 96.84 GPa
  Poisson's ratio: nu = -0.143
  Thermal expansion: alpha = 7.25 x 10^-6 /K
  Density: rho = 7744 kg/m^3

Stiffness Coefficients:
  A11 = 1.15e+10
  B11 = 2.98e-08
  D11 = 1.27e+07
  A55 = 5.95e+09

Pure Copper Reference:
  A11_0 = 7.74e+09
  B11_0 = 0.00e+00
  D11_0 = 6.45e+06
  A55_0 = 1.98e+09

Dimensionless Parameters:
  a11 = 1.4815
  b11 = 0.0000
  d11 = 0.1640
  a55 = 0.7694
  lambda = L/h = 20.00
  n_xT = -0.000000
  m_xT = -0.000000
============================================================

Elastic foundation parameters:
  k1 = 0.0000 (Winkler foundation stiffness)
  k2 = 0.0000 (Pasternak foundation stiffness)

[INFO] Starting dual model pseudo-supervised training..
[Pseudo-Supervision] Status: DISABLED
[EarlyStop] Patience-based early stopping DISABLED (will run full 100000 epochs).
============================================================
[Dual     1/100000] Linear: L=1.2403e-01 (lr=8.00e-05) (best_linear=1.2403e-01 @ epoch: 1)  Pi_str=1.2296e-01  Pi_str_T=0.0000e+00  Pi_w=0.0000e+00  Pi_e=-1.0703e-03  Pi_all=1.2403e-01  bc=0.0000e+00
               Nonlinear: L=6.8473e-02 (lr=8.00e-05) (best_nonlinear=6.8473e-02 @ epoch: 1)  Pi_str=7.0967e-02  Pi_str_T=0.0000e+00  Pi_w=0.0000e+00  Pi_e=2.4942e-03  Pi_all=6.8473e-02  bc=0.0000e+00  (ps_w: disabled)
============================================================
[Dual  1000/100000] Linear: L=-2.4138e-03 (lr=8.00e-05) (best_linear=-5.2920e-03 @ epoch: 970)  Pi_str=1.6759e-03  Pi_str_T=0.0000e+00  Pi_w=0.0000e+00  Pi_e=4.0897e-03  Pi_all=-2.4138e-03  bc=0.0000e+00
               Nonlinear: L=-2.3522e-03 (lr=8.00e-05) (best_nonlinear=-5.6352e-03 @ epoch: 913)  Pi_str=1.7726e-03  Pi_str_T=0.0000e+00  Pi_w=0.0000e+00  Pi_e=4.1247e-03  Pi_all=-2.3522e-03  bc=0.0000e+00  (ps_w: disabled)
      [GPU Status] GPU 0 (NVIDIA GeForce RTX 3070): Memory 0.02/0.02GB
============================================================
[Dual  2000/100000] Linear: L=-7.7431e-03 (lr=8.00e-05) (best_linear=-1.1201e-02 @ epoch: 1851)  Pi_str=3.1276e-03  Pi_str_T=0.0000e+00  Pi_w=0.0000e+00  Pi_e=1.0871e-02  Pi_all=-7.7431e-03  bc=0.0000e+00
               Nonlinear: L=-8.5433e-03 (lr=8.00e-05) (best_nonlinear=-1.1654e-02 @ epoch: 1851)  Pi_str=3.0640e-03  Pi_str_T=0.0000e+00  Pi_w=0.0000e+00  Pi_e=1.1607e-02  Pi_all=-8.5433e-03  bc=0.0000e+00  (ps_w: disabled)
      [GPU Status] GPU 0 (NVIDIA GeForce RTX 3070): Memory 0.02/0.02GB
============================================================
[Dual  3000/100000] Linear: L=-4.0804e-03 (lr=8.00e-05) (best_linear=-1.3678e-02 @ epoch: 2984)  Pi_str=4.1320e-03  Pi_str_T=0.0000e+00  Pi_w=0.0000e+00  Pi_e=8.2124e-03  Pi_all=-4.0804e-03  bc=0.0000e+00
               Nonlinear: L=-4.8227e-03 (lr=8.00e-05) (best_nonlinear=-1.4778e-02 @ epoch: 2984)  Pi_str=4.5343e-03  Pi_str_T=0.0000e+00  Pi_w=0.0000e+00  Pi_e=9.3570e-03  Pi_all=-4.8227e-03  bc=0.0000e+00  (ps_w: disabled)
      [GPU Status] GPU 0 (NVIDIA GeForce RTX 3070): Memory 0.02/0.02GB
============================================================
[Dual  4000/100000] Linear: L=-8.9463e-04 (lr=8.00e-05) (best_linear=-1.6492e-02 @ epoch: 3914)  Pi_str=6.6769e-03  Pi_str_T=0.0000e+00  Pi_w=0.0000e+00  Pi_e=7.5715e-03  Pi_all=-8.9463e-04  bc=0.0000e+00
               Nonlinear: L=-5.7714e-04 (lr=8.00e-05) (best_nonlinear=-1.8263e-02 @ epoch: 3914)  Pi_str=7.9441e-03  Pi_str_T=0.0000e+00  Pi_w=0.0000e+00  Pi_e=8.5212e-03  Pi_all=-5.7714e-04  bc=0.0000e+00  (ps_w: disabled)
      [GPU Status] GPU 0 (NVIDIA GeForce RTX 3070): Memory 0.02/0.02GB
============================================================
[Dual  5000/100000] Linear: L=-1.8281e-03 (lr=8.00e-05) (best_linear=-1.7954e-02 @ epoch: 4858)  Pi_str=7.4620e-03  Pi_str_T=0.0000e+00  Pi_w=0.0000e+00  Pi_e=9.2901e-03  Pi_all=-1.8281e-03  bc=0.0000e+00
               Nonlinear: L=-1.8120e-03 (lr=8.00e-05) (best_nonlinear=-1.8786e-02 @ epoch: 4847)  Pi_str=8.2058e-03  Pi_str_T=0.0000e+00  Pi_w=0.0000e+00  Pi_e=1.0018e-02  Pi_all=-1.8120e-03  bc=0.0000e+00  (ps_w: disabled)
      [GPU Status] GPU 0 (NVIDIA GeForce RTX 3070): Memory 0.02/0.02GB
============================================================
[Dual  6000/100000] Linear: L=-1.1841e-02 (lr=8.00e-05) (best_linear=-1.8470e-02 @ epoch: 5171)  Pi_str=7.7683e-03  Pi_str_T=0.0000e+00  Pi_w=0.0000e+00  Pi_e=1.9609e-02  Pi_all=-1.1841e-02  bc=0.0000e+00
               Nonlinear: L=-1.2083e-02 (lr=8.00e-05) (best_nonlinear=-1.9055e-02 @ epoch: 5171)  Pi_str=7.7305e-03  Pi_str_T=0.0000e+00  Pi_w=0.0000e+00  Pi_e=1.9814e-02  Pi_all=-1.2083e-02  bc=0.0000e+00  (ps_w: disabled)
      [GPU Status] GPU 0 (NVIDIA GeForce RTX 3070): Memory 0.02/0.02GB
============================================================
[Dual  7000/100000] Linear: L=-1.0872e-02 (lr=8.00e-05) (best_linear=-2.0307e-02 @ epoch: 6654)  Pi_str=8.6297e-03  Pi_str_T=0.0000e+00  Pi_w=0.0000e+00  Pi_e=1.9502e-02  Pi_all=-1.0872e-02  bc=0.0000e+00
               Nonlinear: L=-1.0929e-02 (lr=8.00e-05) (best_nonlinear=-2.0141e-02 @ epoch: 6654)  Pi_str=8.2910e-03  Pi_str_T=0.0000e+00  Pi_w=0.0000e+00  Pi_e=1.9220e-02  Pi_all=-1.0929e-02  bc=0.0000e+00  (ps_w: disabled)
      [GPU Status] GPU 0 (NVIDIA GeForce RTX 3070): Memory 0.02/0.02GB
============================================================
[Dual  8000/100000] Linear: L=-3.8648e-03 (lr=8.00e-05) (best_linear=-2.0307e-02 @ epoch: 6654)  Pi_str=1.1439e-02  Pi_str_T=0.0000e+00  Pi_w=0.0000e+00  Pi_e=1.5303e-02  Pi_all=-3.8648e-03  bc=0.0000e+00
               Nonlinear: L=-3.9344e-03 (lr=8.00e-05) (best_nonlinear=-2.0141e-02 @ epoch: 6654)  Pi_str=1.1060e-02  Pi_str_T=0.0000e+00  Pi_w=0.0000e+00  Pi_e=1.4995e-02  Pi_all=-3.9344e-03  bc=0.0000e+00  (ps_w: disabled)
      [GPU Status] GPU 0 (NVIDIA GeForce RTX 3070): Memory 0.02/0.02GB
============================================================
[Dual  9000/100000] Linear: L=-1.5262e-02 (lr=8.00e-05) (best_linear=-2.1752e-02 @ epoch: 8481)  Pi_str=9.8281e-03  Pi_str_T=0.0000e+00  Pi_w=0.0000e+00  Pi_e=2.5090e-02  Pi_all=-1.5262e-02  bc=0.0000e+00
               Nonlinear: L=-1.4698e-02 (lr=8.00e-05) (best_nonlinear=-2.1180e-02 @ epoch: 8481)  Pi_str=8.6541e-03  Pi_str_T=0.0000e+00  Pi_w=0.0000e+00  Pi_e=2.3352e-02  Pi_all=-1.4698e-02  bc=0.0000e+00  (ps_w: disabled)
      [GPU Status] GPU 0 (NVIDIA GeForce RTX 3070): Memory 0.02/0.02GB
============================================================
[Dual 10000/100000] Linear: L=-1.4470e-02 (lr=8.00e-05) (best_linear=-2.2720e-02 @ epoch: 9635)  Pi_str=8.3800e-03  Pi_str_T=0.0000e+00  Pi_w=0.0000e+00  Pi_e=2.2850e-02  Pi_all=-1.4470e-02  bc=0.0000e+00
               Nonlinear: L=-1.3660e-02 (lr=8.00e-05) (best_nonlinear=-2.1398e-02 @ epoch: 9635)  Pi_str=7.6355e-03  Pi_str_T=0.0000e+00  Pi_w=0.0000e+00  Pi_e=2.1295e-02  Pi_all=-1.3660e-02  bc=0.0000e+00  (ps_w: disabled)
      [GPU Status] GPU 0 (NVIDIA GeForce RTX 3070): Memory 0.02/0.02GB
============================================================
[Dual 11000/100000] Linear: L=-1.1312e-02 (lr=8.00e-05) (best_linear=-2.2720e-02 @ epoch: 9635)  Pi_str=8.6666e-03  Pi_str_T=0.0000e+00  Pi_w=0.0000e+00  Pi_e=1.9979e-02  Pi_all=-1.1312e-02  bc=0.0000e+00
               Nonlinear: L=-1.0778e-02 (lr=8.00e-05) (best_nonlinear=-2.1476e-02 @ epoch: 10948)  Pi_str=7.7090e-03  Pi_str_T=0.0000e+00  Pi_w=0.0000e+00  Pi_e=1.8487e-02  Pi_all=-1.0778e-02  bc=0.0000e+00  (ps_w: disabled)
      [GPU Status] GPU 0 (NVIDIA GeForce RTX 3070): Memory 0.02/0.02GB
============================================================
[Dual 12000/100000] Linear: L=-1.3275e-02 (lr=8.00e-05) (best_linear=-2.2720e-02 @ epoch: 9635)  Pi_str=8.4525e-03  Pi_str_T=0.0000e+00  Pi_w=0.0000e+00  Pi_e=2.1728e-02  Pi_all=-1.3275e-02  bc=0.0000e+00
               Nonlinear: L=-1.2520e-02 (lr=8.00e-05) (best_nonlinear=-2.1476e-02 @ epoch: 10948)  Pi_str=7.5815e-03  Pi_str_T=0.0000e+00  Pi_w=0.0000e+00  Pi_e=2.0102e-02  Pi_all=-1.2520e-02  bc=0.0000e+00  (ps_w: disabled)
      [GPU Status] GPU 0 (NVIDIA GeForce RTX 3070): Memory 0.02/0.02GB
============================================================
[Dual 13000/100000] Linear: L=-1.0271e-02 (lr=8.00e-05) (best_linear=-2.3810e-02 @ epoch: 12420)  Pi_str=1.3115e-02  Pi_str_T=0.0000e+00  Pi_w=0.0000e+00  Pi_e=2.3386e-02  Pi_all=-1.0271e-02  bc=0.0000e+00
               Nonlinear: L=-1.0080e-02 (lr=8.00e-05) (best_nonlinear=-2.2204e-02 @ epoch: 12420)  Pi_str=1.1423e-02  Pi_str_T=0.0000e+00  Pi_w=0.0000e+00  Pi_e=2.1504e-02  Pi_all=-1.0080e-02  bc=0.0000e+00  (ps_w: disabled)
      [GPU Status] GPU 0 (NVIDIA GeForce RTX 3070): Memory 0.02/0.02GB
============================================================
[Dual 14000/100000] Linear: L=-6.9249e-03 (lr=8.00e-05) (best_linear=-2.3810e-02 @ epoch: 12420)  Pi_str=1.0392e-02  Pi_str_T=0.0000e+00  Pi_w=0.0000e+00  Pi_e=1.7316e-02  Pi_all=-6.9249e-03  bc=0.0000e+00
               Nonlinear: L=-6.6657e-03 (lr=8.00e-05) (best_nonlinear=-2.2204e-02 @ epoch: 12420)  Pi_str=9.2752e-03  Pi_str_T=0.0000e+00  Pi_w=0.0000e+00  Pi_e=1.5941e-02  Pi_all=-6.6657e-03  bc=0.0000e+00  (ps_w: disabled)
      [GPU Status] GPU 0 (NVIDIA GeForce RTX 3070): Memory 0.02/0.02GB
============================================================
[Dual 15000/100000] Linear: L=-1.3832e-02 (lr=8.00e-05) (best_linear=-2.3810e-02 @ epoch: 12420)  Pi_str=7.7739e-03  Pi_str_T=0.0000e+00  Pi_w=0.0000e+00  Pi_e=2.1606e-02  Pi_all=-1.3832e-02  bc=0.0000e+00
               Nonlinear: L=-1.2629e-02 (lr=8.00e-05) (best_nonlinear=-2.2204e-02 @ epoch: 12420)  Pi_str=7.0706e-03  Pi_str_T=0.0000e+00  Pi_w=0.0000e+00  Pi_e=1.9699e-02  Pi_all=-1.2629e-02  bc=0.0000e+00  (ps_w: disabled)
      [GPU Status] GPU 0 (NVIDIA GeForce RTX 3070): Memory 0.02/0.02GB
============================================================
[Dual 16000/100000] Linear: L=-1.4205e-02 (lr=8.00e-05) (best_linear=-2.3810e-02 @ epoch: 12420)  Pi_str=1.1471e-02  Pi_str_T=0.0000e+00  Pi_w=0.0000e+00  Pi_e=2.5676e-02  Pi_all=-1.4205e-02  bc=0.0000e+00
               Nonlinear: L=-1.3323e-02 (lr=8.00e-05) (best_nonlinear=-2.2204e-02 @ epoch: 12420)  Pi_str=9.9100e-03  Pi_str_T=0.0000e+00  Pi_w=0.0000e+00  Pi_e=2.3233e-02  Pi_all=-1.3323e-02  bc=0.0000e+00  (ps_w: disabled)
      [GPU Status] GPU 0 (NVIDIA GeForce RTX 3070): Memory 0.02/0.02GB
============================================================
[Dual 17000/100000] Linear: L=-9.1598e-03 (lr=8.00e-05) (best_linear=-2.3810e-02 @ epoch: 12420)  Pi_str=1.0637e-02  Pi_str_T=0.0000e+00  Pi_w=0.0000e+00  Pi_e=1.9796e-02  Pi_all=-9.1598e-03  bc=0.0000e+00
               Nonlinear: L=-8.7154e-03 (lr=8.00e-05) (best_nonlinear=-2.2204e-02 @ epoch: 12420)  Pi_str=9.2506e-03  Pi_str_T=0.0000e+00  Pi_w=0.0000e+00  Pi_e=1.7966e-02  Pi_all=-8.7154e-03  bc=0.0000e+00  (ps_w: disabled)
      [GPU Status] GPU 0 (NVIDIA GeForce RTX 3070): Memory 0.02/0.02GB
============================================================
[Dual 18000/100000] Linear: L=-4.3361e-03 (lr=8.00e-05) (best_linear=-2.3810e-02 @ epoch: 12420)  Pi_str=1.3775e-02  Pi_str_T=0.0000e+00  Pi_w=0.0000e+00  Pi_e=1.8111e-02  Pi_all=-4.3361e-03  bc=0.0000e+00
               Nonlinear: L=-4.5199e-03 (lr=8.00e-05) (best_nonlinear=-2.2204e-02 @ epoch: 12420)  Pi_str=1.1921e-02  Pi_str_T=0.0000e+00  Pi_w=0.0000e+00  Pi_e=1.6440e-02  Pi_all=-4.5199e-03  bc=0.0000e+00  (ps_w: disabled)
      [GPU Status] GPU 0 (NVIDIA GeForce RTX 3070): Memory 0.02/0.02GB
============================================================
[Dual 19000/100000] Linear: L=-1.2015e-02 (lr=8.00e-05) (best_linear=-2.4090e-02 @ epoch: 18047)  Pi_str=1.0591e-02  Pi_str_T=0.0000e+00  Pi_w=0.0000e+00  Pi_e=2.2606e-02  Pi_all=-1.2015e-02  bc=0.0000e+00
               Nonlinear: L=-1.1389e-02 (lr=8.00e-05) (best_nonlinear=-2.2204e-02 @ epoch: 12420)  Pi_str=9.0941e-03  Pi_str_T=0.0000e+00  Pi_w=0.0000e+00  Pi_e=2.0483e-02  Pi_all=-1.1389e-02  bc=0.0000e+00  (ps_w: disabled)
      [GPU Status] GPU 0 (NVIDIA GeForce RTX 3070): Memory 0.02/0.02GB
============================================================
[Dual 20000/100000] Linear: L=-9.6792e-03 (lr=8.00e-05) (best_linear=-2.4090e-02 @ epoch: 18047)  Pi_str=1.2451e-02  Pi_str_T=0.0000e+00  Pi_w=0.0000e+00  Pi_e=2.2130e-02  Pi_all=-9.6792e-03  bc=0.0000e+00
               Nonlinear: L=-9.3624e-03 (lr=8.00e-05) (best_nonlinear=-2.2204e-02 @ epoch: 12420)  Pi_str=1.0420e-02  Pi_str_T=0.0000e+00  Pi_w=0.0000e+00  Pi_e=1.9783e-02  Pi_all=-9.3624e-03  bc=0.0000e+00  (ps_w: disabled)
      [GPU Status] GPU 0 (NVIDIA GeForce RTX 3070): Memory 0.02/0.02GB
============================================================
[Dual 21000/100000] Linear: L=-9.8269e-03 (lr=8.00e-05) (best_linear=-2.4712e-02 @ epoch: 20460)  Pi_str=1.4985e-02  Pi_str_T=0.0000e+00  Pi_w=0.0000e+00  Pi_e=2.4812e-02  Pi_all=-9.8269e-03  bc=0.0000e+00
               Nonlinear: L=-9.5111e-03 (lr=8.00e-05) (best_nonlinear=-2.2970e-02 @ epoch: 20473)  Pi_str=1.2646e-02  Pi_str_T=0.0000e+00  Pi_w=0.0000e+00  Pi_e=2.2157e-02  Pi_all=-9.5111e-03  bc=0.0000e+00  (ps_w: disabled)
      [GPU Status] GPU 0 (NVIDIA GeForce RTX 3070): Memory 0.02/0.02GB
============================================================
[Dual 22000/100000] Linear: L=-1.6758e-02 (lr=8.00e-05) (best_linear=-2.4712e-02 @ epoch: 20460)  Pi_str=6.6466e-03  Pi_str_T=0.0000e+00  Pi_w=0.0000e+00  Pi_e=2.3404e-02  Pi_all=-1.6758e-02  bc=0.0000e+00
               Nonlinear: L=-1.4952e-02 (lr=8.00e-05) (best_nonlinear=-2.2970e-02 @ epoch: 20473)  Pi_str=5.7126e-03  Pi_str_T=0.0000e+00  Pi_w=0.0000e+00  Pi_e=2.0664e-02  Pi_all=-1.4952e-02  bc=0.0000e+00  (ps_w: disabled)
      [GPU Status] GPU 0 (NVIDIA GeForce RTX 3070): Memory 0.02/0.02GB
============================================================
[Dual 23000/100000] Linear: L=-1.6406e-02 (lr=8.00e-05) (best_linear=-2.4712e-02 @ epoch: 20460)  Pi_str=1.1661e-02  Pi_str_T=0.0000e+00  Pi_w=0.0000e+00  Pi_e=2.8068e-02  Pi_all=-1.6406e-02  bc=0.0000e+00
               Nonlinear: L=-1.5385e-02 (lr=8.00e-05) (best_nonlinear=-2.2970e-02 @ epoch: 20473)  Pi_str=9.7612e-03  Pi_str_T=0.0000e+00  Pi_w=0.0000e+00  Pi_e=2.5146e-02  Pi_all=-1.5385e-02  bc=0.0000e+00  (ps_w: disabled)
      [GPU Status] GPU 0 (NVIDIA GeForce RTX 3070): Memory 0.02/0.02GB
============================================================
[Dual 24000/100000] Linear: L=-9.1721e-03 (lr=8.00e-05) (best_linear=-2.4712e-02 @ epoch: 20460)  Pi_str=1.0019e-02  Pi_str_T=0.0000e+00  Pi_w=0.0000e+00  Pi_e=1.9191e-02  Pi_all=-9.1721e-03  bc=0.0000e+00
               Nonlinear: L=-8.6035e-03 (lr=8.00e-05) (best_nonlinear=-2.2970e-02 @ epoch: 20473)  Pi_str=8.5448e-03  Pi_str_T=0.0000e+00  Pi_w=0.0000e+00  Pi_e=1.7148e-02  Pi_all=-8.6035e-03  bc=0.0000e+00  (ps_w: disabled)
      [GPU Status] GPU 0 (NVIDIA GeForce RTX 3070): Memory 0.02/0.02GB
============================================================
[Dual 25000/100000] Linear: L=-5.4751e-03 (lr=8.00e-05) (best_linear=-2.4712e-02 @ epoch: 20460)  Pi_str=1.2358e-02  Pi_str_T=0.0000e+00  Pi_w=0.0000e+00  Pi_e=1.7833e-02  Pi_all=-5.4751e-03  bc=0.0000e+00
               Nonlinear: L=-5.4867e-03 (lr=8.00e-05) (best_nonlinear=-2.2970e-02 @ epoch: 20473)  Pi_str=1.0666e-02  Pi_str_T=0.0000e+00  Pi_w=0.0000e+00  Pi_e=1.6153e-02  Pi_all=-5.4867e-03  bc=0.0000e+00  (ps_w: disabled)
      [GPU Status] GPU 0 (NVIDIA GeForce RTX 3070): Memory 0.02/0.02GB
============================================================
[Dual 26000/100000] Linear: L=-1.2655e-02 (lr=8.00e-05) (best_linear=-2.4712e-02 @ epoch: 20460)  Pi_str=1.0794e-02  Pi_str_T=0.0000e+00  Pi_w=0.0000e+00  Pi_e=2.3449e-02  Pi_all=-1.2655e-02  bc=0.0000e+00
               Nonlinear: L=-1.1769e-02 (lr=8.00e-05) (best_nonlinear=-2.2970e-02 @ epoch: 20473)  Pi_str=9.1257e-03  Pi_str_T=0.0000e+00  Pi_w=0.0000e+00  Pi_e=2.0895e-02  Pi_all=-1.1769e-02  bc=0.0000e+00  (ps_w: disabled)
      [GPU Status] GPU 0 (NVIDIA GeForce RTX 3070): Memory 0.02/0.02GB
============================================================
[Dual 27000/100000] Linear: L=-1.4200e-02 (lr=8.00e-05) (best_linear=-2.4712e-02 @ epoch: 20460)  Pi_str=9.4207e-03  Pi_str_T=0.0000e+00  Pi_w=0.0000e+00  Pi_e=2.3621e-02  Pi_all=-1.4200e-02  bc=0.0000e+00
               Nonlinear: L=-1.3115e-02 (lr=8.00e-05) (best_nonlinear=-2.2970e-02 @ epoch: 20473)  Pi_str=8.1792e-03  Pi_str_T=0.0000e+00  Pi_w=0.0000e+00  Pi_e=2.1294e-02  Pi_all=-1.3115e-02  bc=0.0000e+00  (ps_w: disabled)
      [GPU Status] GPU 0 (NVIDIA GeForce RTX 3070): Memory 0.02/0.02GB
============================================================
[Dual 28000/100000] Linear: L=-8.0399e-03 (lr=8.00e-05) (best_linear=-2.4712e-02 @ epoch: 20460)  Pi_str=1.3088e-02  Pi_str_T=0.0000e+00  Pi_w=0.0000e+00  Pi_e=2.1128e-02  Pi_all=-8.0399e-03  bc=0.0000e+00
               Nonlinear: L=-7.9159e-03 (lr=8.00e-05) (best_nonlinear=-2.2970e-02 @ epoch: 20473)  Pi_str=1.1102e-02  Pi_str_T=0.0000e+00  Pi_w=0.0000e+00  Pi_e=1.9018e-02  Pi_all=-7.9159e-03  bc=0.0000e+00  (ps_w: disabled)
      [GPU Status] GPU 0 (NVIDIA GeForce RTX 3070): Memory 0.02/0.02GB
============================================================
[Dual 29000/100000] Linear: L=-9.5060e-03 (lr=8.00e-05) (best_linear=-2.4712e-02 @ epoch: 20460)  Pi_str=9.1579e-03  Pi_str_T=0.0000e+00  Pi_w=0.0000e+00  Pi_e=1.8664e-02  Pi_all=-9.5060e-03  bc=0.0000e+00
               Nonlinear: L=-9.0363e-03 (lr=8.00e-05) (best_nonlinear=-2.2970e-02 @ epoch: 20473)  Pi_str=8.0977e-03  Pi_str_T=0.0000e+00  Pi_w=0.0000e+00  Pi_e=1.7134e-02  Pi_all=-9.0363e-03  bc=0.0000e+00  (ps_w: disabled)
      [GPU Status] GPU 0 (NVIDIA GeForce RTX 3070): Memory 0.02/0.02GB
============================================================
[Dual 30000/100000] Linear: L=-1.5780e-02 (lr=8.00e-05) (best_linear=-2.4712e-02 @ epoch: 20460)  Pi_str=7.6711e-03  Pi_str_T=0.0000e+00  Pi_w=0.0000e+00  Pi_e=2.3451e-02  Pi_all=-1.5780e-02  bc=0.0000e+00
               Nonlinear: L=-1.4151e-02 (lr=8.00e-05) (best_nonlinear=-2.2970e-02 @ epoch: 20473)  Pi_str=6.7876e-03  Pi_str_T=0.0000e+00  Pi_w=0.0000e+00  Pi_e=2.0939e-02  Pi_all=-1.4151e-02  bc=0.0000e+00  (ps_w: disabled)
      [GPU Status] GPU 0 (NVIDIA GeForce RTX 3070): Memory 0.02/0.02GB
============================================================
[Dual 31000/100000] Linear: L=-1.2822e-02 (lr=8.00e-05) (best_linear=-2.5405e-02 @ epoch: 30621)  Pi_str=1.0167e-02  Pi_str_T=0.0000e+00  Pi_w=0.0000e+00  Pi_e=2.2988e-02  Pi_all=-1.2822e-02  bc=0.0000e+00
               Nonlinear: L=-1.1930e-02 (lr=8.00e-05) (best_nonlinear=-2.2970e-02 @ epoch: 20473)  Pi_str=8.6254e-03  Pi_str_T=0.0000e+00  Pi_w=0.0000e+00  Pi_e=2.0555e-02  Pi_all=-1.1930e-02  bc=0.0000e+00  (ps_w: disabled)
      [GPU Status] GPU 0 (NVIDIA GeForce RTX 3070): Memory 0.02/0.02GB
============================================================
[Dual 32000/100000] Linear: L=-1.4322e-02 (lr=8.00e-05) (best_linear=-2.5405e-02 @ epoch: 30621)  Pi_str=7.3466e-03  Pi_str_T=0.0000e+00  Pi_w=0.0000e+00  Pi_e=2.1668e-02  Pi_all=-1.4322e-02  bc=0.0000e+00
               Nonlinear: L=-1.3121e-02 (lr=8.00e-05) (best_nonlinear=-2.2970e-02 @ epoch: 20473)  Pi_str=6.1846e-03  Pi_str_T=0.0000e+00  Pi_w=0.0000e+00  Pi_e=1.9305e-02  Pi_all=-1.3121e-02  bc=0.0000e+00  (ps_w: disabled)
      [GPU Status] GPU 0 (NVIDIA GeForce RTX 3070): Memory 0.02/0.02GB
============================================================
[Dual 33000/100000] Linear: L=-8.9766e-03 (lr=8.00e-05) (best_linear=-2.5405e-02 @ epoch: 30621)  Pi_str=1.1585e-02  Pi_str_T=0.0000e+00  Pi_w=0.0000e+00  Pi_e=2.0562e-02  Pi_all=-8.9766e-03  bc=0.0000e+00
               Nonlinear: L=-8.6626e-03 (lr=8.00e-05) (best_nonlinear=-2.2970e-02 @ epoch: 20473)  Pi_str=9.9045e-03  Pi_str_T=0.0000e+00  Pi_w=0.0000e+00  Pi_e=1.8567e-02  Pi_all=-8.6626e-03  bc=0.0000e+00  (ps_w: disabled)
      [GPU Status] GPU 0 (NVIDIA GeForce RTX 3070): Memory 0.02/0.02GB
============================================================
[Dual 34000/100000] Linear: L=-7.7229e-03 (lr=8.00e-05) (best_linear=-2.5405e-02 @ epoch: 30621)  Pi_str=1.3248e-02  Pi_str_T=0.0000e+00  Pi_w=0.0000e+00  Pi_e=2.0971e-02  Pi_all=-7.7229e-03  bc=0.0000e+00
               Nonlinear: L=-7.6263e-03 (lr=8.00e-05) (best_nonlinear=-2.2970e-02 @ epoch: 20473)  Pi_str=1.1253e-02  Pi_str_T=0.0000e+00  Pi_w=0.0000e+00  Pi_e=1.8879e-02  Pi_all=-7.6263e-03  bc=0.0000e+00  (ps_w: disabled)
      [GPU Status] GPU 0 (NVIDIA GeForce RTX 3070): Memory 0.02/0.02GB
============================================================
[Dual 35000/100000] Linear: L=-1.4225e-02 (lr=8.00e-05) (best_linear=-2.5405e-02 @ epoch: 30621)  Pi_str=9.1329e-03  Pi_str_T=0.0000e+00  Pi_w=0.0000e+00  Pi_e=2.3358e-02  Pi_all=-1.4225e-02  bc=0.0000e+00
               Nonlinear: L=-1.3070e-02 (lr=8.00e-05) (best_nonlinear=-2.2970e-02 @ epoch: 20473)  Pi_str=7.9186e-03  Pi_str_T=0.0000e+00  Pi_w=0.0000e+00  Pi_e=2.0988e-02  Pi_all=-1.3070e-02  bc=0.0000e+00  (ps_w: disabled)
      [GPU Status] GPU 0 (NVIDIA GeForce RTX 3070): Memory 0.02/0.02GB
============================================================
[Dual 36000/100000] Linear: L=-9.8108e-03 (lr=8.00e-05) (best_linear=-2.5405e-02 @ epoch: 30621)  Pi_str=1.2501e-02  Pi_str_T=0.0000e+00  Pi_w=0.0000e+00  Pi_e=2.2312e-02  Pi_all=-9.8108e-03  bc=0.0000e+00
               Nonlinear: L=-9.3654e-03 (lr=8.00e-05) (best_nonlinear=-2.2970e-02 @ epoch: 20473)  Pi_str=1.0645e-02  Pi_str_T=0.0000e+00  Pi_w=0.0000e+00  Pi_e=2.0011e-02  Pi_all=-9.3654e-03  bc=0.0000e+00  (ps_w: disabled)
      [GPU Status] GPU 0 (NVIDIA GeForce RTX 3070): Memory 0.02/0.02GB
============================================================
[Dual 37000/100000] Linear: L=-8.4233e-03 (lr=8.00e-05) (best_linear=-2.5405e-02 @ epoch: 30621)  Pi_str=1.0999e-02  Pi_str_T=0.0000e+00  Pi_w=0.0000e+00  Pi_e=1.9422e-02  Pi_all=-8.4233e-03  bc=0.0000e+00
               Nonlinear: L=-8.2024e-03 (lr=8.00e-05) (best_nonlinear=-2.2970e-02 @ epoch: 20473)  Pi_str=9.4512e-03  Pi_str_T=0.0000e+00  Pi_w=0.0000e+00  Pi_e=1.7654e-02  Pi_all=-8.2024e-03  bc=0.0000e+00  (ps_w: disabled)
      [GPU Status] GPU 0 (NVIDIA GeForce RTX 3070): Memory 0.02/0.02GB
============================================================
[Dual 38000/100000] Linear: L=-1.1599e-02 (lr=8.00e-05) (best_linear=-2.5405e-02 @ epoch: 30621)  Pi_str=1.1013e-02  Pi_str_T=0.0000e+00  Pi_w=0.0000e+00  Pi_e=2.2612e-02  Pi_all=-1.1599e-02  bc=0.0000e+00
               Nonlinear: L=-1.0945e-02 (lr=8.00e-05) (best_nonlinear=-2.2970e-02 @ epoch: 20473)  Pi_str=9.3887e-03  Pi_str_T=0.0000e+00  Pi_w=0.0000e+00  Pi_e=2.0334e-02  Pi_all=-1.0945e-02  bc=0.0000e+00  (ps_w: disabled)
      [GPU Status] GPU 0 (NVIDIA GeForce RTX 3070): Memory 0.02/0.02GB
============================================================
[Dual 39000/100000] Linear: L=-7.9537e-03 (lr=8.00e-05) (best_linear=-2.5405e-02 @ epoch: 30621)  Pi_str=1.2584e-02  Pi_str_T=0.0000e+00  Pi_w=0.0000e+00  Pi_e=2.0538e-02  Pi_all=-7.9537e-03  bc=0.0000e+00
               Nonlinear: L=-7.7210e-03 (lr=8.00e-05) (best_nonlinear=-2.2970e-02 @ epoch: 20473)  Pi_str=1.0606e-02  Pi_str_T=0.0000e+00  Pi_w=0.0000e+00  Pi_e=1.8327e-02  Pi_all=-7.7210e-03  bc=0.0000e+00  (ps_w: disabled)
      [GPU Status] GPU 0 (NVIDIA GeForce RTX 3070): Memory 0.02/0.02GB
============================================================
[Dual 40000/100000] Linear: L=-2.2450e-03 (lr=8.00e-05) (best_linear=-2.5405e-02 @ epoch: 30621)  Pi_str=1.4030e-02  Pi_str_T=0.0000e+00  Pi_w=0.0000e+00  Pi_e=1.6275e-02  Pi_all=-2.2450e-03  bc=0.0000e+00
               Nonlinear: L=-2.3212e-03 (lr=8.00e-05) (best_nonlinear=-2.2970e-02 @ epoch: 20473)  Pi_str=1.2437e-02  Pi_str_T=0.0000e+00  Pi_w=0.0000e+00  Pi_e=1.4758e-02  Pi_all=-2.3212e-03  bc=0.0000e+00  (ps_w: disabled)
      [GPU Status] GPU 0 (NVIDIA GeForce RTX 3070): Memory 0.02/0.02GB
============================================================
[Dual 41000/100000] Linear: L=-1.7096e-02 (lr=8.00e-05) (best_linear=-2.5405e-02 @ epoch: 30621)  Pi_str=8.2754e-03  Pi_str_T=0.0000e+00  Pi_w=0.0000e+00  Pi_e=2.5371e-02  Pi_all=-1.7096e-02  bc=0.0000e+00
               Nonlinear: L=-1.5753e-02 (lr=8.00e-05) (best_nonlinear=-2.2970e-02 @ epoch: 20473)  Pi_str=7.4106e-03  Pi_str_T=0.0000e+00  Pi_w=0.0000e+00  Pi_e=2.3164e-02  Pi_all=-1.5753e-02  bc=0.0000e+00  (ps_w: disabled)
      [GPU Status] GPU 0 (NVIDIA GeForce RTX 3070): Memory 0.02/0.02GB
============================================================
[Dual 42000/100000] Linear: L=-1.4281e-02 (lr=8.00e-05) (best_linear=-2.5405e-02 @ epoch: 30621)  Pi_str=9.3555e-03  Pi_str_T=0.0000e+00  Pi_w=0.0000e+00  Pi_e=2.3636e-02  Pi_all=-1.4281e-02  bc=0.0000e+00
               Nonlinear: L=-1.3022e-02 (lr=8.00e-05) (best_nonlinear=-2.2970e-02 @ epoch: 20473)  Pi_str=7.9375e-03  Pi_str_T=0.0000e+00  Pi_w=0.0000e+00  Pi_e=2.0960e-02  Pi_all=-1.3022e-02  bc=0.0000e+00  (ps_w: disabled)
      [GPU Status] GPU 0 (NVIDIA GeForce RTX 3070): Memory 0.02/0.02GB
============================================================
[Dual 43000/100000] Linear: L=-5.7433e-03 (lr=8.00e-05) (best_linear=-2.5405e-02 @ epoch: 30621)  Pi_str=1.4092e-02  Pi_str_T=0.0000e+00  Pi_w=0.0000e+00  Pi_e=1.9835e-02  Pi_all=-5.7433e-03  bc=0.0000e+00
               Nonlinear: L=-5.6626e-03 (lr=8.00e-05) (best_nonlinear=-2.2970e-02 @ epoch: 20473)  Pi_str=1.2089e-02  Pi_str_T=0.0000e+00  Pi_w=0.0000e+00  Pi_e=1.7752e-02  Pi_all=-5.6626e-03  bc=0.0000e+00  (ps_w: disabled)
      [GPU Status] GPU 0 (NVIDIA GeForce RTX 3070): Memory 0.02/0.02GB
============================================================
[Dual 44000/100000] Linear: L=-1.2760e-02 (lr=8.00e-05) (best_linear=-2.5405e-02 @ epoch: 30621)  Pi_str=8.9475e-03  Pi_str_T=0.0000e+00  Pi_w=0.0000e+00  Pi_e=2.1708e-02  Pi_all=-1.2760e-02  bc=0.0000e+00
               Nonlinear: L=-1.1718e-02 (lr=8.00e-05) (best_nonlinear=-2.2970e-02 @ epoch: 20473)  Pi_str=7.6951e-03  Pi_str_T=0.0000e+00  Pi_w=0.0000e+00  Pi_e=1.9413e-02  Pi_all=-1.1718e-02  bc=0.0000e+00  (ps_w: disabled)
      [GPU Status] GPU 0 (NVIDIA GeForce RTX 3070): Memory 0.02/0.02GB
============================================================
[Dual 45000/100000] Linear: L=-1.7334e-02 (lr=8.00e-05) (best_linear=-2.5405e-02 @ epoch: 30621)  Pi_str=8.7198e-03  Pi_str_T=0.0000e+00  Pi_w=0.0000e+00  Pi_e=2.6054e-02  Pi_all=-1.7334e-02  bc=0.0000e+00
               Nonlinear: L=-1.5824e-02 (lr=8.00e-05) (best_nonlinear=-2.2970e-02 @ epoch: 20473)  Pi_str=7.3337e-03  Pi_str_T=0.0000e+00  Pi_w=0.0000e+00  Pi_e=2.3158e-02  Pi_all=-1.5824e-02  bc=0.0000e+00  (ps_w: disabled)
      [GPU Status] GPU 0 (NVIDIA GeForce RTX 3070): Memory 0.02/0.02GB
============================================================
[Dual 46000/100000] Linear: L=-1.7222e-02 (lr=8.00e-05) (best_linear=-2.5405e-02 @ epoch: 30621)  Pi_str=7.6444e-03  Pi_str_T=0.0000e+00  Pi_w=0.0000e+00  Pi_e=2.4866e-02  Pi_all=-1.7222e-02  bc=0.0000e+00
               Nonlinear: L=-1.5779e-02 (lr=8.00e-05) (best_nonlinear=-2.2970e-02 @ epoch: 20473)  Pi_str=6.3770e-03  Pi_str_T=0.0000e+00  Pi_w=0.0000e+00  Pi_e=2.2156e-02  Pi_all=-1.5779e-02  bc=0.0000e+00  (ps_w: disabled)
      [GPU Status] GPU 0 (NVIDIA GeForce RTX 3070): Memory 0.02/0.02GB
============================================================
[Dual 47000/100000] Linear: L=-1.5925e-02 (lr=8.00e-05) (best_linear=-2.5405e-02 @ epoch: 30621)  Pi_str=9.0718e-03  Pi_str_T=0.0000e+00  Pi_w=0.0000e+00  Pi_e=2.4997e-02  Pi_all=-1.5925e-02  bc=0.0000e+00
               Nonlinear: L=-1.4563e-02 (lr=8.00e-05) (best_nonlinear=-2.2970e-02 @ epoch: 20473)  Pi_str=7.9578e-03  Pi_str_T=0.0000e+00  Pi_w=0.0000e+00  Pi_e=2.2521e-02  Pi_all=-1.4563e-02  bc=0.0000e+00  (ps_w: disabled)
      [GPU Status] GPU 0 (NVIDIA GeForce RTX 3070): Memory 0.02/0.02GB
============================================================
[Dual 48000/100000] Linear: L=-6.2502e-03 (lr=8.00e-05) (best_linear=-2.5405e-02 @ epoch: 30621)  Pi_str=1.5165e-02  Pi_str_T=0.0000e+00  Pi_w=0.0000e+00  Pi_e=2.1415e-02  Pi_all=-6.2502e-03  bc=0.0000e+00
               Nonlinear: L=-6.1294e-03 (lr=8.00e-05) (best_nonlinear=-2.2970e-02 @ epoch: 20473)  Pi_str=1.3115e-02  Pi_str_T=0.0000e+00  Pi_w=0.0000e+00  Pi_e=1.9244e-02  Pi_all=-6.1294e-03  bc=0.0000e+00  (ps_w: disabled)
      [GPU Status] GPU 0 (NVIDIA GeForce RTX 3070): Memory 0.02/0.02GB
============================================================
[Dual 49000/100000] Linear: L=-1.0092e-02 (lr=8.00e-05) (best_linear=-2.5405e-02 @ epoch: 30621)  Pi_str=1.2435e-02  Pi_str_T=0.0000e+00  Pi_w=0.0000e+00  Pi_e=2.2527e-02  Pi_all=-1.0092e-02  bc=0.0000e+00
               Nonlinear: L=-9.6611e-03 (lr=8.00e-05) (best_nonlinear=-2.2970e-02 @ epoch: 20473)  Pi_str=1.0423e-02  Pi_str_T=0.0000e+00  Pi_w=0.0000e+00  Pi_e=2.0084e-02  Pi_all=-9.6611e-03  bc=0.0000e+00  (ps_w: disabled)
      [GPU Status] GPU 0 (NVIDIA GeForce RTX 3070): Memory 0.02/0.02GB
============================================================
[Dual 50000/100000] Linear: L=-8.5336e-03 (lr=8.00e-05) (best_linear=-2.5405e-02 @ epoch: 30621)  Pi_str=1.2733e-02  Pi_str_T=0.0000e+00  Pi_w=0.0000e+00  Pi_e=2.1267e-02  Pi_all=-8.5336e-03  bc=0.0000e+00
               Nonlinear: L=-8.2963e-03 (lr=8.00e-05) (best_nonlinear=-2.2970e-02 @ epoch: 20473)  Pi_str=1.0934e-02  Pi_str_T=0.0000e+00  Pi_w=0.0000e+00  Pi_e=1.9230e-02  Pi_all=-8.2963e-03  bc=0.0000e+00  (ps_w: disabled)
      [GPU Status] GPU 0 (NVIDIA GeForce RTX 3070): Memory 0.02/0.02GB
============================================================
[Dual 51000/100000] Linear: L=-1.1789e-02 (lr=8.00e-05) (best_linear=-2.5875e-02 @ epoch: 50340)  Pi_str=1.2330e-02  Pi_str_T=0.0000e+00  Pi_w=0.0000e+00  Pi_e=2.4119e-02  Pi_all=-1.1789e-02  bc=0.0000e+00
               Nonlinear: L=-1.1164e-02 (lr=8.00e-05) (best_nonlinear=-2.3334e-02 @ epoch: 50340)  Pi_str=1.0468e-02  Pi_str_T=0.0000e+00  Pi_w=0.0000e+00  Pi_e=2.1631e-02  Pi_all=-1.1164e-02  bc=0.0000e+00  (ps_w: disabled)
      [GPU Status] GPU 0 (NVIDIA GeForce RTX 3070): Memory 0.02/0.02GB
============================================================
[Dual 52000/100000] Linear: L=-3.3417e-03 (lr=8.00e-05) (best_linear=-2.5875e-02 @ epoch: 50340)  Pi_str=1.5551e-02  Pi_str_T=0.0000e+00  Pi_w=0.0000e+00  Pi_e=1.8893e-02  Pi_all=-3.3417e-03  bc=0.0000e+00
               Nonlinear: L=-3.7283e-03 (lr=8.00e-05) (best_nonlinear=-2.3334e-02 @ epoch: 50340)  Pi_str=1.3143e-02  Pi_str_T=0.0000e+00  Pi_w=0.0000e+00  Pi_e=1.6872e-02  Pi_all=-3.7283e-03  bc=0.0000e+00  (ps_w: disabled)
      [GPU Status] GPU 0 (NVIDIA GeForce RTX 3070): Memory 0.02/0.02GB
============================================================
[Dual 53000/100000] Linear: L=-1.1491e-02 (lr=8.00e-05) (best_linear=-2.5875e-02 @ epoch: 50340)  Pi_str=1.1082e-02  Pi_str_T=0.0000e+00  Pi_w=0.0000e+00  Pi_e=2.2573e-02  Pi_all=-1.1491e-02  bc=0.0000e+00
               Nonlinear: L=-1.0848e-02 (lr=8.00e-05) (best_nonlinear=-2.3334e-02 @ epoch: 50340)  Pi_str=9.2905e-03  Pi_str_T=0.0000e+00  Pi_w=0.0000e+00  Pi_e=2.0138e-02  Pi_all=-1.0848e-02  bc=0.0000e+00  (ps_w: disabled)
      [GPU Status] GPU 0 (NVIDIA GeForce RTX 3070): Memory 0.02/0.02GB
============================================================
[Dual 54000/100000] Linear: L=-1.3641e-02 (lr=8.00e-05) (best_linear=-2.5875e-02 @ epoch: 50340)  Pi_str=9.6122e-03  Pi_str_T=0.0000e+00  Pi_w=0.0000e+00  Pi_e=2.3253e-02  Pi_all=-1.3641e-02  bc=0.0000e+00
               Nonlinear: L=-1.2639e-02 (lr=8.00e-05) (best_nonlinear=-2.3334e-02 @ epoch: 50340)  Pi_str=8.2096e-03  Pi_str_T=0.0000e+00  Pi_w=0.0000e+00  Pi_e=2.0849e-02  Pi_all=-1.2639e-02  bc=0.0000e+00  (ps_w: disabled)
      [GPU Status] GPU 0 (NVIDIA GeForce RTX 3070): Memory 0.02/0.02GB
============================================================
[Dual 55000/100000] Linear: L=-1.3387e-02 (lr=8.00e-05) (best_linear=-2.5875e-02 @ epoch: 50340)  Pi_str=1.1602e-02  Pi_str_T=0.0000e+00  Pi_w=0.0000e+00  Pi_e=2.4989e-02  Pi_all=-1.3387e-02  bc=0.0000e+00
               Nonlinear: L=-1.2649e-02 (lr=8.00e-05) (best_nonlinear=-2.3334e-02 @ epoch: 50340)  Pi_str=9.7396e-03  Pi_str_T=0.0000e+00  Pi_w=0.0000e+00  Pi_e=2.2388e-02  Pi_all=-1.2649e-02  bc=0.0000e+00  (ps_w: disabled)
      [GPU Status] GPU 0 (NVIDIA GeForce RTX 3070): Memory 0.02/0.02GB
============================================================
[Dual 56000/100000] Linear: L=-8.9662e-03 (lr=8.00e-05) (best_linear=-2.5875e-02 @ epoch: 50340)  Pi_str=1.1114e-02  Pi_str_T=0.0000e+00  Pi_w=0.0000e+00  Pi_e=2.0080e-02  Pi_all=-8.9662e-03  bc=0.0000e+00
               Nonlinear: L=-8.7151e-03 (lr=8.00e-05) (best_nonlinear=-2.3334e-02 @ epoch: 50340)  Pi_str=9.3447e-03  Pi_str_T=0.0000e+00  Pi_w=0.0000e+00  Pi_e=1.8060e-02  Pi_all=-8.7151e-03  bc=0.0000e+00  (ps_w: disabled)
      [GPU Status] GPU 0 (NVIDIA GeForce RTX 3070): Memory 0.02/0.02GB
============================================================
[Dual 57000/100000] Linear: L=-4.6824e-03 (lr=8.00e-05) (best_linear=-2.5875e-02 @ epoch: 50340)  Pi_str=1.6819e-02  Pi_str_T=0.0000e+00  Pi_w=0.0000e+00  Pi_e=2.1501e-02  Pi_all=-4.6824e-03  bc=0.0000e+00
               Nonlinear: L=-5.0374e-03 (lr=8.00e-05) (best_nonlinear=-2.3334e-02 @ epoch: 50340)  Pi_str=1.4170e-02  Pi_str_T=0.0000e+00  Pi_w=0.0000e+00  Pi_e=1.9207e-02  Pi_all=-5.0374e-03  bc=0.0000e+00  (ps_w: disabled)
      [GPU Status] GPU 0 (NVIDIA GeForce RTX 3070): Memory 0.02/0.02GB
============================================================
[Dual 58000/100000] Linear: L=-1.6588e-02 (lr=8.00e-05) (best_linear=-2.5875e-02 @ epoch: 50340)  Pi_str=6.3233e-03  Pi_str_T=0.0000e+00  Pi_w=0.0000e+00  Pi_e=2.2911e-02  Pi_all=-1.6588e-02  bc=0.0000e+00
               Nonlinear: L=-1.4832e-02 (lr=8.00e-05) (best_nonlinear=-2.3334e-02 @ epoch: 50340)  Pi_str=5.9286e-03  Pi_str_T=0.0000e+00  Pi_w=0.0000e+00  Pi_e=2.0761e-02  Pi_all=-1.4832e-02  bc=0.0000e+00  (ps_w: disabled)
      [GPU Status] GPU 0 (NVIDIA GeForce RTX 3070): Memory 0.02/0.02GB
============================================================
[Dual 59000/100000] Linear: L=-8.8130e-03 (lr=8.00e-05) (best_linear=-2.5875e-02 @ epoch: 50340)  Pi_str=1.3152e-02  Pi_str_T=0.0000e+00  Pi_w=0.0000e+00  Pi_e=2.1965e-02  Pi_all=-8.8130e-03  bc=0.0000e+00
               Nonlinear: L=-8.4757e-03 (lr=8.00e-05) (best_nonlinear=-2.3334e-02 @ epoch: 50340)  Pi_str=1.1162e-02  Pi_str_T=0.0000e+00  Pi_w=0.0000e+00  Pi_e=1.9638e-02  Pi_all=-8.4757e-03  bc=0.0000e+00  (ps_w: disabled)
      [GPU Status] GPU 0 (NVIDIA GeForce RTX 3070): Memory 0.02/0.02GB
============================================================
[Dual 60000/100000] Linear: L=-1.6266e-02 (lr=8.00e-05) (best_linear=-2.5875e-02 @ epoch: 50340)  Pi_str=8.3954e-03  Pi_str_T=0.0000e+00  Pi_w=0.0000e+00  Pi_e=2.4661e-02  Pi_all=-1.6266e-02  bc=0.0000e+00
               Nonlinear: L=-1.5026e-02 (lr=8.00e-05) (best_nonlinear=-2.3334e-02 @ epoch: 50340)  Pi_str=7.1715e-03  Pi_str_T=0.0000e+00  Pi_w=0.0000e+00  Pi_e=2.2197e-02  Pi_all=-1.5026e-02  bc=0.0000e+00  (ps_w: disabled)
      [GPU Status] GPU 0 (NVIDIA GeForce RTX 3070): Memory 0.02/0.02GB
============================================================
[Dual 61000/100000] Linear: L=-1.4976e-02 (lr=8.00e-05) (best_linear=-2.5875e-02 @ epoch: 50340)  Pi_str=8.2998e-03  Pi_str_T=0.0000e+00  Pi_w=0.0000e+00  Pi_e=2.3276e-02  Pi_all=-1.4976e-02  bc=0.0000e+00
               Nonlinear: L=-1.3655e-02 (lr=8.00e-05) (best_nonlinear=-2.3334e-02 @ epoch: 50340)  Pi_str=7.2655e-03  Pi_str_T=0.0000e+00  Pi_w=0.0000e+00  Pi_e=2.0920e-02  Pi_all=-1.3655e-02  bc=0.0000e+00  (ps_w: disabled)
      [GPU Status] GPU 0 (NVIDIA GeForce RTX 3070): Memory 0.02/0.02GB
============================================================
[Dual 62000/100000] Linear: L=-4.3549e-04 (lr=8.00e-05) (best_linear=-2.5875e-02 @ epoch: 50340)  Pi_str=1.3302e-02  Pi_str_T=0.0000e+00  Pi_w=0.0000e+00  Pi_e=1.3737e-02  Pi_all=-4.3549e-04  bc=0.0000e+00
               Nonlinear: L=-8.5996e-04 (lr=8.00e-05) (best_nonlinear=-2.3334e-02 @ epoch: 50340)  Pi_str=1.1435e-02  Pi_str_T=0.0000e+00  Pi_w=0.0000e+00  Pi_e=1.2295e-02  Pi_all=-8.5996e-04  bc=0.0000e+00  (ps_w: disabled)
      [GPU Status] GPU 0 (NVIDIA GeForce RTX 3070): Memory 0.02/0.02GB
============================================================
[Dual 63000/100000] Linear: L=-1.2563e-02 (lr=8.00e-05) (best_linear=-2.5875e-02 @ epoch: 50340)  Pi_str=9.2742e-03  Pi_str_T=0.0000e+00  Pi_w=0.0000e+00  Pi_e=2.1837e-02  Pi_all=-1.2563e-02  bc=0.0000e+00
               Nonlinear: L=-1.1515e-02 (lr=8.00e-05) (best_nonlinear=-2.3334e-02 @ epoch: 50340)  Pi_str=7.9814e-03  Pi_str_T=0.0000e+00  Pi_w=0.0000e+00  Pi_e=1.9497e-02  Pi_all=-1.1515e-02  bc=0.0000e+00  (ps_w: disabled)
      [GPU Status] GPU 0 (NVIDIA GeForce RTX 3070): Memory 0.02/0.02GB
============================================================
[Dual 64000/100000] Linear: L=-1.1181e-02 (lr=8.00e-05) (best_linear=-2.5875e-02 @ epoch: 50340)  Pi_str=1.1806e-02  Pi_str_T=0.0000e+00  Pi_w=0.0000e+00  Pi_e=2.2987e-02  Pi_all=-1.1181e-02  bc=0.0000e+00
               Nonlinear: L=-1.0368e-02 (lr=8.00e-05) (best_nonlinear=-2.3334e-02 @ epoch: 50340)  Pi_str=1.0328e-02  Pi_str_T=0.0000e+00  Pi_w=0.0000e+00  Pi_e=2.0696e-02  Pi_all=-1.0368e-02  bc=0.0000e+00  (ps_w: disabled)
      [GPU Status] GPU 0 (NVIDIA GeForce RTX 3070): Memory 0.02/0.02GB
============================================================
[Dual 65000/100000] Linear: L=-1.4763e-02 (lr=8.00e-05) (best_linear=-2.5875e-02 @ epoch: 50340)  Pi_str=9.3185e-03  Pi_str_T=0.0000e+00  Pi_w=0.0000e+00  Pi_e=2.4081e-02  Pi_all=-1.4763e-02  bc=0.0000e+00
               Nonlinear: L=-1.3439e-02 (lr=8.00e-05) (best_nonlinear=-2.3334e-02 @ epoch: 50340)  Pi_str=8.3340e-03  Pi_str_T=0.0000e+00  Pi_w=0.0000e+00  Pi_e=2.1773e-02  Pi_all=-1.3439e-02  bc=0.0000e+00  (ps_w: disabled)
      [GPU Status] GPU 0 (NVIDIA GeForce RTX 3070): Memory 0.02/0.02GB
============================================================
[Dual 66000/100000] Linear: L=-1.3715e-02 (lr=8.00e-05) (best_linear=-2.5875e-02 @ epoch: 50340)  Pi_str=9.1115e-03  Pi_str_T=0.0000e+00  Pi_w=0.0000e+00  Pi_e=2.2826e-02  Pi_all=-1.3715e-02  bc=0.0000e+00
               Nonlinear: L=-1.2748e-02 (lr=8.00e-05) (best_nonlinear=-2.3334e-02 @ epoch: 50340)  Pi_str=7.7326e-03  Pi_str_T=0.0000e+00  Pi_w=0.0000e+00  Pi_e=2.0481e-02  Pi_all=-1.2748e-02  bc=0.0000e+00  (ps_w: disabled)
      [GPU Status] GPU 0 (NVIDIA GeForce RTX 3070): Memory 0.02/0.02GB
============================================================
[Dual 67000/100000] Linear: L=5.7170e-03 (lr=8.00e-05) (best_linear=-2.5875e-02 @ epoch: 50340)  Pi_str=2.0295e-02  Pi_str_T=0.0000e+00  Pi_w=0.0000e+00  Pi_e=1.4578e-02  Pi_all=5.7170e-03  bc=0.0000e+00
               Nonlinear: L=3.9993e-03 (lr=8.00e-05) (best_nonlinear=-2.3334e-02 @ epoch: 50340)  Pi_str=1.7009e-02  Pi_str_T=0.0000e+00  Pi_w=0.0000e+00  Pi_e=1.3010e-02  Pi_all=3.9993e-03  bc=0.0000e+00  (ps_w: disabled)
      [GPU Status] GPU 0 (NVIDIA GeForce RTX 3070): Memory 0.02/0.02GB
============================================================
[Dual 68000/100000] Linear: L=-1.5133e-02 (lr=8.00e-05) (best_linear=-2.5875e-02 @ epoch: 50340)  Pi_str=7.8701e-03  Pi_str_T=0.0000e+00  Pi_w=0.0000e+00  Pi_e=2.3003e-02  Pi_all=-1.5133e-02  bc=0.0000e+00
               Nonlinear: L=-1.3893e-02 (lr=8.00e-05) (best_nonlinear=-2.3334e-02 @ epoch: 50340)  Pi_str=6.8878e-03  Pi_str_T=0.0000e+00  Pi_w=0.0000e+00  Pi_e=2.0780e-02  Pi_all=-1.3893e-02  bc=0.0000e+00  (ps_w: disabled)
      [GPU Status] GPU 0 (NVIDIA GeForce RTX 3070): Memory 0.02/0.02GB
============================================================
[Dual 69000/100000] Linear: L=-1.1807e-02 (lr=8.00e-05) (best_linear=-2.5875e-02 @ epoch: 50340)  Pi_str=1.1491e-02  Pi_str_T=0.0000e+00  Pi_w=0.0000e+00  Pi_e=2.3298e-02  Pi_all=-1.1807e-02  bc=0.0000e+00
               Nonlinear: L=-1.1135e-02 (lr=8.00e-05) (best_nonlinear=-2.3334e-02 @ epoch: 50340)  Pi_str=9.7499e-03  Pi_str_T=0.0000e+00  Pi_w=0.0000e+00  Pi_e=2.0884e-02  Pi_all=-1.1135e-02  bc=0.0000e+00  (ps_w: disabled)
      [GPU Status] GPU 0 (NVIDIA GeForce RTX 3070): Memory 0.02/0.02GB
============================================================
[Dual 70000/100000] Linear: L=-1.0853e-02 (lr=8.00e-05) (best_linear=-2.5875e-02 @ epoch: 50340)  Pi_str=1.1554e-02  Pi_str_T=0.0000e+00  Pi_w=0.0000e+00  Pi_e=2.2407e-02  Pi_all=-1.0853e-02  bc=0.0000e+00
               Nonlinear: L=-1.0390e-02 (lr=8.00e-05) (best_nonlinear=-2.3334e-02 @ epoch: 50340)  Pi_str=9.8744e-03  Pi_str_T=0.0000e+00  Pi_w=0.0000e+00  Pi_e=2.0264e-02  Pi_all=-1.0390e-02  bc=0.0000e+00  (ps_w: disabled)
      [GPU Status] GPU 0 (NVIDIA GeForce RTX 3070): Memory 0.02/0.02GB
============================================================
[Dual 71000/100000] Linear: L=-1.0885e-02 (lr=8.00e-05) (best_linear=-2.5875e-02 @ epoch: 50340)  Pi_str=1.0519e-02  Pi_str_T=0.0000e+00  Pi_w=0.0000e+00  Pi_e=2.1405e-02  Pi_all=-1.0885e-02  bc=0.0000e+00
               Nonlinear: L=-1.0176e-02 (lr=8.00e-05) (best_nonlinear=-2.3334e-02 @ epoch: 50340)  Pi_str=8.9614e-03  Pi_str_T=0.0000e+00  Pi_w=0.0000e+00  Pi_e=1.9137e-02  Pi_all=-1.0176e-02  bc=0.0000e+00  (ps_w: disabled)
      [GPU Status] GPU 0 (NVIDIA GeForce RTX 3070): Memory 0.02/0.02GB
============================================================
[Dual 72000/100000] Linear: L=-1.2083e-02 (lr=8.00e-05) (best_linear=-2.5875e-02 @ epoch: 50340)  Pi_str=1.1929e-02  Pi_str_T=0.0000e+00  Pi_w=0.0000e+00  Pi_e=2.4012e-02  Pi_all=-1.2083e-02  bc=0.0000e+00
               Nonlinear: L=-1.1246e-02 (lr=8.00e-05) (best_nonlinear=-2.3334e-02 @ epoch: 50340)  Pi_str=1.0269e-02  Pi_str_T=0.0000e+00  Pi_w=0.0000e+00  Pi_e=2.1515e-02  Pi_all=-1.1246e-02  bc=0.0000e+00  (ps_w: disabled)
      [GPU Status] GPU 0 (NVIDIA GeForce RTX 3070): Memory 0.02/0.02GB
============================================================
[Dual 73000/100000] Linear: L=-1.0834e-02 (lr=8.00e-05) (best_linear=-2.5875e-02 @ epoch: 50340)  Pi_str=1.2311e-02  Pi_str_T=0.0000e+00  Pi_w=0.0000e+00  Pi_e=2.3144e-02  Pi_all=-1.0834e-02  bc=0.0000e+00
               Nonlinear: L=-1.0342e-02 (lr=8.00e-05) (best_nonlinear=-2.3334e-02 @ epoch: 50340)  Pi_str=1.0254e-02  Pi_str_T=0.0000e+00  Pi_w=0.0000e+00  Pi_e=2.0596e-02  Pi_all=-1.0342e-02  bc=0.0000e+00  (ps_w: disabled)
      [GPU Status] GPU 0 (NVIDIA GeForce RTX 3070): Memory 0.02/0.02GB
============================================================
[Dual 74000/100000] Linear: L=-7.6783e-03 (lr=8.00e-05) (best_linear=-2.5875e-02 @ epoch: 50340)  Pi_str=1.3645e-02  Pi_str_T=0.0000e+00  Pi_w=0.0000e+00  Pi_e=2.1323e-02  Pi_all=-7.6783e-03  bc=0.0000e+00
               Nonlinear: L=-7.4655e-03 (lr=8.00e-05) (best_nonlinear=-2.3334e-02 @ epoch: 50340)  Pi_str=1.1682e-02  Pi_str_T=0.0000e+00  Pi_w=0.0000e+00  Pi_e=1.9147e-02  Pi_all=-7.4655e-03  bc=0.0000e+00  (ps_w: disabled)
      [GPU Status] GPU 0 (NVIDIA GeForce RTX 3070): Memory 0.02/0.02GB
============================================================
[Dual 75000/100000] Linear: L=-1.7485e-02 (lr=8.00e-05) (best_linear=-2.5875e-02 @ epoch: 50340)  Pi_str=6.4677e-03  Pi_str_T=0.0000e+00  Pi_w=0.0000e+00  Pi_e=2.3953e-02  Pi_all=-1.7485e-02  bc=0.0000e+00
               Nonlinear: L=-1.5632e-02 (lr=8.00e-05) (best_nonlinear=-2.3334e-02 @ epoch: 50340)  Pi_str=6.0985e-03  Pi_str_T=0.0000e+00  Pi_w=0.0000e+00  Pi_e=2.1730e-02  Pi_all=-1.5632e-02  bc=0.0000e+00  (ps_w: disabled)
      [GPU Status] GPU 0 (NVIDIA GeForce RTX 3070): Memory 0.02/0.02GB
============================================================
[Dual 76000/100000] Linear: L=-7.2552e-03 (lr=8.00e-05) (best_linear=-2.5875e-02 @ epoch: 50340)  Pi_str=1.3394e-02  Pi_str_T=0.0000e+00  Pi_w=0.0000e+00  Pi_e=2.0649e-02  Pi_all=-7.2552e-03  bc=0.0000e+00
               Nonlinear: L=-7.0063e-03 (lr=8.00e-05) (best_nonlinear=-2.3334e-02 @ epoch: 50340)  Pi_str=1.1535e-02  Pi_str_T=0.0000e+00  Pi_w=0.0000e+00  Pi_e=1.8541e-02  Pi_all=-7.0063e-03  bc=0.0000e+00  (ps_w: disabled)
      [GPU Status] GPU 0 (NVIDIA GeForce RTX 3070): Memory 0.02/0.02GB
============================================================
[Dual 77000/100000] Linear: L=-1.6328e-02 (lr=8.00e-05) (best_linear=-2.5875e-02 @ epoch: 50340)  Pi_str=8.2191e-03  Pi_str_T=0.0000e+00  Pi_w=0.0000e+00  Pi_e=2.4547e-02  Pi_all=-1.6328e-02  bc=0.0000e+00
               Nonlinear: L=-1.4978e-02 (lr=8.00e-05) (best_nonlinear=-2.3334e-02 @ epoch: 50340)  Pi_str=7.0063e-03  Pi_str_T=0.0000e+00  Pi_w=0.0000e+00  Pi_e=2.1985e-02  Pi_all=-1.4978e-02  bc=0.0000e+00  (ps_w: disabled)
      [GPU Status] GPU 0 (NVIDIA GeForce RTX 3070): Memory 0.02/0.02GB
============================================================
[Dual 78000/100000] Linear: L=-1.2612e-02 (lr=8.00e-05) (best_linear=-2.5875e-02 @ epoch: 50340)  Pi_str=9.1781e-03  Pi_str_T=0.0000e+00  Pi_w=0.0000e+00  Pi_e=2.1790e-02  Pi_all=-1.2612e-02  bc=0.0000e+00
               Nonlinear: L=-1.1781e-02 (lr=8.00e-05) (best_nonlinear=-2.3334e-02 @ epoch: 50340)  Pi_str=7.5554e-03  Pi_str_T=0.0000e+00  Pi_w=0.0000e+00  Pi_e=1.9336e-02  Pi_all=-1.1781e-02  bc=0.0000e+00  (ps_w: disabled)
      [GPU Status] GPU 0 (NVIDIA GeForce RTX 3070): Memory 0.02/0.02GB
============================================================
[Dual 79000/100000] Linear: L=-1.1992e-02 (lr=8.00e-05) (best_linear=-2.5875e-02 @ epoch: 50340)  Pi_str=7.6654e-03  Pi_str_T=0.0000e+00  Pi_w=0.0000e+00  Pi_e=1.9657e-02  Pi_all=-1.1992e-02  bc=0.0000e+00
               Nonlinear: L=-1.0919e-02 (lr=8.00e-05) (best_nonlinear=-2.3334e-02 @ epoch: 50340)  Pi_str=6.5343e-03  Pi_str_T=0.0000e+00  Pi_w=0.0000e+00  Pi_e=1.7453e-02  Pi_all=-1.0919e-02  bc=0.0000e+00  (ps_w: disabled)
      [GPU Status] GPU 0 (NVIDIA GeForce RTX 3070): Memory 0.02/0.02GB
============================================================
[Dual 80000/100000] Linear: L=-1.3438e-02 (lr=8.00e-05) (best_linear=-2.5875e-02 @ epoch: 50340)  Pi_str=9.8844e-03  Pi_str_T=0.0000e+00  Pi_w=0.0000e+00  Pi_e=2.3322e-02  Pi_all=-1.3438e-02  bc=0.0000e+00
               Nonlinear: L=-1.2500e-02 (lr=8.00e-05) (best_nonlinear=-2.3334e-02 @ epoch: 50340)  Pi_str=8.2883e-03  Pi_str_T=0.0000e+00  Pi_w=0.0000e+00  Pi_e=2.0789e-02  Pi_all=-1.2500e-02  bc=0.0000e+00  (ps_w: disabled)
      [GPU Status] GPU 0 (NVIDIA GeForce RTX 3070): Memory 0.02/0.02GB
============================================================
[Dual 81000/100000] Linear: L=-1.3861e-02 (lr=8.00e-05) (best_linear=-2.5875e-02 @ epoch: 50340)  Pi_str=9.4896e-03  Pi_str_T=0.0000e+00  Pi_w=0.0000e+00  Pi_e=2.3350e-02  Pi_all=-1.3861e-02  bc=0.0000e+00
               Nonlinear: L=-1.2728e-02 (lr=8.00e-05) (best_nonlinear=-2.3334e-02 @ epoch: 50340)  Pi_str=8.2338e-03  Pi_str_T=0.0000e+00  Pi_w=0.0000e+00  Pi_e=2.0962e-02  Pi_all=-1.2728e-02  bc=0.0000e+00  (ps_w: disabled)
      [GPU Status] GPU 0 (NVIDIA GeForce RTX 3070): Memory 0.02/0.02GB
============================================================
[Dual 82000/100000] Linear: L=-1.6910e-02 (lr=8.00e-05) (best_linear=-2.5875e-02 @ epoch: 50340)  Pi_str=8.2543e-03  Pi_str_T=0.0000e+00  Pi_w=0.0000e+00  Pi_e=2.5164e-02  Pi_all=-1.6910e-02  bc=0.0000e+00
               Nonlinear: L=-1.5492e-02 (lr=8.00e-05) (best_nonlinear=-2.3334e-02 @ epoch: 50340)  Pi_str=7.0315e-03  Pi_str_T=0.0000e+00  Pi_w=0.0000e+00  Pi_e=2.2524e-02  Pi_all=-1.5492e-02  bc=0.0000e+00  (ps_w: disabled)
      [GPU Status] GPU 0 (NVIDIA GeForce RTX 3070): Memory 0.02/0.02GB
============================================================
[Dual 83000/100000] Linear: L=-1.5714e-02 (lr=8.00e-05) (best_linear=-2.5875e-02 @ epoch: 50340)  Pi_str=8.6757e-03  Pi_str_T=0.0000e+00  Pi_w=0.0000e+00  Pi_e=2.4390e-02  Pi_all=-1.5714e-02  bc=0.0000e+00
               Nonlinear: L=-1.4563e-02 (lr=8.00e-05) (best_nonlinear=-2.3334e-02 @ epoch: 50340)  Pi_str=7.4085e-03  Pi_str_T=0.0000e+00  Pi_w=0.0000e+00  Pi_e=2.1971e-02  Pi_all=-1.4563e-02  bc=0.0000e+00  (ps_w: disabled)
      [GPU Status] GPU 0 (NVIDIA GeForce RTX 3070): Memory 0.02/0.02GB
============================================================
[Dual 84000/100000] Linear: L=-4.4336e-03 (lr=8.00e-05) (best_linear=-2.5875e-02 @ epoch: 50340)  Pi_str=1.4875e-02  Pi_str_T=0.0000e+00  Pi_w=0.0000e+00  Pi_e=1.9308e-02  Pi_all=-4.4336e-03  bc=0.0000e+00
               Nonlinear: L=-4.2488e-03 (lr=8.00e-05) (best_nonlinear=-2.3334e-02 @ epoch: 50340)  Pi_str=1.3151e-02  Pi_str_T=0.0000e+00  Pi_w=0.0000e+00  Pi_e=1.7399e-02  Pi_all=-4.2488e-03  bc=0.0000e+00  (ps_w: disabled)
      [GPU Status] GPU 0 (NVIDIA GeForce RTX 3070): Memory 0.02/0.02GB
============================================================
[Dual 85000/100000] Linear: L=-1.3300e-02 (lr=8.00e-05) (best_linear=-2.5875e-02 @ epoch: 50340)  Pi_str=1.0255e-02  Pi_str_T=0.0000e+00  Pi_w=0.0000e+00  Pi_e=2.3555e-02  Pi_all=-1.3300e-02  bc=0.0000e+00
               Nonlinear: L=-1.2222e-02 (lr=8.00e-05) (best_nonlinear=-2.3334e-02 @ epoch: 50340)  Pi_str=9.0960e-03  Pi_str_T=0.0000e+00  Pi_w=0.0000e+00  Pi_e=2.1318e-02  Pi_all=-1.2222e-02  bc=0.0000e+00  (ps_w: disabled)
      [GPU Status] GPU 0 (NVIDIA GeForce RTX 3070): Memory 0.02/0.02GB
============================================================
[Dual 86000/100000] Linear: L=-4.3129e-03 (lr=8.00e-05) (best_linear=-2.5875e-02 @ epoch: 50340)  Pi_str=1.3293e-02  Pi_str_T=0.0000e+00  Pi_w=0.0000e+00  Pi_e=1.7606e-02  Pi_all=-4.3129e-03  bc=0.0000e+00
               Nonlinear: L=-4.1600e-03 (lr=8.00e-05) (best_nonlinear=-2.3334e-02 @ epoch: 50340)  Pi_str=1.1849e-02  Pi_str_T=0.0000e+00  Pi_w=0.0000e+00  Pi_e=1.6009e-02  Pi_all=-4.1600e-03  bc=0.0000e+00  (ps_w: disabled)
      [GPU Status] GPU 0 (NVIDIA GeForce RTX 3070): Memory 0.02/0.02GB
============================================================
[Dual 87000/100000] Linear: L=-1.1340e-02 (lr=8.00e-05) (best_linear=-2.5875e-02 @ epoch: 50340)  Pi_str=1.1356e-02  Pi_str_T=0.0000e+00  Pi_w=0.0000e+00  Pi_e=2.2696e-02  Pi_all=-1.1340e-02  bc=0.0000e+00
               Nonlinear: L=-1.0651e-02 (lr=8.00e-05) (best_nonlinear=-2.3334e-02 @ epoch: 50340)  Pi_str=9.7318e-03  Pi_str_T=0.0000e+00  Pi_w=0.0000e+00  Pi_e=2.0383e-02  Pi_all=-1.0651e-02  bc=0.0000e+00  (ps_w: disabled)
      [GPU Status] GPU 0 (NVIDIA GeForce RTX 3070): Memory 0.02/0.02GB
============================================================
[Dual 88000/100000] Linear: L=-1.5451e-02 (lr=8.00e-05) (best_linear=-2.5875e-02 @ epoch: 50340)  Pi_str=1.2215e-02  Pi_str_T=0.0000e+00  Pi_w=0.0000e+00  Pi_e=2.7665e-02  Pi_all=-1.5451e-02  bc=0.0000e+00
               Nonlinear: L=-1.4670e-02 (lr=8.00e-05) (best_nonlinear=-2.3334e-02 @ epoch: 50340)  Pi_str=9.9721e-03  Pi_str_T=0.0000e+00  Pi_w=0.0000e+00  Pi_e=2.4642e-02  Pi_all=-1.4670e-02  bc=0.0000e+00  (ps_w: disabled)
      [GPU Status] GPU 0 (NVIDIA GeForce RTX 3070): Memory 0.02/0.02GB
============================================================
[Dual 89000/100000] Linear: L=-6.2019e-03 (lr=8.00e-05) (best_linear=-2.5875e-02 @ epoch: 50340)  Pi_str=1.0643e-02  Pi_str_T=0.0000e+00  Pi_w=0.0000e+00  Pi_e=1.6845e-02  Pi_all=-6.2019e-03  bc=0.0000e+00
               Nonlinear: L=-6.0020e-03 (lr=8.00e-05) (best_nonlinear=-2.3334e-02 @ epoch: 50340)  Pi_str=9.1633e-03  Pi_str_T=0.0000e+00  Pi_w=0.0000e+00  Pi_e=1.5165e-02  Pi_all=-6.0020e-03  bc=0.0000e+00  (ps_w: disabled)
      [GPU Status] GPU 0 (NVIDIA GeForce RTX 3070): Memory 0.02/0.02GB
============================================================
[Dual 90000/100000] Linear: L=-1.5374e-02 (lr=8.00e-05) (best_linear=-2.5875e-02 @ epoch: 50340)  Pi_str=8.4945e-03  Pi_str_T=0.0000e+00  Pi_w=0.0000e+00  Pi_e=2.3869e-02  Pi_all=-1.5374e-02  bc=0.0000e+00
               Nonlinear: L=-1.4051e-02 (lr=8.00e-05) (best_nonlinear=-2.3423e-02 @ epoch: 89297)  Pi_str=7.4265e-03  Pi_str_T=0.0000e+00  Pi_w=0.0000e+00  Pi_e=2.1477e-02  Pi_all=-1.4051e-02  bc=0.0000e+00  (ps_w: disabled)
      [GPU Status] GPU 0 (NVIDIA GeForce RTX 3070): Memory 0.02/0.02GB
============================================================
[Dual 91000/100000] Linear: L=-1.8887e-02 (lr=8.00e-05) (best_linear=-2.5875e-02 @ epoch: 50340)  Pi_str=7.3712e-03  Pi_str_T=0.0000e+00  Pi_w=0.0000e+00  Pi_e=2.6258e-02  Pi_all=-1.8887e-02  bc=0.0000e+00
               Nonlinear: L=-1.7166e-02 (lr=8.00e-05) (best_nonlinear=-2.3423e-02 @ epoch: 89297)  Pi_str=6.4667e-03  Pi_str_T=0.0000e+00  Pi_w=0.0000e+00  Pi_e=2.3633e-02  Pi_all=-1.7166e-02  bc=0.0000e+00  (ps_w: disabled)
      [GPU Status] GPU 0 (NVIDIA GeForce RTX 3070): Memory 0.02/0.02GB
============================================================
[Dual 92000/100000] Linear: L=-1.3376e-02 (lr=8.00e-05) (best_linear=-2.5875e-02 @ epoch: 50340)  Pi_str=1.1498e-02  Pi_str_T=0.0000e+00  Pi_w=0.0000e+00  Pi_e=2.4873e-02  Pi_all=-1.3376e-02  bc=0.0000e+00
               Nonlinear: L=-1.2516e-02 (lr=8.00e-05) (best_nonlinear=-2.3423e-02 @ epoch: 89297)  Pi_str=9.6868e-03  Pi_str_T=0.0000e+00  Pi_w=0.0000e+00  Pi_e=2.2203e-02  Pi_all=-1.2516e-02  bc=0.0000e+00  (ps_w: disabled)
      [GPU Status] GPU 0 (NVIDIA GeForce RTX 3070): Memory 0.02/0.02GB
============================================================
[Dual 93000/100000] Linear: L=-1.1940e-02 (lr=8.00e-05) (best_linear=-2.5875e-02 @ epoch: 50340)  Pi_str=1.1748e-02  Pi_str_T=0.0000e+00  Pi_w=0.0000e+00  Pi_e=2.3688e-02  Pi_all=-1.1940e-02  bc=0.0000e+00
               Nonlinear: L=-1.1314e-02 (lr=8.00e-05) (best_nonlinear=-2.3423e-02 @ epoch: 89297)  Pi_str=9.9686e-03  Pi_str_T=0.0000e+00  Pi_w=0.0000e+00  Pi_e=2.1283e-02  Pi_all=-1.1314e-02  bc=0.0000e+00  (ps_w: disabled)
      [GPU Status] GPU 0 (NVIDIA GeForce RTX 3070): Memory 0.02/0.02GB
============================================================
[Dual 94000/100000] Linear: L=-1.0368e-02 (lr=8.00e-05) (best_linear=-2.5875e-02 @ epoch: 50340)  Pi_str=1.0235e-02  Pi_str_T=0.0000e+00  Pi_w=0.0000e+00  Pi_e=2.0603e-02  Pi_all=-1.0368e-02  bc=0.0000e+00
               Nonlinear: L=-9.8734e-03 (lr=8.00e-05) (best_nonlinear=-2.3423e-02 @ epoch: 89297)  Pi_str=8.5711e-03  Pi_str_T=0.0000e+00  Pi_w=0.0000e+00  Pi_e=1.8444e-02  Pi_all=-9.8734e-03  bc=0.0000e+00  (ps_w: disabled)
      [GPU Status] GPU 0 (NVIDIA GeForce RTX 3070): Memory 0.02/0.02GB
============================================================
[Dual 95000/100000] Linear: L=-1.1750e-02 (lr=8.00e-05) (best_linear=-2.5875e-02 @ epoch: 50340)  Pi_str=1.0830e-02  Pi_str_T=0.0000e+00  Pi_w=0.0000e+00  Pi_e=2.2580e-02  Pi_all=-1.1750e-02  bc=0.0000e+00
               Nonlinear: L=-1.0954e-02 (lr=8.00e-05) (best_nonlinear=-2.3423e-02 @ epoch: 89297)  Pi_str=9.2553e-03  Pi_str_T=0.0000e+00  Pi_w=0.0000e+00  Pi_e=2.0209e-02  Pi_all=-1.0954e-02  bc=0.0000e+00  (ps_w: disabled)
      [GPU Status] GPU 0 (NVIDIA GeForce RTX 3070): Memory 0.02/0.02GB
============================================================
[Dual 96000/100000] Linear: L=-8.0794e-03 (lr=8.00e-05) (best_linear=-2.5875e-02 @ epoch: 50340)  Pi_str=1.3619e-02  Pi_str_T=0.0000e+00  Pi_w=0.0000e+00  Pi_e=2.1698e-02  Pi_all=-8.0794e-03  bc=0.0000e+00
               Nonlinear: L=-7.8409e-03 (lr=8.00e-05) (best_nonlinear=-2.3423e-02 @ epoch: 89297)  Pi_str=1.1639e-02  Pi_str_T=0.0000e+00  Pi_w=0.0000e+00  Pi_e=1.9480e-02  Pi_all=-7.8409e-03  bc=0.0000e+00  (ps_w: disabled)
      [GPU Status] GPU 0 (NVIDIA GeForce RTX 3070): Memory 0.02/0.02GB
============================================================
[Dual 97000/100000] Linear: L=-1.1195e-02 (lr=8.00e-05) (best_linear=-2.5875e-02 @ epoch: 50340)  Pi_str=1.1763e-02  Pi_str_T=0.0000e+00  Pi_w=0.0000e+00  Pi_e=2.2958e-02  Pi_all=-1.1195e-02  bc=0.0000e+00
               Nonlinear: L=-1.0666e-02 (lr=8.00e-05) (best_nonlinear=-2.3423e-02 @ epoch: 89297)  Pi_str=1.0169e-02  Pi_str_T=0.0000e+00  Pi_w=0.0000e+00  Pi_e=2.0835e-02  Pi_all=-1.0666e-02  bc=0.0000e+00  (ps_w: disabled)
      [GPU Status] GPU 0 (NVIDIA GeForce RTX 3070): Memory 0.02/0.02GB
============================================================
[Dual 98000/100000] Linear: L=-1.3838e-02 (lr=8.00e-05) (best_linear=-2.5875e-02 @ epoch: 50340)  Pi_str=1.1918e-02  Pi_str_T=0.0000e+00  Pi_w=0.0000e+00  Pi_e=2.5756e-02  Pi_all=-1.3838e-02  bc=0.0000e+00
               Nonlinear: L=-1.3048e-02 (lr=8.00e-05) (best_nonlinear=-2.3423e-02 @ epoch: 89297)  Pi_str=1.0273e-02  Pi_str_T=0.0000e+00  Pi_w=0.0000e+00  Pi_e=2.3321e-02  Pi_all=-1.3048e-02  bc=0.0000e+00  (ps_w: disabled)
      [GPU Status] GPU 0 (NVIDIA GeForce RTX 3070): Memory 0.02/0.02GB
============================================================
[Dual 99000/100000] Linear: L=-1.5673e-02 (lr=8.00e-05) (best_linear=-2.5875e-02 @ epoch: 50340)  Pi_str=9.8626e-03  Pi_str_T=0.0000e+00  Pi_w=0.0000e+00  Pi_e=2.5536e-02  Pi_all=-1.5673e-02  bc=0.0000e+00
               Nonlinear: L=-1.4490e-02 (lr=8.00e-05) (best_nonlinear=-2.3502e-02 @ epoch: 98838)  Pi_str=8.2896e-03  Pi_str_T=0.0000e+00  Pi_w=0.0000e+00  Pi_e=2.2780e-02  Pi_all=-1.4490e-02  bc=0.0000e+00  (ps_w: disabled)
      [GPU Status] GPU 0 (NVIDIA GeForce RTX 3070): Memory 0.02/0.02GB
============================================================
[Dual 100000/100000] Linear: L=-6.9297e-03 (lr=8.00e-05) (best_linear=-2.5875e-02 @ epoch: 50340)  Pi_str=1.1692e-02  Pi_str_T=0.0000e+00  Pi_w=0.0000e+00  Pi_e=1.8621e-02  Pi_all=-6.9297e-03  bc=0.0000e+00
               Nonlinear: L=-6.7832e-03 (lr=8.00e-05) (best_nonlinear=-2.3502e-02 @ epoch: 98838)  Pi_str=1.0081e-02  Pi_str_T=0.0000e+00  Pi_w=0.0000e+00  Pi_e=1.6864e-02  Pi_all=-6.7832e-03  bc=0.0000e+00  (ps_w: disabled)
      [GPU Status] GPU 0 (NVIDIA GeForce RTX 3070): Memory 0.02/0.02GB
[ModelSelect] restore_best=False: keeping FINAL-epoch states (linear final loss=-0.025875281542539597, nonlinear final loss=-0.02350241132080555).
[Dual] Best Summary  linear: -2.587528e-02 @ epoch 50340; nonlinear: -2.350241e-02 @ epoch 98838
[INFO] Path too long (257 chars), using short prefix: Lw
[OK] linear model saved: D:\Desktop\Work_of_PhD\Work_2\ODIL_Timoshenko_Elastic_foundation_FSDT_work\Opensource_1-2\experiments\Comparison_of_computational_time\results\pinn\pure_pinn_adam\C-C\X\W0.025-T300.0-H0.8-qn0.08-L20h-Tanh\models\Lw_W_0.025_T_300.0_H_0.8_qn0.08_Tanh.pth
[INFO] Path too long (260 chars), using short prefix: NLw
[OK] Nonlinear model saved: D:\Desktop\Work_of_PhD\Work_2\ODIL_Timoshenko_Elastic_foundation_FSDT_work\Opensource_1-2\experiments\Comparison_of_computational_time\results\pinn\pure_pinn_adam\C-C\X\W0.025-T300.0-H0.8-qn0.08-L20h-Tanh\models\NLw_W_0.025_T_300.0_H_0.8_qn0.08_Tanh.pth

[SAVE] Saving results...
Data saved: D:\Desktop\Work_of_PhD\Work_2\ODIL_Timoshenko_Elastic_foundation_FSDT_work\Opensource_1-2\experiments\Comparison_of_computational_time\results\pinn\pure_pinn_adam\C-C\X\W0.025-T300.0-H0.8-qn0.08-L20h-Tanh\data\w_W_0.025_T_300.0_H_0.8_qn0.08_Tanh.csv
[OK] Displacement data saved: w_W_0.025_T_300.0_H_0.8_qn0.08_Tanh.csv
Loss log saved: D:\Desktop\Work_of_PhD\Work_2\ODIL_Timoshenko_Elastic_foundation_FSDT_work\Opensource_1-2\experiments\Comparison_of_computational_time\results\pinn\pure_pinn_adam\C-C\X\W0.025-T300.0-H0.8-qn0.08-L20h-Tanh\logs\loss_W_0.025_T_300.0_H_0.8_qn0.08_Tanh.csv
[OK] Training log saved: W_0.025_T_300.0_H_0.8_qn0.08_Tanh_loss.csv
Training curves saved: D:\Desktop\Work_of_PhD\Work_2\ODIL_Timoshenko_Elastic_foundation_FSDT_work\Opensource_1-2\experiments\Comparison_of_computational_time\results\pinn\pure_pinn_adam\C-C\X\W0.025-T300.0-H0.8-qn0.08-L20h-Tanh\plots\W_0.025_T_300.0_H_0.8_qn0.08_Tanh_loss.png
Comparison plot saved: D:\Desktop\Work_of_PhD\Work_2\ODIL_Timoshenko_Elastic_foundation_FSDT_work\Opensource_1-2\experiments\Comparison_of_computational_time\results\pinn\pure_pinn_adam\C-C\X\W0.025-T300.0-H0.8-qn0.08-L20h-Tanh\plots\W_0.025_T_300.0_H_0.8_qn0.08_Tanh_u.png
Comparison plot saved: D:\Desktop\Work_of_PhD\Work_2\ODIL_Timoshenko_Elastic_foundation_FSDT_work\Opensource_1-2\experiments\Comparison_of_computational_time\results\pinn\pure_pinn_adam\C-C\X\W0.025-T300.0-H0.8-qn0.08-L20h-Tanh\plots\W_0.025_T_300.0_H_0.8_qn0.08_Tanh_w.png
Comparison plot saved: D:\Desktop\Work_of_PhD\Work_2\ODIL_Timoshenko_Elastic_foundation_FSDT_work\Opensource_1-2\experiments\Comparison_of_computational_time\results\pinn\pure_pinn_adam\C-C\X\W0.025-T300.0-H0.8-qn0.08-L20h-Tanh\plots\W_0.025_T_300.0_H_0.8_qn0.08_Tanh_phi.png

============================================================
Solution Results Summary
============================================================

Linear Model:
  Max deflection: 0.519001
  Final loss: -6.929666e-03

Nonlinear Model:
  Max deflection: 0.464851
  Final loss: -6.783222e-03
============================================================
Index updated: D:\Desktop\Work_of_PhD\Work_2\ODIL_Timoshenko_Elastic_foundation_FSDT_work\Opensource_1-2\experiments\Comparison_of_computational_time\results\pinn\pure_pinn_adam\C-C\X\W0.025-T300.0-H0.8-qn0.08-L20h-Tanh\logs\index.json

[SUCCESS] Training completed!
[OK]   no_foundation/adam done in 3955.3 s (65.9 min)

============================================================================
PINN sweep finished in 7976.7 s (132.9 min)
Index: D:\Desktop\Work_of_PhD\Work_2\ODIL_Timoshenko_Elastic_foundation_FSDT_work\Opensource_1-2\experiments\Comparison_of_computational_time\results\pinn\sweep_index.json
============================================================================
