iter,linear_loss,nonlinear_loss
0,1182.4525387587457,0.10996404199158413
1,293691.9476171292,507959.41519329447
2,1181.7255568455269,0.10848241630156763
3,694.8540251107788,5070.5126783826245
4,691.6703416123185,0.10722894738566678
5,443.9695336273276,50.12522813829544
6,442.6809683136718,0.10620083684464394
7,276.5739728220186,0.551664923581812
8,275.96790685123364,0.1053530445804613
9,172.32228070323458,0.34035097425114635
10,172.04290108122356,0.10465954150844878
11,115.81093959547607,0.10346227913562707
12,142.95727157410707,0.10274607475000194
13,115.16111464271376,0.10206533482457925
14,102.87484742872722,0.09596263528890148
15,102.61829590140741,0.07240985107566594
16,94.51455061364184,0.07271720757213124
17,1505.9966572464684,0.061740010836783446
18,94.42690493722888,0.05482766505684891
19,82.43507909246789,0.04897304655415082
20,76.29411917092229,0.037137184687659364
21,76.23839506261183,0.03100414387379447
22,76.23783839007783,0.024915926627243224
23,76.23783282340935,0.02077307431250586
24,76.23783276774267,0.0159394770431829
25,76.237832767186,0.01300541046134582
26,76.23783276718044,0.008342741903112587
27,76.23783276718038,0.006198005527445774
28,76.23783276718038,0.0067255695997383924
29,70.61817316947297,0.0017911364016958838
30,70.56612749373868,0.0015489830876432918
31,70.56560745207334,0.0013864229222736617
32,70.56560225169822,0.0013086122340144122
33,70.56560219969448,0.0011889475531113606
34,70.56560219917442,0.0010296954146482875
35,70.56560219916922,0.0010035308884011073
36,70.56560219916918,0.0009911220705922002
37,70.56560219916918,0.000986017482270704
38,47570.38292751358,0.0009829624950170321
39,70.37314909905034,0.0009786215849156598
40,380.9829880499341,0.0009709167618327173
41,70.08178195664942,0.0009587663047442039
42,56.920124344525384,0.000937193558380945
43,57.15394479962909,0.0008975886453591482
44,53.40927487350532,0.000856356700400931
45,49.02225726667916,0.0008142435621735713
46,41.838470145540484,0.0007712818832569077
47,49.4861034079183,0.0007224465187718625
48,41.570451443159804,0.0006164341617425537
49,39.450664783195855,0.00039050190693121786
50,25.97624986350669,0.00023347174103572848
51,19.93632571836096,0.00013191303934409503
52,48.22113939628793,7.849626931734162e-05
53,19.811766019826514,6.58710100098596e-05
54,17.7425549466492,6.361784441196345e-05
55,18.15008616243729,6.224913445896061e-05
56,16.64269632620484,5.977328435981891e-05
57,21.508240689979353,5.549131830091516e-05
58,16.432871795801088,4.938590635955271e-05
59,15.491619674303871,4.548733437423013e-05
60,15.890426380803106,4.4553028456638696e-05
61,14.833431662217745,4.436616158589362e-05
62,13.249350296729489,4.4293992988287215e-05
63,12.7345141596495,4.420107478382952e-05
64,12.729568652525625,4.4136931900562996e-05
65,12.729519217739814,4.412019483585059e-05
66,12.729518723393983,4.411283797374691e-05
67,12.729518718450525,4.410221836732122e-05
68,12.729518718401092,4.407863828626798e-05
69,12.729518718400595,4.402482059905654e-05
70,12.729518718400591,4.390658486615602e-05
71,12.729518718400591,4.366754839936897e-05
72,9.544150797148363,4.326002386100295e-05
73,6.567716512798294,4.2751148139123626e-05
74,5.555209650007229,4.2304829349898246e-05
75,4.838254675542259,4.2068712334901085e-05
76,4.827951637523566,4.2007608103220915e-05
77,4.827615946424437,4.197903146587466e-05
78,4.827604770851109,4.193831914508465e-05
79,4.827604398537094,4.184814554554575e-05
80,4.827604386133165,4.165216033797443e-05
81,4.8276043857199165,4.125668702317712e-05
82,4.8276043857061515,4.058226683845016e-05
83,4.827604385705691,3.974235792109383e-05
84,4.827604385705676,3.9196387156535e-05
85,4.827604385705675,3.892412189386837e-05
86,4.827604385705675,3.882191799570283e-05
87,6585.136363538166,3.88132704579162e-05
88,4.795518552623451,3.881171329963074e-05
89,63.197463834688676,3.8810334112995296e-05
90,4.762371005032806,3.880702304151674e-05
91,4.659483649812905,3.8799457673570224e-05
92,4.5162164471360775,3.878279519580899e-05
93,4.6632584032707936,3.874922917718839e-05
94,4.496963138449811,3.868270661574858e-05
95,4.471410744712331,3.856410700537493e-05
96,4.88842828055132,3.8388266289537844e-05
97,4.455090653463586,3.8190647020276846e-05
98,4.4204360898840385,3.796197862625072e-05
99,4.333373286370037,3.7802244458550037e-05
100,4.246040188744015,3.759529011305711e-05
101,4.066720444289517,3.723003300073564e-05
102,3.655440565556008,3.649399785067681e-05
103,3.1304956997107203,3.523137086104761e-05
104,1.551248008269435,3.3195759365335765e-05
105,0.9267772481673341,3.0922722692160164e-05
106,1.9591285898145496,2.9674000698068235e-05
107,0.8907675870493594,2.9331913213231093e-05
108,0.7970497405279814,2.9280892514626815e-05
109,2.099846284129752,2.9274686048474748e-05
110,0.7763308208209198,2.9273332218051963e-05
111,0.7158620670219715,2.927251554141793e-05
112,12.111834301893769,2.9271439550538604e-05
113,0.7080102807938422,2.9269945093706183e-05
114,0.7289157332051581,2.9268309335810542e-05
115,0.6919069626152201,2.926739799402833e-05
116,0.6615720431422266,2.926703533754168e-05
117,0.6414077602231779,2.9266948581927976e-05
118,0.6399866683989179,2.9266931422717448e-05
119,0.6398815234911703,2.9266920364961778e-05
120,0.6398737163972363,2.9266862108360544e-05
121,0.6398731365622818,2.926682762687089e-05
122,0.6398730934969465,2.926681330210923e-05
123,0.6398730902984058,2.9266802455736453e-05
124,0.6398730900608443,2.926673565206837e-05
125,0.6398730900432001,2.926670892888556e-05
126,0.6398730900418896,2.9266695342567204e-05
127,0.6398730900417924,2.9266684569867153e-05
128,0.639873090041785,2.9266614634151437e-05
129,0.6398730900417846,2.926659070519932e-05
130,0.6398730900417845,2.9266577453071204e-05
131,0.6398730900417845,2.9266566701066936e-05
132,18.183560896860293,2.9266495173859064e-05
133,0.5671904585906072,2.926647272228093e-05
134,0.3524986610262086,2.9266459613835134e-05
135,0.3275224859837392,2.9266448847295923e-05
136,0.3247857787516771,2.9266376592678354e-05
137,0.32418062748507515,2.9266354910744644e-05
138,0.32403128491800065,2.926634181716652e-05
139,0.32399350707595836,2.926633100787236e-05
140,0.3239838921884447,2.926625863090938e-05
141,0.3239814413047723,2.9266237239285868e-05
142,0.3239808163161853,2.9266224060207932e-05
143,0.3239806569247291,2.9266213182989918e-05
144,0.323980616273929,2.926614115974368e-05
145,0.3239806059063826,2.9266119694729887e-05
146,0.32398060326224765,2.926610634313472e-05
147,0.32398060258788824,2.9266095373367712e-05
148,0.32398060241589977,2.9266024118937734e-05
149,0.3239806023720359,2.9266002274825863e-05
150,0.3239806023608489,2.9265988668071397e-05
151,0.3239806023579957,2.9265977580169946e-05
152,0.32398060235726805,2.9265907489965283e-05
153,0.32398060235708254,2.9265884984711736e-05
154,0.3239806023570353,2.9265871038743752e-05
155,0.32398060235702303,2.9265859804997326e-05
156,0.3239806023570201,2.9265791281490447e-05
157,0.32398060235701925,2.926576783495542e-05
158,0.3239806023570189,2.9265753460157664e-05
159,0.32398060235701903,2.926574204985099e-05
160,0.29786109423264784,2.9265675521762187e-05
161,0.2604011888841664,2.926565084067391e-05
162,44.976126889969,2.9265635938660115e-05
163,0.2529467493894954,2.926562431713275e-05
164,0.24505200511476133,2.92655602546814e-05
165,0.21948564748925303,2.9265534021285707e-05
166,0.18603993688328502,2.9265518481970023e-05
167,0.14937608193346083,2.926550660974542e-05
168,0.1214616756066577,2.9265445538386226e-05
169,0.0893403243614481,2.926537853836249e-05
170,0.07458942694809434,2.9264920724612203e-05
171,0.06756062115404161,2.9263632858048356e-05
172,0.06304178418452963,2.925661941641171e-05
173,0.060330001238408336,2.9242392182861824e-05
174,0.059209730454799145,2.9208695698843225e-05
175,0.05765500455235385,2.913164015374002e-05
176,0.0559455052331584,2.8956955442367115e-05
177,0.05587122737669994,2.857482950313896e-05
178,0.05529178488504269,2.7799200063609203e-05
179,0.054892202814379225,2.6454361885534934e-05
180,0.054553612504825884,2.4719906387508314e-05
181,0.05335002419083114,2.3316937238245836e-05
182,0.05293184379032428,2.2668575975513896e-05
183,0.052632740268486015,2.248868956009836e-05
184,0.052092072905978094,2.243946591598426e-05
185,0.05115156691259793,2.2382004033785333e-05
186,0.0499037386992516,2.2053067650371135e-05
187,0.04814860547613605,2.1415615404035156e-05
188,0.046267252101542776,1.9982746363500083e-05
189,0.04359311031766018,1.7125625483237296e-05
190,0.04212720535170532,1.2298014998561585e-05
191,0.040649094583949365,6.390653348872605e-06
192,0.03600716370941547,2.0968395342400005e-06
193,0.028671269720058765,3.638329567831363e-07
194,0.018274030338821586,3.6826565560108676e-08
195,0.014194212275557685,6.130880142352433e-09
196,0.012862361405411459,3.6985743196585946e-09
197,0.01251064532468654,3.486904282802383e-09
198,0.012313902341048288,3.4616926204729702e-09
199,0.011613966241422188,3.4569400712107248e-09
200,0.01031659037849804,3.454259576702625e-09
201,0.010409028949705778,3.4521719180679836e-09
202,0.009670725575675602,3.4422961799939123e-09
203,0.008953538896195783,3.4403818983513544e-09
204,0.00863911876974297,3.439591051936401e-09
205,0.008492686899735664,3.4390818575088075e-09
206,0.008319791820148113,3.4386523966501326e-09
207,0.00800411588820931,3.4357161713037904e-09
208,0.007626575940051202,3.4349898253204294e-09
209,0.007376458983057398,3.434532725190552e-09
210,0.007246022470920286,3.4341475644178816e-09
211,0.0072118416894774405,3.4314485673513472e-09
212,0.007189324583587613,3.4307216436067926e-09
213,0.007151509104877806,3.4302659979775057e-09
214,0.007089190372055064,3.42988295254465e-09
215,0.006959611389197434,3.4272062011438256e-09
216,0.006714344669086678,3.4264726133209377e-09
217,0.0063104403277204684,3.426015603712304e-09
218,0.005864599724648148,3.425632869424677e-09
219,0.005424380289305969,3.4229761020380974e-09
220,0.005214317618606084,3.422232290153378e-09
221,0.0051152415455114515,3.4217728080197645e-09
222,0.00510037704558799,3.4213899535971375e-09
223,0.00508956748115824,3.418757220764598e-09
224,0.005071568459988269,3.4180001287991893e-09
225,0.005037868298826858,3.4175372164258967e-09
226,0.005003430110276075,3.4171538984557464e-09
227,0.004973761598287238,3.414549324379173e-09
228,0.004955477058106363,3.4137759717783186e-09
229,0.004933730653472337,3.4133087290173735e-09
230,0.004885248493349084,3.4129246392360832e-09
231,0.004799837295031867,3.4103522136337817e-09
232,0.004667929403359999,3.4095597441054993e-09
233,0.004979588258860724,3.4090872908121085e-09
234,0.0046354070033078395,3.40870213539607e-09
235,0.004510030148874227,3.406165981241014e-09
236,0.0044285626648704075,3.4053514091155097e-09
237,0.0043880610214220295,3.4048728595423247e-09
238,0.004364454869499824,3.40448635415259e-09
239,0.004328751446771119,3.4019906643984355e-09
240,0.004259119063989656,3.401150980672079e-09
241,0.004139693418616509,3.400665420502252e-09
242,0.0039914221754614124,3.400277274764435e-09
243,0.0039075988204544075,3.3978265587241215e-09
244,0.0038860472536972838,3.3969584939855385e-09
245,0.003882396665795531,3.3964649619954647e-09
246,0.0038818557573814146,3.3960748790496754e-09
247,0.003881560242206501,3.3936738722415904e-09
248,0.0038809537251301434,3.3927740272426083e-09
249,0.003879596911901877,3.3922714960773767e-09
250,0.00387645464304265,3.391879158793711e-09
251,0.00386957463664024,3.3895330745051426e-09
252,0.003854146801425915,3.3885976733474298e-09
253,0.003822111098287552,3.3880850333043024e-09
254,0.003763707233532577,3.3876901054831796e-09
255,0.0036831257706431975,3.385404526595487e-09
256,0.0037285401816902685,3.384429566253284e-09
257,0.003662588684888641,3.3839056071753683e-09
258,0.0036067498937194685,3.383507719741017e-09
259,0.0035730145150761955,3.38128887584517e-09
260,0.0035669062360564364,3.380269852197362e-09
261,0.003565560316456322,3.3797332466343523e-09
262,0.0035647773640165555,3.3793320004528557e-09
263,0.0035631572379266844,3.37718664150921e-09
264,0.0035594116555197953,3.3761187218903106e-09
265,0.00355071668766559,3.375568005131996e-09
266,0.003530968971361736,3.3751629552552214e-09
267,0.0034872529666867746,3.3730986719122025e-09
268,0.0033965546647183316,3.3719763782040715e-09
269,0.0032323876392471042,3.3714099294087594e-09
270,0.0030054310953309448,3.3710005894223417e-09
271,0.008886944934392342,3.3690256661060603e-09
272,0.002999741201263287,3.3678430752126896e-09
273,0.0028045086348245573,3.3672590949336647e-09
274,0.0027119044482411506,3.3668449183399754e-09
275,0.0026904597473382938,3.3649687120060028e-09
276,0.002687691068653752,3.3637190816505554e-09
277,0.002687426395172097,3.3631155674233053e-09
278,0.0026873395562479066,3.3626959532686728e-09
279,0.002687057798470679,3.3623290176997092e-09
280,0.0026861713625710975,3.359604716659416e-09
281,0.002684241567939623,3.3589794445168676e-09
282,0.0026801899291776306,3.3585537170544063e-09
283,0.0026730062633503423,3.3581853307254126e-09
284,0.002662932267584796,3.355500358729266e-09
285,0.002654235032072229,3.354850823731768e-09
286,0.002648715512896201,3.3544182301723032e-09
287,0.002647534193183872,3.3540481654663198e-09
288,0.002647352845277193,3.3514063863239688e-09
289,0.0026473335631027307,3.350729824115636e-09
290,0.002647329014759883,3.3502895231474015e-09
291,0.002647323922736396,3.3499175237691552e-09
292,0.002647296659218249,3.3473232930512236e-09
293,0.0026472326167885675,3.346616574923535e-09
294,0.0026470948430184016,3.3461676258184736e-09
295,0.0026467586682970483,3.345793407213621e-09
296,0.0026459872781419602,3.343251562477116e-09
297,0.00264419576424888,3.3425112303292416e-09
298,0.0026399976779327046,3.3420525797001383e-09
299,0.0026302925964572462,3.341675821019615e-09
300,0.0026079604375658224,3.3391918220730136e-09
301,0.0025574516983423025,3.338413958010598e-09
302,0.002447163256589374,3.3379444259897496e-09
303,0.0022247359667158517,3.337564770101781e-09
304,0.001844736907803917,3.3351446862963883e-09
305,0.0013709024276084719,3.3343249548034077e-09
306,0.0010129769407123924,3.333843220026073e-09
307,0.0008706949592635903,3.3334602645586963e-09
308,0.0008418116797027043,3.3311109514340495e-09
309,0.0008381641884124306,3.3302444360432157e-09
310,0.000837902023711574,3.3297490170183296e-09
311,0.000837881598732984,3.32936231315844e-09
312,0.0008378650370490078,3.3270913959496543e-09
313,0.0008377788630253748,3.3261726539016438e-09
314,0.0008375695924034343,3.3256618893626236e-09
315,0.0008369102680403361,3.3252709312531814e-09
316,0.0008355326508544103,3.323087029754588e-09
317,0.0008322435440356756,3.322109882281573e-09
318,0.0008247416145352064,3.3215819096159368e-09
319,0.0008076432541246544,3.3211861330959837e-09
320,0.0007696857973437567,3.3190988370160316e-09
321,0.0006913583394569844,3.318056443011194e-09
322,0.0005428535565115477,3.3175091727528652e-09
323,0.0003304803546260921,3.3171079408975272e-09
324,0.0001396801955314769,3.3151280983376926e-09
325,3.97164420864025e-05,3.314012684649231e-09
326,4.39642061594966e-06,3.313443772494079e-09
327,3.4250573375631264e-07,3.3130363752445725e-09
328,2.101234373188581e-08,3.3111760558358445e-09
329,1.6886940900399757e-09,3.309979016382328e-09
330,7.330257947545941e-10,3.3093858319126547e-09
331,7.188842853075308e-10,3.308971467320936e-09
332,6.873878302865361e-10,3.3086102511270963e-09
333,6.857408856130971e-10,3.305955889186956e-09
334,6.856084975657109e-10,3.305335474281613e-09
335,6.855875637552815e-10,3.3049132462918756e-09
336,6.855825476302802e-10,3.304550016654871e-09
337,6.855811860980152e-10,3.301943798151531e-09
338,6.855808054510279e-10,3.301292851051857e-09
339,6.855806982522042e-10,3.300861752024501e-09
340,,3.3004962019672638e-09
341,,3.2979433406013056e-09
342,,3.297258127523544e-09
343,,3.2968170268421685e-09
344,,3.296448812087928e-09
345,,3.2939551352945503e-09
346,,3.2932314955029986e-09
347,,3.292779122848195e-09
348,,3.292407856349963e-09
349,,3.2899799405934032e-09
350,,3.289213166518898e-09
351,,3.288748095877175e-09
352,,3.2883733443383566e-09
353,,3.2860185384299714e-09
354,,3.285203385163646e-09
355,,3.2847240154002293e-09
356,,3.284345290204529e-09
357,,3.2820718920393877e-09
358,,3.281202421407445e-09
359,,3.280706953759734e-09
360,,3.28032370850619e-09
361,,3.2781409883082693e-09
362,,3.2772105873368528e-09
363,,3.276697001909626e-09
364,,3.276308620180788e-09
365,,3.274227050927245e-09
366,,3.2732282263559245e-09
367,,3.272694253495541e-09
368,,3.272300046276687e-09
369,,3.270331323928098e-09
370,,3.2692557357268916e-09
371,,3.2686988268568113e-09
372,,3.268298016137585e-09
373,,3.266455360634543e-09
374,,3.265293551240732e-09
375,,3.264710842470637e-09
376,,3.2643025586767594e-09
377,,3.2639469087160227e-09
378,,3.2613421712548005e-09
379,,3.260730450636534e-09
380,,3.2603137139310812e-09
381,,3.259955853792583e-09
382,,3.25740216878478e-09
383,,3.2567578124123658e-09
384,,3.256331522072519e-09
385,,3.255971117298599e-09
386,,3.2534741556099704e-09
387,,3.252793114439878e-09
388,,3.2523560345138543e-09
389,,3.25199270764239e-09
390,,3.249558866285907e-09
391,,3.248836564165438e-09
392,,3.2483873058496965e-09
393,,3.248020634434075e-09
394,,3.2456570739883424e-09
395,,3.2448884007500575e-09
396,,3.2444254037118563e-09
397,,3.2440549114882815e-09
398,,3.241769711952607e-09
399,,3.240948888941638e-09
400,,3.2404703995983763e-09
401,,3.2400955530588372e-09
402,,3.2378977567156704e-09
403,,3.2370183333918705e-09
404,,3.236522381541276e-09
405,,3.2361425795356715e-09
406,,3.23404239343474e-09
407,,3.2330970709364838e-09
408,,3.232581442422805e-09
409,,3.2321960116719676e-09
410,,3.2302048537925145e-09
411,,3.2291854897697386e-09
412,,3.2286476966966026e-09
413,,3.2282558779990208e-09
414,,3.2263866431271187e-09
415,,3.2252840172324455e-09
416,,3.2247212636209974e-09
417,,3.2243222073055568e-09
418,,3.222589314048196e-09
419,,3.2213931471240154e-09
420,,3.220802291198512e-09
421,,3.2203950381285068e-09
422,,3.2200435254535943e-09
423,,3.2175134281181775e-09
424,,3.2168909341703575e-09
425,,3.2164744099690438e-09
426,,3.216120428455248e-09
427,,3.213645467487557e-09
428,,3.212987376817133e-09
429,,3.212560373034319e-09
430,,3.2122035539704835e-09
431,,3.2097899806803195e-09
432,,3.209091822669342e-09
433,,3.208652981190565e-09
434,,3.208292911169044e-09
435,,3.205947729768869e-09
436,,3.20520450550122e-09
437,,3.2047523001841834e-09
438,,3.204388513135851e-09
439,,3.202119623613206e-09
440,,3.2013256848544512e-09
441,,3.200858400455666e-09
442,,3.200490374526537e-09
443,,3.19830662450455e-09
444,,3.1974556588976296e-09
445,,3.196971367887102e-09
446,,3.1965985148183276e-09
447,,3.1945098871812113e-09
448,,3.1935947584041896e-09
449,,3.193091293957281e-09
450,,3.192712954714638e-09
451,,3.190730625495816e-09
452,,3.1897433625932272e-09
453,,3.1892182900412626e-09
454,,3.1888337214342134e-09
455,,3.186970306019428e-09
456,,3.18590189124959e-09
457,,3.1853524739021927e-09
458,,3.184960843895519e-09
459,,3.1832304590312755e-09
460,,3.1820708273655287e-09
461,,3.181493989455519e-09
462,,3.181094359232765e-09
463,,3.1807486429034874e-09
464,,3.1782507082245705e-09
465,,3.17764298919841e-09
466,,3.177234306884446e-09
467,,3.1768861810279763e-09
468,,3.174442130384178e-09
469,,3.1737996534438075e-09
470,,3.173380735328253e-09
471,,3.1730298389707378e-09
472,,3.170645793158809e-09
473,,3.16996418141733e-09
474,,3.169533697876837e-09
475,,3.1691796257171465e-09
476,,3.166862445166061e-09
477,,3.1661368023136293e-09
478,,3.16569325841278e-09
479,,3.165335554531274e-09
480,,3.163092974833214e-09
481,,3.1623177707365544e-09
482,,3.16185948626481e-09
483,,3.1614976391825703e-09
484,,3.159338327800187e-09
485,,3.1585073784215367e-09
486,,3.158032465295739e-09
487,,3.157665898935288e-09
488,,3.1555996324514506e-09
489,,3.1547059496956642e-09
490,,3.154212285704076e-09
491,,3.1538403539690844e-09
492,,3.1518780823009698e-09
493,,3.1509138560830083e-09
494,,3.150399056059451e-09
495,,3.1500210313358926e-09
496,,3.1481751097240787e-09
497,,3.1471315093406965e-09
498,,3.1465928921886383e-09
499,,3.1462079589160163e-09
500,,3.1444922202341936e-09
501,,3.1433593820287906e-09
502,,3.142793934489984e-09
503,,3.1424011732498763e-09
504,,3.1420609929492776e-09
505,,3.1395980016338434e-09
506,,3.1390023331988036e-09
507,,3.1386007128430375e-09
508,,3.1382581758855776e-09
509,,3.135847952833414e-09
510,,3.1352182643701424e-09
511,,3.1348066256147586e-09
512,,3.1344613778321857e-09
513,,3.1321099197914367e-09
514,,3.131441923836303e-09
515,,3.13101896322109e-09
516,,3.130670607904344e-09
517,,3.1283846378162894e-09
518,,3.127673535582974e-09
519,,3.127237788537657e-09
520,,3.1268858785711026e-09
521,,3.1246729758063496e-09
522,,3.1239133494945104e-09
523,,3.1234631695522903e-09
524,,3.1231072038212745e-09
525,,3.1209758629349533e-09
526,,3.1201616515221466e-09
527,,3.119695188327591e-09
528,,3.1193346022965425e-09
529,,3.1172944023017676e-09
530,,3.116418759359081e-09
531,,3.1159339332785915e-09
532,,3.1155680938002e-09
533,,3.1136297666267775e-09
534,,3.1126850372160833e-09
535,,3.1121795107473606e-09
536,,3.1118077045476896e-09
537,,3.1099833570584896e-09
538,,3.108960888761525e-09
539,,3.1084320343961766e-09
540,,3.1080534622461307e-09
541,,3.1063566522672807e-09
542,,3.105246777062575e-09
543,,3.1046916418499984e-09
544,,3.1043054027406286e-09
545,,3.1039706063874326e-09
546,,3.1015432187462687e-09
547,,3.100958480022639e-09
548,,3.1005635633622514e-09
549,,3.100226459899853e-09
550,,3.0978507876385e-09
551,,3.097232721584041e-09
552,,3.096827991208167e-09
553,,3.096488233566662e-09
554,,3.094170153561861e-09
555,,3.0935145586316704e-09
556,,3.0930987370992937e-09
557,,3.092755936285839e-09
558,,3.090502038029325e-09
559,,3.0898042106408145e-09
560,,3.089375862378941e-09
561,,3.089029580385121e-09
562,,3.0868472918555333e-09
563,,3.086101922386101e-09
564,,3.0856594338668465e-09
565,,3.0853091791426277e-09
566,,3.0832068264358614e-09
567,,3.0824079742480805e-09
568,,3.0819495318576506e-09
569,,3.0815947514159522e-09
570,,3.0795817223077483e-09
571,,3.0787226776475995e-09
572,,3.0782462428923317e-09
573,,3.0778863161886484e-09
574,,3.075973130205459e-09
575,,3.0750463893950116e-09
576,,3.074549671438473e-09
577,,3.0741838992896477e-09
578,,3.0723824214106677e-09
579,,3.071379505287852e-09
580,,3.0708599286761766e-09
581,,3.0704875278910647e-09
582,,3.0688110475993165e-09
583,,3.0677224790009124e-09
584,,3.067177149439347e-09
585,,3.0667972367202234e-09
586,,3.0664677128955077e-09
587,,3.0640758169550063e-09
588,,3.0635014781607048e-09
589,,3.063113063051839e-09
590,,3.0627812795817783e-09
591,,3.0604400820266473e-09
592,,3.059833083561079e-09
593,,3.059435052186758e-09
594,,3.0591006694622596e-09
595,,3.056815930281317e-09
596,,3.0561721541542405e-09
597,,3.0557632545585336e-09
598,,3.055425890966256e-09
599,,3.0532040691281937e-09
600,,3.052518905029526e-09
601,,3.052097730050077e-09
602,,3.0517569562975668e-09
603,,3.049605332152178e-09
604,,3.04887357603798e-09
605,,3.0484385442016734e-09
606,,3.0480938786232723e-09
607,,3.046020613391023e-09
608,,3.0452364417260914e-09
609,,3.0447857756409844e-09
610,,3.0444366759570017e-09
611,,3.0424509710252345e-09
612,,3.0416078079299145e-09
613,,3.0411395091814165e-09
614,,3.0407853673933567e-09
615,,3.038897533967451e-09
616,,3.0379880239378e-09
617,,3.03749984711806e-09
618,,3.037139977876042e-09
619,,3.0353616454803396e-09
620,,3.034377477878479e-09
621,,3.0338668986567412e-09
622,,3.033500534131886e-09
623,,3.031844729365363e-09
624,,3.0307766142885023e-09
625,,3.030240795945769e-09
626,,3.029867070064607e-09
627,,3.0295427230785793e-09
628,,3.0271859297807885e-09
629,,3.0266216798863314e-09
630,,3.026239622431755e-09
631,,3.0259130623868523e-09
632,,3.0236059758366308e-09
633,,3.023009716707182e-09
634,,3.0226182355709334e-09
635,,3.0222891293175106e-09
636,,3.0200373953723677e-09
637,,3.0194050906724936e-09
638,,3.019002958638691e-09
639,,3.0186709325077375e-09
640,,3.0164808821757635e-09
641,,3.0158080125589595e-09
642,,3.0153938505656433e-09
643,,3.0150584835905487e-09
644,,3.0129372529321775e-09
645,,3.012218717798367e-09
646,,3.0117909756749148e-09
647,,3.011451795666728e-09
648,,3.0094073844769415e-09
649,,3.0086374755501583e-09
650,,3.0081944104433276e-09
651,,3.007850886186613e-09
652,,3.005892313290441e-09
653,,3.0050645849788606e-09
654,,3.0046042387876146e-09
655,,3.0042557738787062e-09
656,,3.002393146665864e-09
657,,3.00150038901547e-09
658,,3.0010205602958164e-09
659,,3.000666483094615e-09
660,,2.9989112007369215e-09
661,,2.9979452677579346e-09
662,,2.997443482527483e-09
663,,2.997083040200607e-09
664,,2.9954478716773927e-09
665,,2.99439965689242e-09
666,,2.993873134359411e-09
667,,2.993505478588931e-09
668,,2.993186219601627e-09
669,,2.9908640432448814e-09
670,,2.9903096545541616e-09
671,,2.989933833725594e-09
672,,2.989612407242562e-09
673,,2.9873389676452537e-09
674,,2.9867532055634353e-09
675,,2.9863681493413514e-09
676,,2.9860442289490577e-09
677,,2.983825059859201e-09
678,,2.9832039680149658e-09
679,,2.9828084736983373e-09
680,,2.9824816928045713e-09
681,,2.980323000489735e-09
682,,2.979662148993014e-09
683,,2.9792548644766425e-09
684,,2.9789248102667372e-09
685,,2.9768335892230115e-09
686,,2.9761279786861947e-09
687,,2.975707384541384e-09
688,,2.97537359460021e-09
689,,2.9733576863497285e-09
690,,2.9726017210351484e-09
691,,2.972166109259038e-09
692,,2.971828062491972e-09
693,,2.9698963072275406e-09
694,,2.9690836695354643e-09
695,,2.96863112029113e-09
696,,2.9682882323472686e-09
697,,2.9664505377857365e-09
698,,2.9655741598489383e-09
699,,2.965102515756709e-09
700,,2.9647541282974523e-09
701,,2.9630216671763108e-09
702,,2.9620735648304126e-09
703,,2.9615804005908474e-09
704,,2.9612257757440606e-09
705,,2.959611064974848e-09
706,,2.958582311757174e-09
707,,2.9580649013912317e-09
708,,2.9577032075227312e-09
709,,2.9573889512458303e-09
710,,2.955100877160487e-09
711,,2.9545561540485753e-09
712,,2.95418645840869e-09
713,,2.9538700791911536e-09
714,,2.9516297918090855e-09
715,,2.951054317964443e-09
716,,2.9506755714885714e-09
717,,2.950356749127506e-09
718,,2.9481696725493993e-09
719,,2.9475595701721773e-09
720,,2.9471705937417778e-09
721,,2.9468489691295895e-09
722,,2.9447211868589387e-09
723,,2.944072113345037e-09
724,,2.9436715816221475e-09
725,,2.9433467503555276e-09
726,,2.941285118112236e-09
727,,2.9405921732242603e-09
728,,2.940178596867404e-09
729,,2.939850105395178e-09
730,,2.93786231000861e-09
731,,2.9371200086763242e-09
732,,2.9366917136059835e-09
733,,2.936359051021308e-09
734,,2.934453757378326e-09
735,,2.9336559070206466e-09
736,,2.933211011493868e-09
737,,2.9328736051767865e-09
738,,2.9310605252318556e-09
739,,2.9302001974983375e-09
740,,2.929736586666854e-09
741,,2.929393791180442e-09
742,,2.9276838764302006e-09
743,,2.9267532459329612e-09
744,,2.926268542170353e-09
745,,2.9259196343798655e-09
746,,2.92432515446728e-09
747,,2.9233154701890745e-09
748,,2.9228070019753144e-09
749,,2.9224511667781638e-09
750,,2.9221418298374636e-09
751,,2.9198873383029766e-09
752,,2.9193520995018595e-09
753,,2.918988422233587e-09
754,,2.9186770061663477e-09
755,,2.9164693700436597e-09
756,,2.915903990464229e-09
757,,2.9155314433226534e-09
758,,2.9152176338286813e-09
759,,2.913062169941868e-09
760,,2.912462848858278e-09
761,,2.9120802756250146e-09
762,,2.911763721038275e-09
763,,2.9096663925356975e-09
764,,2.9090288729242824e-09
765,,2.9086349749257982e-09
766,,2.9083152786920076e-09
767,,2.9062828056628215e-09
768,,2.9056022844630962e-09
769,,2.9051956014127956e-09
770,,2.9048723190204868e-09
771,,2.9029122362655814e-09
772,,2.9021833367485557e-09
773,,2.9017622275880376e-09
774,,2.9014348583706057e-09
775,,2.899555659181723e-09
776,,2.8987723112712886e-09
777,,2.898334932004792e-09
778,,2.898002914423301e-09
779,,2.8962141187140865e-09
780,,2.8953695314279154e-09
781,,2.89491380861483e-09
782,,2.8945765100182452e-09
783,,2.892888852461227e-09
784,,2.8919753550931896e-09
785,,2.891498958364631e-09
786,,2.8911556701105574e-09
787,,2.8895811776999384e-09
788,,2.888590192293576e-09
789,,2.888090502777113e-09
790,,2.887740425577249e-09
791,,2.8874359267688944e-09
792,,2.8852145012834687e-09
793,,2.8846885724491895e-09
794,,2.8843308102459384e-09
795,,2.8840242748472936e-09
796,,2.881848792195694e-09
797,,2.881293320490279e-09
798,,2.8809268651773855e-09
799,,2.880617985552746e-09
800,,2.8784936570191776e-09
801,,2.8779049168538733e-09
802,,2.8775286355962003e-09
803,,2.8772170665650466e-09
804,,2.875149737686437e-09
805,,2.87452355635542e-09
806,,2.8741361757746366e-09
807,,2.87382152882383e-09
808,,2.8718177864753387e-09
809,,2.8711494560017787e-09
810,,2.8707495449209134e-09
811,,2.8704313842966134e-09
812,,2.8684986142688537e-09
813,,2.867782863927535e-09
814,,2.867368813959678e-09
815,,2.867046648932948e-09
816,,2.865193176452157e-09
817,,2.864424056859782e-09
818,,2.863994059858524e-09
819,,2.8636673400557855e-09
820,,2.8619024967784216e-09
821,,2.8610733505706646e-09
822,,2.860625374589185e-09
823,,2.8602934800424965e-09
824,,2.8586277879557356e-09
825,,2.8577310966530003e-09
826,,2.8572628574218754e-09
827,,2.856925093111234e-09
828,,2.8553703418786915e-09
829,,2.854397697017416e-09
830,,2.853906627292957e-09
831,,2.8535622099487797e-09
832,,2.853262469169064e-09
833,,2.8510736005399348e-09
834,,2.8505568121794474e-09
835,,2.8502048632352296e-09
836,,2.8499031278797057e-09
837,,2.847759307135205e-09
838,,2.8472135618853823e-09
839,,2.846853093503043e-09
840,,2.8465490617431485e-09
841,,2.844455397401283e-09
842,,2.8438770434639052e-09
843,,2.843506945019854e-09
844,,2.8432002786105896e-09
845,,2.841162500289576e-09
846,,2.8405474474141297e-09
847,,2.840166470845141e-09
848,,2.8398567890496126e-09
849,,2.837881353486145e-09
850,,2.837224986697384e-09
851,,2.836831729112668e-09
852,,2.8365186046814183e-09
853,,2.834612751628559e-09
854,,2.8339099046280178e-09
855,,2.8335027892655513e-09
856,,2.833185741341749e-09
857,,2.8313576310684837e-09
858,,2.8306024721297566e-09
859,,2.8301797267647296e-09
860,,2.8298582156018823e-09
861,,2.8281169957116862e-09
862,,2.82730299898196e-09
863,,2.826862631755718e-09
864,,2.826536049784487e-09
865,,2.824892033573797e-09
866,,2.8240118295732883e-09
867,,2.8235516014683365e-09
868,,2.823219267450816e-09
869,,2.821684011533185e-09
870,,2.820729357902946e-09
871,,2.820246752540773e-09
872,,2.8199078985410405e-09
873,,2.819612837503032e-09
874,,2.817456023886988e-09
875,,2.816948210357214e-09
876,,2.8166019752704667e-09
877,,2.8163049605452105e-09
878,,2.8141923179142084e-09
879,,2.81365612177261e-09
880,,2.813301537278219e-09
881,,2.8130022732465066e-09
882,,2.810938808576783e-09
883,,2.8103706502965144e-09
884,,2.8100066278823473e-09
885,,2.809704782802877e-09
886,,2.807696112788689e-09
887,,2.8070919829482138e-09
888,,2.8067172990227762e-09
889,,2.8064124997355144e-09
890,,2.804464953320591e-09
891,,2.803820328324943e-09
892,,2.8034336078688327e-09
893,,2.8031254355994822e-09
894,,2.801246109211612e-09
895,,2.8005559248443958e-09
896,,2.800155622366169e-09
897,,2.7998436054506504e-09
898,,2.798040498146832e-09
899,,2.797299038168635e-09
900,,2.796883416303696e-09
901,,2.796567026196743e-09
902,,2.794849104162597e-09
903,,2.7940499718993105e-09
904,,2.793617078148176e-09
905,,2.7932957191158314e-09
906,,2.7916730921200867e-09
907,,2.790809063581097e-09
908,,2.790356703511441e-09
909,,2.790029707530187e-09
910,,2.788513703594465e-09
911,,2.787576699271727e-09
912,,2.7871024060749165e-09
913,,2.786769020810208e-09
914,,2.786478562434365e-09
915,,2.7843533104586264e-09
916,,2.783854309083307e-09
917,,2.783513690363302e-09
918,,2.7832213183299537e-09
919,,2.781139377619151e-09
920,,2.7806125565120236e-09
921,,2.7802637549326927e-09
922,,2.779969179628697e-09
923,,2.777935458209939e-09
924,,2.7773773084839e-09
925,,2.77701925733502e-09
926,,2.7767221535637565e-09
927,,2.7747421567977125e-09
928,,2.7741487485071536e-09
929,,2.7737802481779436e-09
930,,2.773480250344339e-09
931,,2.771560181616724e-09
932,,2.770927080881712e-09
933,,2.7705467835154872e-09
934,,2.7702434808851076e-09
935,,2.768390296800242e-09
936,,2.7677125392481142e-09
937,,2.767318929935672e-09
938,,2.76701186036124e-09
939,,2.765233401337794e-09
940,,2.7645053839724126e-09
941,,2.7640967598933103e-09
942,,2.7637854049297725e-09
943,,2.762090460565098e-09
944,,2.7613059127413332e-09
945,,2.760880359978257e-09
946,,2.760564135851634e-09
947,,2.7589626153267693e-09
948,,2.7581144564219166e-09
949,,2.7576698236483604e-09
950,,2.7573480756796633e-09
951,,2.755851083241619e-09
952,,2.754931393215497e-09
953,,2.7544652626908544e-09
954,,2.7541372533919965e-09
955,,2.7538513219651558e-09
956,,2.75175714652836e-09
957,,2.751266797882735e-09
958,,2.7509316994912213e-09
959,,2.750643893915339e-09
960,,2.748592186727366e-09
961,,2.748074569983236e-09
962,,2.747731452295137e-09
963,,2.747441488333776e-09
964,,2.745437060222022e-09
965,,2.7448887365088852e-09
966,,2.744536553351385e-09
967,,2.744244112539889e-09
968,,2.7422923603484687e-09
969,,2.741709476634489e-09
970,,2.741347052523179e-09
971,,2.7410517763523277e-09
972,,2.739158780670407e-09
973,,2.738536990884881e-09
974,,2.7381630047190663e-09
975,,2.737864490639835e-09
976,,2.7360370703890813e-09
977,,2.7353715084087594e-09
978,,2.734984474973367e-09
979,,2.7346822699778637e-09
980,,2.7329281108077845e-09
981,,2.73221328428866e-09
982,,2.7318115346989673e-09
983,,2.731505130459288e-09
984,,2.7298328477550376e-09
985,,2.7290626103951586e-09
986,,2.7286442683720453e-09
987,,2.7283330927525743e-09
988,,2.7267523996292228e-09
989,,2.725919810786734e-09
990,,2.7254827675311944e-09
991,,2.7251661789324117e-09
992,,2.7236879605242792e-09
993,,2.7227852566366926e-09
994,,2.7223271421833793e-09
995,,2.7220044173213523e-09
996,,2.7217229385222103e-09
997,,2.7196593622531434e-09
998,,2.7191775102975563e-09
999,,2.7188478382769314e-09
1000,,2.718564523662356e-09
1001,,2.716542589270034e-09
1002,,2.7160340100651178e-09
1003,,2.7156964786102026e-09
1004,,2.7154110501309052e-09
1005,,2.7134354733565496e-09
1006,,2.7128967955714026e-09
1007,,2.712550379532577e-09
1008,,2.712262524698378e-09
1009,,2.7103385955197275e-09
1010,,2.7097660427461685e-09
1011,,2.7094095899026033e-09
1012,,2.709118956963264e-09
1013,,2.707252635971217e-09
1014,,2.706641948016023e-09
1015,,2.706274163096111e-09
1016,,2.7059803577922067e-09
1017,,2.704178329005193e-09
1018,,2.7035247359479373e-09
1019,,2.7031441634224488e-09
1020,,2.702846741600492e-09
1021,,2.7011165383745195e-09
1022,,2.7004146567333635e-09
1023,,2.7000196601179904e-09
1024,,2.6997181239094857e-09
1025,,2.6980681916459405e-09
1026,,2.697311996052351e-09
1027,,2.6969007368109983e-09
1028,,2.696594524947768e-09
1029,,2.695034384541084e-09
1030,,2.6942170720551362e-09
1031,,2.6937874829567348e-09
1032,,2.693475966404569e-09
1033,,2.6920162877273723e-09
1034,,2.6911302480010077e-09
1035,,2.690680005799888e-09
1036,,2.69036247603125e-09
1037,,2.690085376789065e-09
1038,,2.6880519303439365e-09
1039,,2.687578421536667e-09
1040,,2.687254083490576e-09
1041,,2.6869751862939683e-09
1042,,2.6849825715672e-09
1043,,2.6844828655313606e-09
1044,,2.6841508249339156e-09
1045,,2.6838698570300712e-09
1046,,2.681922696717245e-09
1047,,2.6813934886140676e-09
1048,,2.681052740747526e-09
1049,,2.68076939575181e-09
1050,,2.6788728753013203e-09
1051,,2.6783104635656204e-09
1052,,2.6779598785835765e-09
1053,,2.6776738120742564e-09
1054,,2.6758337737743105e-09
1055,,2.6752339824477205e-09
1056,,2.6748722911225965e-09
1057,,2.67458311645432e-09
1058,,2.6728061124015272e-09
1059,,2.6721642657814147e-09
1060,,2.6717900409402687e-09
1061,,2.671497322931186e-09
1062,,2.6697907374189873e-09
1063,,2.6691015584453874e-09
1064,,2.668713196444735e-09
1065,,2.6684164466281602e-09
1066,,2.6667885580502652e-09
1067,,2.666046140704439e-09
1068,,2.6656418389742777e-09
1069,,2.6653405075089806e-09
1070,,2.6638006485072496e-09
1071,,2.6629983241384586e-09
1072,,2.662576056429059e-09
1073,,2.6622695268468267e-09
1074,,2.6608281564624164e-09
1075,,2.6599584653151704e-09
1076,,2.6595159542361e-09
1077,,2.659203531734629e-09
1078,,2.6589307401400367e-09
1079,,2.6569269621761186e-09
1080,,2.6564616459021107e-09
1081,,2.6561425510964394e-09
1082,,2.6558679986591527e-09
1083,,2.653904258353228e-09
1084,,2.653413264268818e-09
1085,,2.6530866205579803e-09
1086,,2.6528100399788666e-09
1087,,2.6508908682530844e-09
1088,,2.650370957211966e-09
1089,,2.650035779701531e-09
1090,,2.6497568705375393e-09
1091,,2.6478873505426615e-09
1092,,2.647334893613906e-09
1093,,2.6469900751985893e-09
1094,,2.646708499746762e-09
1095,,2.6448943581885186e-09
1096,,2.6443052624184738e-09
1097,,2.643949558457913e-09
1098,,2.6436649377780593e-09
1099,,2.6419125975919565e-09
1100,,2.641282279379729e-09
1101,,2.640914291344724e-09
1102,,2.6406261984681883e-09
1103,,2.638942897630616e-09
1104,,2.638266184419242e-09
1105,,2.637884340159073e-09
1106,,2.637592296907857e-09
1107,,2.635986150124104e-09
1108,,2.6352572525547244e-09
1109,,2.6348597851003803e-09
1110,,2.6345632521739815e-09
1111,,2.633043407726625e-09
1112,,2.6322557889094958e-09
1113,,2.6318407122868276e-09
1114,,2.631539085377384e-09
1115,,2.6301157953903664e-09
1116,,2.629262142955845e-09
1117,,2.6288272246573543e-09
1118,,2.628519822847949e-09
1119,,2.6272046489906536e-09
1120,,2.6262767022535625e-09
1121,,2.625819433173312e-09
1122,,2.6255054929426098e-09
1123,,2.6252352142746158e-09
1124,,2.6232999067609345e-09
1125,,2.622817469006534e-09
1126,,2.6224961309507927e-09
1127,,2.622223865501424e-09
1128,,2.620332258319068e-09
1129,,2.6198214768625665e-09
1130,,2.619491775131419e-09
1131,,2.619217228853776e-09
1132,,2.6173743041246457e-09
1133,,2.61683162214246e-09
1134,,2.616492471594249e-09
1135,,2.616215313123903e-09
1136,,2.614426684573784e-09
1137,,2.6138480900198887e-09
1138,,2.6134982706066506e-09
1139,,2.613218128605811e-09
1140,,2.611490091948587e-09
1141,,2.6108710915193097e-09
1142,,2.610509232532146e-09
1143,,2.610225688613236e-09
1144,,2.608565338618338e-09
1145,,2.607900862509424e-09
1146,,2.6075254227241687e-09
1147,,2.6072380080231858e-09
1148,,2.6056532993023346e-09
1149,,2.6049376721015806e-09
1150,,2.604546919651444e-09
1151,,2.6042551052945523e-09
1152,,2.602755004685062e-09
1153,,2.601981819687754e-09
1154,,2.601573807589243e-09
1155,,2.6012770015762603e-09
1156,,2.599871558703144e-09
1157,,2.599033647398387e-09
1158,,2.5986061877005245e-09
1159,,2.5983037222153142e-09
1160,,2.5970042701030475e-09
1161,,2.5960935353433362e-09
1162,,2.595644168274186e-09
1163,,2.5953352952417796e-09
1164,,2.595069220366495e-09
1165,,2.593161914799135e-09
1166,,2.5926878784161916e-09
1167,,2.5923717552517316e-09
1168,,2.5921037341281735e-09
1169,,2.5902392774000523e-09
1170,,2.589737459404082e-09
1171,,2.589413139456196e-09
1172,,2.5891428840461155e-09
1173,,2.587326159965775e-09
1174,,2.586793073670823e-09
1175,,2.5864594932431988e-09
1176,,2.5861866787681364e-09
1177,,2.584423189812458e-09
1178,,2.583854902599229e-09
1179,,2.5835108657900583e-09
1180,,2.5832351282874118e-09
1181,,2.5815310456577387e-09
1182,,2.580923153139226e-09
1183,,2.580567316294524e-09
1184,,2.580288245654958e-09
1185,,2.578650523834913e-09
1186,,2.5779980565391744e-09
1187,,2.5776289089101852e-09
1188,,2.577346045243848e-09
1189,,2.5757824816082594e-09
1190,,2.575079876240604e-09
1191,,2.5746957201812057e-09
1192,,2.5744085456147975e-09
1193,,2.572927929585667e-09
1194,,2.5721689060310626e-09
1195,,2.571767833080391e-09
1196,,2.5714757668188237e-09
1197,,2.5700879493266972e-09
1198,,2.5692654810894435e-09
1199,,2.568845346541182e-09
1200,,2.5685477342243152e-09
1201,,2.567263823842671e-09
1202,,2.5663699739049614e-09
1203,,2.5659283667891095e-09
1204,,2.5656244750520353e-09
1205,,2.5653625350728284e-09
1206,,2.5634828075884536e-09
1207,,2.563017020341218e-09
1208,,2.56270602310805e-09
1209,,2.562442176926839e-09
1210,,2.5606044635386808e-09
1211,,2.5601114456489313e-09
1212,,2.559792415211446e-09
1213,,2.5595263803137307e-09
1214,,2.5577354683488455e-09
1215,,2.5572118018704095e-09
1216,,2.5568836954416172e-09
1217,,2.5566151534546184e-09
1218,,2.554876436649381e-09
1219,,2.554318266674985e-09
1220,,2.553979912332671e-09
1221,,2.5537085064311822e-09
1222,,2.552028033925437e-09
1223,,2.5514310433943508e-09
1224,,2.551081123537239e-09
1225,,2.55080645183582e-09
1226,,2.549191040484444e-09
1227,,2.548550358110676e-09
1228,,2.5481873921360796e-09
1229,,2.5479090038491173e-09
1230,,2.5463662967752995e-09
1231,,2.5456764692350366e-09
1232,,2.545298793053529e-09
1233,,2.5450161806389585e-09
1234,,2.543554793269954e-09
1235,,2.542809664766793e-09
1236,,2.5424154077372892e-09
1237,,2.5421280016401064e-09
1238,,2.5407575906104523e-09
1239,,2.539950273278789e-09
1240,,2.539537332956965e-09
1241,,2.5392444918848158e-09
1242,,2.5379759456958036e-09
1243,,2.537098659955245e-09
1244,,2.5366646730287443e-09
1245,,2.5363656780893474e-09
1246,,2.536107805459162e-09
1247,,2.534255239219358e-09
1248,,2.5337975516827043e-09
1249,,2.5334915932441428e-09
1250,,2.533231853659716e-09
1251,,2.531420483163721e-09
1252,,2.5309361048170006e-09
1253,,2.530622273399461e-09
1254,,2.5303603896146784e-09
1255,,2.5285949078578235e-09
1256,,2.528080488473421e-09
1257,,2.5277577618449204e-09
1258,,2.5274934220669774e-09
1259,,2.5257791157226922e-09
1260,,2.5252308766732125e-09
1261,,2.5248981061735013e-09
1262,,2.5246309604547747e-09
1263,,2.5229737592201476e-09
1264,,2.5223874685929944e-09
1265,,2.5220433627673424e-09
1266,,2.5217730171318735e-09
1267,,2.520179603120689e-09
1268,,2.5195504860381167e-09
1269,,2.5191935935783026e-09
1270,,2.5189196062522526e-09
1271,,2.517397471268726e-09
1272,,2.5167201823309196e-09
1273,,2.516348871717637e-09
1274,,2.5160707451318157e-09
1275,,2.514628334576409e-09
1276,,2.5138968393991763e-09
1277,,2.5135092772921234e-09
1278,,2.513226453351602e-09
1279,,2.5118732325150357e-09
1280,,2.5110807797678027e-09
1281,,2.510674905146e-09
1282,,2.5103867551245124e-09
1283,,2.5091333973131232e-09
1284,,2.5082723610237305e-09
1285,,2.5078458574623343e-09
1286,,2.5075516765681485e-09
1287,,2.507297804811275e-09
1288,,2.5054719894764824e-09
1289,,2.505022255380308e-09
1290,,2.5047212501028206e-09
1291,,2.504465549545897e-09
1292,,2.5026801280923224e-09
1293,,2.5022042322092835e-09
1294,,2.5018955110510275e-09
1295,,2.501637710313445e-09
1296,,2.4998972823440664e-09
1297,,2.4993919409055e-09
1298,,2.4990745017630767e-09
1299,,2.498814294909845e-09
1300,,2.4971240430056807e-09
1301,,2.4965855520442927e-09
1302,,2.4962582689930372e-09
1303,,2.495995312893034e-09
1304,,2.4943610496370087e-09
1305,,2.493785260754133e-09
1306,,2.493446867810133e-09
1307,,2.4931807766397583e-09
1308,,2.4916090515048586e-09
1309,,2.4909912843224433e-09
1310,,2.490640358890118e-09
1311,,2.4903706995511447e-09
1312,,2.4888688566736245e-09
1313,,2.4882038712730994e-09
1314,,2.487838814399027e-09
1315,,2.4875650988070736e-09
1316,,2.486141416235834e-09
1317,,2.4854232982039325e-09
1318,,2.485042312297325e-09
1319,,2.4847639935859047e-09
1320,,2.4834277497422585e-09
1321,,2.4826498804986e-09
1322,,2.4822509457010763e-09
1323,,2.481967407594705e-09
1324,,2.480729064386356e-09
1325,,2.4798839691630765e-09
1326,,2.4794648146276224e-09
1327,,2.4791753663418247e-09
1328,,2.478925430238274e-09
1329,,2.4771259625873e-09
1330,,2.4766840380231024e-09
1331,,2.4763879015957626e-09
1332,,2.4761361743692464e-09
1333,,2.474376313956962e-09
1334,,2.473908746527754e-09
1335,,2.473605048092901e-09
1336,,2.473351263371741e-09
1337,,2.471635519647572e-09
1338,,2.4711390897777987e-09
1339,,2.4708268472226407e-09
1340,,2.470570705423449e-09
1341,,2.468904157856874e-09
1342,,2.4683752354069667e-09
1343,,2.468053344807835e-09
1344,,2.4677945096646377e-09
1345,,2.4661828558010635e-09
1346,,2.465617374183651e-09
1347,,2.4652845949071972e-09
1348,,2.465022687918377e-09
1349,,2.463472348083483e-09
1350,,2.462865719662348e-09
1351,,2.4625206570037636e-09
1352,,2.462255253458615e-09
1353,,2.4607734266215443e-09
1354,,2.460120514880843e-09
1355,,2.459761601378553e-09
1356,,2.4594922233531116e-09
1357,,2.4580870235878038e-09
1358,,2.4573820310872232e-09
1359,,2.457007504874706e-09
1360,,2.4567336161481136e-09
1361,,2.4554141386204945e-09
1362,,2.454650577566965e-09
1363,,2.454258458561517e-09
1364,,2.4539794550393225e-09
1365,,2.452755954874853e-09
1366,,2.451926498267293e-09
1367,,2.4515145606157437e-09
1368,,2.451229765113758e-09
1369,,2.4509837005504086e-09
1370,,2.4492101836180533e-09
1371,,2.4487759277179197e-09
1372,,2.4484845775721876e-09
1373,,2.448236758680192e-09
1374,,2.4465020782247095e-09
1375,,2.4460426875359267e-09
1376,,2.4457439262251383e-09
1377,,2.445494091987453e-09
1378,,2.4438026679892686e-09
1379,,2.4433149870515164e-09
1380,,2.4430078519371432e-09
1381,,2.4427557084232338e-09
1382,,2.4411125200436202e-09
1383,,2.4405929901844733e-09
1384,,2.4402763990843415e-09
1385,,2.440021616771848e-09
1386,,2.43843224935746e-09
1387,,2.437876884419474e-09
1388,,2.4375496211372357e-09
1389,,2.4372918290707383e-09
1390,,2.4357625755082742e-09
1391,,2.435166878655988e-09
1392,,2.4348275761484294e-09
1393,,2.4345663582188573e-09
1394,,2.433104275159586e-09
1395,,2.432463211326301e-09
1396,,2.4321103331917333e-09
1397,,2.4318452205728013e-09
1398,,2.4304582618334065e-09
1399,,2.4297661481250826e-09
1400,,2.429397967487453e-09
1401,,2.4291284344910106e-09
1402,,2.427825515738362e-09
1403,,2.4270759924796745e-09
1404,,2.426690568071184e-09
1405,,2.426416022862327e-09
1406,,2.425207195842216e-09
1407,,2.424393081460964e-09
1408,,2.4239882314512336e-09
1409,,2.4237080100725526e-09
1410,,2.4234657541672243e-09
1411,,2.4217177975993878e-09
1412,,2.4212910716408695e-09
1413,,2.4210044266408794e-09
1414,,2.4207604523609624e-09
1415,,2.41905057648435e-09
1416,,2.418599214244855e-09
1417,,2.4183053059117013e-09
1418,,2.418059357388257e-09
1419,,2.4163918948814675e-09
1420,,2.4159128029087246e-09
1421,,2.4156106875420453e-09
1422,,2.415362476780921e-09
1423,,2.413742308402164e-09
1424,,2.4132319986388674e-09
1425,,2.4129206154905586e-09
1426,,2.412669819512862e-09
1427,,2.4111024199895954e-09
1428,,2.410556984745562e-09
1429,,2.4102351418614645e-09
1430,,2.4099813967843333e-09
1431,,2.40847293490505e-09
1432,,2.407887966314537e-09
1433,,2.407554323509263e-09
1434,,2.4072972218101654e-09
1435,,2.405854614581216e-09
1436,,2.4052251770223686e-09
1437,,2.4048782283579475e-09
1438,,2.4046173101958562e-09
1439,,2.40324835403133e-09
1440,,2.4025688773055256e-09
1441,,2.402206929733021e-09
1442,,2.4019416800539443e-09
1443,,2.4006551146125123e-09
1444,,2.3999193643901963e-09
1445,,2.399540515462884e-09
1446,,2.3992703538411474e-09
1447,,2.3980760320366543e-09
1448,,2.3972769688396163e-09
1449,,2.396879079597229e-09
1450,,2.396603355267715e-09
1451,,2.3963648461050523e-09
1452,,2.3946420656026713e-09
1453,,2.394222734241758e-09
1454,,2.3939407145462704e-09
1455,,2.393700522130546e-09
1456,,2.3920150816398097e-09
1457,,2.391571602162832e-09
1458,,2.3912824639926708e-09
1459,,2.3910403377851262e-09
1460,,2.3893964842254467e-09
1461,,2.388925824464801e-09
1462,,2.388628642822521e-09
1463,,2.3883843004271036e-09
1464,,2.3867868179527942e-09
1465,,2.386285558595354e-09
1466,,2.3859792938309915e-09
1467,,2.3857324186392794e-09
1468,,2.384186673757954e-09
1469,,2.3836509847347503e-09
1470,,2.383334468177143e-09
1471,,2.3830847036380254e-09
1472,,2.381596743154473e-09
1473,,2.3810223035172667e-09
1474,,2.3806942215908294e-09
1475,,2.3804411677479786e-09
1476,,2.3790177722794013e-09
1477,,2.378399744060158e-09
1478,,2.3780586206691403e-09
1479,,2.3778018272350742e-09
1480,,2.3764506387317923e-09
1481,,2.3757835616257714e-09
1482,,2.375427737086667e-09
1483,,2.3751666991619994e-09
1484,,2.3738962846396844e-09
1485,,2.3731740476279736e-09
1486,,2.3728016571760433e-09
1487,,2.3725358055773725e-09
1488,,2.3713558231844385e-09
1489,,2.3705715260302775e-09
1490,,2.370180472858924e-09
1491,,2.3699091698659475e-09
1492,,2.369674346589397e-09
1493,,2.3679763643765082e-09
1494,,2.3675642941310524e-09
1495,,2.3672868215608736e-09
1496,,2.3670503497026146e-09
1497,,2.3653889809549033e-09
1498,,2.3649532413744745e-09
1499,,2.3646687923662796e-09
1500,,2.36443042603907e-09
1501,,2.3628098342156064e-09
1502,,2.3623474526040678e-09
1503,,2.3620551204961717e-09
1504,,2.3618145832727863e-09
1505,,2.360239457608211e-09
1506,,2.359747082745501e-09
1507,,2.359445848319696e-09
1508,,2.359202829429068e-09
1509,,2.35767843053124e-09
1510,,2.3571523076519656e-09
1511,,2.3568410254029915e-09
1512,,2.3565951756821796e-09
1513,,2.355127430792833e-09
1514,,2.354563324619254e-09
1515,,2.3542407067572444e-09
1516,,2.3539916341816868e-09
1517,,2.3525871898643032e-09
1518,,2.351980357835403e-09
1519,,2.351644957431614e-09
1520,,2.3513922204392317e-09
1521,,2.350058567694488e-09
1522,,2.3494036576337286e-09
1523,,2.3490538480652976e-09
1524,,2.3487969515458023e-09
1525,,2.347542488051792e-09
1526,,2.346833509605693e-09
1527,,2.34646746268142e-09
1528,,2.3462058491415712e-09
1529,,2.3450400419555503e-09
1530,,2.3442702312845757e-09
1531,,2.343885891838043e-09
1532,,2.3436189359137435e-09
1533,,2.343387738754478e-09
1534,,2.3417141828093715e-09
1535,,2.3413092430752714e-09
1536,,2.341036240842214e-09
1537,,2.34080342885562e-09
1538,,2.3391657746239275e-09
1539,,2.338737634577484e-09
1540,,2.3384577950830973e-09
1541,,2.338223127390459e-09
1542,,2.3366254555186784e-09
1543,,2.3361712015183415e-09
1544,,2.335883635850458e-09
1545,,2.335646841495508e-09
1546,,2.334093748947363e-09
1547,,2.333610095525537e-09
1548,,2.333313804721381e-09
1549,,2.3330745791053126e-09
1550,,2.3315712225192424e-09
1551,,2.3310544893174574e-09
1552,,2.3307483505946257e-09
1553,,2.3305063511851506e-09
1554,,2.329058540422677e-09
1555,,2.328504575899779e-09
1556,,2.3281873269948014e-09
1557,,2.3279421698330035e-09
1558,,2.3265564201500494e-09
1559,,2.32596057546944e-09
1560,,2.3256307978612288e-09
1561,,2.325382050023205e-09
1562,,2.3240657042468244e-09
1563,,2.323422733098756e-09
1564,,2.3230788324130055e-09
1565,,2.322826008514824e-09
1566,,2.321587298556476e-09
1567,,2.3208913287517912e-09
1568,,2.3205315128257358e-09
1569,,2.320274066304739e-09
1570,,2.3191222721158293e-09
1571,,2.3183666735511265e-09
1572,,2.3179889280253823e-09
1573,,2.317726245989679e-09
1574,,2.3174986162355146e-09
1575,,2.3158491210096887e-09
1576,,2.315451183473084e-09
1577,,2.3151825757899577e-09
1578,,2.3149533643904475e-09
1579,,2.3133390726475636e-09
1580,,2.3129183946341185e-09
1581,,2.31264308620747e-09
1582,,2.312412057063354e-09
1583,,2.310836969171451e-09
1584,,2.3103906944189977e-09
1585,,2.3101078137165092e-09
1586,,2.309874701216466e-09
1587,,2.3083433231539857e-09
1588,,2.3078682312608834e-09
1589,,2.3075767990892483e-09
1590,,2.3073413047117796e-09
1591,,2.305858691059136e-09
1592,,2.30535117445318e-09
1593,,2.3050500902531878e-09
1594,,2.304811878287671e-09
1595,,2.303383724107443e-09
1596,,2.3028397132523315e-09
1597,,2.302527739721727e-09
1598,,2.3022864333900983e-09
1599,,2.30091912548518e-09
1600,,2.3003340631411133e-09
1601,,2.300009809956426e-09
1602,,2.299764985198097e-09
1603,,2.2984657209114167e-09
1604,,2.297834464812222e-09
1605,,2.2974963686881484e-09
1606,,2.2972475497608825e-09
1607,,2.296024398595657e-09
1608,,2.2953411924749006e-09
1609,,2.2949874969691294e-09
1610,,2.2947341479225025e-09
1611,,2.293596206137733e-09
1612,,2.2928545509531823e-09
1613,,2.292483281612896e-09
1614,,2.2922248016920704e-09
1615,,2.292000681534003e-09
1616,,2.2903748869039605e-09
1617,,2.2899838256537026e-09
1618,,2.2897195386167466e-09
1619,,2.289493869346586e-09
1620,,2.2879025940609217e-09
1621,,2.287489242757572e-09
1622,,2.287218388651501e-09
1623,,2.2869909388842647e-09
1624,,2.2854381040261272e-09
1625,,2.2849996633068902e-09
1626,,2.284721387727471e-09
1627,,2.2844918969279956e-09
1628,,2.282981919436069e-09
1629,,2.282515232255931e-09
1630,,2.2822285755249833e-09
1631,,2.2819967512079914e-09
1632,,2.280534585885129e-09
1633,,2.2800361158682907e-09
1634,,2.2797399990862337e-09
1635,,2.2795055120462825e-09
1636,,2.2780967414197767e-09
1637,,2.277562499592028e-09
1638,,2.277255709814134e-09
1639,,2.2770181909553155e-09
1640,,2.275669075333817e-09
1641,,2.2750945944949506e-09
1642,,2.274775769056444e-09
1643,,2.274534802454102e-09
1644,,2.273252397351409e-09
1645,,2.2726326366892634e-09
1646,,2.272300243180536e-09
1647,,2.2720553626490295e-09
1648,,2.270847577795119e-09
1649,,2.2701768949871353e-09
1650,,2.2698292113515426e-09
1651,,2.26957989157897e-09
1652,,2.2684556436155174e-09
1653,,2.2677276680440543e-09
1654,,2.2673627590242638e-09
1655,,2.2671084109479417e-09
1656,,2.2668877436658147e-09
1657,,2.26528529567402e-09
1658,,2.2649009871256263e-09
1659,,2.2646409478256326e-09
1660,,2.264418763260456e-09
1661,,2.2628501636684933e-09
1662,,2.2624440070332234e-09
1663,,2.2621775315507127e-09
1664,,2.2619536028871804e-09
1665,,2.260422695306859e-09
1666,,2.2599919459079218e-09
1667,,2.2597181971975613e-09
1668,,2.259492269084968e-09
1669,,2.258003383143465e-09
1670,,2.2575449468737486e-09
1671,,2.2572629836901526e-09
1672,,2.2570347693012615e-09
1673,,2.2555927621206383e-09
1674,,2.255103172237367e-09
1675,,2.254811937107966e-09
1676,,2.254581113971809e-09
1677,,2.253191457453065e-09
1678,,2.2526668037632516e-09
1679,,2.252365107890705e-09
1680,,2.252131313976269e-09
1681,,2.2508001451953055e-09
1682,,2.250236048796722e-09
1683,,2.249922556099429e-09
1684,,2.249685383964268e-09
1685,,2.248419618431847e-09
1686,,2.2478111383167553e-09
1687,,2.2474843468856815e-09
1688,,2.247243339243546e-09
1689,,2.246050730921373e-09
1690,,2.245392335703159e-09
1691,,2.2450505576625706e-09
1692,,2.244805199713582e-09
1693,,2.243694488869436e-09
1694,,2.2429799342675533e-09
1695,,2.242621272214835e-09
1696,,2.242370986732879e-09
1697,,2.2421537166330968e-09
1698,,2.240574266575603e-09
1699,,2.240196589550632e-09
1700,,2.2399407264857953e-09
1701,,2.239721970312763e-09
1702,,2.2381757110119822e-09
1703,,2.2377766188271637e-09
1704,,2.237514447895487e-09
1705,,2.237293983346082e-09
1706,,2.2357846824714954e-09
1707,,2.235361484766966e-09
1708,,2.2350921854577937e-09
1709,,2.234869762137378e-09
1710,,2.2334016637630983e-09
1711,,2.2329513273104964e-09
1712,,2.232673977135481e-09
1713,,2.2324493139306495e-09
1714,,2.231027179184519e-09
1715,,2.23054630584193e-09
1716,,2.230259868081092e-09
1717,,2.2300326488864234e-09
1718,,2.228661841432118e-09
1719,,2.2281465982776302e-09
1720,,2.2278499079271285e-09
1721,,2.2276197778553226e-09
1722,,2.226306313627088e-09
1723,,2.225752408290651e-09
1724,,2.2254441551132676e-09
1725,,2.225210714790599e-09
1726,,2.2239613727052366e-09
1727,,2.2233639617102992e-09
1728,,2.2230426739319603e-09
1729,,2.2228054750391363e-09
1730,,2.2216278557506784e-09
1731,,2.220981517068759e-09
1732,,2.220645540114813e-09
1733,,2.2204040782229004e-09
1734,,2.2193067489555865e-09
1735,,2.218605361844191e-09
1736,,2.218252835550832e-09
1737,,2.218006544596428e-09
1738,,2.2177926167885914e-09
1739,,2.216235821883411e-09
1740,,2.2158646574700883e-09
1741,,2.2156129004106154e-09
1742,,2.2153975171855835e-09
1743,,2.2138732681867587e-09
1744,,2.2134811127834697e-09
1745,,2.2132231737028577e-09
1746,,2.2130061171265703e-09
1747,,2.2115181073121406e-09
1748,,2.211102323999351e-09
1749,,2.210837398422787e-09
1750,,2.2106184229998164e-09
1751,,2.209170812463129e-09
1752,,2.2087284278708742e-09
1753,,2.208455611854179e-09
1754,,2.2082344420179558e-09
1755,,2.206831897958083e-09
1756,,2.2063595808840112e-09
1757,,2.2060778578990455e-09
1758,,2.2058541837506232e-09
1759,,2.2045019641378242e-09
1760,,2.2039959574443664e-09
1761,,2.203704185477158e-09
1762,,2.2034776592001596e-09
1763,,2.202181660759232e-09
1764,,2.201637756884041e-09
1765,,2.201334652017326e-09
1766,,2.2011048820013246e-09
1767,,2.1998717495900562e-09
1768,,2.1992852008751706e-09
1769,,2.1989693199179265e-09
1770,,2.198735866953819e-09
1771,,2.1975730515086116e-09
1772,,2.1969385427393626e-09
1773,,2.1966082639505026e-09
1774,,2.1963706331941993e-09
1775,,2.195286532597031e-09
1776,,2.194598064101318e-09
1777,,2.194251564217547e-09
1778,,2.1940092011388206e-09
1779,,2.1937985616794966e-09
1780,,2.192264084697747e-09
1781,,2.1918993160344086e-09
1782,,2.1916515958290126e-09
1783,,2.1914395311579484e-09
1784,,2.189936967652775e-09
1785,,2.1895516240852005e-09
1786,,2.1892978452549053e-09
1787,,2.1890841414085086e-09
1788,,2.187617112109867e-09
1789,,2.1872086083538826e-09
1790,,2.186947982321421e-09
1791,,2.186732398598619e-09
1792,,2.1853049812957244e-09
1793,,2.184870403134478e-09
1794,,2.184602043748042e-09
1795,,2.184384310160995e-09
1796,,2.1830010798656082e-09
1797,,2.1825371616220486e-09
1798,,2.1822600725410244e-09
1799,,2.1820398853872064e-09
1800,,2.180705995833648e-09
1801,,2.1802090549120143e-09
1802,,2.179922116416858e-09
1803,,2.179699134621151e-09
1804,,2.178420366515594e-09
1805,,2.177886278130558e-09
1806,,2.177588231775869e-09
1807,,2.1773620715823505e-09
1808,,2.1761449386446277e-09
1809,,2.1755690488989203e-09
1810,,2.1752584801836697e-09
1811,,2.1750287108126573e-09
1812,,2.1738805163578574e-09
1813,,2.1732576152707137e-09
1814,,2.172932934210601e-09
1815,,2.1726990708811123e-09
1816,,2.171628046983704e-09
1817,,2.1709522533838546e-09
1818,,2.1706116728037316e-09
1819,,2.170373171825314e-09
1820,,2.170165768005878e-09
1821,,2.1686532764492314e-09
1822,,2.1682947892761274e-09
1823,,2.1680510383114426e-09
1824,,2.167842238530502e-09
1825,,2.166361040827366e-09
1826,,2.1659823861952394e-09
1827,,2.165732697481685e-09
1828,,2.1655222920389835e-09
1829,,2.1640759373928842e-09
1830,,2.1636745811841665e-09
1831,,2.1634181818146024e-09
1832,,2.1632059348113803e-09
1833,,2.161798420414515e-09
1834,,2.1613715060678963e-09
1835,,2.161107527049744e-09
1836,,2.1608931739527924e-09
1837,,2.1595289842384138e-09
1838,,2.159073310639588e-09
1839,,2.1588007755256194e-09
1840,,2.1585840184351128e-09
1841,,2.157268205658397e-09
1842,,2.156780162729098e-09
1843,,2.1564979741048573e-09
1844,,2.156278478832051e-09
1845,,2.1550167092555386e-09
1846,,2.154492253785493e-09
1847,,2.1541991779266084e-09
1848,,2.1539765680395884e-09
1849,,2.1527752265385582e-09
1850,,2.152209796843996e-09
1851,,2.1519044469368937e-09
1852,,2.1516783005663805e-09
1853,,2.1505445466337456e-09
1854,,2.1499330351722213e-09
1855,,2.149613852886813e-09
1856,,2.1493836946146057e-09
1857,,2.148325597456095e-09
1858,,2.1476622394086792e-09
1859,,2.1473274729361863e-09
1860,,2.147092769599381e-09
1861,,2.14688854948832e-09
1862,,2.145397716666234e-09
1863,,2.1450453984713925e-09
1864,,2.1448055499970527e-09
1865,,2.144599962554023e-09
1866,,2.1431398160750343e-09
1867,,2.1427677299200377e-09
1868,,2.1425220623469383e-09
1869,,2.1423149019230842e-09
1870,,2.1408889208715764e-09
1871,,2.140494582788467e-09
1872,,2.140242337977116e-09
1873,,2.140033373839889e-09
1874,,2.1386454763182356e-09
1875,,2.138226085932368e-09
1876,,2.13796641266046e-09
1877,,2.1377553849278606e-09
1878,,2.136409967174604e-09
1879,,2.1359623866737904e-09
1880,,2.135694327391105e-09
1881,,2.135480944510654e-09
1882,,2.1341829584365783e-09
1883,,2.133703649298258e-09
1884,,2.1334261281427554e-09
1885,,2.133210062243325e-09
1886,,2.13196506256761e-09
1887,,2.1314500612192952e-09
1888,,2.131161869057521e-09
1889,,2.1309427513282983e-09
1890,,2.129756996678685e-09
1891,,2.1292018314249234e-09
1892,,2.1289016089866553e-09
1893,,2.1286790257235624e-09
1894,,2.127559533992981e-09
1895,,2.1269591984546707e-09
1896,,2.1266454179831374e-09
1897,,2.1264189032415594e-09
1898,,2.1253735843836994e-09
1899,,2.1247224274454098e-09
1900,,2.1243933717936657e-09
1901,,2.124162402848261e-09
1902,,2.123961315162547e-09
1903,,2.122491819661107e-09
1904,,2.1221455599267116e-09
1905,,2.121909548708274e-09
1906,,2.1217071217996862e-09
1907,,2.120267716984016e-09
1908,,2.1199020810575635e-09
1909,,2.1196603666213732e-09
1910,,2.1194563991108897e-09
1911,,2.1180504952430505e-09
1912,,2.11766304792799e-09
1913,,2.1174148876410717e-09
1914,,2.11720915305167e-09
1915,,2.115840590967296e-09
1916,,2.115428587323475e-09
1917,,2.1151731461878484e-09
1918,,2.114965389888371e-09
1919,,2.113638479096523e-09
1920,,2.1131988433345225e-09
1921,,2.112935182970197e-09
1922,,2.1127251191783116e-09
1923,,2.1114447135225168e-09
1924,,2.1109739769639764e-09
1925,,2.1107010429139007e-09
1926,,2.1104883503635663e-09
1927,,2.109259894980271e-09
1928,,2.1087541721159267e-09
1929,,2.1084707788676402e-09
1930,,2.108255095977171e-09
1931,,2.1070847259439094e-09
1932,,2.106539633603468e-09
1933,,2.1062444488227203e-09
1934,,2.1060253699037136e-09
1935,,2.1049199645275177e-09
1936,,2.1043305951162476e-09
1937,,2.1040221212469147e-09
1938,,2.103799189502447e-09
1939,,2.1027665025063315e-09
1940,,2.102127316763091e-09
1941,,2.1018038704681925e-09
1942,,2.1015765737042437e-09
1943,,2.101378568115205e-09
1944,,2.0999300933254575e-09
1945,,2.099589783878606e-09
1946,,2.0993575457137723e-09
1947,,2.099158228488434e-09
1948,,2.0977392605046714e-09
1949,,2.0973799586724656e-09
1950,,2.0971421308879067e-09
1951,,2.0969413047286685e-09
1952,,2.0955551863321794e-09
1953,,2.0951745051932385e-09
1954,,2.0949303598675207e-09
1955,,2.0947278026867298e-09
1956,,2.0933782988562035e-09
1957,,2.0929735474731663e-09
1958,,2.0927222663721035e-09
1959,,2.0925177286475255e-09
1960,,2.0912090637402893e-09
1961,,2.090777226831542e-09
1962,,2.09051789005432e-09
1963,,2.0903110914638848e-09
1964,,2.0890480236805863e-09
1965,,2.088585701463313e-09
1966,,2.0883172751414744e-09
1967,,2.0881079007727826e-09
1968,,2.0868957674903848e-09
1969,,2.086399150995315e-09
1970,,2.08612047327385e-09
1971,,2.085908168758067e-09
1972,,2.0847529839501947e-09
1973,,2.0842177767576527e-09
1974,,2.0839275414513753e-09
1975,,2.0837119091527243e-09
1976,,2.0826204162736024e-09
1977,,2.0820418074126245e-09
1978,,2.081738546501127e-09
1979,,2.0815191387353425e-09
1980,,2.080498938262278e-09
1981,,2.0798714980246747e-09
1982,,2.079553561601156e-09
1983,,2.079329876052953e-09
1984,,2.0791349031306697e-09
1985,,2.0777071377360413e-09
1986,,2.077372672435774e-09
1987,,2.077144143892796e-09
1988,,2.076947886511864e-09
1989,,2.0755490552889466e-09
1990,,2.0751959737075187e-09
1991,,2.0749619673111348e-09
1992,,2.07476423194024e-09
1993,,2.0733976117859952e-09
1994,,2.073023573990295e-09
1995,,2.0727833760481634e-09
1996,,2.072583944835298e-09
1997,,2.0712532263673126e-09
1998,,2.0708555950437805e-09
1999,,2.070608403090215e-09
2000,,2.0704070318181636e-09
2001,,2.069116355810589e-09
2002,,2.0686921749678434e-09
2003,,2.0684370877382024e-09
2004,,2.068233501139982e-09
2005,,2.0669875320607196e-09
2006,,2.0665334689593363e-09
2007,,2.066269472715813e-09
2008,,2.066063362356423e-09
2009,,2.064867332151089e-09
2010,,2.064379653345092e-09
2011,,2.0641056091086677e-09
2012,,2.063896627633351e-09
2013,,2.062756431305279e-09
2014,,2.0622309248739978e-09
2015,,2.061945552552865e-09
2016,,2.0617333100702365e-09
2017,,2.0606555582491067e-09
2018,,2.0600875081562867e-09
2019,,2.0597893686628347e-09
2020,,2.0595734263016746e-09
2021,,2.0585655690958223e-09
2022,,2.0579496530913714e-09
2023,,2.057637128920171e-09
2024,,2.0574169944236632e-09
2025,,2.0572250058404547e-09
2026,,2.0558176430456896e-09
2027,,2.055488917482375e-09
2028,,2.0552640368520277e-09
2029,,2.0550707902725796e-09
2030,,2.053691800324505e-09
2031,,2.0533448272364707e-09
2032,,2.053114577931696e-09
2033,,2.052919883609635e-09
2034,,2.051572478938161e-09
2035,,2.0512049645902455e-09
2036,,2.0509686469862638e-09
2037,,2.0507722914194204e-09
2038,,2.049460089521255e-09
2039,,2.0490694485211215e-09
2040,,2.048826276369013e-09
2041,,2.0486280200135447e-09
2042,,2.0473550799571118e-09
2043,,2.0469384148716013e-09
2044,,2.046687504398581e-09
2045,,2.0464870776849873e-09
2046,,2.0452579715771244e-09
2047,,2.0448120154773817e-09
2048,,2.0445523730313104e-09
2049,,2.0443494734509055e-09
2050,,2.0431693304008097e-09
2051,,2.0426904232139647e-09
2052,,2.042420932431792e-09
2053,,2.0422152194422435e-09
2054,,2.041089817593222e-09
2055,,2.0405738310274005e-09
2056,,2.040293236804014e-09
2057,,2.0400843283623308e-09
2058,,2.039020148038957e-09
2059,,2.0384624590529053e-09
2060,,2.0381693507265814e-09
2061,,2.0379568166418772e-09
2062,,2.036961160864419e-09
2063,,2.0363565521187995e-09
2064,,2.0360493443822707e-09
2065,,2.0358327021083883e-09
2066,,2.0356436498192496e-09
2067,,2.0342563881575526e-09
2068,,2.033933299960088e-09
2069,,2.0337120063165797e-09
2070,,2.0335217219934e-09
2071,,2.0321622829185608e-09
2072,,2.031821308571044e-09
2073,,2.031594753447307e-09
2074,,2.0314030510798413e-09
2075,,2.030074583413142e-09
2076,,2.029713474485745e-09
2077,,2.02948097202942e-09
2078,,2.029287642445456e-09
2079,,2.02799369237328e-09
2080,,2.0276099145697e-09
2081,,2.0273706939042654e-09
2082,,2.027175502098881e-09
2083,,2.0259200486362745e-09
2084,,2.025510761666818e-09
2085,,2.025263956509841e-09
2086,,2.02506663826828e-09
2087,,2.0238541631873938e-09
2088,,2.0234161646771508e-09
2089,,2.0231608011310005e-09
2090,,2.0229610600784692e-09
2091,,2.021796590956314e-09
2092,,2.0213262931051884e-09
2093,,2.021061276656446e-09
2094,,2.020858778797555e-09
2095,,2.019747980060314e-09
2096,,2.0192413360537222e-09
2097,,2.0189654364894906e-09
2098,,2.0187598074425337e-09
2099,,2.017709031214298e-09
2100,,2.0171615091696773e-09
2101,,2.01687334378644e-09
2102,,2.0166641618293842e-09
2103,,2.0156805667578305e-09
2104,,2.0150870527399727e-09
2105,,2.014785067351445e-09
2106,,2.0145718591823117e-09
2107,,2.0143856965438007e-09
2108,,2.013018238840668e-09
2109,,2.0127006876051e-09
2110,,2.0124829210275054e-09
2111,,2.0122955517076875e-09
2112,,2.010955377229581e-09
2113,,2.010620294031347e-09
2114,,2.0103973710239463e-09
2115,,2.0102086126876745e-09
2116,,2.008898807876911e-09
2117,,2.008543988813118e-09
2118,,2.0083152369247586e-09
2119,,2.0081248846007646e-09
2120,,2.00684892554408e-09
2121,,2.006471886235482e-09
2122,,2.0062365499469252e-09
2123,,2.006044373324676e-09
2124,,2.0048061606731725e-09
2125,,2.004404116899591e-09
2126,,2.004161346910715e-09
2127,,2.003967086857835e-09
2128,,2.0027710138507163e-09
2129,,2.0023408264617007e-09
2130,,2.0020896681612396e-09
2131,,2.0018930341813505e-09
2132,,2.000744029030217e-09
2133,,2.000282181150723e-09
2134,,2.0000215616685778e-09
2135,,1.9998222264319023e-09
2136,,1.9987258417380585e-09
2137,,1.998228366282679e-09
2138,,1.9979570796358493e-09
2139,,1.9977546760541216e-09
2140,,1.9967171389959684e-09
2141,,1.996179593456738e-09
2142,,1.995896284149941e-09
2143,,1.995690398914824e-09
2144,,1.994718726257193e-09
2145,,1.994136097727231e-09
2146,,1.993839242381657e-09
2147,,1.9936294117424067e-09
2148,,1.9927314706317593e-09
2149,,1.9920981480546218e-09
2150,,1.9917860340362457e-09
2151,,1.9915717355417176e-09
2152,,1.9913872345301625e-09
2153,,1.9900660444094026e-09
2154,,1.9897367455249967e-09
2155,,1.9895173934019156e-09
2156,,1.9893315317873857e-09
2157,,1.9880401218478754e-09
2158,,1.987691477626371e-09
2159,,1.987466412761795e-09
2160,,1.98727898951191e-09
2161,,1.9860207672214338e-09
2162,,1.985650342376511e-09
2163,,1.9854188239636217e-09
2164,,1.9852296136012775e-09
2165,,1.984008402417543e-09
2166,,1.9836134675460387e-09
2167,,1.983374663322597e-09
2168,,1.9831834118395097e-09
2169,,1.982003518162238e-09
2170,,1.981580996192101e-09
2171,,1.9813339701638086e-09
2172,,1.981140392668867e-09
2173,,1.9800066477834387e-09
2174,,1.9795530910684694e-09
2175,,1.979296791626584e-09
2176,,1.9791005672205182e-09
2177,,1.978018413996471e-09
2178,,1.977529934047032e-09
2179,,1.977263179016319e-09
2180,,1.9770639478187688e-09
2181,,1.976039490328233e-09
2182,,1.9755117321343915e-09
2183,,1.9752331928599637e-09
2184,,1.9750305496135124e-09
2185,,1.9740706664258922e-09
2186,,1.9734987160759606e-09
2187,,1.9732068990059836e-09
2188,,1.9730003892926795e-09
2189,,1.972112792541405e-09
2190,,1.9714911493093924e-09
2191,,1.971184375790795e-09
2192,,1.9709734876105187e-09
2193,,1.9707918087954893e-09
2194,,1.9694893259213764e-09
2195,,1.9691657078461613e-09
2196,,1.968949866723244e-09
2197,,1.9687668554304435e-09
2198,,1.967493574529743e-09
2199,,1.967150993815038e-09
2200,,1.9669295537451907e-09
2201,,1.9667450127359954e-09
2202,,1.965504274091728e-09
2203,,1.9651403436834675e-09
2204,,1.964912578581882e-09
2205,,1.9647262866944605e-09
2206,,1.963521838295348e-09
2207,,1.9631338825967358e-09
2208,,1.9628989763034344e-09
2209,,1.9627106847573658e-09
2210,,1.961546748044123e-09
2211,,1.96113175058606e-09
2212,,1.9608887860233135e-09
2213,,1.9606982151652306e-09
2214,,1.959579526345503e-09
2215,,1.9591341075999586e-09
2216,,1.958882053603213e-09
2217,,1.958688889193093e-09
2218,,1.9576207833998094e-09
2219,,1.9571411314823366e-09
2220,,1.956878829409687e-09
2221,,1.9566827185271156e-09
2222,,1.9556711794731414e-09
2223,,1.9551530255181335e-09
2224,,1.954879172608625e-09
2225,,1.9546797182179917e-09
2226,,1.9537314886454047e-09
2227,,1.9531700157260557e-09
2228,,1.9528831480184725e-09
2229,,1.9526799045530737e-09
2230,,1.9518025444625947e-09
2231,,1.9511923600789713e-09
2232,,1.9508908323368992e-09
2233,,1.9506832976506676e-09
2234,,1.95050439631566e-09
2235,,1.949220347287782e-09
2236,,1.9489023082734622e-09
2237,,1.9486899195217046e-09
2238,,1.9485097128805023e-09
2239,,1.947254299136457e-09
2240,,1.946917672778641e-09
2241,,1.946699796659739e-09
2242,,1.946518091449409e-09
2243,,1.945294587248938e-09
2244,,1.9449370335210137e-09
2245,,1.944712958086386e-09
2246,,1.944529537641303e-09
2247,,1.9433416170546797e-09
2248,,1.942960513052789e-09
2249,,1.94272943858861e-09
2250,,1.9425440588536498e-09
2251,,1.9413958600794806e-09
2252,,1.9409882490818918e-09
2253,,1.9407492761991543e-09
2254,,1.940561663342741e-09
2255,,1.9394578290174e-09
2256,,1.9390203978283613e-09
2257,,1.9387725159627618e-09
2258,,1.9385823618044775e-09
2259,,1.937528121780078e-09
2260,,1.9370571339799913e-09
2261,,1.936799207152309e-09
2262,,1.9366061657189136e-09
2263,,1.935607385673173e-09
2264,,1.9350986565739125e-09
2265,,1.9348294079883874e-09
2266,,1.9346330899987885e-09
2267,,1.9336963796136215e-09
2268,,1.9331451872911204e-09
2269,,1.9328631817613777e-09
2270,,1.9326631503854976e-09
2271,,1.9317959205999656e-09
2272,,1.9311969790396453e-09
2273,,1.930900603567346e-09
2274,,1.9306963669295793e-09
2275,,1.930520198474144e-09
2276,,1.9292543146231084e-09
2277,,1.928941754911947e-09
2278,,1.9287327608007804e-09
2279,,1.9285553138557446e-09
2280,,1.9273175098211865e-09
2281,,1.9269867302656473e-09
2282,,1.9267723581795286e-09
2283,,1.926593443444021e-09
2284,,1.9253869284170545e-09
2285,,1.925035635586932e-09
2286,,1.92481518747795e-09
2287,,1.9246345923304794e-09
2288,,1.9234629681264095e-09
2289,,1.923088590816533e-09
2290,,1.9228612828365045e-09
2291,,1.9226787680614153e-09
2292,,1.92154609122666e-09
2293,,1.9211457307978272e-09
2294,,1.920910681405836e-09
2295,,1.920725978545388e-09
2296,,1.9196368000304138e-09
2297,,1.9192072088457644e-09
2298,,1.9189634271857177e-09
2299,,1.918776234219842e-09
2300,,1.917735680628345e-09
2301,,1.9172731962664476e-09
2302,,1.917019568809118e-09
2303,,1.9168295465669223e-09
2304,,1.9158433681960057e-09
2305,,1.915343887821276e-09
2306,,1.9150791630751138e-09
2307,,1.914885929921434e-09
2308,,1.913960605781318e-09
2309,,1.9134195012092752e-09
2310,,1.9131422721752566e-09
2311,,1.912945399944489e-09
2312,,1.912088194741917e-09
2313,,1.911500283990211e-09
2314,,1.911208969666063e-09
2315,,1.911007976031773e-09
2316,,1.910834497016937e-09
2317,,1.9095865136132107e-09
2318,,1.9092793352839536e-09
2319,,1.909073679188703e-09
2320,,1.908898947905256e-09
2321,,1.907678499427152e-09
2322,,1.9073534617451395e-09
2323,,1.9071425346776997e-09
2324,,1.906966365682202e-09
2325,,1.9057765980432296e-09
2326,,1.9054314528107628e-09
2327,,1.905214570872921e-09
2328,,1.9050367555006e-09
2329,,1.9038811996112865e-09
2330,,1.903513426303111e-09
2331,,1.903289820650506e-09
2332,,1.903110124682895e-09
2333,,1.9019927567832127e-09
2334,,1.9015995141034195e-09
2335,,1.9013683206098335e-09
2336,,1.901186480964392e-09
2337,,1.9001117623876043e-09
2338,,1.899689866605813e-09
2339,,1.899450114413917e-09
2340,,1.8992658344616514e-09
2341,,1.8982387908088532e-09
2342,,1.8977846517765998e-09
2343,,1.8975352489848606e-09
2344,,1.897348196533269e-09
2345,,1.896374464418419e-09
2346,,1.895884060430094e-09
2347,,1.8956237802767833e-09
2348,,1.895433581376212e-09
2349,,1.8945195119287836e-09
2350,,1.8939883059679798e-09
2351,,1.8937157691466126e-09
2352,,1.893522004098037e-09
2353,,1.8926747187900215e-09
2354,,1.8920976310256164e-09
2355,,1.891811287894622e-09
2356,,1.891613483610991e-09
2357,,1.891442651183604e-09
2358,,1.8902123074567587e-09
2359,,1.8899104144298575e-09
2360,,1.8897080407406514e-09
2361,,1.8895359817834514e-09
2362,,1.8883326387927096e-09
2363,,1.888013239749756e-09
2364,,1.8878057002236955e-09
2365,,1.887632232779531e-09
2366,,1.8864589746235e-09
2367,,1.8861198656798703e-09
2368,,1.8859064895299964e-09
2369,,1.8857314092412828e-09
2370,,1.884591697040971e-09
2371,,1.8842304074161365e-09
2372,,1.8840104412027585e-09
2373,,1.8838335184611827e-09
2374,,1.8827312499067856e-09
2375,,1.8823449944537464e-09
2376,,1.88211759120392e-09
2377,,1.881938567849832e-09
2378,,1.8808781164087376e-09
2379,,1.880463774069169e-09
2380,,1.8802279818556026e-09
2381,,1.880046567603569e-09
2382,,1.879032859359686e-09
2383,,1.8785869108859186e-09
2384,,1.878341659356125e-09
2385,,1.8781575284178463e-09
2386,,1.8771960891288587e-09
2387,,1.8767145920323776e-09
2388,,1.87645867892297e-09
2389,,1.876271464524974e-09
2390,,1.8753685197953985e-09
2391,,1.8748470266026317e-09
2392,,1.874579099707792e-09
2393,,1.8743883904629025e-09
2394,,1.873550921486836e-09
2395,,1.8729844525403722e-09
2396,,1.8727029926298647e-09
2397,,1.8725083249720765e-09
2398,,1.872340097037343e-09
2399,,1.871127136537006e-09
2400,,1.8708304342050387e-09
2401,,1.8706312882202725e-09
2402,,1.8704618590853866e-09
2403,,1.8692753755317578e-09
2404,,1.8689615137164195e-09
2405,,1.8687573047195e-09
2406,,1.8685864957725274e-09
2407,,1.86742951249652e-09
2408,,1.867096330630294e-09
2409,,1.8668864011731485e-09
2410,,1.8667140124162706e-09
2411,,1.8655899221543712e-09
2412,,1.8652349981465663e-09
2413,,1.865018609720442e-09
2414,,1.864844415597017e-09
2415,,1.863757039490164e-09
2416,,1.8633776430984904e-09
2417,,1.8631539653259517e-09
2418,,1.862977713022408e-09
2419,,1.8619313380187446e-09
2420,,1.8615244098333645e-09
2421,,1.86129250953485e-09
2422,,1.8611139143907014e-09
2423,,1.860113369510611e-09
2424,,1.8596754596472794e-09
2425,,1.8594342878103933e-09
2426,,1.8592530306121009e-09
2427,,1.8583037323834373e-09
2428,,1.8578309761469267e-09
2429,,1.8575793536910355e-09
2430,,1.8573950749034011e-09
2431,,1.856503126446952e-09
2432,,1.8559911640117496e-09
2433,,1.8557277657894823e-09
2434,,1.8555400620914685e-09
2435,,1.8547123067536526e-09
2436,,1.8541562568250813e-09
2437,,1.8538795934401936e-09
2438,,1.8536880103937112e-09
2439,,1.8535223456144693e-09
2440,,1.8523265154415137e-09
2441,,1.8520349116087768e-09
2442,,1.851838939618187e-09
2443,,1.851672098129027e-09
2444,,1.850502231673414e-09
2445,,1.8501938077469993e-09
2446,,1.8499928735406096e-09
2447,,1.8498246806053286e-09
2448,,1.848683741266633e-09
2449,,1.848356379241378e-09
2450,,1.8481498384612106e-09
2451,,1.8479800978066281e-09
2452,,1.8468714117076214e-09
2453,,1.846522737257733e-09
2454,,1.8463098659041586e-09
2455,,1.846138356483963e-09
2456,,1.845065668984182e-09
2457,,1.8446930060369042e-09
2458,,1.844472990093154e-09
2459,,1.8442994640480929e-09
2460,,1.8432669778430775e-09
2461,,1.84286732714316e-09
2462,,1.8426392516629715e-09
2463,,1.8424634302089392e-09
2464,,1.8414758786579582e-09
2465,,1.841045858487502e-09
2466,,1.8408086953184898e-09
2467,,1.8406302652597493e-09
2468,,1.8396929585040917e-09
2469,,1.839228780081455e-09
2470,,1.8389813735811148e-09
2471,,1.838799982467951e-09
2472,,1.8379189028025699e-09
2473,,1.8374162928656929e-09
2474,,1.8371573438888555e-09
2475,,1.8369725962015382e-09
2476,,1.836154452431489e-09
2477,,1.8356086253114776e-09
2478,,1.8353366737422476e-09
2479,,1.83514812429374e-09
2480,,1.8349849819346177e-09
2481,,1.8338060334648433e-09
2482,,1.833519437164449e-09
2483,,1.8333265863389328e-09
2484,,1.8331622913778202e-09
2485,,1.8320088032635292e-09
2486,,1.8317057195616834e-09
2487,,1.831508005241237e-09
2488,,1.8313423865836608e-09
2489,,1.8302172638398788e-09
2490,,1.8298956165499885e-09
2491,,1.8296924072956102e-09
2492,,1.8295252723094868e-09
2493,,1.828431775286644e-09
2494,,1.8280892369192655e-09
2495,,1.8278798229162494e-09
2496,,1.8277109549699968e-09
2497,,1.8266527553737368e-09
2498,,1.8262867026624356e-09
2499,,1.8260702859248735e-09
2500,,1.8258994422536756e-09
2501,,1.8248806594201454e-09
2502,,1.8244881523370963e-09
2503,,1.8242638361645395e-09
2504,,1.824090743028006e-09
2505,,1.8231160176063559e-09
2506,,1.8226937407934806e-09
2507,,1.8224605171065017e-09
2508,,1.8222848680000812e-09
2509,,1.8213594047584748e-09
2510,,1.820903644600185e-09
2511,,1.8206603805379261e-09
2512,,1.8204818296930215e-09
2513,,1.81961149339419e-09
2514,,1.8191180605369803e-09
2515,,1.8188634825721732e-09
2516,,1.8186816423552438e-09
2517,,1.8178730092410246e-09
2518,,1.8173372126397722e-09
2519,,1.8170698895709798e-09
2520,,1.816884323644539e-09
2521,,1.8167236637078864e-09
2522,,1.8155613519441372e-09
2523,,1.8152796739135225e-09
2524,,1.8150898922074335e-09
2525,,1.8149281034889327e-09
2526,,1.813790758618068e-09
2527,,1.8134929192744206e-09
2528,,1.8132983712134598e-09
2529,,1.8131352856595444e-09
2530,,1.8120257553490913e-09
2531,,1.8117097195090982e-09
2532,,1.8115097858540767e-09
2533,,1.8113452148893115e-09
2534,,1.8102666951314612e-09
2535,,1.809930181361297e-09
2536,,1.8097241660665672e-09
2537,,1.8095578974564625e-09
2538,,1.8085139874521218e-09
2539,,1.8081544239558429e-09
2540,,1.8079415449852907e-09
2541,,1.8077733406172637e-09
2542,,1.8067680786499727e-09
2543,,1.8063825834960125e-09
2544,,1.8061619619412123e-09
2545,,1.8059915533400988e-09
2546,,1.8050294884476613e-09
2547,,1.8046148116351038e-09
2548,,1.804385459392662e-09
2549,,1.8042125459583557e-09
2550,,1.803298780337659e-09
2551,,1.80285128144743e-09
2552,,1.8026120877119298e-09
2553,,1.8024363308628435e-09
2554,,1.801576613367891e-09
2555,,1.8010921858184588e-09
2556,,1.8008419022545845e-09
2557,,1.8006629219070703e-09
2558,,1.799863699276274e-09
2559,,1.799337744506479e-09
2560,,1.7990749680825714e-09
2561,,1.7988923363850864e-09
2562,,1.798734119561065e-09
2563,,1.797588203301067e-09
2564,,1.7973113559497913e-09
2565,,1.7971245926724734e-09
2566,,1.7969652702565059e-09
2567,,1.795843837075963e-09
2568,,1.7955511481242212e-09
2569,,1.795359713316091e-09
2570,,1.7951991205652716e-09
2571,,1.7941049618171582e-09
2572,,1.7937944364682459e-09
2573,,1.793597723035426e-09
2574,,1.7934356751378565e-09
2575,,1.7923719240215323e-09
2576,,1.7920413253259569e-09
2577,,1.7918386513960938e-09
2578,,1.7916749402251509e-09
2579,,1.7906451246624726e-09
2580,,1.7902919318791601e-09
2581,,1.7900825306146907e-09
2582,,1.7899169227299197e-09
2583,,1.7889250015871119e-09
2584,,1.7885463892610713e-09
2585,,1.7883293990365966e-09
2586,,1.7881616314582625e-09
2587,,1.7872120639063242e-09
2588,,1.7868048465335342e-09
2589,,1.7865792986522635e-09
2590,,1.7864090766061916e-09
2591,,1.7855068643171065e-09
2592,,1.7850674731323506e-09
2593,,1.7848322788284068e-09
2594,,1.7846592703335876e-09
2595,,1.7838100485795132e-09
2596,,1.7833344580838054e-09
2597,,1.7830883936273598e-09
2598,,1.7829122260739252e-09
2599,,1.7821223147604168e-09
2600,,1.781606016667355e-09
2601,,1.781347706650377e-09
2602,,1.7811679608525783e-09
2603,,1.7810121483577238e-09
2604,,1.7798823903190826e-09
2605,,1.779610287720504e-09
2606,,1.7794264926273492e-09
2607,,1.7792695973506992e-09
2608,,1.7781638478464013e-09
2609,,1.777876217149733e-09
2610,,1.7776878435440255e-09
2611,,1.7775297039714712e-09
2612,,1.7764506994618018e-09
2613,,1.776145584783457e-09
2614,,1.7759520377851063e-09
2615,,1.7757924727441801e-09
2616,,1.7747432844382824e-09
2617,,1.774418493360635e-09
2618,,1.7742191042578847e-09
2619,,1.774057909631929e-09
2620,,1.7730419961851408e-09
2621,,1.7726950574739689e-09
2622,,1.7724890746279686e-09
2623,,1.7723260216409678e-09
2624,,1.7713472637700058e-09
2625,,1.7709754078369343e-09
2626,,1.7707619866290775e-09
2627,,1.7705968173853271e-09
2628,,1.7696595860521485e-09
2629,,1.769259690214328e-09
2630,,1.7690378809568172e-09
2631,,1.76887030665398e-09
2632,,1.7679795052932294e-09
2633,,1.7675480708388253e-09
2634,,1.7673168063786915e-09
2635,,1.7671465014957871e-09
2636,,1.7663076540087017e-09
2637,,1.7658407351051833e-09
2638,,1.7655988157397451e-09
2639,,1.7654254150509917e-09
2640,,1.7646447166117559e-09
2641,,1.7641378939346407e-09
2642,,1.7638839714852595e-09
2643,,1.7637070638686737e-09
2644,,1.7635536176977138e-09
2645,,1.7624397838422306e-09
2646,,1.7621723417461307e-09
2647,,1.761991465741716e-09
2648,,1.7618369591901318e-09
2649,,1.7607466686112121e-09
2650,,1.7604640055319544e-09
2651,,1.7602786421585627e-09
2652,,1.7601229167685754e-09
2653,,1.7590588522250418e-09
2654,,1.7587590509440595e-09
2655,,1.7585686171424472e-09
2656,,1.7584114951698347e-09
2657,,1.757376667182564e-09
2658,,1.757057578449365e-09
2659,,1.7568614187082503e-09
2660,,1.7567027002207199e-09
2661,,1.755700499207229e-09
2662,,1.7553597004869291e-09
2663,,1.7551570779099935e-09
2664,,1.7549965386430713e-09
2665,,1.754030768779533e-09
2666,,1.7536655450173138e-09
2667,,1.7534556315956347e-09
2668,,1.7532930189145807e-09
2669,,1.7523679650309371e-09
2670,,1.7519752552436841e-09
2671,,1.7517571201539228e-09
2672,,1.751592150638193e-09
2673,,1.7507126193159904e-09
2674,,1.7502889938479607e-09
2675,,1.7500615909610405e-09
2676,,1.74989394547733e-09
2677,,1.7490653520364647e-09
2678,,1.7486069425456283e-09
2679,,1.7483690958456102e-09
2680,,1.7481984166543183e-09
2681,,1.7474268337282356e-09
2682,,1.7469293083542368e-09
2683,,1.7466796960902941e-09
2684,,1.7465055800915587e-09
2685,,1.7463544629688251e-09
2686,,1.7452563228216868e-09
2687,,1.7449934585646033e-09
2688,,1.7448154532047706e-09
2689,,1.7446632973663465e-09
2690,,1.7435882447067253e-09
2691,,1.743310460410101e-09
2692,,1.7431280572182518e-09
2693,,1.74297470747003e-09
2694,,1.7419253718152696e-09
2695,,1.7416307881393434e-09
2696,,1.7414434154261793e-09
2697,,1.7412886975759432e-09
2698,,1.74026803031399e-09
2699,,1.739954540296083e-09
2700,,1.7397615554637052e-09
2701,,1.7396052735198706e-09
2702,,1.7386165979256383e-09
2703,,1.7382818271419297e-09
2704,,1.7380825077494881e-09
2705,,1.7379244418944964e-09
2706,,1.7369714873357326e-09
2707,,1.7366127738987462e-09
2708,,1.73640630843195e-09
2709,,1.7362462107722748e-09
2710,,1.735333177596112e-09
2711,,1.7349475210634997e-09
2712,,1.7347329968024605e-09
2713,,1.7345705897876496e-09
2714,,1.7337021897017687e-09
2715,,1.7332862280304202e-09
2716,,1.7330626195396189e-09
2717,,1.7328975903855955e-09
2718,,1.732079131842829e-09
2719,,1.7316290729493707e-09
2720,,1.731395227560103e-09
2721,,1.731227225315171e-09
2722,,1.7304646613495215e-09
2723,,1.729976258696204e-09
2724,,1.729730880649993e-09
2725,,1.7295595102833996e-09
2726,,1.7294106853044117e-09
2727,,1.728328012404734e-09
2728,,1.728069644504758e-09
2729,,1.7278944623538278e-09
2730,,1.727744620157764e-09
2731,,1.7266845874627985e-09
2732,,1.7264115945527718e-09
2733,,1.726232102263542e-09
2734,,1.726081090591861e-09
2735,,1.7250462759891095e-09
2736,,1.7247568159254237e-09
2737,,1.7245724529675693e-09
2738,,1.7244201010794657e-09
2739,,1.7234133975171084e-09
2740,,1.7231054049221017e-09
2741,,1.722915541389061e-09
2742,,1.7227616570659187e-09
2743,,1.7217863227429523e-09
2744,,1.7214574697128435e-09
2745,,1.7212613974399252e-09
2746,,1.721105765190566e-09
2747,,1.7201654555973286e-09
2748,,1.7198131330235285e-09
2749,,1.7196100563932345e-09
2750,,1.7194524335245404e-09
2751,,1.718551266048165e-09
2752,,1.7181725324751593e-09
2753,,1.71796155694961e-09
2754,,1.7178016710681786e-09
2755,,1.7169442648486391e-09
2756,,1.716535824471909e-09
2757,,1.7163159448037249e-09
2758,,1.7161534893069241e-09
2759,,1.7153450478611996e-09
2760,,1.7149031837570509e-09
2761,,1.7146732696955025e-09
2762,,1.7145079006668696e-09
2763,,1.7137542599824486e-09
2764,,1.713274808800011e-09
2765,,1.7130335904034442e-09
2766,,1.712864920625301e-09
2767,,1.7127183516768752e-09
2768,,1.711650922363471e-09
2769,,1.7113969712678826e-09
2770,,1.7112245656842258e-09
2771,,1.7110770005055597e-09
2772,,1.7100317731088834e-09
2773,,1.709763486150276e-09
2774,,1.7095868563054356e-09
2775,,1.7094381456399664e-09
2776,,1.708417647071041e-09
2777,,1.7081332186479065e-09
2778,,1.7079518149248682e-09
2779,,1.7078017912709874e-09
2780,,1.7068088577477867e-09
2781,,1.7065062629068436e-09
2782,,1.7063194679747333e-09
2783,,1.7061679431517749e-09
2784,,1.705205768133891e-09
2785,,1.7048827250857886e-09
2786,,1.7046898447893027e-09
2787,,1.7045366072451173e-09
2788,,1.7036087745582031e-09
2789,,1.7032627255180283e-09
2790,,1.703062979798968e-09
2791,,1.702907791863945e-09
2792,,1.7020183374965415e-09
2793,,1.7016463991436374e-09
2794,,1.7014389111200327e-09
2795,,1.7012815055125097e-09
2796,,1.7004349576770488e-09
2797,,1.7000338991486423e-09
2798,,1.699817683387147e-09
2799,,1.6996577598488324e-09
2800,,1.6988592192201018e-09
2801,,1.6984253965409123e-09
2802,,1.6981993453633197e-09
2803,,1.698036566480532e-09
2804,,1.6972917542033116e-09
2805,,1.696821086546287e-09
2806,,1.6965839547783022e-09
2807,,1.6964179409676319e-09
2808,,1.696273592581612e-09
2809,,1.695221187076182e-09
2810,,1.6949715743615432e-09
2811,,1.6948018995658757e-09
2812,,1.6946565753161341e-09
2813,,1.6936259420218674e-09
2814,,1.6933622769681602e-09
2815,,1.6931884619072494e-09
2816,,1.6930420156813418e-09
2817,,1.6920356315324923e-09
2818,,1.691756144036142e-09
2819,,1.691577650241224e-09
2820,,1.6914299178131283e-09
2821,,1.6904505631356747e-09
2822,,1.6901532684114074e-09
2823,,1.6899694904902473e-09
2824,,1.6898202872859157e-09
2825,,1.6888710925468952e-09
2826,,1.6885537536075773e-09
2827,,1.6883640111596251e-09
2828,,1.6882131301512512e-09
2829,,1.6872976084314605e-09
2830,,1.6869577180167235e-09
2831,,1.6867612462877779e-09
2832,,1.6866084539853448e-09
2833,,1.685730561907945e-09
2834,,1.6853652934602237e-09
2835,,1.6851612330783079e-09
2836,,1.6850062678727296e-09
2837,,1.6841704442710159e-09
2838,,1.6837766304407887e-09
2839,,1.6835640151793196e-09
2840,,1.683406582459781e-09
2841,,1.6826178275529472e-09
2842,,1.6821918964821735e-09
2843,,1.6819696406403037e-09
2844,,1.6818094097688033e-09
2845,,1.6810733317213443e-09
2846,,1.6806112829857754e-09
2847,,1.6803781657739167e-09
2848,,1.6802147645820256e-09
2849,,1.680072601857859e-09
2850,,1.6790350033897552e-09
2851,,1.6787896522189426e-09
2852,,1.6786226630441735e-09
2853,,1.678479544536406e-09
2854,,1.67746329688121e-09
2855,,1.6772041714187501e-09
2856,,1.677033124464653e-09
2857,,1.6768889068689678e-09
2858,,1.675896438203804e-09
2859,,1.6756218029542745e-09
2860,,1.6754461704916804e-09
2861,,1.675300692918968e-09
2862,,1.6743347285984977e-09
2863,,1.6740426380193556e-09
2864,,1.6738618263577785e-09
2865,,1.6737149080592918e-09
2866,,1.6727785169901306e-09
2867,,1.672466778143944e-09
2868,,1.6722801203615127e-09
2869,,1.6721315579492662e-09
2870,,1.6712281839543743e-09
2871,,1.6708943390971453e-09
2872,,1.670701085766011e-09
2873,,1.670550650704916e-09
2874,,1.6696841720979674e-09
2875,,1.66932545045917e-09
2876,,1.6691247587596479e-09
2877,,1.6689721943977623e-09
2878,,1.6681469628958547e-09
2879,,1.6677602593994683e-09
2880,,1.6675511824541683e-09
2881,,1.6673962000817712e-09
2882,,1.66661711706943e-09
2883,,1.6661989304796881e-09
2884,,1.6659804036775493e-09
2885,,1.6658226792159836e-09
2886,,1.6650952424203692e-09
2887,,1.6646416508815254e-09
2888,,1.6644124777091946e-09
2889,,1.6642516463822793e-09
2890,,1.6641116346868446e-09
2891,,1.6630886301609931e-09
2892,,1.6628474651836917e-09
2893,,1.6626831173400936e-09
2894,,1.6625421695993758e-09
2895,,1.6615401027689917e-09
2896,,1.6612854356256364e-09
2897,,1.6611171109346102e-09
2898,,1.6609750867021283e-09
2899,,1.659996337724385e-09
2900,,1.6597264676141772e-09
2901,,1.6595536485756335e-09
2902,,1.659410390022613e-09
2903,,1.6584576306439192e-09
2904,,1.6581706501206423e-09
2905,,1.6579927548166897e-09
2906,,1.6578480847410284e-09
2907,,1.6569243232763296e-09
2908,,1.6566180827383981e-09
2909,,1.6564344575708103e-09
2910,,1.6562881766592535e-09
2911,,1.65539678916546e-09
2912,,1.6550688791452707e-09
2913,,1.6548787891707839e-09
2914,,1.6547306733475166e-09
2915,,1.6538754617350871e-09
2916,,1.6535231660572888e-09
2917,,1.6533257852364573e-09
2918,,1.6531755830539604e-09
2919,,1.6523608129357541e-09
2920,,1.6519810880076048e-09
2921,,1.6517754879920902e-09
2922,,1.6516229162912147e-09
2923,,1.6508533925573045e-09
2924,,1.650442806044173e-09
2925,,1.6502279434407392e-09
2926,,1.6500726844875196e-09
2927,,1.6493537966570317e-09
2928,,1.6489085037952814e-09
2929,,1.6486832055109077e-09
2930,,1.648524901856666e-09
2931,,1.648387007518896e-09
2932,,1.6473783866368832e-09
2933,,1.6471413337585343e-09
2934,,1.64697958375266e-09
2935,,1.6468407726746335e-09
2936,,1.645852684492626e-09
2937,,1.645602396450617e-09
2938,,1.6454367488242867e-09
2939,,1.64529688337326e-09
2940,,1.6443316610317364e-09
2941,,1.6440664704488914e-09
2942,,1.6438964179007249e-09
2943,,1.6437553433233785e-09
2944,,1.6428156057842155e-09
2945,,1.642533643003763e-09
2946,,1.6423586151494437e-09
2947,,1.6422161576844545e-09
2948,,1.6413048540339878e-09
2949,,1.6410040118679642e-09
2950,,1.6408233678053532e-09
2951,,1.6406793319937024e-09
2952,,1.6397997718378988e-09
2953,,1.639477688060345e-09
2954,,1.6392907076115355e-09
2955,,1.639144873916778e-09
2956,,1.6383007840235998e-09
2957,,1.637954796214021e-09
2958,,1.637760669461001e-09
2959,,1.6376127914008158e-09
2960,,1.6368083535224032e-09
2961,,1.6364354778158812e-09
2962,,1.6362332948096074e-09
2963,,1.6360830947350063e-09
2964,,1.635323018861167e-09
2965,,1.6349198907649573e-09
2966,,1.6347086284912295e-09
2967,,1.634555795097997e-09
2968,,1.6338453646565005e-09
2969,,1.633408215008782e-09
2970,,1.633186723669439e-09
2971,,1.6330309063139763e-09
2972,,1.6328950960701711e-09
2973,,1.6319006521183592e-09
2974,,1.631667638483282e-09
2975,,1.6315084435474298e-09
2976,,1.6313717355115193e-09
2977,,1.6303974269741725e-09
2978,,1.6301514401163649e-09
2979,,1.6299884251909418e-09
2980,,1.629850684221224e-09
2981,,1.628898798359521e-09
2982,,1.6286382035675602e-09
2983,,1.6284708713887093e-09
2984,,1.6283319460870321e-09
2985,,1.6274050501916676e-09
2986,,1.627128014484741e-09
2987,,1.6269558059494453e-09
2988,,1.6268155258258735e-09
2989,,1.6259165109984207e-09
2990,,1.6256209687577004e-09
2991,,1.6254432556026175e-09
2992,,1.6253014291005157e-09
2993,,1.6244335394471286e-09
2994,,1.6241171752052577e-09
2995,,1.6239332512647937e-09
2996,,1.623789663181431e-09
2997,,1.622956552268679e-09
2998,,1.6226167559585245e-09
2999,,1.622425827449159e-09
3000,,1.6222802360149852e-09
3001,,1.6214860030071964e-09
3002,,1.6211198496341713e-09
3003,,1.6209210244263442e-09
3004,,1.6207731576685263e-09
3005,,1.6200224197844375e-09
3006,,1.6196266111542664e-09
3007,,1.6194188863628157e-09
3008,,1.6192684389456049e-09
3009,,1.6185663753299164e-09
3010,,1.6181372166815077e-09
3011,,1.6179194654155062e-09
3012,,1.6177660937138226e-09
3013,,1.6176323348466104e-09
3014,,1.6166518639581893e-09
3015,,1.616422818359678e-09
3016,,1.616266136438057e-09
3017,,1.61613149830294e-09
3018,,1.6151707734680077e-09
3019,,1.6149290110333842e-09
3020,,1.6147685854263446e-09
3021,,1.614632935540672e-09
3022,,1.6136941987211233e-09
3023,,1.6134381172036792e-09
3024,,1.613273460156628e-09
3025,,1.6131366500344788e-09
3026,,1.6122224181965205e-09
3027,,1.6119502205938083e-09
3028,,1.6117807841705584e-09
3029,,1.6116426467468503e-09
3030,,1.6107557537469028e-09
3031,,1.6104654152508835e-09
3032,,1.6102905834361049e-09
3033,,1.6101509310487935e-09
3034,,1.60929455719639e-09
3035,,1.6089838079411737e-09
3036,,1.6088028884871912e-09
3037,,1.6086615100345112e-09
3038,,1.6078392367927135e-09
3039,,1.6075055180723096e-09
3040,,1.6073177330110927e-09
3041,,1.6071743916182402e-09
3042,,1.6063902373812937e-09
3043,,1.6060306818757642e-09
3044,,1.6058351565936072e-09
3045,,1.6056895854241416e-09
3046,,1.6049480763733654e-09
3047,,1.604559451050159e-09
3048,,1.604355202344755e-09
3049,,1.6042071022864026e-09
3050,,1.6035133157013035e-09
3051,,1.60309199824323e-09
3052,,1.6028779214809461e-09
3053,,1.6027269555104516e-09
3054,,1.6025952158937646e-09
3055,,1.6016285172552437e-09
3056,,1.6014033697192464e-09
3057,,1.6012491596645779e-09
3058,,1.6011165589812133e-09
3059,,1.6001692243671957e-09
3060,,1.599931611497791e-09
3061,,1.5997737321591416e-09
3062,,1.599640140532073e-09
3063,,1.5987143680905123e-09
3064,,1.598462718996704e-09
3065,,1.5983006924940349e-09
3066,,1.5981659643047882e-09
3067,,1.5972642213167414e-09
3068,,1.5969967746078527e-09
3069,,1.596830063623536e-09
3070,,1.5966940350692707e-09
3071,,1.5958190993170484e-09
3072,,1.5955338701273377e-09
3073,,1.5953618710796428e-09
3074,,1.5952243580539503e-09
3075,,1.5943793473386231e-09
3076,,1.5940741103471685e-09
3077,,1.5938961446233517e-09
3078,,1.5937569403803169e-09
3079,,1.5929453654242641e-09
3080,,1.5926176125257107e-09
3081,,1.5924329170784856e-09
3082,,1.592291789464224e-09
3083,,1.591517589688921e-09
3084,,1.5911645098704939e-09
3085,,1.5909722276324376e-09
3086,,1.5908289150634162e-09
3087,,1.5900965272502053e-09
3088,,1.5897149513544014e-09
3089,,1.5895141184967109e-09
3090,,1.589368327504509e-09
3091,,1.5886827288949532e-09
3092,,1.5882691061696681e-09
3093,,1.5880586395402106e-09
3094,,1.5879100400177289e-09
3095,,1.5877802879996313e-09
3096,,1.5868271640217972e-09
3097,,1.5866058455765517e-09
3098,,1.5864540667789653e-09
3099,,1.5863234714290818e-09
3100,,1.5853893371559913e-09
3101,,1.5851557998621082e-09
3102,,1.5850004248944773e-09
3103,,1.5848688588806255e-09
3104,,1.5839558689765567e-09
3105,,1.5837085731053658e-09
3106,,1.5835491333690715e-09
3107,,1.5834164541024858e-09
3108,,1.5825270272572338e-09
3109,,1.5822642457259243e-09
3110,,1.5821002148436972e-09
3111,,1.5819662615363502e-09
3112,,1.5811031209890378e-09
3113,,1.5808229082415094e-09
3114,,1.5806536941647365e-09
3115,,1.5805182866097728e-09
3116,,1.5796844884806971e-09
3117,,1.579384663053644e-09
3118,,1.5792096005408817e-09
3119,,1.5790725359125426e-09
3120,,1.5782715218821183e-09
3121,,1.5779496250766253e-09
3122,,1.5777679664567345e-09
3123,,1.5776290170082067e-09
3124,,1.5768646486825543e-09
3125,,1.5765179250247009e-09
3126,,1.576328829824444e-09
3127,,1.576187739261319e-09
3128,,1.57546436612668e-09
3129,,1.57508970866578e-09
3130,,1.5748922322222897e-09
3131,,1.5747487129888885e-09
3132,,1.5740712141521625e-09
3133,,1.573665142145143e-09
3134,,1.573458222578229e-09
3135,,1.5733119509693564e-09
3136,,1.5726858230690418e-09
3137,,1.572244410428795e-09
3138,,1.5720268543311345e-09
3139,,1.5718774669962415e-09
3140,,1.571748845566997e-09
3141,,1.5708277231288361e-09
3142,,1.5705981899563657e-09
3143,,1.5704452780646324e-09
3144,,1.5703157059974816e-09
3145,,1.5694153182747454e-09
3146,,1.5691722982965594e-09
3147,,1.5690154028514518e-09
3148,,1.5688847400493118e-09
3149,,1.5680074580875095e-09
3150,,1.5677492586998093e-09
3151,,1.567587863239156e-09
3152,,1.5674559523760675e-09
3153,,1.566604445559709e-09
3154,,1.5663291592940107e-09
3155,,1.5661626837449155e-09
3156,,1.5660293480473238e-09
3157,,1.5652066123578e-09
3158,,1.5649121008252909e-09
3159,,1.5647398928654718e-09
3160,,1.564604933711952e-09
3161,,1.563814342897129e-09
3162,,1.5634981959509845e-09
3163,,1.563319522642033e-09
3164,,1.5631827166475024e-09
3165,,1.5624280562933069e-09
3166,,1.562087572559468e-09
3167,,1.561901610037728e-09
3168,,1.5617627059433442e-09
3169,,1.5610482397858886e-09
3170,,1.5606803737635604e-09
3171,,1.5604861959979925e-09
3172,,1.5603449118104328e-09
3173,,1.5596754227642536e-09
3174,,1.5592767620978918e-09
3175,,1.5590733281926083e-09
3176,,1.5589293467405154e-09
3177,,1.558310223108665e-09
3178,,1.5578769192390215e-09
3179,,1.5576630592667294e-09
3180,,1.5575160242677857e-09
3181,,1.5573893458512627e-09
3182,,1.556481050621228e-09
3183,,1.556255450240937e-09
3184,,1.5561049610760021e-09
3185,,1.5559773515232165e-09
3186,,1.5550893893429306e-09
3187,,1.5548505689350657e-09
3188,,1.5546961752768702e-09
3189,,1.5545674973883488e-09
3190,,1.5537021925786693e-09
3191,,1.553448492689773e-09
3192,,1.5532896884495196e-09
3193,,1.5531597879743905e-09
3194,,1.5523197572086203e-09
3195,,1.5520493081828942e-09
3196,,1.5518855247283468e-09
3197,,1.5517542283645243e-09
3198,,1.550942408632366e-09
3199,,1.5506531140502283e-09
3200,,1.5504837119584812e-09
3201,,1.5503508247316332e-09
3202,,1.5495705233045838e-09
3203,,1.5492600205485692e-09
3204,,1.5490842814733016e-09
3205,,1.5489495845178656e-09
3206,,1.5482045122980102e-09
3207,,1.5478701533121929e-09
3208,,1.5476872694401332e-09
3209,,1.5475505165650065e-09
3210,,1.546844853287425e-09
3211,,1.5464836525009824e-09
3212,,1.546292716133251e-09
3213,,1.5461536308732812e-09
3214,,1.5454920652215833e-09
3215,,1.5451006776186985e-09
3216,,1.5449006682915447e-09
3217,,1.5447589395447622e-09
3218,,1.544146753615359e-09
3219,,1.5437214063197647e-09
3220,,1.5435111773144544e-09
3221,,1.543366456061223e-09
3222,,1.5432416902527202e-09
3223,,1.5423460402702572e-09
3224,,1.5421243030489596e-09
3225,,1.5419761965015996e-09
3226,,1.5418505186898686e-09
3227,,1.540974807943397e-09
3228,,1.5407401121448351e-09
3229,,1.5405881788546643e-09
3230,,1.5404614545269272e-09
3231,,1.5396079615777976e-09
3232,,1.5393586802519897e-09
3233,,1.539202424127419e-09
3234,,1.5390745020351825e-09
3235,,1.53824579193399e-09
3236,,1.5379800923598692e-09
3237,,1.537818955898883e-09
3238,,1.5376896661742217e-09
3239,,1.536888618111311e-09
3240,,1.5366044451438857e-09
3241,,1.5364378016780091e-09
3242,,1.536306953164802e-09
3243,,1.5355368091666245e-09
3244,,1.535231846832304e-09
3245,,1.5350589919154028e-09
3246,,1.5349263701655233e-09
3247,,1.5341907678923593e-09
3248,,1.5338624203266515e-09
3249,,1.533682562281057e-09
3250,,1.5335479259320763e-09
3251,,1.5328509626842283e-09
3252,,1.5324963030916826e-09
3253,,1.5323085520473796e-09
3254,,1.5321716300178581e-09
3255,,1.5315179021532198e-09
3256,,1.5311336515181415e-09
3257,,1.5309370070835032e-09
3258,,1.5307974945256258e-09
3259,,1.530192179975984e-09
3260,,1.5297746398790734e-09
3261,,1.5295679777950138e-09
3262,,1.5294255324689661e-09
3263,,1.5293026492890952e-09
3264,,1.5284194656055777e-09
3265,,1.5282015230306172e-09
3266,,1.5280557597825447e-09
3267,,1.5279319833483645e-09
3268,,1.527068352752647e-09
3269,,1.526837707675942e-09
3270,,1.5266881940307993e-09
3271,,1.526563392453975e-09
3272,,1.5257215484997757e-09
3273,,1.5254766061792085e-09
3274,,1.525322855703517e-09
3275,,1.5251968807374404e-09
3276,,1.5243793380304168e-09
3277,,1.5241183018369127e-09
3278,,1.523959767939109e-09
3279,,1.5238324531102192e-09
3280,,1.5230420340741227e-09
3281,,1.5227628894069562e-09
3282,,1.5225989577051119e-09
3283,,1.5224701155597674e-09
3284,,1.5217099983161108e-09
3285,,1.521410474797168e-09
3286,,1.5212404549018493e-09
3287,,1.5211098752501525e-09
3288,,1.5203836257899724e-09
3289,,1.5200611787284936e-09
3290,,1.5198842943978906e-09
3291,,1.5197517404485264e-09
3292,,1.5190633753761552e-09
3293,,1.5187151357127065e-09
3294,,1.5185305146721317e-09
3295,,1.5183957209949242e-09
3296,,1.5177497460779926e-09
3297,,1.5173724991987648e-09
3298,,1.5171791608654494e-09
3299,,1.5170418284404846e-09
3300,,1.5164433193520782e-09
3301,,1.5160334399698627e-09
3302,,1.5158302822507867e-09
3303,,1.5156900755754077e-09
3304,,1.515569045569689e-09
3305,,1.5146981514651606e-09
3306,,1.5144839362952823e-09
3307,,1.5143404779602289e-09
3308,,1.5142185730648727e-09
3309,,1.5133668536002504e-09
3310,,1.5131401870084817e-09
3311,,1.5129930527674007e-09
3312,,1.5128701437775159e-09
3313,,1.5120397882227877e-09
3314,,1.5117991069804546e-09
3315,,1.5116478201754234e-09
3316,,1.5115237617270834e-09
3317,,1.5107172353148162e-09
3318,,1.5104607781011539e-09
3319,,1.5103048029821415e-09
3320,,1.5101794316933264e-09
3321,,1.5093995011814815e-09
3322,,1.5091252931452406e-09
3323,,1.5089640273388364e-09
3324,,1.5088371596674226e-09
3325,,1.5080869404912447e-09
3326,,1.507792755971727e-09
3327,,1.5076255226846238e-09
3328,,1.5074969523708703e-09
3329,,1.506779940381716e-09
3330,,1.5064632848292458e-09
3331,,1.506289323195505e-09
3332,,1.5061588183409735e-09
3333,,1.5054789507491106e-09
3334,,1.5051370116787816e-09
3335,,1.5049554665409557e-09
3336,,1.504822766830408e-09
3337,,1.504184460618873e-09
3338,,1.5038140867607444e-09
3339,,1.503623996964949e-09
3340,,1.503488809247534e-09
3341,,1.5028970400493524e-09
3342,,1.5024946777453708e-09
3343,,1.502294962647819e-09
3344,,1.5021569581611872e-09
3345,,1.5020377524528023e-09
3346,,1.5011789740210926e-09
3347,,1.5009684202482514e-09
3348,,1.5008272288581991e-09
3349,,1.5007071661712492e-09
3350,,1.499867191156861e-09
3351,,1.4996444321434629e-09
3352,,1.4994996380620785e-09
3353,,1.4993785917359775e-09
3354,,1.4985595665802623e-09
3355,,1.4983230697810026e-09
3356,,1.4981742057052447e-09
3357,,1.4980520332412528e-09
3358,,1.4972563742122035e-09
3359,,1.4970044130728698e-09
3360,,1.496850953741384e-09
3361,,1.4967274952304333e-09
3362,,1.495957914656373e-09
3363,,1.4956885532204046e-09
3364,,1.495529908367195e-09
3365,,1.4954049835871397e-09
3366,,1.494664535391614e-09
3367,,1.4943755920244788e-09
3368,,1.4942110978712092e-09
3369,,1.494084504952114e-09
3370,,1.493376616227236e-09
3371,,1.493065645167121e-09
3372,,1.4928945561961136e-09
3373,,1.4927660674490876e-09
3374,,1.4920945977353645e-09
3375,,1.4917588423911815e-09
3376,,1.491580319930041e-09
3377,,1.4914496804483924e-09
3378,,1.4908189596971013e-09
3379,,1.4904553306690087e-09
3380,,1.4902684326590921e-09
3381,,1.4901353549029472e-09
3382,,1.4895502607277674e-09
3383,,1.4891552742342115e-09
3384,,1.4889589415299907e-09
3385,,1.4888231032262738e-09
3386,,1.488705693124002e-09
3387,,1.4878588591226124e-09
3388,,1.4876519019679732e-09
3389,,1.487512940267783e-09
3390,,1.4873946910048646e-09
3391,,1.4865662963639744e-09
3392,,1.486347375282529e-09
3393,,1.4862048825542807e-09
3394,,1.486085669745082e-09
3395,,1.4852778187829887e-09
3396,,1.4850454312530203e-09
3397,,1.4848989495476205e-09
3398,,1.4847786336183076e-09
3399,,1.4839936948768626e-09
3400,,1.483746148568665e-09
3401,,1.4835951628593132e-09
3402,,1.4834735868827348e-09
3403,,1.4827142192672755e-09
3404,,1.4824496162536816e-09
3405,,1.4822935478534704e-09
3406,,1.4821705353127558e-09
3407,,1.4814397326914766e-09
3408,,1.4811559343069013e-09
3409,,1.4809941327941378e-09
3410,,1.480869485485488e-09
3411,,1.480170607354434e-09
3412,,1.479865216132644e-09
3413,,1.4796969503744564e-09
3414,,1.4795704455739805e-09
3415,,1.4789072751900933e-09
3416,,1.478577588811282e-09
3417,,1.4784020368020492e-09
3418,,1.4782734241889744e-09
3419,,1.4776502064336621e-09
3420,,1.4772931963877992e-09
3421,,1.477109434630688e-09
3422,,1.4769784325418764e-09
3423,,1.4763999488317765e-09
3424,,1.476012200022772e-09
3425,,1.475819190127312e-09
3426,,1.4756854825752651e-09
3427,,1.4755698403390562e-09
3428,,1.474734781882186e-09
3429,,1.4745313576106922e-09
3430,,1.4743945890568705e-09
3431,,1.474278124831881e-09
3432,,1.4734611488935313e-09
3433,,1.473245997185976e-09
3434,,1.4731057679152497e-09
3435,,1.4729883599439718e-09
3436,,1.4721915292032795e-09
3437,,1.471963177361906e-09
3438,,1.4718190383425011e-09
3439,,1.4717005495398485e-09
3440,,1.4709261862658439e-09
3441,,1.4706829748706474e-09
3442,,1.470534421527249e-09
3443,,1.4704146981669036e-09
3444,,1.469665408685209e-09
3445,,1.4694054775476735e-09
3446,,1.4692519422937334e-09
3447,,1.4691308114163307e-09
3448,,1.468409530514735e-09
3449,,1.4681307829095732e-09
3450,,1.4679716281688718e-09
3451,,1.4678488955323095e-09
3452,,1.4671589164462355e-09
3453,,1.4668590023489259e-09
3454,,1.4666935114330736e-09
3455,,1.4665689585629918e-09
3456,,1.4659139902121397e-09
3457,,1.4655902602643686e-09
3458,,1.4654176275363706e-09
3459,,1.4652910091072225e-09
3460,,1.4646752126545747e-09
3461,,1.4643246981098539e-09
3462,,1.464144017977381e-09
3463,,1.4640150579561724e-09
3464,,1.4634431205590549e-09
3465,,1.4630624736992135e-09
3466,,1.462872728380163e-09
3467,,1.4627411169928638e-09
3468,,1.4626272148589186e-09
3469,,1.4618037655821327e-09
3470,,1.4616038118863744e-09
3471,,1.461469200385286e-09
3472,,1.461354493146313e-09
3473,,1.4605487765846135e-09
3474,,1.4603373272308097e-09
3475,,1.4601993240908286e-09
3476,,1.4600836923715275e-09
3477,,1.4592977306295954e-09
3478,,1.4590733418513758e-09
3479,,1.4589315065470271e-09
3480,,1.4588148162941488e-09
3481,,1.458050885552855e-09
3482,,1.4578119308005389e-09
3483,,1.4576657689514946e-09
3484,,1.4575478690051855e-09
3485,,1.4568085244829722e-09
3486,,1.4565531800864433e-09
3487,,1.4564021352339014e-09
3488,,1.4562828562798083e-09
3489,,1.455570974787116e-09
3490,,1.455297185515143e-09
3491,,1.4551406326297132e-09
3492,,1.4550197842012955e-09
3493,,1.4543385942826415e-09
3494,,1.4540440561330396e-09
3495,,1.453881292477408e-09
3496,,1.4537586604903547e-09
3497,,1.4531117977952993e-09
3498,,1.4527939139474618e-09
3499,,1.4526241499044492e-09
3500,,1.452499493641195e-09
3501,,1.4518910374214523e-09
3502,,1.451546897442651e-09
3503,,1.4513692453954287e-09
3504,,1.4512422944332184e-09
3505,,1.4506768393216736e-09
3506,,1.4503031614225028e-09
3507,,1.4501166236261067e-09
3508,,1.4499870741686944e-09
3509,,1.4498748850696455e-09
3510,,1.449062881135213e-09
3511,,1.4488663365871752e-09
3512,,1.4487338468545417e-09
3513,,1.4486208693188927e-09
3514,,1.4478262550162929e-09
3515,,1.4476184421662997e-09
3516,,1.4474826282379076e-09
3517,,1.4473687450754749e-09
3518,,1.4465935027137223e-09
3519,,1.446373005984315e-09
3520,,1.4462334362956208e-09
3521,,1.4461185160674043e-09
3522,,1.4453648769650353e-09
3523,,1.4451301020918746e-09
3524,,1.4449862916214601e-09
3525,,1.4448701864320768e-09
3526,,1.4441406554078758e-09
3527,,1.4438898145033795e-09
3528,,1.4437412179724948e-09
3529,,1.4436237615025684e-09
3530,,1.442921158870358e-09
3531,,1.4426522372266593e-09
3532,,1.4424982419078842e-09
3533,,1.4423792475658179e-09
3534,,1.4417067380863478e-09
3535,,1.4414174770359585e-09
3536,,1.4412573941757167e-09
3537,,1.4411366521028503e-09
3538,,1.440497799796587e-09
3539,,1.4401856536308467e-09
3540,,1.4400187090067945e-09
3541,,1.4398959834245698e-09
3542,,1.439294787129247e-09
3543,,1.4389569028686417e-09
3544,,1.438782226310161e-09
3545,,1.4386572517808082e-09
3546,,1.4380982157616148e-09
3547,,1.4377313763391727e-09
3548,,1.437547989685869e-09
3549,,1.437420468529523e-09
3550,,1.4373099659917573e-09
3551,,1.436509245739977e-09
3552,,1.4363160503818353e-09
3553,,1.4361856475882863e-09
3554,,1.436074372669739e-09
3555,,1.43529070583511e-09
3556,,1.435086464718532e-09
3557,,1.4349528040410256e-09
3558,,1.4348406420525667e-09
3559,,1.434075971710749e-09
3560,,1.433859297382763e-09
3561,,1.4337219556790307e-09
3562,,1.433608777619576e-09
3563,,1.4328652912790296e-09
3564,,1.4326346208633019e-09
3565,,1.4324931224237361e-09
3566,,1.4323787836083789e-09
3567,,1.4316589366141244e-09
3568,,1.431412517232931e-09
3569,,1.431266327948637e-09
3570,,1.4311506651063636e-09
3571,,1.4304572221656917e-09
3572,,1.4301930790214e-09
3573,,1.430041597839859e-09
3574,,1.4299244282671466e-09
3575,,1.4292604917909139e-09
3576,,1.4289764107072887e-09
3577,,1.4288189626468592e-09
3578,,1.4287000802970757e-09
3579,,1.4280691443401775e-09
3580,,1.427762629604006e-09
3581,,1.4275984556509896e-09
3582,,1.4274776295953415e-09
3583,,1.426883613916322e-09
3584,,1.4265518689596442e-09
3585,,1.4263801161216035e-09
3586,,1.4262570860766487e-09
3587,,1.4257044063028006e-09
3588,,1.425344277294009e-09
3589,,1.4251639866643858e-09
3590,,1.4250384610502065e-09
3591,,1.4249296186090291e-09
3592,,1.4241400229311808e-09
3593,,1.4239501174621234e-09
3594,,1.4238217676845279e-09
3595,,1.4237121687569965e-09
3596,,1.4229392967610468e-09
3597,,1.422738563998458e-09
3598,,1.4226070210316107e-09
3599,,1.4224965533403575e-09
3600,,1.421742309820545e-09
3601,,1.4215293893052284e-09
3602,,1.421394238567658e-09
3603,,1.421282775508047e-09
3604,,1.4205493047871604e-09
3605,,1.4203226646520511e-09
3606,,1.4201834398472578e-09
3607,,1.4200708394894834e-09
3608,,1.419360548595582e-09
3609,,1.4191184705011995e-09
3610,,1.4189746478334675e-09
3611,,1.4188607504032177e-09
3612,,1.4181763494333129e-09
3613,,1.4179168974531744e-09
3614,,1.4177678878859886e-09
3615,,1.4176525139913265e-09
3616,,1.4169970444476703e-09
3617,,1.4167180479877424e-09
3618,,1.4165631897709895e-09
3619,,1.4164461374985076e-09
3620,,1.4158230244475988e-09
3621,,1.4155220371040457e-09
3622,,1.4153605861722545e-09
3623,,1.415241629168387e-09
3624,,1.4146547152320774e-09
3625,,1.4143289952761236e-09
3626,,1.4141601154706879e-09
3627,,1.4140389986623643e-09
3628,,1.4134926122805792e-09
3629,,1.413139068232259e-09
3630,,1.4129618195256559e-09
3631,,1.41283825687844e-09
3632,,1.4127310487915504e-09
3633,,1.4119524209404484e-09
3634,,1.4117657473759745e-09
3635,,1.411639416977405e-09
3636,,1.4115314681265686e-09
3637,,1.4107692405229978e-09
3638,,1.4105719536252566e-09
3639,,1.410442493598543e-09
3640,,1.4103336936833907e-09
3641,,1.4095897337373132e-09
3642,,1.409380500008879e-09
3643,,1.4092475038883489e-09
3644,,1.4091377289414185e-09
3645,,1.408414138761669e-09
3646,,1.408191456253686e-09
3647,,1.408054467049186e-09
3648,,1.4079435778709711e-09
3649,,1.4072427168882436e-09
3650,,1.407004901300144e-09
3651,,1.4068634054672458e-09
3652,,1.4067512453871193e-09
3653,,1.4060757703954864e-09
3654,,1.4058209238699339e-09
3655,,1.4056743440687247e-09
3656,,1.4055607372481139e-09
3657,,1.404913629847188e-09
3658,,1.404639624497989e-09
3659,,1.404487311956567e-09
3660,,1.4043720606271496e-09
3661,,1.403756678301895e-09
3662,,1.4034611160143099e-09
3663,,1.403302341203289e-09
3664,,1.4031852232272046e-09
3665,,1.4026053331256995e-09
3666,,1.4022855261369826e-09
3667,,1.4021194693983593e-09
3668,,1.4020002347686943e-09
3669,,1.4014600799470854e-09
3670,,1.4011129975644383e-09
3671,,1.4009387375946608e-09
3672,,1.4008171061238696e-09
3673,,1.400711507035664e-09
3674,,1.399943692453606e-09
3675,,1.3997601939770033e-09
3676,,1.3996358499323348e-09
3677,,1.3995295252760032e-09
3678,,1.398777793925685e-09
3679,,1.3985838917368122e-09
3680,,1.3984564804888404e-09
3681,,1.398349322229076e-09
3682,,1.3976155046426841e-09
3683,,1.3974098917974045e-09
3684,,1.397279014635889e-09
3685,,1.3971709012376367e-09
3686,,1.3964570582238485e-09
3687,,1.3962382621396696e-09
3688,,1.3961034712926154e-09
3689,,1.3959942663169395e-09
3690,,1.3953027108778796e-09
3691,,1.3950690804429476e-09
3692,,1.3949298722953206e-09
3693,,1.3948194221794107e-09
3694,,1.3941527586855915e-09
3695,,1.3939024333665484e-09
3696,,1.3937582421543391e-09
3697,,1.3936463743220425e-09
3698,,1.3930075256347674e-09
3699,,1.3927384197264095e-09
3700,,1.392588609215806e-09
3701,,1.3924751299938935e-09
3702,,1.391867387398664e-09
3703,,1.3915771498472898e-09
3704,,1.3914210051494781e-09
3705,,1.3913056967530226e-09
3706,,1.3907327531724455e-09
3707,,1.3904187490704546e-09
3708,,1.3902554666580102e-09
3709,,1.3901380840428953e-09
3710,,1.3896040989842473e-09
3711,,1.3892633575556936e-09
3712,,1.389092033993222e-09
3713,,1.3889723023449368e-09
3714,,1.3888682872804167e-09
3715,,1.3881111337724113e-09
3716,,1.3879307543980755e-09
3717,,1.3878083641468058e-09
3718,,1.387703638591151e-09
3719,,1.3869622574895561e-09
3720,,1.3867716800441816e-09
3721,,1.3866462835565498e-09
3722,,1.3865407414773465e-09
3723,,1.3858169272856586e-09
3724,,1.385614870367175e-09
3725,,1.3854860771674125e-09
3726,,1.3853795992588215e-09
3727,,1.384675371946942e-09
3728,,1.384460392343144e-09
3729,,1.3843277631848392e-09
3730,,1.3842202158213343e-09
3731,,1.3835378431041008e-09
3732,,1.38330832196885e-09
3733,,1.3831713632185725e-09
3734,,1.383062595907683e-09
3735,,1.382404630678943e-09
3736,,1.3821587443038955e-09
3737,,1.3820169012230976e-09
3738,,1.3819067449159218e-09
3739,,1.3812760525721105e-09
3740,,1.3810117560445052e-09
3741,,1.380864405081991e-09
3742,,1.3807526696901292e-09
3743,,1.380152476614573e-09
3744,,1.3798674653276027e-09
3745,,1.379713905585536e-09
3746,,1.3796003776998484e-09
3747,,1.3790343042589607e-09
3748,,1.3787259951764446e-09
3749,,1.3785654389471778e-09
3750,,1.3784498784148438e-09
3751,,1.3779220018817035e-09
3752,,1.3775874829136138e-09
3753,,1.377419044597944e-09
3754,,1.377301181852985e-09
3755,,1.3771987262961978e-09
3756,,1.376452083732264e-09
3757,,1.3762747687122349e-09
3758,,1.3761543004777855e-09
3759,,1.376051148932947e-09
3760,,1.3753199740012515e-09
3761,,1.375132662447839e-09
3762,,1.3750092479118923e-09
3763,,1.3749052966590828e-09
3764,,1.3741913484444283e-09
3765,,1.3739927841834549e-09
3766,,1.3738660403965773e-09
3767,,1.3737611724695288e-09
3768,,1.3730664311980075e-09
3769,,1.3728551993854903e-09
3770,,1.372724695831851e-09
3771,,1.3726187801456439e-09
3772,,1.3719454689476713e-09
3773,,1.371719982715553e-09
3774,,1.3715852355347191e-09
3775,,1.3714781244886069e-09
3776,,1.3708287460355772e-09
3777,,1.3705872174199343e-09
3778,,1.3704476827306466e-09
3779,,1.370339210800258e-09
3780,,1.3697165737753978e-09
3781,,1.3694569983549299e-09
3782,,1.3693120649201788e-09
3783,,1.3692020456437054e-09
3784,,1.3686093129597123e-09
3785,,1.368329431535606e-09
3786,,1.3681784122235058e-09
3787,,1.3680666364775088e-09
3788,,1.3675073571941097e-09
3789,,1.3672046374706843e-09
3790,,1.36704676009217e-09
3791,,1.3669329923050983e-09
3792,,1.3664111635200036e-09
3793,,1.3660827507540545e-09
3794,,1.3659171472902656e-09
3795,,1.3658011232931239e-09
3796,,1.3657002030970275e-09
3797,,1.3649639236823755e-09
3798,,1.3647896189886954e-09
3799,,1.3646710414353071e-09
3800,,1.3645694396213822e-09
3801,,1.363848328904203e-09
3802,,1.3636642251957555e-09
3803,,1.363542760111415e-09
3804,,1.3634403748539002e-09
3805,,1.3627361575173291e-09
3806,,1.3625410233927451e-09
3807,,1.3624162952227654e-09
3808,,1.3623130120539862e-09
3809,,1.361627629143897e-09
3810,,1.3614200775858783e-09
3811,,1.3612916644120702e-09
3812,,1.361187354726869e-09
3813,,1.3605229855528161e-09
3814,,1.3603014609565041e-09
3815,,1.3601688882695647e-09
3816,,1.3600634075691247e-09
3817,,1.3594225053823784e-09
3818,,1.3591852551075771e-09
3819,,1.359047989937814e-09
3820,,1.3589411756905213e-09
3821,,1.3583264941574444e-09
3822,,1.3580715530957558e-09
3823,,1.3579289961213205e-09
3824,,1.3578206656678116e-09
3825,,1.3572353052193148e-09
3826,,1.3569604587729117e-09
3827,,1.356811936455936e-09
3828,,1.356701884807891e-09
3829,,1.3561493246049963e-09
3830,,1.3558520903094624e-09
3831,,1.355696845746747e-09
3832,,1.355584841810385e-09
3833,,1.3550690001590452e-09
3834,,1.3547465795716083e-09
3835,,1.3545837616388854e-09
3836,,1.3544695466727123e-09
3837,,1.354370137955709e-09
3838,,1.3536440758662586e-09
3839,,1.353472728611665e-09
3840,,1.3533560110726264e-09
3841,,1.3532559348035212e-09
3842,,1.3525447485301768e-09
3843,,1.352363795924977e-09
3844,,1.3522442482668688e-09
3845,,1.3521434047007263e-09
3846,,1.3514487846759294e-09
3847,,1.3512570195648251e-09
3848,,1.3511342736296787e-09
3849,,1.3510325505307785e-09
3850,,1.3503563998895163e-09
3851,,1.3501524624977272e-09
3852,,1.3500261047465478e-09
3853,,1.3499233760694714e-09
3854,,1.3492678308881369e-09
3855,,1.3490501962713635e-09
3856,,1.3489197617088785e-09
3857,,1.348815885529724e-09
3858,,1.3481833509573088e-09
3859,,1.3479503009912504e-09
3860,,1.3478152669010524e-09
3861,,1.3477100841673744e-09
3862,,1.3471032595045445e-09
3863,,1.3468528678461676e-09
3864,,1.3467126468605628e-09
3865,,1.346605978355984e-09
3866,,1.3460279029955177e-09
3867,,1.3457579985580653e-09
3868,,1.3456119304914441e-09
3869,,1.3455035752168337e-09
3870,,1.3449576598293144e-09
3871,,1.3446658091256166e-09
3872,,1.3445131515606079e-09
3873,,1.344402883363749e-09
3874,,1.343892968950284e-09
3875,,1.343576428659939e-09
3876,,1.343416347699358e-09
3877,,1.343303912411186e-09
3878,,1.3432059917732549e-09
3879,,1.3424900035898865e-09
3880,,1.3423215618841606e-09
3881,,1.342206673949667e-09
3882,,1.342108099662149e-09
3883,,1.3414066998885432e-09
3884,,1.3412288426192047e-09
3885,,1.3411111809499284e-09
3886,,1.3410118551050035e-09
3887,,1.3403267010534317e-09
3888,,1.3401382448199586e-09
3889,,1.3400174485204226e-09
3890,,1.339917261048872e-09
3891,,1.3392502181450355e-09
3892,,1.3390498300729841e-09
3893,,1.3389254937105718e-09
3894,,1.3388243209815265e-09
3895,,1.338177483507387e-09
3896,,1.3379636684992634e-09
3897,,1.3378353363321388e-09
3898,,1.3377330393312518e-09
3899,,1.3371087648810576e-09
3900,,1.3368798388408122e-09
3901,,1.3367469983311758e-09
3902,,1.3366434211744682e-09
3903,,1.3360443558408352e-09
3904,,1.3357984302779345e-09
3905,,1.3356605055888657e-09
3906,,1.3355554726382576e-09
3907,,1.3349845960364165e-09
3908,,1.334719542656383e-09
3909,,1.3345758864508203e-09
3910,,1.3344692005882505e-09
3911,,1.3339298563484128e-09
3912,,1.3336432894443215e-09
3913,,1.3334931743482291e-09
3914,,1.333384613712027e-09
3915,,1.332880567082292e-09
3916,,1.3325697974303653e-09
3917,,1.3324124056007244e-09
3918,,1.332301721284584e-09
3919,,1.3322052659251128e-09
3920,,1.3314992100898759e-09
3921,,1.3313336228608242e-09
3922,,1.3312205347448854e-09
3923,,1.3311234391601566e-09
3924,,1.3304316899993401e-09
3925,,1.3302568733473276e-09
3926,,1.3301410667947787e-09
3927,,1.3300432349761035e-09
3928,,1.3293674171603589e-09
3929,,1.3291822108333233e-09
3930,,1.3290633320820116e-09
3931,,1.3289646562457643e-09
3932,,1.328306598526155e-09
3933,,1.3281096959802072e-09
3934,,1.3279873474257135e-09
3935,,1.327887706440309e-09
3936,,1.3272494617795035e-09
3937,,1.3270393974207162e-09
3938,,1.32691313228863e-09
3939,,1.3268123897630264e-09
3940,,1.3261962693115634e-09
3941,,1.3259713921525824e-09
3942,,1.3258407080776553e-09
3943,,1.325738711244992e-09
3944,,1.3251473090414802e-09
3945,,1.3249057676095462e-09
3946,,1.3247701001430218e-09
3947,,1.324666676781794e-09
3948,,1.3241029138612538e-09
3949,,1.3238426218794068e-09
3950,,1.3237013365078081e-09
3951,,1.323596293322764e-09
3952,,1.3230634472105262e-09
3953,,1.3227820660341346e-09
3954,,1.3226344495730275e-09
3955,,1.3225275691163508e-09
3956,,1.322029331112581e-09
3957,,1.3217242244213966e-09
3958,,1.3215694751372684e-09
3959,,1.3214605134625972e-09
3960,,1.321365500712014e-09
3961,,1.3206692375981774e-09
3962,,1.3205064549030433e-09
3963,,1.3203951374825291e-09
3964,,1.3202994976002296e-09
3965,,1.3196172650938914e-09
3966,,1.3194454352620054e-09
3967,,1.3193314534747974e-09
3968,,1.3192350925823145e-09
3969,,1.3185684832166128e-09
3970,,1.3183864688583123e-09
3971,,1.3182694760308177e-09
3972,,1.3181722883470705e-09
3973,,1.317523094822614e-09
3974,,1.3173296151780852e-09
3975,,1.3172092214746402e-09
3976,,1.3171110881923292e-09
3977,,1.3164813230909064e-09
3978,,1.3162749414280673e-09
3979,,1.3161507089090165e-09
3980,,1.3160514964690264e-09
3981,,1.3154434253570583e-09
3982,,1.3152225231980105e-09
3983,,1.3150939593428357e-09
3984,,1.3149935177605747e-09
3985,,1.3144096838066786e-09
3986,,1.3141724461786441e-09
3987,,1.3140389976282275e-09
3988,,1.3139371583079473e-09
3989,,1.3133804245628049e-09
3990,,1.3131248063666355e-09
3991,,1.312985851136735e-09
3992,,1.312882424527534e-09
3993,,1.3123560043761537e-09
3994,,1.3120797127425533e-09
3995,,1.311934551707447e-09
3996,,1.3118293246612776e-09
3997,,1.3113368365038969e-09
3998,,1.3110372871534496e-09
3999,,1.3108851343698864e-09
4000,,1.3107778676600604e-09
4001,,1.3106842751270768e-09
4002,,1.309997667529107e-09
4003,,1.3098376401062035e-09
4004,,1.309728064604564e-09
4005,,1.309633857860107e-09
4006,,1.308961010005532e-09
4007,,1.3087921142087986e-09
4008,,1.3086799274043353e-09
4009,,1.3085850145099842e-09
4010,,1.3079274875816724e-09
4011,,1.3077486084907225e-09
4012,,1.3076334704992104e-09
4013,,1.3075377476298491e-09
4014,,1.306897299035202e-09
4015,,1.3067071810042423e-09
4016,,1.306588709751697e-09
4017,,1.3064920606231869e-09
4018,,1.3058706631908503e-09
4019,,1.3056678977858855e-09
4020,,1.3055456638128828e-09
4021,,1.3054479573720971e-09
4022,,1.3048478323210179e-09
4023,,1.3046308328454025e-09
4024,,1.304504353612563e-09
4025,,1.3044054427710778e-09
4026,,1.3038290829422275e-09
4027,,1.303596070285094e-09
4028,,1.3034648031720212e-09
4029,,1.3033645226612752e-09
4030,,1.3028147348608009e-09
4031,,1.3025637041595733e-09
4032,,1.302427039313626e-09
4033,,1.302325203443639e-09
4034,,1.3018051377148407e-09
4035,,1.3015338413036676e-09
4036,,1.3013910934515723e-09
4037,,1.3012874932083482e-09
4038,,1.3008006966782572e-09
4039,,1.3005066011411002e-09
4040,,1.3003569997696022e-09
4041,,1.300251400646555e-09
4042,,1.3001592064500375e-09
4043,,1.2994821188034854e-09
4044,,1.2993247984770318e-09
4045,,1.299216936579809e-09
4046,,1.299124140981338e-09
4047,,1.2984605474382078e-09
4048,,1.29829453394526e-09
4049,,1.2981841127612005e-09
4050,,1.298090625501278e-09
4051,,1.297442056587187e-09
4052,,1.2972662569413093e-09
4053,,1.297152943361756e-09
4054,,1.2970586626099714e-09
4055,,1.2964268412310423e-09
4056,,1.2962400244775197e-09
4057,,1.2961234437578704e-09
4058,,1.296028255573738e-09
4059,,1.2954151157187748e-09
4060,,1.2952159011644275e-09
4061,,1.2950956325393088e-09
4062,,1.2949994084305915e-09
4063,,1.294407127260448e-09
4064,,1.29419395957458e-09
4065,,1.2940695297736933e-09
4066,,1.2939721256600034e-09
4067,,1.2934031471498572e-09
4068,,1.2931742821580865e-09
4069,,1.2930451593540629e-09
4070,,1.2929464130404046e-09
4071,,1.2924034887224214e-09
4072,,1.2921569610986041e-09
4073,,1.292022547470781e-09
4074,,1.2919222770240313e-09
4075,,1.2914084947937316e-09
4076,,1.2911421010803215e-09
4077,,1.2910017248383304e-09
4078,,1.2908997253090072e-09
4079,,1.2904185626458745e-09
4080,,1.2901298193662645e-09
4081,,1.2899827249718686e-09
4082,,1.2898787665801001e-09
4083,,1.2894341248924996e-09
4084,,1.2891202486078028e-09
4085,,1.2889655875495049e-09
4086,,1.2888594113412966e-09
4087,,1.2887680050031334e-09
4088,,1.2881135381565838e-09
4089,,1.2879503556786185e-09
4090,,1.287841671258474e-09
4091,,1.2877495872875774e-09
4092,,1.2871098547712056e-09
4093,,1.286937079315174e-09
4094,,1.2868255599038815e-09
4095,,1.2867326987282733e-09
4096,,1.2861093891867621e-09
4097,,1.2859258141612467e-09
4098,,1.2858110926301285e-09
4099,,1.285717342395238e-09
4100,,1.2851123519678563e-09
4101,,1.2849166238200669e-09
4102,,1.2847982873961322e-09
4103,,1.2847035223541253e-09
4104,,1.284118985228465e-09
4105,,1.2839095791987744e-09
4106,,1.283787164127474e-09
4107,,1.2836912429345058e-09
4108,,1.2831295550795277e-09
4109,,1.2829047612226229e-09
4110,,1.2827777461050574e-09
4111,,1.2826805096741617e-09
4112,,1.2821443685142884e-09
4113,,1.2819022601049564e-09
4114,,1.281770058989951e-09
4115,,1.2816713290086345e-09
4116,,1.2811637616545502e-09
4117,,1.2809021788436319e-09
4118,,1.2807641329139466e-09
4119,,1.2806637084971458e-09
4120,,1.2801881236996166e-09
4121,,1.2799046318774647e-09
4122,,1.2797600007887346e-09
4123,,1.2796576565873899e-09
4124,,1.2792178792967601e-09
4125,,1.2789097496805701e-09
4126,,1.278757701326343e-09
4127,,1.2786531836214784e-09
4128,,1.2785631450056728e-09
4129,,1.2779176784770994e-09
4130,,1.277757276884185e-09
4131,,1.2776503008289765e-09
4132,,1.2775595986290778e-09
4133,,1.276928581595059e-09
4134,,1.2767587764759918e-09
4135,,1.2766490218215757e-09
4136,,1.2765575582380928e-09
4137,,1.2759426461392665e-09
4138,,1.275762254643275e-09
4139,,1.2756493615236324e-09
4140,,1.2755570269345382e-09
4141,,1.2749600784482462e-09
4142,,1.2747677736453965e-09
4143,,1.2746513374123496e-09
4144,,1.274558008549647e-09
4145,,1.273981116118142e-09
4146,,1.2737754032116978e-09
4147,,1.2736549690724868e-09
4148,,1.2735605073946086e-09
4149,,1.2730060196781684e-09
4150,,1.2727852224409106e-09
4151,,1.2726602794589069e-09
4152,,1.2725645289310586e-09
4153,,1.272035090242469e-09
4154,,1.2717973199612128e-09
4155,,1.2716672934870768e-09
4156,,1.2715700793995324e-09
4157,,1.2710686573637395e-09
4158,,1.2708117964358597e-09
4159,,1.270676040868568e-09
4160,,1.270577166235065e-09
4161,,1.2701071024069237e-09
4162,,1.2698287642777536e-09
4163,,1.2696865537470402e-09
4164,,1.2695857977698444e-09
4165,,1.2691508416473822e-09
4166,,1.2688483513697103e-09
4167,,1.2686988700535596e-09
4168,,1.268595983961817e-09
4169,,1.2685072919375245e-09
4170,,1.2678707008552348e-09
4171,,1.2677130315477393e-09
4172,,1.2676077359623509e-09
4173,,1.2675183939602315e-09
4174,,1.2668959731206748e-09
4175,,1.266729085846759e-09
4176,,1.266621067021529e-09
4177,,1.2665309792435195e-09
4178,,1.2659243515771688e-09
4179,,1.2657470867675233e-09
4180,,1.265635991723846e-09
4181,,1.2655450507311974e-09
4182,,1.264956038270702e-09
4183,,1.2647670952331375e-09
4184,,1.2646525273382148e-09
4185,,1.264560612071571e-09
4186,,1.2639912661695377e-09
4187,,1.2637891794596779e-09
4188,,1.2636706930606719e-09
4189,,1.2635776678224074e-09
4190,,1.263030290763741e-09
4191,,1.2628134171253385e-09
4192,,1.2626905111688131e-09
4193,,1.2625962231415843e-09
4194,,1.2620734070510873e-09
4195,,1.2618398951160238e-09
4196,,1.261712006239801e-09
4197,,1.2616162840314566e-09
4198,,1.261120938338633e-09
4199,,1.2608687120129135e-09
4200,,1.260735207323272e-09
4201,,1.2606378578765751e-09
4202,,1.2601732582585572e-09
4203,,1.2598999780833482e-09
4204,,1.2597601460880683e-09
4205,,1.2596609527576188e-09
4206,,1.2592307751366211e-09
4207,,1.2589338186505286e-09
4208,,1.2587868596496572e-09
4209,,1.2586855785846806e-09
4210,,1.2585982124982053e-09
4211,,1.2579703740490364e-09
4212,,1.2578153885264338e-09
4213,,1.257711746187795e-09
4214,,1.2576237434844615e-09
4215,,1.257009801344239e-09
4216,,1.2568457801140666e-09
4217,,1.2567394685618777e-09
4218,,1.256650735235848e-09
4219,,1.2560522805989655e-09
4220,,1.2558780865889623e-09
4221,,1.2557687599328314e-09
4222,,1.2556791908028603e-09
4223,,1.2550980098087025e-09
4224,,1.2549123678798246e-09
4225,,1.254799637349051e-09
4226,,1.2547091136979267e-09
4227,,1.2541472171284134e-09
4228,,1.2539486907969628e-09
4229,,1.2538321194710516e-09
4230,,1.2537405082567699e-09
4231,,1.2532001532460017e-09
4232,,1.2529871315972412e-09
4233,,1.2528662281790384e-09
4234,,1.2527733796392833e-09
4235,,1.252257107322702e-09
4236,,1.2520277753503904e-09
4237,,1.251901987715593e-09
4238,,1.2518077337017272e-09
4239,,1.2513183961074531e-09
4240,,1.2510707186677948e-09
4241,,1.2509394263482172e-09
4242,,1.2508435776229183e-09
4243,,1.2503843861156673e-09
4244,,1.2501160696805673e-09
4245,,1.2499785751052387e-09
4246,,1.2498809194082794e-09
4247,,1.2494554774441886e-09
4248,,1.249163951203311e-09
4249,,1.2490194704452914e-09
4250,,1.2489197687269027e-09
4251,,1.2488337081245079e-09
4252,,1.2482145009648904e-09
4253,,1.2480621522500464e-09
4254,,1.2479601362056397e-09
4255,,1.2478734519893851e-09
4256,,1.2472678728056442e-09
4257,,1.2471066666209785e-09
4258,,1.2470020344713547e-09
4259,,1.2469146346229966e-09
4260,,1.2463242430638346e-09
4261,,1.2461530649200792e-09
4262,,1.2460454776237775e-09
4263,,1.2459572588989687e-09
4264,,1.245383806068606e-09
4265,,1.2452014058511727e-09
4266,,1.2450904821885772e-09
4267,,1.2450013283515668e-09
4268,,1.2444467853618413e-09
4269,,1.244251754947032e-09
4270,,1.2441370665762802e-09
4271,,1.244046847134107e-09
4272,,1.243513426784406e-09
4273,,1.2433041868387666e-09
4274,,1.2431852521836984e-09
4275,,1.2430938203004191e-09
4276,,1.242584013721792e-09
4277,,1.2423587850055083e-09
4278,,1.2422350628341296e-09
4279,,1.2421422535888797e-09
4280,,1.24165885673176e-09
4281,,1.2414156441778983e-09
4282,,1.241286526104813e-09
4283,,1.2411921543155177e-09
4284,,1.2407383150578754e-09
4285,,1.2404748702149463e-09
4286,,1.2403396726075606e-09
4287,,1.2402435297910979e-09
4288,,1.2398227809550188e-09
4289,,1.2395365835918779e-09
4290,,1.2393945378515948e-09
4291,,1.2392963898592417e-09
4292,,1.2392116145161688e-09
4293,,1.2386009192832002e-09
4294,,1.2384511610168666e-09
4295,,1.2383507447743363e-09
4296,,1.2382653586491652e-09
4297,,1.237668028164629e-09
4298,,1.2375095872195583e-09
4299,,1.237406606966351e-09
4300,,1.2373205199049084e-09
4301,,1.2367380830731693e-09
4302,,1.2365698669507584e-09
4303,,1.2364639902558849e-09
4304,,1.2363771009555823e-09
4305,,1.2358112744407788e-09
4306,,1.235632057673731e-09
4307,,1.235522910786003e-09
4308,,1.2354351053046188e-09
4309,,1.234887821537408e-09
4310,,1.2346962236210344e-09
4311,,1.23458338666786e-09
4312,,1.234494537086284e-09
4313,,1.2339679651068903e-09
4314,,1.2337624378837711e-09
4315,,1.2336454387553022e-09
4316,,1.2335554011936421e-09
4317,,1.2330519831990943e-09
4318,,1.2328307823807233e-09
4319,,1.2327090905213846e-09
4320,,1.2326177033406532e-09
4321,,1.232140180132584e-09
4322,,1.2319013499299885e-09
4323,,1.231774368888597e-09
4324,,1.231681450316473e-09
4325,,1.2312329081671887e-09
4326,,1.2309742444279758e-09
4327,,1.230841303927944e-09
4328,,1.2307466497691859e-09
4329,,1.230330551734107e-09
4330,,1.230049583755278e-09
4331,,1.2299099303998881e-09
4332,,1.2298133111000582e-09
4333,,1.2297298013051142e-09
4334,,1.2291275002495851e-09
4335,,1.2289802867887813e-09
4336,,1.2288814443709462e-09
4337,,1.228797336428511e-09
4338,,1.228208141943242e-09
4339,,1.228052417242451e-09
4340,,1.2279510618582268e-09
4341,,1.2278662672492489e-09
4342,,1.227291678198104e-09
4343,,1.2271263713011305e-09
4344,,1.2270221768830043e-09
4345,,1.2269365964225618e-09
4346,,1.2263782957059995e-09
4347,,1.2262022051243176e-09
4348,,1.2260948055110196e-09
4349,,1.2260083274580589e-09
4350,,1.2254682093244832e-09
4351,,1.2252799819014294e-09
4352,,1.2251689652750056e-09
4353,,1.2250814642344554e-09
4354,,1.2245616553075402e-09
4355,,1.2243597731398168e-09
4356,,1.2242446767915383e-09
4357,,1.224156011596962e-09
4358,,1.2236589059547996e-09
4359,,1.223441659074184e-09
4360,,1.2233219629714829e-09
4361,,1.2232319752688452e-09
4362,,1.2227602596380187e-09
4363,,1.2225257308065298e-09
4364,,1.2224008502791037e-09
4365,,1.2223093617314732e-09
4366,,1.2218660616869876e-09
4367,,1.2216120901895283e-09
4368,,1.221481367953347e-09
4369,,1.2213881786178546e-09
4370,,1.220976689009959e-09
4371,,1.2207008527903842e-09
4372,,1.2205635502752506e-09
4373,,1.2204684349939469e-09
4374,,1.2203861713627425e-09
4375,,1.2197921482665936e-09
4376,,1.2196474349532793e-09
4377,,1.2195501408974266e-09
4378,,1.2194672913007139e-09
4379,,1.2188861217390172e-09
4380,,1.218733065171298e-09
4381,,1.2186333080526469e-09
4382,,1.218549785880431e-09
4383,,1.2179829392320387e-09
4384,,1.2178204895066713e-09
4385,,1.2177179498765189e-09
4386,,1.217633657842784e-09
4387,,1.2170827837510967e-09
4388,,1.2169097631394261e-09
4389,,1.2168040818754045e-09
4390,,1.2167189103956587e-09
4391,,1.216185865932222e-09
4392,,1.2160009478025676e-09
4393,,1.2158917213229313e-09
4394,,1.2158055474771868e-09
4395,,1.2152924173574699e-09
4396,,1.215094113820536e-09
4397,,1.2149808883027076e-09
4398,,1.2148935738500407e-09
4399,,1.2144027049492558e-09
4400,,1.21418933964056e-09
4401,,1.214071605333677e-09
4402,,1.2139829949350808e-09
4403,,1.2135170212983157e-09
4404,,1.2132867145440568e-09
4405,,1.2131638983606074e-09
4406,,1.2130738172789026e-09
4407,,1.2126357047972105e-09
4408,,1.212386338524666e-09
4409,,1.2122577961340244e-09
4410,,1.2121660482515593e-09
4411,,1.2117591250552264e-09
4412,,1.2114883247836023e-09
4413,,1.2113533321981739e-09
4414,,1.2112596966874321e-09
4415,,1.2111786599265052e-09
4416,,1.2105928003796826e-09
4417,,1.2104505433536603e-09
4418,,1.2103547724444101e-09
4419,,1.2102731619350664e-09
4420,,1.209699907701548e-09
4421,,1.2095494720970345e-09
4422,,1.2094512871726867e-09
4423,,1.2093690178385823e-09
4424,,1.2088098094057426e-09
4425,,1.2086501660557227e-09
4426,,1.2085492538182943e-09
4427,,1.2084662302489682e-09
4428,,1.207922684906579e-09
4429,,1.2077526791159547e-09
4430,,1.2076486876763134e-09
4431,,1.2075648024831495e-09
4432,,1.2070387406877963e-09
4433,,1.2068570720200566e-09
4434,,1.2067496055816864e-09
4435,,1.2066647383263238e-09
4436,,1.2061582037664533e-09
4437,,1.2059634135440158e-09
4438,,1.2058520273914583e-09
4439,,1.2057660423881676e-09
4440,,1.20528133573532e-09
4441,,1.2050717807128913e-09
4442,,1.2049559749909584e-09
4443,,1.2048687200165737e-09
4444,,1.2044084234940043e-09
4445,,1.204182260977067e-09
4446,,1.2040614738929603e-09
4447,,1.2039727777387727e-09
4448,,1.2035397988959005e-09
4449,,1.2032949522843565e-09
4450,,1.2031685522478088e-09
4451,,1.203078222538441e-09
4452,,1.2026758239820427e-09
4453,,1.2024099657573338e-09
4454,,1.2022772428739067e-09
4455,,1.2021850632596945e-09
4456,,1.2021052346059308e-09
4457,,1.2015274258485294e-09
4458,,1.2013875819896176e-09
4459,,1.2012933095498266e-09
4460,,1.201212918894828e-09
4461,,1.2006474720827656e-09
4462,,1.2004996111121227e-09
4463,,1.2004029726954442e-09
4464,,1.2003219367197948e-09
4465,,1.1997702639759435e-09
4466,,1.1996133769292098e-09
4467,,1.199514065479187e-09
4468,,1.1994322905085233e-09
4469,,1.1988959774170048e-09
4470,,1.1987289323437783e-09
4471,,1.1986266026904597e-09
4472,,1.1985439837472155e-09
4473,,1.198024814759299e-09
4474,,1.1978463369051486e-09
4475,,1.1977406011181143e-09
4476,,1.1976570198401496e-09
4477,,1.1971569986652455e-09
4478,,1.1969656579499137e-09
4479,,1.196856080123324e-09
4480,,1.196771403672393e-09
4481,,1.1962927854882216e-09
4482,,1.1960869709607489e-09
4483,,1.1959730611218421e-09
4484,,1.1958871401735348e-09
4485,,1.1954324565291602e-09
4486,,1.1952103616775605e-09
4487,,1.1950915689632755e-09
4488,,1.1950042357283892e-09
4489,,1.1945763368915178e-09
4490,,1.1943359262220024e-09
4491,,1.194211631548138e-09
4492,,1.1941226974337415e-09
4493,,1.1937247817959267e-09
4494,,1.1934637733677759e-09
4495,,1.193333280717558e-09
4496,,1.1932425337602053e-09
4497,,1.1931638946208127e-09
4498,,1.1925940252680334e-09
4499,,1.192456552277602e-09
4500,,1.1923637540280877e-09
4501,,1.1922845645109687e-09
4502,,1.1917268186165513e-09
4503,,1.191581486657856e-09
4504,,1.1914863695610386e-09
4505,,1.1914065478830366e-09
4506,,1.190862309635648e-09
4507,,1.1907081298799315e-09
4508,,1.190610392766312e-09
4509,,1.190529847239649e-09
4510,,1.190000671028606e-09
4511,,1.1898365335973892e-09
4512,,1.1897358381951222e-09
4513,,1.189654465681609e-09
4514,,1.1891421009842886e-09
4515,,1.1889667561024936e-09
4516,,1.1888627222116025e-09
4517,,1.1887804068786196e-09
4518,,1.1882868176793305e-09
4519,,1.1880988635734775e-09
4520,,1.1879910637370042e-09
4521,,1.1879076753220718e-09
4522,,1.187435072748726e-09
4523,,1.187232930076028e-09
4524,,1.1871208837978134e-09
4525,,1.18703627605827e-09
4526,,1.1865871416492739e-09
4527,,1.186369039519277e-09
4528,,1.1862522070531805e-09
4529,,1.1861662151322594e-09
4530,,1.185743343136234e-09
4531,,1.1855072861004089e-09
4532,,1.185385060286497e-09
4533,,1.1852974996314423e-09
4534,,1.1849040255223831e-09
4535,,1.1846477764815236e-09
4536,,1.1845194753543832e-09
4537,,1.1844301378548717e-09
4538,,1.184352670024174e-09
4539,,1.1837906304573546e-09
4540,,1.18365548673318e-09
4541,,1.183564138865654e-09
4542,,1.1834861319721267e-09
4543,,1.1829359818851826e-09
4544,,1.182793134422236e-09
4545,,1.1826995137626907e-09
4546,,1.18262088768843e-09
4547,,1.1820839840940102e-09
4548,,1.181932463324264e-09
4549,,1.1818362747204806e-09
4550,,1.1817569395857224e-09
4551,,1.1812348063001843e-09
4552,,1.1810735242309915e-09
4553,,1.1809744360923575e-09
4554,,1.180894290761047e-09
4555,,1.180388642635268e-09
4556,,1.180216374277258e-09
4557,,1.1801140137554267e-09
4558,,1.180032944700237e-09
4559,,1.1795457072889702e-09
4560,,1.179361078203548e-09
4561,,1.1792550263716507e-09
4562,,1.1791729057617887e-09
4563,,1.1787062465949757e-09
4564,,1.1785077086634532e-09
4565,,1.1783974945007412e-09
4566,,1.178314178949508e-09
4567,,1.1778705308596279e-09
4568,,1.177656348050975e-09
4569,,1.1775414422326199e-09
4570,,1.177456770358474e-09
4571,,1.1770388723841083e-09
4572,,1.1768070883266796e-09
4573,,1.1766868959895693e-09
4574,,1.1766006866093952e-09
4575,,1.1762116127832245e-09
4576,,1.1759600344264375e-09
4577,,1.1758338867213375e-09
4578,,1.175745935974815e-09
4579,,1.1756696214963376e-09
4580,,1.175115303592647e-09
4581,,1.1749824484292969e-09
4582,,1.1748925274487301e-09
4583,,1.1748156850101026e-09
4584,,1.1742730271166444e-09
4585,,1.1741326202609445e-09
4586,,1.1740404717571866e-09
4587,,1.1739630227969212e-09
4588,,1.1734333553731328e-09
4589,,1.1732844463075314e-09
4590,,1.1731897808818705e-09
4591,,1.1731116373473213e-09
4592,,1.1725964539883166e-09
4593,,1.1724379763042123e-09
4594,,1.1723404688470553e-09
4595,,1.172261531474534e-09
4596,,1.1717625136179758e-09
4597,,1.1715932661395239e-09
4598,,1.1714925511766111e-09
4599,,1.1714127088017419e-09
4600,,1.1709317439694165e-09
4601,,1.1707503794288332e-09
4602,,1.170646046317817e-09
4603,,1.1705651735432966e-09
4604,,1.170104386499469e-09
4605,,1.1699093873453095e-09
4606,,1.1698009742541672e-09
4607,,1.1697189305579263e-09
4608,,1.1692807063424025e-09
4609,,1.1690703705242706e-09
4610,,1.1689573586663298e-09
4611,,1.1688739858478504e-09
4612,,1.16846100968606e-09
4613,,1.1682334194349688e-09
4614,,1.1681152254177829e-09
4615,,1.1680303458137236e-09
4616,,1.167645631246505e-09
4617,,1.1673986365953375e-09
4618,,1.1672746048766523e-09
4619,,1.167188018738087e-09
4620,,1.1671128399396455e-09
4621,,1.166566137047535e-09
4622,,1.166435530313065e-09
4623,,1.1663470132005133e-09
4624,,1.1662713173569495e-09
4625,,1.1657360495511936e-09
4626,,1.1655980403675868e-09
4627,,1.1655073398388298e-09
4628,,1.1654310499684777e-09
4629,,1.1649085214729401e-09
4630,,1.1647621776899648e-09
4631,,1.164669010365421e-09
4632,,1.1645920400329485e-09
4633,,1.1640837151740761e-09
4634,,1.163927991473769e-09
4635,,1.163832038626485e-09
4636,,1.1637542904796367e-09
4637,,1.1632618175735463e-09
4638,,1.1630955365059982e-09
4639,,1.1629964396927248e-09
4640,,1.1629178048096994e-09
4641,,1.162443034175965e-09
4642,,1.1622648749399237e-09
4643,,1.162162231565376e-09
4644,,1.1620825871944196e-09
4645,,1.1616276017759383e-09
4646,,1.1614360765224272e-09
4647,,1.1613294340957355e-09
4648,,1.161248642287171e-09
4649,,1.1608157802864882e-09
4650,,1.1606092205765474e-09
4651,,1.1604980701414253e-09
4652,,1.1604159758498234e-09
4653,,1.1600078696095429e-09
4654,,1.1597843954975919e-09
4655,,1.1596681654385176e-09
4656,,1.1595845945329574e-09
4657,,1.1592041982647436e-09
4658,,1.1589617019669218e-09
4659,,1.1588397495508711e-09
4660,,1.1587545060600924e-09
4661,,1.1586804455568007e-09
4662,,1.1581412526274448e-09
4663,,1.1580128550509732e-09
4664,,1.1579257191240063e-09
4665,,1.157851152122876e-09
4666,,1.157323173842101e-09
4667,,1.1571875197692538e-09
4668,,1.1570982439287147e-09
4669,,1.1570230950849682e-09
4670,,1.15650760980487e-09
4671,,1.1563637857160809e-09
4672,,1.1562720920799483e-09
4673,,1.1561962766654722e-09
4674,,1.155694719972623e-09
4675,,1.155541700965789e-09
4676,,1.1554472770428385e-09
4677,,1.1553706997384578e-09
4678,,1.1548846874440078e-09
4679,,1.1547213192435136e-09
4680,,1.1546238136493464e-09
4681,,1.1545463674578908e-09
4682,,1.1540777136682854e-09
4683,,1.1539027014551608e-09
4684,,1.1538017195503427e-09
4685,,1.153723284202248e-09
4686,,1.1532740307796132e-09
4687,,1.1530859160086414e-09
4688,,1.152981014168351e-09
4689,,1.1529014544763148e-09
4690,,1.152473893535228e-09
4691,,1.1522710405525133e-09
4692,,1.1521617200109793e-09
4693,,1.1520808838915723e-09
4694,,1.1516775960714496e-09
4695,,1.1514581619745857e-09
4696,,1.1513438620642397e-09
4697,,1.1512615789066581e-09
4698,,1.150885460332374e-09
4699,,1.1506473786168056e-09
4700,,1.1505274694435956e-09
4701,,1.150443547137101e-09
4702,,1.1503705877975582e-09
4703,,1.1498388012654861e-09
4704,,1.149712574153297e-09
4705,,1.1496267970445719e-09
4706,,1.1495533417629084e-09
4707,,1.1490325534769732e-09
4708,,1.148899213170557e-09
4709,,1.148811338798345e-09
4710,,1.1487373134902614e-09
4711,,1.1482287768296878e-09
4712,,1.148087427719278e-09
4713,,1.1479971835734873e-09
4714,,1.1479225052445644e-09
4715,,1.1474276275776403e-09
4716,,1.1472772648219352e-09
4717,,1.1471843445050254e-09
4718,,1.1471089199029557e-09
4719,,1.1466292851021639e-09
4720,,1.1464687772798195e-09
4721,,1.1463728364544587e-09
4722,,1.1462965604747879e-09
4723,,1.1458339470115817e-09
4724,,1.1456620246691281e-09
4725,,1.1455626763522874e-09
4726,,1.145485431189245e-09
4727,,1.145041840770979e-09
4728,,1.1448570740826317e-09
4729,,1.144753883474004e-09
4730,,1.1446755364709094e-09
4731,,1.1442532162149228e-09
4732,,1.144054001752785e-09
4733,,1.143946479772812e-09
4734,,1.143866881987826e-09
4735,,1.1434683615147639e-09
4736,,1.143252892659651e-09
4737,,1.1431404897896545e-09
4738,,1.143059473904388e-09
4739,,1.1426875925411467e-09
4740,,1.1424538433216083e-09
4741,,1.142335941998158e-09
4742,,1.142253319614568e-09
4743,,1.1421814447077757e-09
4744,,1.1416569622270395e-09
4745,,1.1415328678728472e-09
4746,,1.141448427653226e-09
4747,,1.1413760668882654e-09
4748,,1.140862370707448e-09
4749,,1.1407313034388368e-09
4750,,1.1406448077443103e-09
4751,,1.1405718887445759e-09
4752,,1.1400702074052993e-09
4753,,1.139931289381256e-09
4754,,1.139842470919696e-09
4755,,1.1397689121731474e-09
4756,,1.139280625381772e-09
4757,,1.139132871516562e-09
4758,,1.1390414299947623e-09
4759,,1.1389671401826278e-09
4760,,1.1384938007360177e-09
4761,,1.1383361017253708e-09
4762,,1.138241699668852e-09
4763,,1.138166575678462e-09
4764,,1.1377099269910243e-09
4765,,1.13754103854438e-09
4766,,1.1374432965082746e-09
4767,,1.1373672227959178e-09
4768,,1.1369292272262918e-09
4769,,1.1367477476353468e-09
4770,,1.1366462392628022e-09
4771,,0.5802992195541564
4772,,69416.43348454915
4773,,0.556031295905541
4774,,643.9676844721628
4775,,0.5305850515372116
4776,,3.9067432518196124
4777,,0.4849089455695291
4778,,0.23443262444725269
4779,,0.2169922410266763
4780,,0.11629620930502318
4781,,1.1673477168764905
4782,,0.11056386706104494
4783,,0.09045425884474863
4784,,0.09846441626437541
4785,,0.08463531972902633
4786,,0.07468399081587768
4787,,0.06779937160727847
4788,,0.2382254293218471
4789,,0.06498105541683141
4790,,0.05957503226598652
4791,,0.057459994865784465
4792,,0.05099515538041026
4793,,0.20162982082171402
4794,,0.049028684134414274
4795,,0.045116929007500715
4796,,0.0475573771719404
4797,,0.04320842255846602
4798,,0.039117680953267446
4799,,0.027677372650933826
4800,,0.015682664269950304
4801,,0.01682607389019738
4802,,0.0142109149218701
4803,,0.0113478937556434
4804,,0.007212482541879223
4805,,0.004609807418340175
4806,,0.0038746827006490158
4807,,0.003519989032735245
4808,,0.0034310579584596805
4809,,0.003291463760648732
4810,,0.003041296716488956
4811,,0.0026610393742078743
4812,,0.0021029937172518855
4813,,0.0013562331361093919
4814,,0.002595994647037889
4815,,0.0012420942613017318
4816,,0.0010170681533843802
4817,,0.0009223471089540466
4818,,0.0008587136242136722
4819,,0.0007939692072113141
4820,,0.0007019625625817291
4821,,0.0006030080279791294
4822,,0.0005305451138019155
4823,,0.0004928246040960826
4824,,0.000472448182309103
4825,,0.00044661818783785565
4826,,0.00040784540216728054
4827,,0.0003588586463090829
4828,,0.000311479500522873
4829,,0.000284691587979988
4830,,0.00027510182337098547
4831,,0.0002669730292847058
4832,,0.0002557197052661394
4833,,0.00023814982868740643
4834,,0.00021678691199883833
4835,,0.00020431816148051393
4836,,0.0001991173383669779
4837,,0.0001951454769781734
4838,,0.00018946430359001562
4839,,0.00016984517982116795
4840,,0.0001372319488618795
4841,,0.0001210472129722459
4842,,0.0001168718824465816
4843,,0.00011371777969709042
4844,,0.00011124721999807847
4845,,0.00010590575246221604
4846,,9.822211216938356e-05
4847,,8.460082894006055e-05
4848,,6.847231350415843e-05
4849,,5.1564061763829555e-05
4850,,3.6700713559465175e-05
4851,,2.588703613585187e-05
4852,,1.1968956517086755e-05
4853,,6.205979102872915e-06
4854,,4.594105950796674e-06
4855,,4.231482312319465e-06
4856,,4.129962255568287e-06
4857,,4.042144897592047e-06
4858,,3.960969119030174e-06
4859,,3.885879408222722e-06
4860,,3.771347327041446e-06
4861,,3.6575941879944977e-06
4862,,3.5448614207658943e-06
4863,,3.376642675689555e-06
4864,,3.2393527485094035e-06
4865,,3.1506071857106417e-06
4866,,3.029005333164127e-06
4867,,2.9072696970310863e-06
4868,,2.756235964744041e-06
4869,,2.5793043541911134e-06
4870,,2.3969871772026794e-06
4871,,2.0263084273782385e-06
4872,,1.7299532147163009e-06
4873,,1.5440699943515728e-06
4874,,1.4786531435378893e-06
4875,,1.465510307744619e-06
4876,,1.456879725366842e-06
4877,,1.4383948767757843e-06
4878,,1.415113647421175e-06
4879,,1.3617668889759871e-06
4880,,1.2814822986945942e-06
4881,,1.2174591968123217e-06
4882,,1.1804088325877179e-06
4883,,1.154512364219644e-06
4884,,1.150746373416125e-06
4885,,1.1476511916923329e-06
4886,,1.1395254010789282e-06
4887,,1.1185894252474984e-06
4888,,1.0755618023042579e-06
4889,,9.97158164046355e-07
4890,,8.89998865403626e-07
4891,,7.917866130379775e-07
4892,,7.329340253341953e-07
4893,,7.191238090436122e-07
4894,,7.172215564935949e-07
4895,,7.168880833456644e-07
4896,,7.160839962265602e-07
4897,,7.114986727114118e-07
4898,,7.049184368622461e-07
4899,,6.905739724468085e-07
4900,,6.623167169297756e-07
4901,,6.110552598704925e-07
4902,,5.293115852297344e-07
4903,,5.461198004851583e-07
4904,,4.84743897249197e-07
4905,,4.1223236976015e-07
4906,,3.5910542114142407e-07
4907,,3.503982296826415e-07
4908,,3.492760539813219e-07
4909,,3.491694304370606e-07
4910,,3.4913989113117887e-07
4911,,3.491201610830513e-07
4912,,3.489856874174083e-07
4913,,3.4894877951280796e-07
4914,,3.489310620848712e-07
4915,,3.4883647785148847e-07
4916,,3.485695134131169e-07
4917,,3.4666682705946753e-07
4918,,3.411681310084455e-07
4919,,3.2387262150756054e-07
4920,,2.987863659918477e-07
4921,,2.6290516417263553e-07
4922,,1.8353479740856233e-07
4923,,1.2270884964765608e-07
4924,,7.816475739289277e-08
4925,,7.057881521395924e-08
4926,,6.975409477652713e-08
4927,,6.968325743836995e-08
4928,,6.967135334280436e-08
4929,,6.966263138307926e-08
4930,,6.959680386316626e-08
4931,,6.957912142810199e-08
4932,,6.95698152075566e-08
4933,,6.952469019378713e-08
4934,,6.948879369245151e-08
4935,,6.947739344961555e-08
4936,,6.94685727036613e-08
4937,,6.940511164219096e-08
4938,,6.938605026436287e-08
4939,,6.937617184093236e-08
4940,,6.936753165566492e-08
4941,,6.929836259413358e-08
4942,,6.928447881503592e-08
4943,,6.927522564123917e-08
4944,,6.922407700427254e-08
4945,,6.919504004856038e-08
4946,,6.918345187261935e-08
4947,,6.917449743364704e-08
4948,,6.911368622344805e-08
4949,,6.909325720042533e-08
4950,,6.908277308256022e-08
4951,,6.907396364366753e-08
4952,,6.900855142419544e-08
4953,,6.899231271301225e-08
4954,,6.898235569227273e-08
4955,,6.897361304819945e-08
4956,,6.890610490140972e-08
4957,,6.889188276886826e-08
4958,,6.888215807025318e-08
4959,,6.883525560245121e-08
4960,,6.880512995799118e-08
4961,,6.879181039312138e-08
4962,,6.878215989557402e-08
4963,,6.873156883429916e-08
4964,,6.870503222874219e-08
4965,,6.869201879147126e-08
4966,,6.868235135473048e-08
4967,,6.863072392349329e-08
4968,,6.860551909736358e-08
4969,,6.859247068020635e-08
4970,,6.858272790768904e-08
4971,,6.853160409534122e-08
4972,,6.850644739804872e-08
4973,,6.849314878180433e-08
4974,,6.848328778836497e-08
4975,,6.843365826957061e-08
4976,,6.840774941244983e-08
4977,,6.839404618606855e-08
4978,,6.838403074856099e-08
4979,,6.833662060511996e-08
4980,,6.830939666990908e-08
4981,,6.829516168187033e-08
4982,,6.828495746241278e-08
4983,,6.82403740498752e-08
4984,,6.820576700353738e-08
4985,,6.790740112955292e-08
4986,,6.62204085532954e-08
4987,,6.393396617339869e-08
4988,,5.037461746308698e-08
4989,,3.294991364947226e-08
4990,,1.4060102214254057e-08
4991,,9.980369307846727e-09
4992,,9.633608652712852e-09
4993,,9.614699618029651e-09
4994,,9.613725663670368e-09
4995,,9.61364991009323e-09
4996,,9.613639916341871e-09
4997,,9.613637846270354e-09
4998,,9.613637096378667e-09
4999,,9.61363660101532e-09
5000,,9.613634356170428e-09
5001,,9.6136326419993e-09
5002,,9.613631943929166e-09
5003,,9.61363145686531e-09
5004,,9.613628973515146e-09
5005,,9.61362745956573e-09
5006,,9.613626794474668e-09
5007,,9.61362631326152e-09
5008,,9.61362461056966e-09
5009,,9.613623992942694e-09
5010,,9.613623522534986e-09
5011,,9.61362177398813e-09
5012,,9.613621194259556e-09
5013,,9.613620732218037e-09
5014,,9.613617650318285e-09
5015,,9.61361661243107e-09
5016,,9.613616048566516e-09
5017,,9.613615589479997e-09
5018,,9.613613789195989e-09
5019,,9.613613252728772e-09
5020,,9.613612799818654e-09
5021,,9.613609499255176e-09
5022,,9.613608635089998e-09
5023,,9.613608108248258e-09
5024,,9.613607657084235e-09
5025,,9.613604309590129e-09
5026,,9.613603483739499e-09
5027,,9.613602964031624e-09
5028,,9.613602514659258e-09
5029,,9.613600671738254e-09
5030,,9.61360017087264e-09
5031,,9.613597982729592e-09
5032,,9.613596531294426e-09
5033,,9.613595869050764e-09
5034,,9.613595386251996e-09
5035,,9.613592770667853e-09
5036,,9.613591447332277e-09
5037,,9.613590812158296e-09
5038,,9.613590335055484e-09
5039,,9.613587670115e-09
5040,,9.613586541998772e-09
5041,,9.613585950132105e-09
5042,,9.613585483312843e-09
5043,,9.613582476543147e-09
5044,,9.613581388794507e-09
5045,,9.613580805620422e-09
5046,,9.61358034063575e-09
5047,,9.613577290237141e-09
5048,,9.613576237226729e-09
5049,,9.613575661492876e-09
5050,,9.61357519813218e-09
5051,,9.61357211000412e-09
5052,,9.613571086579565e-09
5053,,9.613570517263828e-09
5054,,9.613570055648287e-09
5055,,9.613568260013933e-09
5056,,9.613567720656882e-09
5057,,9.613567265812255e-09
5058,,9.613563988089551e-09
5059,,9.613563111978486e-09
5060,,9.613562577279084e-09
5061,,9.613562123397431e-09
5062,,9.613558821416281e-09
5063,,9.613557964124754e-09
5064,,9.613557433919298e-09
5065,,9.613556981392926e-09
5066,,9.61355514845244e-09
5067,,9.613554639824488e-09
5068,,9.613554192393432e-09
5069,,9.613552338645874e-09
5070,,9.613551846990516e-09
5071,,9.613549381150095e-09
5072,,9.613547877163443e-09
5073,,9.613547193544221e-09
5074,,9.613546704284612e-09
5075,,9.613544181034942e-09
5076,,9.613542721840347e-09
5077,,9.613542048372343e-09
5078,,9.613541561547413e-09
5079,,9.613538985023911e-09
5080,,9.613537567460287e-09
5081,,9.613536903624327e-09
5082,,9.613536418978439e-09
5083,,9.61353379350848e-09
5084,,9.613532414086847e-09
5085,,9.613531758838549e-09
5086,,9.613531276380121e-09
5087,,9.613528604540439e-09
5088,,9.613527260967477e-09
5089,,9.613526614521297e-09
5090,,9.613526134075873e-09
5091,,9.613523418128513e-09
5092,,9.613522108669054e-09
5093,,9.613521470030455e-09
5094,,9.613520991744753e-09
5095,,9.613519262658425e-09
5096,,9.613518668746338e-09
5097,,9.613518200815662e-09
5098,,9.61351520922874e-09
5099,,9.613514112752036e-09
5100,,9.61351352514466e-09
5101,,9.613513058846793e-09
5102,,9.61351128084208e-09
5103,,9.613510727349192e-09
5104,,9.613510268695436e-09
5105,,9.61350706775219e-09
5106,,9.613506133325595e-09
5107,,9.613505583842283e-09
5108,,9.613505126520498e-09
5109,,9.613501902199186e-09
5110,,9.613500985751308e-09
5111,,9.613500440686636e-09
5112,,9.613499984515762e-09
5113,,9.613498165784326e-09
5114,,9.613497645662183e-09
5115,,9.613497195416319e-09
5116,,9.613495352955271e-09
5117,,9.613494852453995e-09
5118,,9.613492575865556e-09
5119,,9.613490927466336e-09
5120,,9.61349020767081e-09
5121,,9.613489709758915e-09
5122,,9.613487376710114e-09
5123,,9.613485771872186e-09
5124,,9.613485062615531e-09
5125,,9.61348456717858e-09
5126,,9.613482180265009e-09
5127,,9.613480617279303e-09
5128,,9.613479917982242e-09
5129,,9.613479424906665e-09
5130,,9.613476985808982e-09
5131,,9.613475463166305e-09
5132,,9.613474773348956e-09
5133,,9.613474282214954e-09
5134,,9.613471869673171e-09
5135,,9.613470576228026e-09
5136,,9.613469941183012e-09
5137,,9.61346946325518e-09
5138,,9.6134666880861e-09
5139,,9.613465424965344e-09
5140,,9.613464797098658e-09
5141,,9.613464321165496e-09
5142,,9.613462581740698e-09
5143,,9.613461996565926e-09
5144,,9.613461530522923e-09
5145,,9.61345849471627e-09
5146,,9.613457433018102e-09
5147,,9.613456853154135e-09
5148,,9.613456388730569e-09
5149,,9.613454603318626e-09
5150,,9.613454055921043e-09
5151,,9.613453598797918e-09
5152,,9.613450365247263e-09
5153,,9.61344945623953e-09
5154,,9.613448913076866e-09
5155,,9.613448457371605e-09
5156,,9.613446637039889e-09
5157,,9.61344611806911e-09
5158,,9.61344566798654e-09
5159,,9.613442284602964e-09
5160,,9.613441491243454e-09
5161,,9.613440975826047e-09
5162,,9.613440526431641e-09
5163,,9.613437125973567e-09
5164,,9.613436345684947e-09
5165,,9.613435832981241e-09
5166,,9.613435384632281e-09
5167,,9.613433534894701e-09
5168,,9.61343304021108e-09
5169,,9.613430632640237e-09
5170,,9.613429085873222e-09
5171,,9.613428390511926e-09
5172,,9.613427898327886e-09
5173,,9.613425440151304e-09
5174,,9.613423932425598e-09
5175,,9.613423246211619e-09
5176,,9.613422755828051e-09
5177,,9.613420386380294e-09
5178,,9.61341920528632e-09
5179,,9.613418597030887e-09
5180,,9.613418125644775e-09
5181,,9.61341521033386e-09
5182,,9.613414055740008e-09
5183,,9.613413453654633e-09
5184,,9.613412983984328e-09
5185,,9.613411220047622e-09
5186,,9.61341065486364e-09
5187,,9.613410194042427e-09
5188,,9.613408394478704e-09
5189,,9.613407858721931e-09
5190,,9.613407404747592e-09
5191,,9.613405577367273e-09
5192,,9.6134050644636e-09
5193,,9.61340461601099e-09
5194,,9.613402766711763e-09
5195,,9.613402271654592e-09
5196,,9.613399965329638e-09
5197,,9.61339870235075e-09
5198,,9.613398074567675e-09
5199,,9.613397598422764e-09
5200,,9.613394785818354e-09
5201,,9.613393551881252e-09
5202,,9.613392930958647e-09
5203,,9.61339245644627e-09
5204,,9.613389607666867e-09
5205,,9.613388401778476e-09
5206,,9.613387787485693e-09
5207,,9.613387314601358e-09
5208,,9.613384430715618e-09
5209,,9.613383251741895e-09
5210,,9.613382643927404e-09
5211,,9.613382172851705e-09
5212,,9.6133804144804e-09
5213,,9.613379845400088e-09
5214,,9.613379382806594e-09
5215,,9.613376310691621e-09
5216,,9.613375339077281e-09
5217,,9.613374781317597e-09
5218,,9.6133743218311e-09
5219,,9.613371144615339e-09
5220,,9.613370191956764e-09
5221,,9.61336963845243e-09
5222,,9.61336917992526e-09
5223,,9.613365979440041e-09
5224,,9.613365045041934e-09
5225,,9.613364495939086e-09
5226,,9.613364038645195e-09
5227,,9.613360815009353e-09
5228,,9.613359898371363e-09
5229,,9.61335935328971e-09
5230,,9.613358897042801e-09
5231,,9.613357078769142e-09
5232,,9.61335655867105e-09
5233,,9.613356108086697e-09
5234,,9.613352732628898e-09
5235,,9.613351933291587e-09
5236,,9.613351416380437e-09
5237,,9.613350966709755e-09
5238,,9.613347574357672e-09
5239,,9.61334678807331e-09
5240,,9.613346274199973e-09
5241,,9.61334582533564e-09
5242,,9.613342416628211e-09
5243,,9.613341642830844e-09
5244,,9.613341131998621e-09
5245,,9.613340683991172e-09
5246,,9.613338833085329e-09
5247,,9.613338339779377e-09
5248,,9.61333590459025e-09
5249,,9.613334379516342e-09
5250,,9.613333688851988e-09
5251,,9.61333319784643e-09
5252,,9.61333071337742e-09
5253,,9.613329226132405e-09
5254,,9.613328544669844e-09
5255,,9.61332805587949e-09
5256,,9.613325523866335e-09
5257,,9.613324073650869e-09
5258,,9.613323401227968e-09
5259,,9.613322914446178e-09
5260,,9.613320335879604e-09
5261,,9.613318921276537e-09
5262,,9.61331825722589e-09
5263,,9.613317772587221e-09
5264,,9.613315149904211e-09
5265,,9.613313769544132e-09
5266,,9.613313113806331e-09
5267,,9.613312631040507e-09
5268,,9.613309965292383e-09
5269,,9.613308617965865e-09
5270,,9.613307970142876e-09
5271,,9.613307489299622e-09
5272,,9.613304782399934e-09
5273,,9.61330346715557e-09
5274,,9.613302826567359e-09
5275,,9.613302347914302e-09
5276,,9.613300620720618e-09
5277,,9.613300025942622e-09
5278,,9.613299557629032e-09
5279,,9.613296573667299e-09
5280,,9.613295472128046e-09
5281,,9.613294883140249e-09
5282,,9.613294415998819e-09
5283,,9.613291402055502e-09
5284,,9.613290323935053e-09
5285,,9.613289740181621e-09
5286,,9.613289274794545e-09
5287,,9.613287493607896e-09
5288,,9.613286943209068e-09
5289,,9.613286485485684e-09
5290,,9.613283268603964e-09
5291,,9.61328234708675e-09
5292,,9.613281800885095e-09
5293,,9.613281344072943e-09
5294,,9.613278105039322e-09
5295,,9.613277200646247e-09
5296,,9.613276658494775e-09
5297,,9.6132762029013e-09
5298,,9.61327294248051e-09
5299,,9.6132720548854e-09
5300,,9.613271516393646e-09
5301,,9.613271061707308e-09
5302,,9.613267780638978e-09
5303,,9.613266908909202e-09
5304,,9.613266374438493e-09
5305,,9.613265920811019e-09
5306,,9.61326409244708e-09
5307,,9.613263580715327e-09
5308,,9.61326313220054e-09
5309,,9.613259712543916e-09
5310,,9.61325894774357e-09
5311,,9.6132584388475e-09
5312,,9.61325799137111e-09
5313,,9.613256138360609e-09
5314,,9.613255646744293e-09
5315,,9.613253175982567e-09
5316,,9.613251678589605e-09
5317,,9.613250994801944e-09
5318,,9.613250505249338e-09
5319,,9.61324798623176e-09
5320,,9.613246525988063e-09
5321,,9.613245851325977e-09
5322,,9.613245363759213e-09
5323,,9.613242869495319e-09
5324,,9.613241591744607e-09
5325,,9.613240960499263e-09
5326,,9.613240483432383e-09
5327,,9.613237689951007e-09
5328,,9.61323644163215e-09
5329,,9.613235817607139e-09
5330,,9.613235342320051e-09
5331,,9.61323251172981e-09
5332,,9.613231292025879e-09
5333,,9.61323067460594e-09
5334,,9.61323020112991e-09
5335,,9.613228452200366e-09
5336,,9.613227875227509e-09
5337,,9.613227411105685e-09
5338,,9.613224333981101e-09
5339,,9.613223304850635e-09
5340,,9.613222732900048e-09
5341,,9.613222270257524e-09
5342,,9.613219165563886e-09
5343,,9.613218157662716e-09
5344,,9.613217590563601e-09
5345,,9.613217129269647e-09
5346,,9.61321533202751e-09
5347,,9.613214794703464e-09
5348,,9.61321434051936e-09
5349,,9.61321251486982e-09
5350,,9.613212000898452e-09
5351,,9.61321155203268e-09
5352,,9.613208144757277e-09
5353,,9.613207370320678e-09
5354,,9.613206859401115e-09
5355,,9.613206410950733e-09
5356,,9.613202988380746e-09
5357,,9.613202226147602e-09
5358,,9.6132017177926e-09
5359,,9.613201270377497e-09
5360,,9.61319941695614e-09
5361,,9.613198925977574e-09
5362,,9.613196444617268e-09
5363,,9.613194955382838e-09
5364,,9.61319427338081e-09
5365,,9.613193784733965e-09
5366,,9.61319209769591e-09
5367,,9.613191469882309e-09
5368,,9.613190993897905e-09
5369,,9.613188181668153e-09
5370,,9.613186947788992e-09
5371,,9.61318632727679e-09
5372,,9.613185853004874e-09
5373,,9.61318300433181e-09
5374,,9.613181798519777e-09
5375,,9.613181184732242e-09
5376,,9.613180712019635e-09
5377,,9.61317782824111e-09
5378,,9.613176649993443e-09
5379,,9.613176042331138e-09
5380,,9.61317557089989e-09
5381,,9.613172653592784e-09
5382,,9.613171501062168e-09
5383,,9.613170899513292e-09
5384,,9.613170430047138e-09
5385,,9.613168666169022e-09
5386,,9.613168101681632e-09
5387,,9.613167640771824e-09
5388,,9.613164497123684e-09
5389,,9.613163519542313e-09
5390,,9.61316295972993e-09
5391,,9.613162499932329e-09
5392,,9.613159331752404e-09
5393,,9.613158372771164e-09
5394,,9.613157817809078e-09
5395,,9.613157359105271e-09
5396,,9.613154167173547e-09
5397,,9.61315322681624e-09
5398,,9.613152676093846e-09
5399,,9.61315221848523e-09
5400,,9.613149003353631e-09
5401,,9.61314808085507e-09
5402,,9.613147534300292e-09
5403,,9.613147077697247e-09
5404,,9.61314384049043e-09
5405,,9.613142935225116e-09
5406,,9.613142392710218e-09
5407,,9.613141937151183e-09
5408,,9.613138678234715e-09
5409,,9.613137789399512e-09
5410,,9.613137251278042e-09
5411,,9.613136796473233e-09
5412,,9.613133516792517e-09
5413,,9.613132644199743e-09
5414,,9.613132109495961e-09
5415,,9.61313165585982e-09
5416,,9.613129828078424e-09
5417,,9.613129316076639e-09
5418,,9.613128867778052e-09
5419,,9.613125449285193e-09
5420,,9.613124683710752e-09
5421,,9.613124174964885e-09
5422,,9.613123727390646e-09
5423,,9.61312187472535e-09
5424,,9.613121383020292e-09
5425,,9.613118915780453e-09
5426,,9.613117415880411e-09
5427,,9.61311673146245e-09
5428,,9.613116242163338e-09
5429,,9.613114557619039e-09
5430,,9.613113928064646e-09
5431,,9.613113451712352e-09
5432,,9.61311064967258e-09
5433,,9.613109408151226e-09
5434,,9.613108785625463e-09
5435,,9.613108311011612e-09
5436,,9.613106567343128e-09
5437,,9.613105986168025e-09
5438,,9.613105521568751e-09
5439,,9.61310373800546e-09
5440,,9.613103189758824e-09
5441,,9.613102732733227e-09
5442,,9.613099506100204e-09
5443,,9.61309859224848e-09
5444,,9.613098048045447e-09
5445,,9.613097592023912e-09
5446,,9.613094343709848e-09
5447,,9.613093446939633e-09
5448,,9.613092906636071e-09
5449,,9.613092451664569e-09
5450,,9.613090629240767e-09
5451,,9.613090112853017e-09
5452,,9.613089663310482e-09
5453,,9.613086268605651e-09
5454,,9.613085485052756e-09
5455,,9.61308497181073e-09
5456,,9.613084522937707e-09
5457,,9.613081112599406e-09
5458,,9.613080340986118e-09
5459,,9.613079830712287e-09
5460,,9.613079382675351e-09
5461,,9.61307595683726e-09
5462,,9.613075197416418e-09
5463,,9.613074689880205e-09
5464,,9.613074242679329e-09
5465,,9.613072388676175e-09
5466,,9.613071898223135e-09
5467,,9.613069406487702e-09
5468,,9.61306792558855e-09
5469,,9.613067245640562e-09
5470,,9.613066757059912e-09
5471,,9.613064218512928e-09
5472,,9.613062775304074e-09
5473,,9.61306210486137e-09
5474,,9.613061618535785e-09
5475,,9.613059032044309e-09
5476,,9.61305762444173e-09
5477,,9.613056962002347e-09
5478,,9.613056478016556e-09
5479,,9.613054772395086e-09
5480,,9.613054159954692e-09
5481,,9.613053687953218e-09
5482,,9.613051934355946e-09
5483,,9.613051361437283e-09
5484,,9.613050898425787e-09
5485,,9.613047800708733e-09
5486,,9.613046787995007e-09
5487,,9.613046219889706e-09
5488,,9.613045758258161e-09
5489,,9.613043962295778e-09
5490,,9.613043424431882e-09
5491,,9.613042969523288e-09
5492,,9.61303968949954e-09
5493,,9.613038817583878e-09
5494,,9.613038283077607e-09
5495,,9.613037829301821e-09
5496,,9.613034529116143e-09
5497,,9.613033672533624e-09
5498,,9.613033142046359e-09
5499,,9.61303268908619e-09
5500,,9.61302936972484e-09
5501,,9.613028528275089e-09
5502,,9.613028000969178e-09
5503,,9.61302754899042e-09
5504,,9.61302421101175e-09
5505,,9.61302338359532e-09
5506,,9.613022860027452e-09
5507,,9.613022409095897e-09
5508,,9.613020570811158e-09
5509,,9.613020067696575e-09
5510,,9.613017854517542e-09
5511,,9.613016158591056e-09
5512,,9.613015427696832e-09
5513,,9.613014926895218e-09
5514,,9.613012691096177e-09
5515,,9.613011252502467e-09
5516,,9.61301058270968e-09
5517,,9.61301009690717e-09
5518,,9.613008398548486e-09
5519,,9.613007780329096e-09
5520,,9.61300730671482e-09
5521,,9.61300444521833e-09
5522,,9.6130032500639e-09
5523,,9.613002638697076e-09
5524,,9.613002166580623e-09
5525,,9.612999270504688e-09
5526,,9.61299810183131e-09
5527,,9.612997496919324e-09
5528,,9.612997026420058e-09
5529,,9.612994096784782e-09
5530,,9.612992953949758e-09
5531,,9.612992355200064e-09
5532,,9.612991885979258e-09
5533,,9.612988924537434e-09
5534,,9.612987806599802e-09
5535,,9.612987213593682e-09
5536,,9.612986746040339e-09
5537,,9.612984974197428e-09
5538,,9.612984416219369e-09
5539,,9.612983957087805e-09
5540,,9.61298215175474e-09
5541,,9.612981621436719e-09
5542,,9.612981168875738e-09
5543,,9.612979336883325e-09
5544,,9.612978828673344e-09
5545,,9.612978381100911e-09
5546,,9.61297494564937e-09
5547,,9.612974193676202e-09
5548,,9.612973687830702e-09
5549,,9.612971596679349e-09
5550,,9.612970329651029e-09
5551,,9.612969701211848e-09
5552,,9.612969224900484e-09
5553,,9.612966418615939e-09
5554,,9.612965180976891e-09
5555,,9.612964559355022e-09
5556,,9.612964084602979e-09
5557,,9.612961242323547e-09
5558,,9.612960032752587e-09
5559,,9.612959417549664e-09
5560,,9.612958944638049e-09
5561,,9.612956066796896e-09
5562,,9.612954884442531e-09
5563,,9.612954275959518e-09
5564,,9.61295380482862e-09
5565,,9.612952047699844e-09
5566,,9.612951477660753e-09
5567,,9.612951015868256e-09
5568,,9.612949222042332e-09
5569,,9.612948682285874e-09
5570,,9.612948227429005e-09
5571,,9.612946404392217e-09
5572,,9.612945888620396e-09
5573,,9.612945439576502e-09
5574,,9.612943593889996e-09
5575,,9.612943096788139e-09
5576,,9.612940751212183e-09
5577,,9.612939157917585e-09
5578,,9.612938451506226e-09
5579,,9.612937956540534e-09
5580,,9.61293559846472e-09
5581,,9.612934192360398e-09
5582,,9.612933530658609e-09
5583,,9.61293304666156e-09
5584,,9.612930414091489e-09
5585,,9.612929042513916e-09
5586,,9.612928388655696e-09
5587,,9.612927906635782e-09
5588,,9.612926193086396e-09
5589,,9.612925587428818e-09
5590,,9.612925116858231e-09
5591,,9.612922190047063e-09
5592,,9.612921045473473e-09
5593,,9.612920446359401e-09
5594,,4.023658321813689
5595,,70197.65267713791
5596,,3.9545218212766695
5597,,600.8432000629341
5598,,3.874117707656672
5599,,0.8351862931735934
5600,,0.40103101519191575
5601,,0.15639738480516002
5602,,0.7547223283834391
5603,,0.15489934960667934
5604,,0.1934482821632849
5605,,0.14636128049549796
5606,,0.13680800593904674
5607,,0.12130542194898096
5608,,0.268938969151671
5609,,0.11687691827425034
5610,,0.10780288081574219
5611,,0.16687121137846822
5612,,0.10484358531448507
5613,,0.10150684766636234
5614,,0.11296725504258129
5615,,0.09815833583128025
5616,,0.08992250073831481
5617,,0.08544574667915886
5618,,0.08498033946581166
5619,,0.08492660932319662
5620,,0.08492033230781651
5621,,0.08491959798215243
5622,,0.08491951206212112
5623,,0.08491950200882746
5624,,0.0849195008325131
5625,,0.08491950069487507
5626,,0.08491950067877127
5627,,0.08491950067688483
5628,,0.08491950067666565
5629,,0.08491950067663956
5630,,0.0849195006766367
5631,,0.0849195006766365
5632,,0.08491950067663591
5633,,0.08491950067663591
5634,,0.08047844020997426
5635,,0.07993374475371218
5636,,0.07986078138721556
5637,,0.07985089352503791
5638,,0.0798495514327224
5639,,0.07984936922995407
5640,,0.0798493444933466
5641,,0.07984934113498915
5642,,0.0798493406790427
5643,,0.07984934061713993
5644,,0.07984934060873655
5645,,0.079849340607595
5646,,0.07984934060743876
5647,,0.07984934060741997
5648,,0.079849340607417
5649,,0.07984934060741664
5650,,0.07984934060741657
5651,,0.0608123798390584
5652,,0.05713637655646451
5653,,0.05490178321605339
5654,,0.051521021609998975
5655,,0.04025039840458125
5656,,0.03503684213077442
5657,,0.0341516874829175
5658,,0.031365715545369925
5659,,0.030978824259623887
5660,,0.5068782668112379
5661,,0.03008672710362777
5662,,0.02850577139976258
5663,,0.027478229130471186
5664,,0.019704917380178887
5665,,0.015265486991548354
5666,,0.01171401734111936
5667,,0.019856406490504803
5668,,0.009608734576521213
5669,,0.00937702076900435
5670,,0.006968691358444939
5671,,0.014899340062865517
5672,,0.005996353876767904
5673,,0.0053865568338108665
5674,,0.0047114133332815
5675,,0.004271688130018447
5676,,0.0038471428579745417
5677,,0.003384039883175352
5678,,0.002548299509453923
5679,,0.001730606274697139
5680,,0.0010760699076227918
5681,,0.0008274719504200594
5682,,0.0007234605660035513
5683,,0.0006540362807905919
5684,,0.0005523007422443732
5685,,0.00045712456279726414
5686,,0.0003488456555697035
5687,,0.0002639841155019771
5688,,0.0002084938229148416
5689,,0.0001756467555681719
5690,,0.00014966628708089618
5691,,0.00013322287531214097
5692,,0.0001230669763117951
5693,,0.00011430270386570235
5694,,0.00010275826763967345
5695,,9.45095564956625e-05
5696,,9.208986768455256e-05
5697,,9.151723146492214e-05
5698,,9.120540042066069e-05
5699,,9.05637660263332e-05
5700,,8.903630054858943e-05
5701,,8.627970738766573e-05
5702,,8.162291065209397e-05
5703,,7.305478605224297e-05
5704,,5.7471095866574295e-05
5705,,4.3766913136281426e-05
5706,,3.224050713284142e-05
5707,,2.875743877480067e-05
5708,,2.7828748441858e-05
5709,,2.7482527318827725e-05
5710,,2.7021441734322387e-05
5711,,2.650457923476989e-05
5712,,2.5785750223354453e-05
5713,,2.49530972466779e-05
5714,,2.3820802483012613e-05
5715,,2.3048777076357542e-05
5716,,2.1992094028434736e-05
5717,,2.1538192432530285e-05
5718,,2.1312453416752683e-05
5719,,2.1107437045247285e-05
5720,,2.0737715041482694e-05
5721,,1.99328228810363e-05
5722,,1.8444731734717664e-05
5723,,1.690065586523223e-05
5724,,1.537230774531673e-05
5725,,1.3822083862665963e-05
5726,,1.2350553890344167e-05
5727,,1.0825221281852488e-05
5728,,9.551286024365068e-06
5729,,8.581559633525583e-06
5730,,7.894698435553952e-06
5731,,7.591898612437946e-06
5732,,7.45173069094808e-06
5733,,7.406057969083189e-06
5734,,7.3759319750139655e-06
5735,,7.317595237775294e-06
5736,,7.218360602568354e-06
5737,,7.009769420044362e-06
5738,,6.74330804064183e-06
5739,,6.523746342411904e-06
5740,,6.395525502097231e-06
5741,,6.311515858730198e-06
5742,,6.168266534445272e-06
5743,,5.87999197009059e-06
5744,,5.312064678018624e-06
5745,,4.3309696565902115e-06
5746,,3.2402555598665223e-06
5747,,2.5776490670154845e-06
5748,,2.350970776741334e-06
5749,,2.296101725642065e-06
5750,,2.2761874885949892e-06
5751,,2.2530009712199953e-06
5752,,2.194919817651993e-06
5753,,2.0962162870639788e-06
5754,,1.9135667076851436e-06
5755,,1.6762918516717508e-06
5756,,1.4714346523392356e-06
5757,,1.3609382022336863e-06
5758,,1.3372233893710217e-06
5759,,1.3341231294729766e-06
5760,,1.3336030283018853e-06
5761,,1.3330307081888883e-06
5762,,1.3312291937418223e-06
5763,,1.3268986115534082e-06
5764,,1.3166195942290326e-06
5765,,1.2935964183824651e-06
5766,,1.2430769705103023e-06
5767,,1.1418799634066642e-06
5768,,9.707623557452357e-07
5769,,8.9420196573607e-07
5770,,7.077433627932286e-07
5771,,5.846646556897156e-07
5772,,5.497712223463317e-07
5773,,5.41085695305131e-07
5774,,5.385013738288759e-07
5775,,5.382112220621804e-07
5776,,5.381686726153318e-07
5777,,5.381525440034751e-07
5778,,5.381396593710301e-07
5779,,5.380618709884652e-07
5780,,5.380428916261323e-07
5781,,5.380304343357825e-07
5782,,5.380197252155397e-07
5783,,5.379450174402751e-07
5784,,5.379276605678842e-07
5785,,5.379155598358013e-07
5786,,5.379051500055397e-07
5787,,5.378319177735465e-07
5788,,5.378139249756392e-07
5789,,5.378016512036541e-07
5790,,5.377912377746273e-07
5791,,5.37719742793701e-07
5792,,5.37700643289236e-07
5793,,5.376880273216574e-07
5794,,5.376775199398489e-07
5795,,5.376080453101507e-07
5796,,5.375875820150486e-07
5797,,5.375745301453534e-07
5798,,5.37563888095732e-07
5799,,5.374967486919737e-07
5800,,5.374746875498159e-07
5801,,5.374611203242837e-07
5802,,5.374503145300806e-07
5803,,5.373858629646384e-07
5804,,5.373619541597209e-07
5805,,5.373477893947283e-07
5806,,5.37336792054118e-07
5807,,5.372754284340185e-07
5808,,5.372493919757613e-07
5809,,5.372345384481995e-07
5810,,5.372233195486009e-07
5811,,5.371655012674953e-07
5812,,5.37137018201338e-07
5813,,5.371213722901481e-07
5814,,5.371098980460983e-07
5815,,5.370561496373702e-07
5816,,5.370085289070871e-07
5817,,5.366078473499469e-07
5818,,5.365383650705175e-07
5819,,5.364903430399583e-07
5820,,5.361128899607008e-07
5821,,5.341125934304534e-07
5822,,5.284819785643655e-07
5823,,5.166324798074742e-07
5824,,4.914319506118574e-07
5825,,4.424502364034186e-07
5826,,3.6178179562919074e-07
5827,,2.629911706011881e-07
5828,,2.587602296781246e-07
5829,,2.33039626954025e-07
5830,,1.821957917153691e-07
5831,,1.6298543756477973e-07
5832,,1.6060121692624375e-07
5833,,1.603652488017826e-07
5834,,1.6032734281912994e-07
5835,,1.603092733684272e-07
5836,,1.6021986768380222e-07
5837,,1.600977699271336e-07
5838,,1.5999280868012104e-07
5839,,1.5924452585413176e-07
5840,,1.5786569459375138e-07
5841,,1.5498894728923333e-07
5842,,1.4851823741229225e-07
5843,,1.3553924872243105e-07
5844,,1.1365123581592894e-07
5845,,8.800490687131427e-08
5846,,8.012455588047136e-08
5847,,7.075680405878666e-08
5848,,6.690031784280711e-08
5849,,6.650488658555252e-08
5850,,6.646920283915013e-08
5851,,6.646646343148126e-08
5852,,6.646581971710051e-08
5853,,6.646538236921228e-08
5854,,6.646275151969507e-08
5855,,6.646148554224434e-08
5856,,6.646095367934583e-08
5857,,6.64605289349387e-08
5858,,6.645748350855085e-08
5859,,6.645657998555946e-08
5860,,6.645609471592734e-08
5861,,6.645567678256205e-08
5862,,6.645242342887307e-08
5863,,6.645169804527209e-08
5864,,6.645123939720217e-08
5865,,6.644912773045765e-08
5866,,6.64474495066507e-08
5867,,6.644682898651509e-08
5868,,6.644638639836298e-08
5869,,6.644378866912143e-08
5870,,6.644252482118763e-08
5871,,6.644196778671145e-08
5872,,6.64415349770502e-08
5873,,6.64386423957371e-08
5874,,6.643762991735364e-08
5875,,6.643711151783593e-08
5876,,6.643668468432025e-08
5877,,6.643361272418708e-08
5878,,6.643275323656973e-08
5879,,6.643225841630299e-08
5880,,6.64318352533035e-08
5881,,6.642865393886337e-08
5882,,6.642788779069421e-08
5883,,6.642740741019194e-08
5884,,6.64269865176537e-08
5885,,6.642373835707734e-08
5886,,6.642302934028515e-08
5887,,6.642255785203193e-08
5888,,6.642047153682423e-08
5889,,6.641884918775273e-08
5890,,6.641817531319692e-08
5891,,6.641770934599141e-08
5892,,6.641545936296716e-08
5893,,6.641397623567063e-08
5894,,6.641332414921773e-08
5895,,6.641286165529554e-08
5896,,6.641051015423636e-08
5897,,6.640911331403414e-08
5898,,6.640847489742713e-08
5899,,6.64080146326124e-08
5900,,6.64055993832521e-08
5901,,6.640425666344846e-08
5902,,6.640362698257685e-08
5903,,6.640316818992503e-08
5904,,6.640071215727703e-08
5905,,6.639940400125497e-08
5906,,6.639878005589752e-08
5907,,6.6398322273584e-08
5908,,6.639583942638527e-08
5909,,6.639455393976341e-08
5910,,6.63939339033401e-08
5911,,6.639347685135938e-08
5912,,6.639097569243635e-08
5913,,6.638970563673758e-08
5914,,6.638908839556951e-08
5915,,6.638863190297129e-08
5916,,6.638611761439022e-08
5917,,6.638485857861025e-08
5918,,6.638424345512149e-08
5919,,6.638378741557374e-08
5920,,6.638126316074232e-08
5921,,6.638001245379521e-08
5922,,6.637939903257378e-08
5923,,6.637894338406147e-08
5924,,6.637641109675694e-08
5925,,6.637516707307353e-08
5926,,6.637455509971841e-08
5927,,6.637409980059759e-08
5928,,6.637156067254202e-08
5929,,6.637032232121428e-08
5930,,6.636971163877664e-08
5931,,6.636925666562076e-08
5932,,6.636671142971568e-08
5933,,6.636547812838943e-08
5934,,6.636486863831986e-08
5935,,6.636441397560571e-08
5936,,6.636186309047547e-08
5937,,6.636063445157779e-08
5938,,6.636002609246289e-08
5939,,6.635957173021489e-08
5940,,6.635701548467869e-08
5941,,6.635579126433753e-08
5942,,6.635518399716793e-08
5943,,6.635472992880161e-08
5944,,6.635216851078118e-08
5945,,6.63509485512531e-08
5946,,6.635034234933667e-08
5947,,6.634988856961757e-08
5948,,6.634732210417102e-08
5949,,6.634610630124747e-08
5950,,6.634550114804858e-08
5951,,6.634504765480045e-08
5952,,6.634247622675582e-08
5953,,6.63412645110624e-08
5954,,6.634066039180716e-08
5955,,6.634020718196235e-08
5956,,6.633763085475715e-08
5957,,6.633642317435466e-08
5958,,6.633582008094111e-08
5959,,6.633536715216656e-08
5960,,6.633278597462855e-08
5961,,6.63315822894367e-08
5962,,6.633098021355231e-08
5963,,6.633052756504704e-08
5964,,6.632794157660458e-08
5965,,6.632674185568067e-08
5966,,6.632614079024917e-08
5967,,6.63256884200902e-08
5968,,6.63230976537739e-08
5969,,6.63219018720487e-08
5970,,6.632130181115844e-08
5971,,6.632084971801122e-08
5972,,6.631825420499768e-08
5973,,6.631706233740194e-08
5974,,6.631646327519647e-08
5975,,6.631601145825258e-08
5976,,6.631341122672378e-08
5977,,6.631222325137682e-08
5978,,6.631162518362215e-08
5979,,6.631117364115866e-08
5980,,6.630856871750362e-08
5981,,6.630738461443095e-08
5982,,6.630678753511863e-08
5983,,6.630633626602711e-08
5984,,6.630372667671746e-08
5985,,6.630254642509055e-08
5986,,6.630195033046565e-08
5987,,6.630149933324029e-08
5988,,6.629888510374467e-08
5989,,6.6297708684605e-08
5990,,6.6297113569241e-08
5991,,6.629666284283126e-08
5992,,6.629404399804783e-08
5993,,6.629287139139274e-08
5994,,6.629227725126554e-08
5995,,6.629182679438804e-08
5996,,6.628920335928618e-08
5997,,6.628803454612365e-08
5998,,6.628744137641669e-08
5999,,6.628699118820435e-08
6000,,6.62843631856669e-08
6001,,6.628319814917517e-08
6002,,6.628260594470436e-08
6003,,6.628215602469503e-08
6004,,6.627952347898689e-08
6005,,6.627836220093544e-08
6006,,6.627777095610013e-08
6007,,6.627732130238594e-08
6008,,6.627468423922056e-08
6009,,6.627352669960348e-08
6010,,6.627293641129704e-08
6011,,6.627248702207771e-08
6012,,6.626984546412309e-08
6013,,6.62686916451792e-08
6014,,6.626810230980443e-08
6015,,6.62676531843851e-08
6016,,6.626500715508906e-08
6017,,6.626385703904901e-08
6018,,6.626326865074784e-08
6019,,6.626281978885492e-08
6020,,6.626016931104437e-08
6021,,6.625902288017594e-08
6022,,6.625843543422924e-08
6023,,6.625798683465221e-08
6024,,6.625533193241702e-08
6025,,6.625418916847415e-08
6026,,6.625360266136142e-08
6027,,6.625315432199475e-08
6028,,6.62504950193238e-08
6029,,6.624935590481301e-08
6030,,6.624877033143514e-08
6031,,6.624832225189396e-08
6032,,6.624565857039199e-08
6033,,6.624452308754719e-08
6034,,6.624393844395671e-08
6035,,6.624349062337757e-08
6036,,6.624082258677965e-08
6037,,6.623969071803069e-08
6038,,6.623910700033317e-08
6039,,6.623865943660186e-08
6040,,6.623598706730886e-08
6041,,6.623485879531579e-08
6042,,6.623427599820308e-08
6043,,6.623382869183776e-08
6044,,6.623115201271733e-08
6045,,6.623002731970106e-08
6046,,6.622944543987133e-08
6047,,6.622899838760667e-08
6048,,6.62263174221623e-08
6049,,6.622519629136435e-08
6050,,6.622461532373925e-08
6051,,6.62241685259539e-08
6052,,6.622148329560257e-08
6053,,6.622036570962348e-08
6054,,6.621978564993932e-08
6055,,6.62193391050591e-08
6056,,6.621664963315467e-08
6057,,6.621553557508321e-08
6058,,6.62149564194563e-08
6059,,6.621451012690406e-08
6060,,6.621181643491897e-08
6061,,6.621070588643113e-08
6062,,6.621012763038329e-08
6063,,6.620968158904119e-08
6064,,6.620698370008639e-08
6065,,6.62058766448836e-08
6066,,6.62052992843886e-08
6067,,6.620485349312092e-08
6068,,6.620215142855168e-08
6069,,6.620104785093573e-08
6070,,6.620047138132104e-08
6071,,6.620002583857456e-08
6072,,6.619731962024845e-08
6073,,6.619621950274635e-08
6074,,6.619564392020208e-08
6075,,6.61951986247587e-08
6076,,6.619248827531322e-08
6077,,6.619139160059004e-08
6078,,6.61908169007177e-08
6079,,6.619037185343065e-08
6080,,6.618765739396207e-08
6081,,6.618656414557278e-08
6082,,6.618599032435603e-08
6083,,6.61855455229246e-08
6084,,6.618282697465259e-08
6085,,6.61817371366525e-08
6086,,6.618116418983177e-08
6087,,6.6180719633963e-08
6088,,6.61779970188126e-08
6089,,6.617691057450144e-08
6090,,6.617633849812796e-08
6091,,6.617589418499015e-08
6092,,6.617316752513577e-08
6093,,6.617208445809181e-08
6094,,6.617151324813978e-08
6095,,6.617106917850702e-08
6096,,6.616833849456804e-08
6097,,6.616725878806931e-08
6098,,6.616668844046914e-08
6099,,6.61662446120636e-08
6100,,6.616350992515661e-08
6101,,6.616243356365473e-08
6102,,6.616186407497015e-08
6103,,6.61614204872845e-08
6104,,6.615868181834992e-08
6105,,6.615760878593311e-08
6106,,6.615704015083365e-08
6107,,6.615659680351974e-08
6108,,6.615385417468511e-08
6109,,6.615278445366422e-08
6110,,6.61522166693316e-08
6111,,6.615177356046759e-08
6112,,6.614902699150603e-08
6113,,6.614796056706527e-08
6114,,6.614739362917644e-08
6115,,6.614695075874843e-08
6116,,6.614420027070191e-08
6117,,6.614313712629152e-08
6118,,6.614257103163983e-08
6119,,6.614212839717666e-08
6120,,6.613937401121384e-08
6121,,6.613831413203209e-08
6122,,6.613774887551874e-08
6123,,6.613730647693216e-08
6124,,6.613454821335442e-08
6125,,6.613349158297876e-08
6126,,6.613292716095122e-08
6127,,6.613248499753763e-08
6128,,6.612972287669095e-08
6129,,6.612866947982529e-08
6130,,6.61281058877257e-08
6131,,6.612766395836478e-08
6132,,6.612489800129242e-08
6133,,6.612384782144251e-08
6134,,6.61232850575754e-08
6135,,6.612284336068507e-08
6136,,6.612007358677658e-08
6137,,6.611902660972383e-08
6138,,6.611846466792079e-08
6139,,6.611802320322442e-08
6140,,6.611524963372454e-08
6141,,6.611420584311736e-08
6142,,6.61136447199548e-08
6143,,6.611320348662923e-08
6144,,6.611042614094566e-08
6145,,6.610938552087086e-08
6146,,6.610882521454052e-08
6147,,6.610838421099284e-08
6148,,6.610560310811003e-08
6149,,6.610456564539045e-08
6150,,6.610400614917051e-08
6151,,6.610356537457359e-08
6152,,6.610078053640672e-08
6153,,6.609974621438079e-08
6154,,6.609918752583742e-08
6155,,6.609874698019381e-08
6156,,6.609595842584062e-08
6157,,6.609492722865632e-08
6158,,6.609436934447979e-08
6159,,6.60939290254885e-08
6160,,6.609113677379768e-08
6161,,6.609010868793888e-08
6162,,6.608955160360364e-08
6163,,6.608911151117382e-08
6164,,6.608631558297944e-08
6165,,6.608529059199729e-08
6166,,6.608473430429685e-08
6167,,6.608429443746988e-08
6168,,6.608149485204094e-08
6169,,6.608047294145196e-08
6170,,6.607991744637118e-08
6171,,6.607947780325903e-08
6172,,6.60766745805937e-08
6173,,6.607565573549256e-08
6174,,6.60751010291963e-08
6175,,6.607466161036656e-08
6176,,6.607185476836495e-08
6177,,6.607083897465052e-08
6178,,6.607028505422092e-08
6179,,6.606984585804573e-08
6180,,6.606703541634776e-08
6181,,6.60660226587842e-08
6182,,6.606546951977365e-08
6183,,6.606503054555989e-08
6184,,6.606221652333436e-08
6185,,6.606120678751082e-08
6186,,6.606065442606518e-08
6187,,6.606021567261068e-08
6188,,6.605739808930284e-08
6189,,6.605639135983856e-08
6190,,6.605583977403924e-08
6191,,6.60554012398343e-08
6192,,6.605258011516783e-08
6193,,6.605157637859814e-08
6194,,6.605102556286767e-08
6195,,6.605058724815814e-08
6196,,6.604776259945359e-08
6197,,6.604676184051536e-08
6198,,6.604621179220374e-08
6199,,6.604577369506709e-08
6200,,6.604294554186583e-08
6201,,6.604194774806571e-08
6202,,6.604139846261038e-08
6203,,6.604096058279111e-08
6204,,6.603812894354948e-08
6205,,6.603713409878896e-08
6206,,6.603658557433524e-08
6207,,6.603614791070984e-08
6208,,6.603331280393852e-08
6209,,6.603232089411465e-08
6210,,6.603177312690584e-08
6211,,6.603133567880592e-08
6212,,6.602849712253339e-08
6213,,6.602750813419726e-08
6214,,6.6026961119259e-08
6215,,6.60265238861103e-08
6216,,6.602368190016586e-08
6217,,6.602269581765998e-08
6218,,6.602214955285911e-08
6219,,6.602171253344446e-08
6220,,6.601886713539369e-08
6221,,6.601788394588647e-08
6222,,6.601733842809417e-08
6223,,6.601690162040424e-08
6224,,6.601405282816132e-08
6225,,6.601307251816774e-08
6226,,6.601252774270917e-08
6227,,6.601209114680837e-08
6228,,6.600923897907058e-08
6229,,6.600826153453998e-08
6230,,6.600771749804886e-08
6231,,6.600728111357655e-08
6232,,6.60044255882617e-08
6233,,6.60034509947824e-08
6234,,6.600290769350431e-08
6235,,6.60024715201633e-08
6236,,6.599961265522573e-08
6237,,6.599864089924175e-08
6238,,6.599809832978946e-08
6239,,6.599766236601323e-08
6240,,6.59948001788106e-08
6241,,6.599383124735577e-08
6242,,6.5993289407036e-08
6243,,6.599285365112328e-08
6244,,6.598998816000489e-08
6245,,6.598902203872497e-08
6246,,6.598848092404364e-08
6247,,6.598804537645174e-08
6248,,6.598517659857076e-08
6249,,6.59842132741121e-08
6250,,6.598367288154663e-08
6251,,6.598323754041743e-08
6252,,6.598036549469304e-08
6253,,6.597940495307664e-08
6254,,6.597886527929671e-08
6255,,6.597843014432923e-08
6256,,6.59755548471538e-08
6257,,6.597459707584223e-08
6258,,6.597405811804888e-08
6259,,6.597362318807628e-08
6260,,6.597074465670053e-08
6261,,6.596978964234368e-08
6262,,6.596925139549866e-08
6263,,6.59688166703006e-08
6264,,6.596593492310183e-08
6265,,6.596498265186992e-08
6266,,6.596444511464236e-08
6267,,6.59640105922409e-08
6268,,6.596112564563124e-08
6269,,6.596017610486152e-08
6270,,6.595963927292496e-08
6271,,6.595920495471364e-08
6272,,6.595631682520337e-08
6273,,6.595537000117885e-08
6274,,6.595483387170254e-08
6275,,6.595439975414991e-08
6276,,6.595150846082691e-08
6277,,6.595056434026015e-08
6278,,6.595002891062088e-08
6279,,6.594959499459439e-08
6280,,6.594670055341014e-08
6281,,6.59457591229358e-08
6282,,6.594522438919626e-08
6283,,6.594479067333949e-08
6284,,6.594189310116102e-08
6285,,6.594095434924338e-08
6286,,6.594042030729644e-08
6287,,6.593998679132989e-08
6288,,6.593708610485754e-08
6289,,6.593615001897127e-08
6290,,6.593561666587122e-08
6291,,6.593518334885971e-08
6292,,6.593227956476657e-08
6293,,6.593134613104428e-08
6294,,6.593081346471104e-08
6295,,6.59303803451398e-08
6296,,6.592747348130663e-08
6297,,6.592654268525131e-08
6298,,6.592601070235706e-08
6299,,6.59255777802451e-08
6300,,6.592266785202393e-08
6301,,6.59217396837846e-08
6302,,6.592120837998061e-08
6303,,6.592077565462776e-08
6304,,6.591786267897878e-08
6305,,6.591693712400342e-08
6306,,6.591640649837052e-08
6307,,6.591597396744165e-08
6308,,6.591305796190242e-08
6309,,6.591213500762466e-08
6310,,6.591160505521412e-08
6311,,6.591117271962787e-08
6312,,6.590825369847441e-08
6313,,6.590733333400141e-08
6314,,6.590680405195236e-08
6315,,6.590637191044794e-08
6316,,6.590344989099895e-08
6317,,6.590253210319539e-08
6318,,6.590200348859907e-08
6319,,6.590157154013054e-08
6320,,6.589864653784891e-08
6321,,6.58977313141768e-08
6322,,6.589720336420096e-08
6323,,6.589677160841462e-08
6324,,6.589384364087419e-08
6325,,6.589293096889657e-08
6326,,6.589240367947743e-08
6327,,6.589197211520943e-08
6328,,6.588904119739983e-08
6329,,6.588813106514301e-08
6330,,6.588760443426374e-08
6331,,6.588717306101506e-08
6332,,6.588423920969079e-08
6333,,6.588333160361997e-08
6334,,6.588280562872285e-08
6335,,6.588237444522238e-08
6336,,6.587943767622153e-08
6337,,6.58785325856801e-08
6338,,6.587800726168836e-08
6339,,6.587757626852457e-08
6340,,6.587463659621978e-08
6341,,6.587373400918022e-08
6342,,6.587320933488849e-08
6343,,6.5872778530222e-08
6344,,6.586983597180646e-08
6345,,6.586893587526973e-08
6346,,6.586841184647949e-08
6347,,6.586798123025266e-08
6348,,6.586503580085256e-08
6349,,6.586413818324978e-08
6350,,6.586361479776802e-08
6351,,6.586318436791205e-08
6352,,6.586023608359942e-08
6353,,6.585934093303567e-08
6354,,6.585881818834037e-08
6355,,6.585838794512274e-08
6356,,6.585543682066112e-08
6357,,6.585454412552924e-08
6358,,6.585402201724172e-08
6359,,6.585359196062811e-08
6360,,6.585063801167415e-08
6361,,6.584974775985038e-08
6362,,6.584922628640238e-08
6363,,6.584879641337096e-08
6364,,6.584583965590107e-08
6365,,6.584495183562889e-08
6366,,6.584443099369954e-08
6367,,6.584400130531282e-08
6368,,6.584104175460748e-08
6369,,6.584015635388954e-08
6370,,6.583963613983457e-08
6371,,6.583920663585614e-08
6372,,6.583624430599476e-08
6373,,6.583536131357237e-08
6374,,6.58348417257589e-08
6375,,6.583441240409512e-08
6376,,6.583144731090092e-08
6377,,6.583056671479692e-08
6378,,6.583004774981409e-08
6379,,6.582961861049478e-08
6380,,6.58266507690789e-08
6381,,6.582577255771547e-08
6382,,6.58252542135164e-08
6383,,6.582482525469887e-08
6384,,6.582185467984278e-08
6385,,6.582097884359229e-08
6386,,6.582046111549124e-08
6387,,6.582003233772428e-08
6388,,6.581705904455166e-08
6389,,6.581618556989251e-08
6390,,6.581566845541007e-08
6391,,6.581523985826384e-08
6392,,6.58122638613522e-08
6393,,6.581139273838104e-08
6394,,6.581087623536884e-08
6395,,6.581044781733671e-08
6396,,6.580746913195091e-08
6397,,6.580660034706284e-08
6398,,6.580608445321447e-08
6399,,6.580565621390483e-08
6400,,6.580267485404981e-08
6401,,6.580180839814892e-08
6402,,6.580129310964234e-08
6403,,6.580086504851291e-08
6404,,6.579788102903306e-08
6405,,6.579701689132197e-08
6406,,6.579650220545097e-08
6407,,6.579607432089076e-08
6408,,6.579308765670706e-08
6409,,6.579222582514659e-08
6410,,6.579171173886305e-08
6411,,6.579128403109588e-08
6412,,6.578829473669504e-08
6413,,6.578743519943414e-08
6414,,6.578692171185662e-08
6415,,6.578649417903779e-08
6416,,6.578350226914559e-08
6417,,6.578264501474229e-08
6418,,6.578213212249302e-08
6419,,6.578170476465253e-08
6420,,6.577871025307774e-08
6421,,6.577785527267462e-08
6422,,6.577734297140903e-08
6423,,6.577691578845541e-08
6424,,6.577391868894874e-08
6425,,6.577306597029755e-08
6426,,6.577255425879187e-08
6427,,6.577212724931327e-08
6428,,6.576912757667122e-08
6429,,6.576827710968303e-08
6430,,6.576776598405326e-08
6431,,6.57673391484932e-08
6432,,6.576433691706653e-08
6433,,6.576348869004879e-08
6434,,6.576297814901142e-08
6435,,6.576255148437216e-08
6436,,6.575954670794285e-08
6437,,6.575870071067542e-08
6438,,6.575819075100755e-08
6439,,6.575776425869913e-08
6440,,6.575475695134819e-08
6441,,6.575391317318114e-08
6442,,6.575340379131194e-08
6443,,6.575297747026982e-08
6444,,6.574996764503583e-08
6445,,6.574912607558306e-08
6446,,6.574861726878985e-08
6447,,6.574819111967312e-08
6448,,6.574517879100188e-08
6449,,6.574433941899444e-08
6450,,6.57438311863757e-08
6451,,1.0285427196123968
6452,,101021.25779168449
6453,,0.9946152808867613
6454,,897.302453458385
6455,,0.9571404668963046
6456,,4.716719182945769
6457,,0.8724135223429197
6458,,0.4212153053662554
6459,,0.38511369448684785
6460,,0.1569494265297354
6461,,46.3147025330211
6462,,0.14559924574728178
6463,,0.23517701410778832
6464,,0.10372990722525967
6465,,0.08717391874228485
6466,,1.4761586310288148
6467,,0.07944523373276484
6468,,0.054475464255766444
6469,,0.06302649187426097
6470,,0.050752360520656487
6471,,0.04049262898044016
6472,,0.01726420037415744
6473,,0.04536886260814207
6474,,0.015706178864500334
6475,,0.014761628779803127
6476,,0.01512964305217463
6477,,0.012972293130964659
6478,,0.01191507684147496
6479,,0.011523610761821705
6480,,0.010813956497948462
6481,,0.009726221863340295
6482,,0.007826256256570439
6483,,0.005566941528072696
6484,,0.003493254954219134
6485,,0.002523669666572062
6486,,0.0022244190622003617
6487,,0.00207297642118208
6488,,0.0019386877993565535
6489,,0.0017038021855832004
6490,,0.00122732231186076
6491,,0.0008705095552621605
6492,,0.0007814717577819687
6493,,0.0007515932530439174
6494,,0.0007212702404463019
6495,,0.0006565159463718112
6496,,0.0005538526331175663
6497,,0.00048426270645258453
6498,,0.00044656386529127854
6499,,0.00042141644417699437
6500,,0.0004083789815896751
6501,,0.0003883599546525018
6502,,0.00036517885966566284
6503,,0.0003465939641678535
6504,,0.00033623516423641293
6505,,0.0003294555399317658
6506,,0.0003211046563548948
6507,,0.00030372276932290397
6508,,0.00028067485235452443
6509,,0.0002573231319804003
6510,,0.00024219212514264133
6511,,0.00023643731083923956
6512,,0.0002319589097195446
6513,,0.0002230848451260029
6514,,0.00020752577600364761
6515,,0.00018025977809428288
6516,,0.00015911155667473468
6517,,0.00011490547790283121
6518,,7.898181699894823e-05
6519,,5.979672575390905e-05
6520,,5.023733077146595e-05
6521,,4.4591140832091276e-05
6522,,4.362409266828775e-05
6523,,4.3184638683387575e-05
6524,,4.216548760690433e-05
6525,,3.978726731228019e-05
6526,,3.468727172258895e-05
6527,,2.647310026614597e-05
6528,,1.6741409309276076e-05
6529,,9.834651642775403e-06
6530,,7.0390832109857566e-06
6531,,6.364761618736832e-06
6532,,6.0740213064599344e-06
6533,,5.522347008974134e-06
6534,,4.63251331807786e-06
6535,,3.774382610515305e-06
6536,,3.3663476474851153e-06
6537,,3.184359643120122e-06
6538,,3.1021738866875757e-06
6539,,3.0364172100827295e-06
6540,,2.910991461937889e-06
6541,,2.7295404732267796e-06
6542,,2.5049332991348626e-06
6543,,2.431216602202379e-06
6544,,2.416737182504466e-06
6545,,2.413767126206901e-06
6546,,2.4081130022899976e-06
6547,,2.383290107950785e-06
6548,,2.331444677563842e-06
6549,,2.2356506484040497e-06
6550,,2.089747775227983e-06
6551,,1.9541367176058993e-06
6552,,1.8746554706300475e-06
6553,,1.8398520990606848e-06
6554,,1.8329472378345324e-06
6555,,1.828297066639955e-06
6556,,1.8196002573348778e-06
6557,,1.8058965085660812e-06
6558,,1.7811968620851167e-06
6559,,1.7348343186687853e-06
6560,,1.6417692579941527e-06
6561,,1.4620256027766096e-06
6562,,1.1912469070193722e-06
6563,,9.836609799871612e-07
6564,,8.697727959620231e-07
6565,,8.137565222799141e-07
6566,,8.075622879045434e-07
6567,,8.063991072986889e-07
6568,,8.057207032907044e-07
6569,,8.050473033428866e-07
6570,,8.041573752325692e-07
6571,,8.025116431317994e-07
6572,,7.986933346645692e-07
6573,,7.899117435724838e-07
6574,,7.704556404993052e-07
6575,,7.290036621972388e-07
6576,,6.489240164178312e-07
6577,,5.236875099032363e-07
6578,,3.9221170059467125e-07
6579,,3.4178120333738456e-07
6580,,3.0285009127366205e-07
6581,,2.872209048966642e-07
6582,,2.8579010518095803e-07
6583,,2.8564637156299266e-07
6584,,2.8558710321708785e-07
6585,,2.8554683518667184e-07
6586,,2.852645067545209e-07
6587,,2.846675528893828e-07
6588,,2.8323335524301086e-07
6589,,2.7995761362089447e-07
6590,,2.7351590374254634e-07
6591,,2.620511708363081e-07
6592,,2.474214489934879e-07
6593,,2.366336333691319e-07
6594,,2.3233058875085702e-07
6595,,2.3133521477574947e-07
6596,,2.3119561563725516e-07
6597,,2.3116642552703904e-07
6598,,2.3115248554891093e-07
6599,,2.3106989506205417e-07
6600,,2.3102282681312195e-07
6601,,2.3100781003034813e-07
6602,,2.3099452176458363e-07
6603,,2.3088168958736991e-07
6604,,2.3086358115134746e-07
6605,,2.3085000862242687e-07
6606,,2.3074818133266077e-07
6607,,2.3072041909806966e-07
6608,,2.3070581288620447e-07
6609,,2.306405919488686e-07
6610,,2.3053878653849134e-07
6611,,2.296682707333618e-07
6612,,2.254906486496738e-07
6613,,2.1907889602300546e-07
6614,,1.8120729263274085e-07
6615,,1.4640212277498492e-07
6616,,1.2987674153364545e-07
6617,,1.289187661475541e-07
6618,,1.2886753976753354e-07
6619,,1.288598148490376e-07
6620,,1.288569325871143e-07
6621,,1.2885544952689662e-07
6622,,1.2885460314416505e-07
6623,,1.2885408667544783e-07
6624,,1.2885374809441157e-07
6625,,1.288535069314603e-07
6626,,1.2885331952999636e-07
6627,,1.2885251366663238e-07
6628,,1.2885223263976048e-07
6629,,1.2885202381109471e-07
6630,,1.288518545550389e-07
6631,,1.2885097755249862e-07
6632,,1.2885073778722688e-07
6633,,1.2885055220596001e-07
6634,,1.288497575827294e-07
6635,,1.288494682460987e-07
6636,,1.2884925788703733e-07
6637,,1.2884908895702184e-07
6638,,1.2884823172845255e-07
6639,,1.2884797846114148e-07
6640,,1.28847788861259e-07
6641,,1.2884763177705297e-07
6642,,1.2884673164392055e-07
6643,,1.2884650293860847e-07
6644,,1.2884632776317704e-07
6645,,1.2884556678166617e-07
6646,,1.2884525059703482e-07
6647,,1.2884503789346493e-07
6648,,1.2884487246354688e-07
6649,,1.288440870884553e-07
6650,,1.2884378376855367e-07
6651,,1.2884358060646145e-07
6652,,1.288434214345813e-07
6653,,1.28842627772007e-07
6654,,1.2884232773594442e-07
6655,,1.2884212913481533e-07
6656,,1.288419735773454e-07
6657,,1.2884118468878974e-07
6658,,1.2884088009618586e-07
6659,,1.2884068210040357e-07
6660,,1.288405281073905e-07
6661,,1.2883975506287909e-07
6662,,1.288394391973904e-07
6663,,1.288392385390127e-07
6664,,1.2883908447197885e-07
6665,,1.288383371382323e-07
6666,,1.288380039392075e-07
6667,,1.2883779779065916e-07
6668,,1.2883764228363822e-07
6669,,1.2883692993959368e-07
6670,,1.2883657364135666e-07
6671,,1.2883635942457273e-07
6672,,1.2883620127979168e-07
6673,,1.2883606553390898e-07
6674,,1.2883514794008548e-07
6675,,1.288349231745768e-07
6676,,1.288347612893067e-07
6677,,1.288346242890646e-07
6678,,1.2883372672323375e-07
6679,,1.2883348890906254e-07
6680,,1.2883332221265774e-07
6681,,1.2883318348369113e-07
6682,,1.2883231008273046e-07
6683,,1.2883205659817985e-07
6684,,1.288318840011299e-07
6685,,1.2883174307936015e-07
6686,,1.288308982798472e-07
6687,,1.288306262966336e-07
6688,,1.2883044664937977e-07
6689,,1.288303030580396e-07
6690,,1.2882949173702981e-07
6691,,1.288291981345764e-07
6692,,1.2882901019180098e-07
6693,,1.2882886342477964e-07
6694,,1.2882809102092858e-07
6695,,1.288277723046332e-07
6696,,1.2882757468726073e-07
6697,,1.2882742419502044e-07
6698,,1.2882669684641255e-07
6699,,1.2882634906538206e-07
6700,,1.2882614022522595e-07
6701,,1.2882598539584263e-07
6702,,1.288253100782898e-07
6703,,1.2882492873722793e-07
6704,,1.2882470692332156e-07
6705,,1.2882454707073253e-07
6706,,1.2882441137007388e-07
6707,,1.288235117080176e-07
6708,,1.288232749264106e-07
6709,,1.2882310927188105e-07
6710,,1.2882297131971885e-07
6711,,1.2882209843355823e-07
6712,,1.2882184440776466e-07
6713,,1.2882167206448757e-07
6714,,1.2882153151388272e-07
6715,,1.28820689452674e-07
6716,,1.2882041557138781e-07
6717,,1.288202355288899e-07
6718,,1.2882009198298512e-07
6719,,1.288192853892412e-07
6720,,1.288189886550279e-07
6721,,1.288187997521184e-07
6722,,1.2881865276206095e-07
6723,,1.2881788696575636e-07
6724,,1.2881756393910232e-07
6725,,1.2881736484218438e-07
6726,,1.2881721389061977e-07
6727,,1.288164950194609e-07
6728,,1.288161417415765e-07
6729,,1.2881593092435725e-07
6730,,1.2881577541645165e-07
6731,,1.2881511052099147e-07
6732,,1.2881472315069675e-07
6733,,1.2881449913086054e-07
6734,,1.288143384949308e-07
6735,,1.2881420253423318e-07
6736,,1.2881330709783745e-07
6737,,1.2881306761931196e-07
6738,,1.2881290098271202e-07
6739,,1.2881276268385723e-07
6740,,1.2881189484831143e-07
6741,,1.288116375938637e-07
6742,,1.2881146405832755e-07
6743,,1.2881132307463616e-07
6744,,1.288104869694419e-07
6745,,1.2881020927178303e-07
6746,,1.2881002780807654e-07
6747,,1.2880988374067242e-07
6748,,1.2880908411375815e-07
6749,,1.2880878290718727e-07
6750,,1.288085923287773e-07
6751,,1.2880844471737515e-07
6752,,1.2880768703427606e-07
6753,,1.2880735878804607e-07
6754,,1.2880715773256154e-07
6755,,1.288070060498491e-07
6756,,1.2880629659729207e-07
6757,,1.2880593724885905e-07
6758,,1.2880572414715464e-07
6759,,1.2880556778641439e-07
6760,,1.2880543350662716e-07
6761,,1.2880451867204967e-07
6762,,1.2880429172385595e-07
6763,,1.2880412998574344e-07
6764,,1.2880399361221503e-07
6765,,1.2880310350275137e-07
6766,,1.2880286063009226e-07
6767,,1.288026927130528e-07
6768,,1.2880255393623646e-07
6769,,1.2880169224664796e-07
6770,,1.2880143106331287e-07
6771,,1.2880125604588713e-07
6772,,1.2880111450698573e-07
6773,,1.2880028549271093e-07
6774,,1.2880000324922354e-07
6775,,1.287998200706823e-07
6776,,1.2879967535829457e-07
6777,,1.2879888391285594e-07
6778,,1.2879857744933887e-07
6779,,1.287983848875156e-07
6780,,1.2879823652954313e-07
6781,,1.2879748828638288e-07
6782,,1.2879715396075645e-07
6783,,1.2879695061161424e-07
6784,,1.2879679806496994e-07
6785,,1.2879609950601041e-07
6786,,1.287957331281232e-07
6787,,1.2879551737692832e-07
6788,,1.2879536001733828e-07
6789,,1.2879522536310238e-07
6790,,1.2879431534765725e-07
6791,,1.2879408533500923e-07
6792,,1.2879392244250032e-07
6793,,1.2879378563768092e-07
6794,,1.2879290107718365e-07
6795,,1.287926546637971e-07
6796,,1.2879248541292008e-07
6797,,1.287923461348271e-07
6798,,1.287914908390104e-07
6799,,1.2879122556256186e-07
6800,,1.287910490036203e-07
6801,,1.287909068846181e-07
6802,,1.2879008523947638e-07
6803,,1.2878979826825431e-07
6804,,1.2878961330564724e-07
6805,,1.2878946792343945e-07
6806,,1.2878868497470796e-07
6807,,1.2878837304486453e-07
6808,,1.2878817842326785e-07
6809,,1.2878802929078866e-07
6810,,1.2878729084673018e-07
6811,,1.287869502036593e-07
6812,,1.2878674447371959e-07
6813,,1.2878659103064557e-07
6814,,1.2878590377907623e-07
6815,,1.2878553009872475e-07
6816,,1.287853115956794e-07
6817,,1.2878515319959333e-07
6818,,1.2878501815826507e-07
6819,,1.2878411313672248e-07
6820,,1.2878387994581092e-07
6821,,1.2878371585646902e-07
6822,,1.287835786022795e-07
6823,,1.287826997925139e-07
6824,,1.2878244970538427e-07
6825,,1.287822790707555e-07
6826,,1.2878213927404697e-07
6827,,1.2878129060487993e-07
6828,,1.2878102108387235e-07
6829,,1.2878084292447278e-07
6830,,1.28780700205817e-07
6831,,1.2877988619925198e-07
6832,,1.2877959431933526e-07
6833,,1.2877940750912446e-07
6834,,1.2877926143287006e-07
6835,,1.28778487293163e-07
6836,,1.287781696916369e-07
6837,,1.2877797293311134e-07
6838,,1.2877782299848168e-07
6839,,1.2877709471540663e-07
6840,,1.287767475152377e-07
6841,,1.2877653931758292e-07
6842,,1.2877638494687296e-07
6843,,1.287757094195646e-07
6844,,1.2877532815822608e-07
6845,,1.2877510680370658e-07
6846,,1.287749473348946e-07
6847,,1.2877481189368566e-07
6848,,1.2877391204313702e-07
6849,,1.287736755542391e-07
6850,,1.2877351022463495e-07
6851,,1.2877337250703968e-07
6852,,1.2877249965466218e-07
6853,,1.2877224575735254e-07
6854,,1.2877207368908106e-07
6855,,1.2877193335491896e-07
6856,,1.2877109155102883e-07
6857,,1.2877081762575356e-07
6858,,1.2877063780930953e-07
6859,,1.287704944699505e-07
6860,,1.2876968837756244e-07
6861,,1.2876939140870644e-07
6862,,1.2876920268395396e-07
6863,,1.2876905588844406e-07
6864,,1.2876829087770051e-07
6865,,1.2876796739162798e-07
6866,,1.2876776841962016e-07
6867,,1.287676176532682e-07
6868,,1.2876689990385727e-07
6869,,1.2876654590117786e-07
6870,,1.287663351451092e-07
6871,,1.287661798125672e-07
6872,,1.2876551644486286e-07
6873,,1.287651279605025e-07
6874,,1.287649038971853e-07
6875,,1.287647434128892e-07
6876,,1.287646075940837e-07
6877,,1.2876371265599556e-07
6878,,1.2876347303468014e-07
6879,,1.2876330653092043e-07
6880,,1.2876316837546257e-07
6881,,1.287623011837864e-07
6882,,1.287620436635596e-07
6883,,1.287618702378507e-07
6884,,1.2876172939717478e-07
6885,,1.2876089412004713e-07
6886,,1.2876061600590107e-07
6887,,1.2876043461843634e-07
6888,,1.2876029069226588e-07
6889,,1.2875949213065531e-07
6890,,1.2875919031372409e-07
6891,,1.287589997731895e-07
6892,,1.287588522985595e-07
6893,,1.2875809597726428e-07
6894,,1.287577668839417e-07
6895,,1.2875756581170077e-07
6896,,1.287574142585161e-07
6897,,1.2875670654113715e-07
6898,,1.2875634605309303e-07
6899,,1.2875613286685687e-07
6900,,1.2875597662534088e-07
6901,,1.28755842468856e-07
6902,,1.2875492820942368e-07
6903,,1.287547010866035e-07
6904,,1.2875453945351135e-07
6905,,1.2875440320587403e-07
6906,,1.2875351380251522e-07
6907,,1.2875327064479413e-07
6908,,1.287531028124459e-07
6909,,1.2875296416026566e-07
6910,,1.2875210334848343e-07
6911,,1.2875184173882633e-07
6912,,1.2875166677692614e-07
6913,,1.287515253613268e-07
6914,,1.287506974402418e-07
6915,,1.2875041459721837e-07
6916,,1.2875023143417032e-07
6917,,1.2875008684220367e-07
6918,,1.2874929676511088e-07
6919,,1.287489894834197e-07
6920,,1.287487968880543e-07
6921,,1.2874864864361063e-07
6922,,1.2874790211346557e-07
6923,,1.2874756669963317e-07
6924,,1.2874736325274095e-07
6925,,1.2874721080923863e-07
6926,,1.287465143925247e-07
6927,,1.2874614659524786e-07
6928,,1.2874593066320342e-07
6929,,1.2874577339176029e-07
6930,,1.2874563885159477e-07
6931,,1.287447295709246e-07
6932,,1.2874449927394963e-07
6933,,1.2874433644992112e-07
6934,,1.2874419975779558e-07
6935,,1.2874331608993747e-07
6936,,1.2874306926286872e-07
6937,,1.2874290005220416e-07
6938,,1.287427608859821e-07
6939,,1.2874190668659303e-07
6940,,1.2874164083464021e-07
6941,,1.2874146427964276e-07
6942,,1.2874132226702958e-07
6943,,1.287405019733301e-07
6944,,1.2874021422394607e-07
6945,,1.287400292195746e-07
6946,,1.2873988393740467e-07
6947,,1.2873910266030564e-07
6948,,1.28738789702761e-07
6949,,1.287385949780036e-07
6950,,1.287384459363106e-07
6951,,1.2873770956093264e-07
6952,,1.287373675847424e-07
6953,,1.2873716167575155e-07
6954,,1.2873700830966876e-07
6955,,1.2873632361748932e-07
6956,,1.2873594822964023e-07
6957,,1.2873572944983746e-07
6958,,1.2873557111078572e-07
6959,,1.2873543617313156e-07
6960,,1.287345320505919e-07
6961,,1.28734298460519e-07
6962,,1.287341344022249e-07
6963,,1.2873399724837019e-07
6964,,1.2873311952652465e-07
6965,,1.287328688918616e-07
6966,,1.2873269825285877e-07
6967,,1.2873255855326303e-07
6968,,1.2873171120884037e-07
6969,,1.2873144095341795e-07
6970,,1.2873126274671255e-07
6971,,1.28731120117772e-07
6972,,1.287303077307113e-07
6973,,1.2873001488906385e-07
6974,,1.2872982797498227e-07
6975,,1.2872968197751466e-07
6976,,1.287289098272315e-07
6977,,1.2872859097988017e-07
6978,,1.287283940452501e-07
6979,,1.2872824417532563e-07
6980,,1.287275183363214e-07
6981,,1.287271695466477e-07
6982,,1.28726961082411e-07
6983,,1.2872680675860157e-07
6984,,1.2872613423191767e-07
6985,,1.2872575096335485e-07
6986,,1.2872552922921603e-07
6987,,1.2872536978247445e-07
6988,,1.2872523443336295e-07
6989,,1.2872433565649842e-07
6990,,1.2872409865005204e-07
6991,,1.2872393330965656e-07
6992,,1.2872379568042856e-07
6993,,1.2872292412193444e-07
6994,,1.287226695347101e-07
6995,,1.2872249741458537e-07
6996,,1.2872235716130472e-07
6997,,1.2872151692712793e-07
6998,,1.2872124209977062e-07
6999,,1.2872106217893062e-07
7000,,1.2872091890954316e-07
7001,,1.2872011472704106e-07
7002,,1.28719816596737e-07
7003,,1.2871962770045586e-07
7004,,1.287194809629239e-07
7005,,1.2871871827987854e-07
7006,,1.2871839331671568e-07
7007,,1.2871819408929333e-07
7008,,1.2871804336340826e-07
7009,,1.287173284552768e-07
7010,,1.2871697259046916e-07
7011,,1.287167614757035e-07
7012,,1.2871660615924294e-07
7013,,1.287164724250414e-07
7014,,1.2871555480404655e-07
7015,,1.2871533000359542e-07
7016,,1.2871516940925578e-07
7017,,1.2871503363282492e-07
7018,,1.2871414039940206e-07
7019,,1.2871389984588604e-07
7020,,1.2871373317693714e-07
7021,,1.287135950516114e-07
7022,,1.2871272988506032e-07
7023,,1.2871247119518303e-07
7024,,1.2871229753871604e-07
7025,,1.2871215671198472e-07
7026,,1.2871132385146934e-07
7027,,1.2871104427737411e-07
7028,,1.2871086257996044e-07
7029,,1.2871071864692888e-07
7030,,1.2870992297507355e-07
7031,,1.2870961935399263e-07
7032,,1.287094284012879e-07
7033,,1.2870928089443638e-07
7034,,1.2870852803690803e-07
7035,,1.2870819672082402e-07
7036,,1.2870799511549932e-07
7037,,1.2870784349891924e-07
7038,,1.2870713993886086e-07
7039,,1.2870677672447426e-07
7040,,1.2870656285706175e-07
7041,,1.2870640651175717e-07
7042,,1.2870627239518986e-07
7043,,1.2870535975963055e-07
7044,,1.287051317768419e-07
7045,,1.2870496999000457e-07
7046,,1.2870483377123124e-07
7047,,1.2870394628556512e-07
7048,,1.2870370204983269e-07
7049,,1.287035340027287e-07
7050,,1.2870339536322765e-07
7051,,1.2870253682750934e-07
7052,,1.2870227387744058e-07
7053,,1.2870209862622972e-07
7054,,1.2870195720393286e-07
7055,,1.287011319953267e-07
7056,,1.2870084749243283e-07
7057,,1.2870066394842298e-07
7058,,1.2870051932723788e-07
7059,,1.286997324871268e-07
7060,,1.2869942316348864e-07
7061,,1.286992300764869e-07
7062,,1.2869908177250539e-07
7063,,1.2869833911309795e-07
7064,,1.286980011984655e-07
7065,,1.2869779712380454e-07
7066,,1.2869764458376064e-07
7067,,1.2869695280541207e-07
7068,,1.2869658195374448e-07
7069,,1.2869636522997832e-07
7070,,1.2869620781610795e-07
7071,,1.2869607330260679e-07
7072,,1.2869516583855803e-07
7073,,1.2869493454963587e-07
7074,,1.286947715284942e-07
7075,,1.2869463484775591e-07
7076,,1.2869375332554494e-07
7077,,1.286935052654219e-07
7078,,1.2869333578753169e-07
7079,,1.286931966171047e-07
7080,,1.2869234496052343e-07
7081,,1.286920775858736e-07
7082,,1.286919006784049e-07
7083,,1.2869175864125417e-07
7084,,1.2869094137017563e-07
7085,,1.2869065174908563e-07
7086,,1.2869046629020118e-07
7087,,1.2869032095382574e-07
7088,,1.2868954328164098e-07
7089,,1.286892280322556e-07
7090,,1.2868903272842955e-07
7091,,1.286888835981171e-07
7092,,1.2868815152696163e-07
7093,,1.28687806755677e-07
7094,,1.2868760011760298e-07
7095,,1.2868744661928474e-07
7096,,1.2868676707412808e-07
7097,,1.286863882866709e-07
7098,,1.2868616859610046e-07
7099,,1.2868601007408966e-07
7100,,1.286858751493663e-07
7101,,1.286849730478179e-07
7102,,1.2868473832680394e-07
7103,,1.2868457402178556e-07
7104,,1.2868443686555767e-07
7105,,1.2868356152961763e-07
7106,,1.2868330949710452e-07
7107,,1.2868313853587056e-07
7108,,1.2868299881143399e-07
7109,,1.286821542941535e-07
7110,,1.286818823226712e-07
7111,,1.2868170369730854e-07
7112,,1.2868156101987524e-07
7113,,1.2868075199097845e-07
7114,,1.2868045704965847e-07
7115,,1.2868026960243316e-07
7116,,1.2868012352491538e-07
7117,,1.2867935537110422e-07
7118,,1.2867903396445082e-07
7119,,1.286788363607335e-07
7120,,1.2867868637167343e-07
7121,,1.286779652973467e-07
7122,,1.2867761339892275e-07
7123,,1.2867740409741503e-07
7124,,1.2867724960678625e-07
7125,,1.286765827672235e-07
7126,,1.2867619573047536e-07
7127,,1.2867597295846713e-07
7128,,1.286758132864053e-07
7129,,1.2867567793512151e-07
7130,,1.2867478139815838e-07
7131,,1.2867454311105636e-07
7132,,1.286743774747115e-07
7133,,1.2867423982343432e-07
7134,,1.2867337090720132e-07
7135,,1.2867311474895717e-07
7136,,1.2867294224605905e-07
7137,,1.286728019480683e-07
7138,,1.2867196484157637e-07
7139,,1.2867168809301807e-07
7140,,1.2867150768433617e-07
7141,,1.286713643416054e-07
7142,,1.2867056387142353e-07
7143,,1.2867026340157337e-07
7144,,1.2867007388999062e-07
7145,,1.2866992704233497e-07
7146,,1.2866916877247645e-07
7147,,1.286688409679473e-07
7148,,1.2866864097416938e-07
7149,,1.286684900932673e-07
7150,,1.286677804406888e-07
7151,,1.2866742113348452e-07
7152,,1.2866720906694577e-07
7153,,1.2866705354507486e-07
7154,,1.2866691981084608e-07
7155,,1.2866600429398783e-07
7156,,1.2866577832018596e-07
7157,,1.286656174537743e-07
7158,,1.286654816594979e-07
7159,,1.2866459089744294e-07
7160,,1.2866434890596146e-07
7161,,1.2866418188681508e-07
7162,,1.2866404372181029e-07
7163,,1.2866318147057234e-07
7164,,1.2866292102332112e-07
7165,,1.286627469192369e-07
7166,,1.286626060270077e-07
7167,,1.286617766140952e-07
7168,,1.2866149490215402e-07
7169,,1.2866131264074515e-07
7170,,1.2866116860965645e-07
7171,,1.286603770256276e-07
7172,,1.2866007080819927e-07
7173,,1.286598791522927e-07
7174,,1.2865973150708635e-07
7175,,1.2865898350455194e-07
7176,,1.286586490460537e-07
7177,,1.2865844657053166e-07
7178,,1.286582947652548e-07
7179,,1.2865759697836072e-07
7180,,1.286572299686477e-07
7181,,1.2865701502918895e-07
7182,,1.2865685843483199e-07
7183,,1.2865672430470373e-07
7184,,1.2865581398148682e-07
7185,,1.2865558468338328e-07
7186,,1.2865542257781462e-07
7187,,1.2865528632273172e-07
7188,,1.2865440155691573e-07
7189,,1.2865415571410803e-07
7190,,1.286539872594611e-07
7191,,1.2865384855982373e-07
7192,,1.286529932301608e-07
7193,,1.286527283256308e-07
7194,,1.2865255255918836e-07
7195,,1.2865241104913203e-07
7196,,1.2865158962761824e-07
7197,,1.286513027545802e-07
7198,,1.2865111856916094e-07
7199,,1.2865097382104856e-07
7200,,1.2865019146896687e-07
7201,,1.2864987927658632e-07
7202,,1.286496853930762e-07
7203,,1.2864953691775492e-07
7204,,1.2864879958417429e-07
7205,,1.2864845820757323e-07
7206,,1.2864825315195236e-07
7207,,1.2864810038658403e-07
7208,,1.2864741493258835e-07
7209,,1.2864703991122027e-07
7210,,1.286468219854502e-07
7211,,1.2864666427871373e-07
7212,,1.2864652973709012e-07
7213,,1.2864562480821828e-07
7214,,1.2864539205302764e-07
7215,,1.2864522865872554e-07
7216,,1.286450919263628e-07
7217,,1.286442133844702e-07
7218,,5.098077511392065
7219,,106153.49264167054
7220,,5.020741124068359
7221,,887.9398651328324
7222,,4.928667317144158
7223,,1.4233543182840322
7224,,0.47108583885926864
7225,,0.19744016629207622
7226,,0.28909807104367674
7227,,0.1931969228343428
7228,,0.2650788476608679
7229,,0.18539126168602335
7230,,0.1791440770867128
7231,,0.20305946904540442
7232,,0.16880290748689517
7233,,0.14754455831767802
7234,,0.12068594419829409
7235,,0.12319990725918674
7236,,0.10003908923176938
7237,,0.07025627929787737
7238,,0.06806636712291039
7239,,0.0676789937888751
7240,,0.06760167048129437
7241,,0.06758587333088724
7242,,0.06758263073356911
7243,,0.0675819644998287
7244,,0.06758182758630073
7245,,0.06758179944891249
7246,,0.06758179366628893
7247,,0.06758179247787909
7248,,0.0675817922336425
7249,,0.06758179218344951
7250,,0.06758179217313412
7251,,0.06758179217101215
7252,,0.06758179217057757
7253,,0.06758179217048882
7254,,0.06758179217046943
7255,,0.06758179217046548
7256,,0.06758179217046481
7257,,0.06758179217046488
7258,,2.790646349160027
7259,,0.06180223506461444
7260,,0.05995177581593597
7261,,0.04979484002858964
7262,,0.05034385705438726
7263,,0.04256041321439064
7264,,0.035686548200063346
7265,,0.010678334497542812
7266,,0.0036459078876504895
7267,,0.005304902188522802
7268,,0.002690184606410925
7269,,0.0021316628806194965
7270,,0.00202644441952856
7271,,0.0019324590230696144
7272,,0.0015195981835928287
7273,,0.0011679422893812739
7274,,0.000928833065393589
7275,,0.0007750070761220016
7276,,0.0006654249666801943
7277,,0.0005729658354558911
7278,,0.00044887169866342295
7279,,0.00035951666632250264
7280,,0.0003295445952424928
7281,,0.00031071056868383
7282,,0.000289570639033236
7283,,0.0002713218794629813
7284,,0.00026370522444249837
7285,,0.00025953452249552895
7286,,0.0002559735931579719
7287,,0.00025137040423765604
7288,,0.00024788292200960245
7289,,0.0002467632686831992
7290,,0.00024617292854008164
7291,,0.0002450576116135505
7292,,0.00024270028401466364
7293,,0.000237951820959807
7294,,0.0002293543618163135
7295,,0.00021668523915319385
7296,,0.00021459181358453924
7297,,0.00020110456442065644
7298,,0.0001968006043644701
7299,,0.00019484842313412503
7300,,0.00019299340835861453
7301,,0.0001891494942595742
7302,,0.0001818298564788061
7303,,0.00016948160420731238
7304,,0.00015096609599348353
7305,,0.00014573365713894457
7306,,0.00012631723798857094
7307,,0.00012010325791262184
7308,,0.00011687161377801944
7309,,0.00011625997251473642
7310,,0.00011570189151463339
7311,,0.00011435760904146685
7312,,0.0001116322242144493
7313,,0.00010680896442981122
7314,,9.882920657173228e-05
7315,,8.218680207183282e-05
7316,,7.233584787045981e-05
7317,,5.471794710917904e-05
7318,,4.48874277790033e-05
7319,,4.20657680170783e-05
7320,,4.038633405370231e-05
7321,,3.914840279548146e-05
7322,,3.79439744679091e-05
7323,,3.634792123043853e-05
7324,,3.3763684850408556e-05
7325,,3.1425698683627336e-05
7326,,3.0470154033536385e-05
7327,,3.018869858658064e-05
7328,,3.008031071408497e-05
7329,,2.984170583029911e-05
7330,,2.9006571961328593e-05
7331,,2.769975203234167e-05
7332,,2.5604313416884125e-05
7333,,2.2409877861104405e-05
7334,,1.8618729370208016e-05
7335,,1.578159118728219e-05
7336,,1.4783320027049407e-05
7337,,1.4584316303227306e-05
7338,,1.455539474332407e-05
7339,,1.4544603902935061e-05
7340,,1.4526654977856509e-05
7341,,1.4493145707695944e-05
7342,,1.4430577506380915e-05
7343,,1.4308480491184491e-05
7344,,1.4030018252717444e-05
7345,,1.3463139874570852e-05
7346,,1.2659767970579516e-05
7347,,1.1535992894846631e-05
7348,,1.0424883612032681e-05
7349,,9.293717641683492e-06
7350,,8.321797740904958e-06
7351,,7.096530798923946e-06
7352,,5.251932881813697e-06
7353,,3.124297056929783e-06
7354,,1.6461441019144195e-06
7355,,9.479753751454638e-07
7356,,7.434445649384341e-07
7357,,7.248408022195905e-07
7358,,7.236255618554477e-07
7359,,7.234871880228146e-07
7360,,7.232958811617178e-07
7361,,7.231404174621553e-07
7362,,7.219149424320128e-07
7363,,7.171459527794533e-07
7364,,7.101244390771287e-07
7365,,6.947671506624907e-07
7366,,6.664905888443644e-07
7367,,6.25972495346191e-07
7368,,5.909974841456541e-07
7369,,5.727528910277179e-07
7370,,5.68323141331779e-07
7371,,5.672734586745935e-07
7372,,5.671626627426491e-07
7373,,5.671141706756456e-07
7374,,5.670777348062249e-07
7375,,5.667829439985367e-07
7376,,5.667209527933213e-07
7377,,5.666837680307559e-07
7378,,5.664230252563661e-07
7379,,5.656593701445043e-07
7380,,5.622765083166657e-07
7381,,5.554405650202147e-07
7382,,5.401862472686911e-07
7383,,5.092170572818554e-07
7384,,4.552484677178306e-07
7385,,3.856936704127197e-07
7386,,4.394503148856767e-07
7387,,3.735037722199848e-07
7388,,3.2794356327583434e-07
7389,,3.0693826871044193e-07
7390,,3.0294173476213666e-07
7391,,3.024261307190788e-07
7392,,3.0238525765983723e-07
7393,,3.0238112038215773e-07
7394,,3.023789662488431e-07
7395,,3.023677615034913e-07
7396,,3.023600219530206e-07
7397,,3.023574517974984e-07
7398,,3.02355388252777e-07
7399,,3.0234019143951867e-07
7400,,3.0233617580387714e-07
7401,,3.023338615298379e-07
7402,,3.023318182091151e-07
7403,,3.0231574959147237e-07
7404,,3.023125345584758e-07
7405,,3.023102923197936e-07
7406,,3.022983820693849e-07
7407,,3.022919067055594e-07
7408,,3.0228895998085004e-07
7409,,3.0228673407658316e-07
7410,,3.022737482517672e-07
7411,,3.022682943071585e-07
7412,,3.0226542009822425e-07
7413,,3.022631834955284e-07
7414,,3.0224994447727295e-07
7415,,3.0224480370364625e-07
7416,,3.022419027917107e-07
7417,,3.022396393004827e-07
7418,,3.022265839849392e-07
7419,,3.022213896866581e-07
7420,,3.022184031116688e-07
7421,,3.0221610113056204e-07
7422,,3.022034965723183e-07
7423,,3.0219803306318125e-07
7424,,3.021949195055966e-07
7425,,3.021925691160924e-07
7426,,3.021806079150962e-07
7427,,3.021747272772951e-07
7428,,3.02171452208034e-07
7429,,3.021690436688532e-07
7430,,3.021578908922583e-07
7431,,3.021514724062584e-07
7432,,3.0214800250053003e-07
7433,,3.021455253986102e-07
7434,,3.021433861062692e-07
7435,,3.021282723578698e-07
7436,,3.0212457237720534e-07
7437,,3.0212201508999255e-07
7438,,3.021198480168943e-07
7439,,3.0210513359978707e-07
7440,,3.021011644203721e-07
7441,,3.020985136870375e-07
7442,,3.020963142674802e-07
7443,,3.020820646366013e-07
7444,,3.020777817628401e-07
7445,,3.020750223062822e-07
7446,,3.0207278525210776e-07
7447,,3.0205907586434034e-07
7448,,3.020544281224719e-07
7449,,3.020515422565322e-07
7450,,3.0204926142797166e-07
7451,,3.020361796629253e-07
7452,,3.020311078628333e-07
7453,,3.0202807506783465e-07
7454,,3.0202574333256226e-07
7455,,3.02013390559198e-07
7456,,3.0200782608238877e-07
7457,,3.0200462252531127e-07
7458,,3.020022315874515e-07
7459,,3.0199072556843105e-07
7460,,3.01984588731724e-07
7461,,3.0198118670680476e-07
7462,,3.019787269198988e-07
7463,,3.0196820450927575e-07
7464,,3.0196140273921634e-07
7465,,3.019577700365141e-07
7466,,3.019552301762935e-07
7467,,3.0195306813196216e-07
7468,,3.0193827617724875e-07
7469,,3.0193437532693973e-07
7470,,3.019317423426984e-07
7471,,3.019295479838387e-07
7472,,3.019152184380135e-07
7473,,3.019110058650302e-07
7474,,3.0190826456107127e-07
7475,,3.019060325909846e-07
7476,,3.0189224046798966e-07
7477,,3.0188766547298983e-07
7478,,3.01884798170822e-07
7479,,3.0188252241907235e-07
7480,,3.0186935500179887e-07
7481,,3.0186435859949907e-07
7482,,3.0186134472625217e-07
7483,,3.0185901801373344e-07
7484,,3.0184657687675135e-07
7485,,3.01841090423917e-07
7486,,3.018379060373534e-07
7487,,3.018355200074211e-07
7488,,3.0182392334750546e-07
7489,,3.0181786698360735e-07
7490,,3.0181448421534626e-07
7491,,3.0181202913440113e-07
7492,,3.0180141453677633e-07
7493,,3.0179469529990466e-07
7494,,3.017910817109213e-07
7495,,3.017885462556734e-07
7496,,3.0178638561403024e-07
7497,,3.01771583558605e-07
7498,,3.017677013905868e-07
7499,,3.0176507237164396e-07
7500,,3.017628791833967e-07
7501,,3.017485412827501e-07
7502,,3.0174434658063684e-07
7503,,3.0174160864837345e-07
7504,,3.017393775457801e-07
7505,,3.0172557956657604e-07
7506,,3.0172102116013394e-07
7507,,3.0171815643709453e-07
7508,,3.017158811783206e-07
7509,,3.017027113350876e-07
7510,,3.0169772964665055e-07
7511,,3.016947173231778e-07
7512,,3.0169239063053057e-07
7513,,3.0167995162280116e-07
7514,,3.0167447730574815e-07
7515,,3.0167129314605766e-07
7516,,3.01668906547536e-07
7517,,3.0165731796353023e-07
7518,,3.0165127026055364e-07
7519,,3.0164788604273346e-07
7520,,3.0164542968178454e-07
7521,,3.0163483075148025e-07
7522,,3.016281156500996e-07
7523,,3.016244985201489e-07
7524,,3.016219609010006e-07
7525,,3.01619799754898e-07
7526,,3.01605021787455e-07
7527,,3.0160113347870695e-07
7528,,3.015985012261556e-07
7529,,3.015963071117052e-07
7530,,3.015819983516756e-07
7531,,3.0157779430784785e-07
7532,,3.0157505184338824e-07
7533,,3.015728193096817e-07
7534,,3.0155905662547414e-07
7535,,3.015544849541872e-07
7536,,3.0155161413028195e-07
7537,,3.015493368324063e-07
7538,,3.015362097378167e-07
7539,,3.015312100123619e-07
7540,,3.015281896971388e-07
7541,,3.0152586024327447e-07
7542,,3.0151347299900183e-07
7543,,3.0150797483545307e-07
7544,,3.0150478041635753e-07
7545,,3.0150239019409335e-07
7546,,3.0149086421852073e-07
7547,,3.014847856599814e-07
7548,,3.014813884706453e-07
7549,,3.0147892745460554e-07
7550,,3.014684041691617e-07
7551,,3.0146164974934903e-07
7552,,3.014580163995998e-07
7553,,3.0145547290780453e-07
7554,,3.0145331016950827e-07
7555,,3.0143857556554537e-07
7556,,3.01434667168412e-07
7557,,3.014320275954877e-07
7558,,3.0142983135436215e-07
7559,,3.014155729703751e-07
7560,,3.0141134422382253e-07
7561,,3.014085927227804e-07
7562,,3.014063574311492e-07
7563,,3.0139265343359803e-07
7564,,3.0138805158684597e-07
7565,,3.0138516969775035e-07
7566,,3.013828888975967e-07
7567,,3.013698303461376e-07
7568,,3.0136479393700877e-07
7569,,3.0136176015535296e-07
7570,,3.0135942632238744e-07
7571,,3.013471192776161e-07
7572,,3.0134157672818874e-07
7573,,3.0133836600751675e-07
7574,,3.013359703752488e-07
7575,,3.0132453838817323e-07
7576,,3.0131840631200484e-07
7577,,3.0131498947532777e-07
7578,,3.0131252183326927e-07
7579,,3.01310386108522e-07
7580,,3.012952900944933e-07
7581,,3.012916331530237e-07
7582,,3.0128908160517033e-07
7583,,3.0128691662541075e-07
7584,,3.012722366934195e-07
7585,,3.0126830005620823e-07
7586,,3.012656507477309e-07
7587,,3.0126345165910393e-07
7588,,3.0124925615207775e-07
7589,,3.0124499370260385e-07
7590,,3.012422304901521e-07
7591,,3.0123999164351124e-07
7592,,3.012263601805471e-07
7593,,3.012217181880019e-07
7594,,3.012188222681407e-07
7595,,3.0121653708248585e-07
7596,,3.012035623998056e-07
7597,,3.01198478282318e-07
7598,,3.011954277505868e-07
7599,,3.0119308855539224e-07
7600,,3.011808787003467e-07
7601,,3.011752795469891e-07
7602,,3.011720488845812e-07
7603,,3.0116964675020467e-07
7604,,3.0115832757557074e-07
7605,,3.0115212846167426e-07
7606,,3.0114868793781886e-07
7607,,3.0114621245523075e-07
7608,,3.011440746360671e-07
7609,,3.0112903257091474e-07
7610,,3.0112534755024664e-07
7611,,3.011227865979715e-07
7612,,3.0112061896480875e-07
7613,,3.011060006617258e-07
7614,,3.011020308024563e-07
7615,,3.010993702556968e-07
7616,,3.010971678645702e-07
7617,,3.0108304297994535e-07
7618,,3.010787412779401e-07
7619,,3.0107596468164835e-07
7620,,3.0107372177225453e-07
7621,,3.010601714521551e-07
7622,,3.01055483153962e-07
7623,,3.0105257134266095e-07
7624,,3.0105028120147497e-07
7625,,3.0103739998877093e-07
7626,,3.010322612997124e-07
7627,,3.0102919193718385e-07
7628,,3.010268467483386e-07
7629,,3.0101474477160575e-07
7630,,3.01009081382625e-07
7631,,3.010058284553185e-07
7632,,3.010034191092398e-07
7633,,3.009922246829103e-07
7634,,3.009859500098723e-07
7635,,3.009824832078385e-07
7636,,3.009799990926906e-07
7637,,3.009778589362595e-07
7638,,3.009628748758706e-07
7639,,3.0095915888690536e-07
7640,,3.0095658764288686e-07
7641,,3.0095441708342797e-07
7642,,3.0093986495039254e-07
7643,,3.0093585863482764e-07
7644,,3.0093318585699357e-07
7645,,3.00930979854937e-07
7646,,3.0091693067403574e-07
7647,,3.009125861085846e-07
7648,,3.0090979501740447e-07
7649,,3.0090754769527806e-07
7650,,3.0089408422701037e-07
7651,,3.008893455702342e-07
7652,,3.0088641661331216e-07
7653,,3.0088412113055785e-07
7654,,3.008713397765801e-07
7655,,3.0086614198338196e-07
7656,,3.008630523887575e-07
7657,,3.008607007662515e-07
7658,,3.0084871385308043e-07
7659,,3.008429811296025e-07
7660,,3.008397043624236e-07
7661,,3.0083728731231486e-07
7662,,3.008262256911441e-07
7663,,3.0081986975453564e-07
7664,,3.0081637489818394e-07
7665,,3.0081388159524235e-07
7666,,3.008117389209036e-07
7667,,3.007968157040208e-07
7668,,3.007930667421936e-07
7669,,3.00790484576626e-07
7670,,3.0078831089376846e-07
7671,,3.007738281241657e-07
7672,,3.0076978310094835e-07
7673,,3.007670973800482e-07
7674,,3.007648875405633e-07
7675,,3.007509176775652e-07
7676,,3.00746527701945e-07
7677,,3.0074372130845904e-07
7678,,3.0074146932191796e-07
7679,,3.0072809677411913e-07
7680,,3.007233048963438e-07
7681,,3.007203578870107e-07
7682,,3.0071805677001393e-07
7683,,3.007053798886069e-07
7684,,3.0070011974643354e-07
7685,,3.0069700888928384e-07
7686,,3.0069465050463873e-07
7687,,3.0068278386245117e-07
7688,,3.00676978154898e-07
7689,,3.0067367638042235e-07
7690,,3.0067125125137173e-07
7691,,3.0066032834434983e-07
7692,,3.0065388699606315e-07
7693,,3.006503627667709e-07
7694,,3.006478598498058e-07
7695,,3.006457145246286e-07
7696,,3.006308542823127e-07
7697,,3.0062707085573555e-07
7698,,3.0062447728777853e-07
7699,,3.006223003215708e-07
7700,,3.006078893466729e-07
7701,,3.0060380391411294e-07
7702,,3.006011047017188e-07
7703,,3.00598890850126e-07
7704,,3.005850030583329e-07
7705,,3.0058056574842687e-07
7706,,3.005777434328207e-07
7707,,3.005754865761647e-07
7708,,3.0056220809583754e-07
7709,,3.005573607971665e-07
7710,,3.0055439502676337e-07
7711,,3.0055208804395374e-07
7712,,3.0053951920682646e-07
7713,,3.0053419422760635e-07
7714,,3.0053106129906567e-07
7715,,3.00528695887614e-07
7716,,3.005169535995128e-07
7717,,3.005110720614428e-07
7718,,3.0050774435442485e-07
7719,,3.005053108450311e-07
7720,,3.0049453129691987e-07
7721,,3.004880013109638e-07
7722,,3.0048444665269054e-07
7723,,3.004819337769719e-07
7724,,3.0047978568179653e-07
7725,,3.004649901571097e-07
7726,,3.004611710547624e-07
7727,,3.0045856568411803e-07
7728,,3.004563853033386e-07
7729,,3.0044204811456097e-07
7730,,3.0043792089455524e-07
7731,,3.004352077344898e-07
7732,,3.0043298971548787e-07
7733,,3.00419186287664e-07
7734,,3.004147000550937e-07
7735,,3.0041186129092247e-07
7736,,3.004095993900793e-07
7737,,3.0039641759195024e-07
7738,,3.0039151306879103e-07
7739,,3.003885279334903e-07
7740,,3.0038621488337133e-07
7741,,3.0037375710176953e-07
7742,,3.003683652033772e-07
7743,,3.0036520951405034e-07
7744,,3.0036283684298894e-07
7745,,3.003512223522323e-07
7746,,3.003452626096897e-07
7747,,3.003419081817163e-07
7748,,3.003394660223088e-07
7749,,3.0032883379928664e-07
7750,,3.0032221244064905e-07
7751,,3.0031862644136893e-07
7752,,3.003161033003049e-07
7753,,3.003139523308955e-07
7754,,3.0029922303661024e-07
7755,,3.0029536721630097e-07
7756,,3.002927496927025e-07
7757,,3.0029056578126056e-07
7758,,3.0027630412300573e-07
7759,,3.002721339099889e-07
7760,,3.002694063987568e-07
7761,,3.002671840753488e-07
7762,,3.002534670144397e-07
7763,,3.0024893048505483e-07
7764,,3.0024607480576683e-07
7765,,3.0024380770145714e-07
7766,,3.0023072490743017e-07
7767,,3.002257615621449e-07
7768,,3.002227565271344e-07
7769,,3.002204372269571e-07
7770,,3.0020809316557427e-07
7771,,3.0020263252223585e-07
7772,,3.0019945345074284e-07
7773,,3.0019707330983197e-07
7774,,3.001855897004538e-07
7775,,3.0017954963515627e-07
7776,,3.0017616776871993e-07
7777,,3.001737167197142e-07
7778,,3.0016323536795195e-07
7779,,3.001565202069881e-07
7780,,3.0015290204391664e-07
7781,,3.001503683515194e-07
7782,,3.00148214416318e-07
7783,,3.0013355274948513e-07
7784,,3.001296592527927e-07
7785,,3.001270292502623e-07
7786,,3.001248416936035e-07
7787,,3.0011065717761985e-07
7788,,3.001064428716773e-07
7789,,3.001037006314366e-07
7790,,3.0010147387332447e-07
7791,,3.0008784504842567e-07
7792,,3.000832569421083e-07
7793,,3.0008038391040264e-07
7794,,3.0007811145455166e-07
7795,,3.000651298180553e-07
7796,,3.000601061795408e-07
7797,,3.000570807370394e-07
7798,,3.0005475501666175e-07
7799,,3.0004252717690906e-07
7800,,3.0003699607548333e-07
7801,,3.000337930389837e-07
7802,,3.000314052277065e-07
7803,,3.0002005538870876e-07
7804,,3.0001393303247987e-07
7805,,3.000105230524182e-07
7806,,3.000080628789558e-07
7807,,3.000059353110823e-07
7808,,2.999909245003112e-07
7809,,2.9998727338770507e-07
7810,,2.9998472887983394e-07
7811,,2.9998257188211994e-07
7812,,2.999679791666841e-07
7813,,2.999640470898397e-07
7814,,2.999614042966865e-07
7815,,2.9995921298470777e-07
7816,,2.999451071527234e-07
7817,,2.999408476991187e-07
7818,,2.9993809037036175e-07
7819,,2.999358590526617e-07
7820,,2.999223202450244e-07
7821,,2.9991767934578553e-07
7822,,2.999147885457068e-07
7823,,2.9991251059159925e-07
7824,,2.998996321874898e-07
7825,,2.998945468416076e-07
7826,,2.9989150050816154e-07
7827,,2.9988916819154953e-07
7828,,2.9987705897590523e-07
7829,,2.9987145578739646e-07
7830,,2.9986822821967183e-07
7831,,2.9986583254249127e-07
7832,,2.998546192683259e-07
7833,,2.998484127145429e-07
7834,,2.9984497396441234e-07
7835,,2.9984250444170174e-07
7836,,2.998403743264706e-07
7837,,2.998254252295309e-07
7838,,2.998217404128405e-07
7839,,2.998191848224459e-07
7840,,2.99817024671175e-07
7841,,2.9980250220393763e-07
7842,,2.9979853066152075e-07
7843,,2.9979587477203637e-07
7844,,2.9979367960132713e-07
7845,,2.997796539528332e-07
7846,,2.9977534833295114e-07
7847,,2.997725755566869e-07
7848,,2.997703395570567e-07
7849,,2.997568925204069e-07
7850,,2.997521976359174e-07
7851,,2.997492886526136e-07
7852,,2.9974700505633696e-07
7853,,2.9973423191164075e-07
7854,,2.9972908348194386e-07
7855,,2.9972601577657854e-07
7856,,2.997236767032644e-07
7857,,2.997116884747167e-07
7858,,2.9970601158884466e-07
7859,,2.9970275893306536e-07
7860,,2.9970035519718406e-07
7861,,2.996892812240578e-07
7862,,2.996829886208664e-07
7863,,2.9967952045464943e-07
7864,,2.996770413534641e-07
7865,,2.9967490861206225e-07
7866,,2.9966002234201697e-07
7867,,2.9965630306130613e-07
7868,,2.996537361285559e-07
7869,,2.996515727308665e-07
7870,,2.996371217975356e-07
7871,,2.99633109917406e-07
7872,,2.9963044062452777e-07
7873,,2.9962824148552925e-07
7874,,2.996142975275047e-07
7875,,2.9960994471668075e-07
7876,,2.996071561403308e-07
7877,,2.996049153328748e-07
7878,,2.9959156180639463e-07
7879,,2.995868117578453e-07
7880,,2.995838841778074e-07
7881,,2.9958159479777454e-07
7882,,2.9956892894884827e-07
7883,,2.99563716049211e-07
7884,,2.9956062649277286e-07
7885,,2.99558280492881e-07
7886,,2.9954641561129793e-07
7887,,2.9954066343038635e-07
7888,,2.9953738512824596e-07
7889,,2.995349731369854e-07
7890,,2.995240412245064e-07
7891,,2.995176606979679e-07
7892,,2.9951416246450966e-07
7893,,2.995116735619001e-07
7894,,2.995095381126581e-07
7895,,2.994947157767416e-07
7896,,2.9949096127905234e-07
7897,,2.9948838273739146e-07
7898,,2.9948621600480096e-07
7899,,2.994718378985304e-07
7900,,2.994677848021421e-07
7901,,2.994651018010826e-07
7902,,2.99462898588933e-07
7903,,2.994490378158758e-07
7904,,2.9944463679954973e-07
7905,,2.9944183206577154e-07
7906,,2.9943958632710085e-07
7907,,2.994263280639033e-07
7908,,2.994215216595592e-07
7909,,2.994185750690246e-07
7910,,2.9941627975787724e-07
7911,,2.994037232358996e-07
7912,,2.993984444937916e-07
7913,,2.993953326034265e-07
7914,,2.993929795093298e-07
7915,,2.993812403487306e-07
7916,,2.9937541126037237e-07
7917,,2.9937210675347713e-07
7918,,2.9936968631054646e-07
7919,,2.993588992125375e-07
7920,,2.9935242889974514e-07
7921,,2.9934889994746005e-07
7922,,2.9934640101223466e-07
7923,,2.9934426277676996e-07
7924,,2.9932950549593983e-07
7925,,2.9932571501986307e-07
7926,,2.9932312460560776e-07
7927,,2.9932095444072467e-07
7928,,2.9930665046627975e-07
7929,,2.993025552662524e-07
7930,,2.992998582459647e-07
7931,,2.9929765085153364e-07
7932,,2.992838747921824e-07
7933,,2.992794245321301e-07
7934,,2.992766032805396e-07
7935,,2.992743524832733e-07
7936,,2.992611912547852e-07
7937,,2.9925632729409573e-07
7938,,2.992533612755777e-07
7939,,2.992510598851999e-07
7940,,2.992386147619676e-07
7941,,2.992332687730536e-07
7942,,2.99230134056953e-07
7943,,2.9922777369684626e-07
7944,,2.9921616266048194e-07
7945,,2.9921025504191645e-07
7946,,2.9920692375532464e-07
7947,,2.9920449466226793e-07
7948,,2.991938551883017e-07
7949,,2.9918729318595205e-07
7950,,2.991837328499131e-07
7951,,2.9918122365088145e-07
7952,,2.991790825485656e-07
7953,,2.991643914537473e-07
7954,,2.9916056422999144e-07
7955,,2.99157961675103e-07
7956,,2.9915578798130467e-07
7957,,2.9914155946423494e-07
7958,,2.9913742126412905e-07
7959,,2.9913470990963486e-07
7960,,2.9913249822199565e-07
7961,,2.9911880841296155e-07
7962,,2.9911430786892567e-07
7963,,2.991114697339006e-07
7964,,2.991092137509105e-07
7965,,2.9909615135435887e-07
7966,,2.9909122861889343e-07
7967,,2.990882427430596e-07
7968,,2.9908593512589793e-07
7969,,2.990736034855817e-07
7970,,2.990681888375732e-07
7971,,2.990650308034091e-07
7972,,2.990626630047275e-07
7973,,2.9905118253256436e-07
7974,,2.990451947271784e-07
7975,,2.9904183608769777e-07
7976,,2.9903939814169686e-07
7977,,2.9902890912054164e-07
7978,,2.9902225351540415e-07
7979,,2.9901866112673143e-07
7980,,2.990161414276901e-07
7981,,2.9901399737442183e-07
7982,,2.989993736242606e-07
7983,,2.989955088668067e-07
7984,,2.9899289389407617e-07
7985,,2.9899071657880346e-07
7986,,2.9897656486112014e-07
7987,,2.989723827459923e-07
7988,,2.98969656740976e-07
7989,,2.9896744064922673e-07
7990,,2.989538386624117e-07
7991,,2.989492867662968e-07
7992,,1.523947342322657
7993,,76701.20425896376
7994,,1.4885315524986984
7995,,703.4027868120712
7996,,1.4507057429145378
7997,,4.0996915958136535
7998,,1.3571852083923588
7999,,0.9760205486218401
8000,,0.9376700853522403
8001,,0.7381296223299642
8002,,7.474128896042235
8003,,0.7209826809188298
8004,,0.601705146143388
8005,,0.49641815463770755
8006,,0.20248504231151315
8007,,1.494640016151131
8008,,0.1937424986403984
8009,,0.16306013217020723
8010,,0.09411337431353216
8011,,0.07834455808219473
8012,,0.07775863127850653
8013,,0.1995899373300918
8014,,0.07714782788558862
8015,,0.07547472985854022
8016,,0.06994014917585653
8017,,0.06737517246069442
8018,,0.06172714814163177
8019,,0.04467038987763244
8020,,0.03871705181896
8021,,0.03828717073361236
8022,,0.038246100637250896
8023,,0.03824207807940238
8024,,0.038241683140785285
8025,,0.038241644356124274
8026,,0.03824164054721628
8027,,0.03824164017315544
8028,,0.038241640136419924
8029,,0.038241640132812685
8030,,0.03824164013245792
8031,,0.03824164013242364
8032,,0.03824164013242011
8033,,0.03824164013241985
8034,,0.038241640132419784
8035,,0.038241640132419784
8036,,4783.002025310094
8037,,0.03565787926563836
8038,,42.97691535546734
8039,,0.03319064073398904
8040,,0.36410060297551144
8041,,0.030711784273039878
8042,,0.02679016822621159
8043,,0.02618786181786845
8044,,0.02601028216585313
8045,,0.02594953929619481
8046,,0.025927690635527176
8047,,0.025919688902164766
8048,,0.025916738994314
8049,,0.02591564883801071
8050,,0.025915245602024312
8051,,0.025915096400206422
8052,,0.025915041187077985
8053,,0.025915020754162188
8054,,0.02591501319235408
8055,,0.025915010393866005
8056,,0.025915009358192322
8057,,0.02591500897490655
8058,,0.025915008833058868
8059,,0.025915008780563933
8060,,0.025915008761137025
8061,,0.025915008753946756
8062,,0.02591500875128551
8063,,0.02591500875030097
8064,,0.02591500874993609
8065,,0.025915008749801134
8066,,0.025915008749750612
8067,,0.025915008749732963
8068,,0.02591500874972681
8069,,1.034515696617994
8070,,0.023729651105461748
8071,,0.02466957299440391
8072,,0.02141783290273455
8073,,0.020872317664980485
8074,,0.018181969547935762
8075,,0.01638400603303348
8076,,0.014316664992191148
8077,,0.013186049454286718
8078,,0.012002227602813746
8079,,0.011181449567728804
8080,,0.009454736377967319
8081,,0.008018148696822443
8082,,0.007305024130528868
8083,,0.00709705418661127
8084,,0.0069971485251864585
8085,,0.006880500509215102
8086,,0.006606981923521455
8087,,0.0060870346117983375
8088,,0.005273449174525364
8089,,0.004108249082191983
8090,,0.002854564610002022
8091,,0.0022539160732584157
8092,,0.0020653170987234766
8093,,0.00195132626829592
8094,,0.001801437413468421
8095,,0.001512476713778181
8096,,0.0016902541884164096
8097,,0.0013720392421560025
8098,,0.0011104963049959826
8099,,0.001018646039141499
8100,,0.0009722510202131629
8101,,0.0009375798176146091
8102,,0.0008807452961389217
8103,,0.000796255462148889
8104,,0.0007014235027088832
8105,,0.0005935564272710582
8106,,0.0005438284397541792
8107,,0.0005259283748901681
8108,,0.0005102492583166923
8109,,0.0004820866609527517
8110,,0.0004225547286504961
8111,,0.00031891067826800024
8112,,0.0002463769190328649
8113,,0.00022066237128459806
8114,,0.0002133876395516361
8115,,0.00021059366146285817
8116,,0.00020948048647652587
8117,,0.00020765507687042558
8118,,0.00020506588054159194
8119,,0.0002019622032483924
8120,,0.0001991043155570426
8121,,0.0001956998848704262
8122,,0.00019167824677257568
8123,,0.00018923241453613947
8124,,0.00018680856857808344
8125,,0.00018362023490596993
8126,,0.00017259101274175306
8127,,0.00014139005756868558
8128,,0.0001055841414556413
8129,,8.39952921063993e-05
8130,,7.306980469413811e-05
8131,,6.777383928295369e-05
8132,,6.652895350833934e-05
8133,,6.525587311842384e-05
8134,,6.354792026794433e-05
8135,,6.143722396126101e-05
8136,,5.846776482130689e-05
8137,,5.476953787420764e-05
8138,,5.167074753428592e-05
8139,,4.9161080411404544e-05
8140,,4.766981021757976e-05
8141,,4.616051096579499e-05
8142,,4.3877653093574596e-05
8143,,3.965219229298433e-05
8144,,3.295666490095187e-05
8145,,2.7849092712758956e-05
8146,,2.3407542928570698e-05
8147,,2.138927644375625e-05
8148,,2.0785844441104497e-05
8149,,2.0625363743495105e-05
8150,,2.057333845011251e-05
8151,,2.053544575429361e-05
8152,,2.045700485716879e-05
8153,,2.029033351685446e-05
8154,,1.9921399674676057e-05
8155,,1.9138053946249573e-05
8156,,1.760526117102798e-05
8157,,1.4980403359482078e-05
8158,,1.1074568127468673e-05
8159,,1.4807338541872272e-05
8160,,1.0050130921063318e-05
8161,,7.281514533417368e-06
8162,,5.766957558212817e-06
8163,,5.464705084842986e-06
8164,,5.390531825258493e-06
8165,,5.333324746344228e-06
8166,,5.204678685640642e-06
8167,,4.94401155413506e-06
8168,,4.4974908632845126e-06
8169,,3.94065323488974e-06
8170,,3.597080524145635e-06
8171,,3.5011132051362933e-06
8172,,3.485926338871027e-06
8173,,3.48206012404178e-06
8174,,3.4778495728725848e-06
8175,,3.4672239587368593e-06
8176,,3.4498869080435978e-06
8177,,3.41359488631658e-06
8178,,3.33989096916483e-06
8179,,3.188577101809323e-06
8180,,2.8797962074916355e-06
8181,,2.2961773595658217e-06
8182,,1.4505966782287331e-06
8183,,1.177084402433113e-06
8184,,6.357284500015779e-07
8185,,3.5728006962158594e-07
8186,,3.135457203350295e-07
8187,,3.082988302875865e-07
8188,,3.0783707044898463e-07
8189,,3.0778200818175903e-07
8190,,3.077590756880596e-07
8191,,3.0764371429136e-07
8192,,3.0744910446168293e-07
8193,,3.05963509371747e-07
8194,,3.0008461048852564e-07
8195,,2.8865112455034423e-07
8196,,2.784546607801695e-07
8197,,2.7351822929985073e-07
8198,,2.72063329530193e-07
8199,,2.717545065230557e-07
8200,,2.7172295304314216e-07
8201,,2.717197245520277e-07
8202,,2.717188525668897e-07
8203,,2.7171837559045527e-07
8204,,2.717179940594118e-07
8205,,2.717155597549201e-07
8206,,2.7171471977976753e-07
8207,,2.7171423804493934e-07
8208,,2.7171385386061606e-07
8209,,2.717114516227183e-07
8210,,2.7171059312910304e-07
8211,,2.7171010167180273e-07
8212,,2.717097139976007e-07
8213,,2.717073644509158e-07
8214,,2.717064706242071e-07
8215,,2.717059663390806e-07
8216,,2.7170557446840994e-07
8217,,2.717032927244479e-07
8218,,2.7170235182182115e-07
8219,,2.7170183202316975e-07
8220,,2.717014352805555e-07
8221,,2.716992348044356e-07
8222,,2.7169823662276915e-07
8223,,2.716976987564641e-07
8224,,2.7169729645040746e-07
8225,,2.716951902493642e-07
8226,,2.7169412511282384e-07
8227,,2.716935665941268e-07
8228,,2.7169315800255183e-07
8229,,2.71691159299167e-07
8230,,2.7169001750167546e-07
8231,,2.7168943562422965e-07
8232,,2.716890199656157e-07
8233,,2.716871426762396e-07
8234,,2.716859140950316e-07
8235,,2.7168530595234046e-07
8236,,2.716848823746194e-07
8237,,2.716845138262418e-07
8238,,2.716818152773166e-07
8239,,2.716811777064218e-07
8240,,2.7168074527017663e-07
8241,,2.716803740578385e-07
8242,,2.716777215164136e-07
8243,,2.7167705103264195e-07
8244,,2.716766086979047e-07
8245,,2.7167623450890566e-07
8246,,2.7167363335214537e-07
8247,,2.716729260999186e-07
8248,,2.716724727092156e-07
8249,,2.7167209519650945e-07
8250,,2.7166955140522163e-07
8251,,2.71668803101951e-07
8252,,2.7166833736600437e-07
8253,,2.7166795613796567e-07
8254,,2.7166547637564894e-07
8255,,2.7166468225137e-07
8256,,2.71664202732266e-07
8257,,2.716638173530853e-07
8258,,2.716614090551598e-07
8259,,2.716605637921776e-07
8260,,2.716600688821043e-07
8261,,2.7165967886365e-07
8262,,2.716573503357803e-07
8263,,2.7165644799978477e-07
8264,,2.716559359013879e-07
8265,,2.716555407007626e-07
8266,,2.716533012229555e-07
8267,,2.7165233517946534e-07
8268,,2.716518038839691e-07
8269,,2.7165140288797776e-07
8270,,2.716492628398496e-07
8271,,2.7164822567840425e-07
8272,,2.716476729351009e-07
8273,,2.716472654605306e-07
8274,,2.716452364566273e-07
8275,,2.7164411988429385e-07
8276,,2.7164354317636693e-07
8277,,2.7164312845281135e-07
8278,,2.7164122349097265e-07
8279,,2.716400182326773e-07
8280,,2.7163941473995994e-07
8281,,2.7163899191277214e-07
8282,,2.716386234252181e-07
8283,,2.7163592121470474e-07
8284,,2.7163528778013145e-07
8285,,2.7163485588046935e-07
8286,,2.7163448464143917e-07
8287,,2.7163182938427886e-07
8288,,2.716311624660919e-07
8289,,2.7163072041279454e-07
8290,,2.7163034609067153e-07
8291,,2.7162774336148393e-07
8292,,2.7162703898987077e-07
8293,,2.7162658556884774e-07
8294,,2.7162620778903386e-07
8295,,2.7162366384667655e-07
8296,,2.716229175680133e-07
8297,,2.716224514159328e-07
8298,,2.7162206975918947e-07
8299,,2.716195916271418e-07
8300,,2.7161879844795176e-07
8301,,2.716183180289115e-07
8302,,2.7161793202464623e-07
8303,,2.7161552758781966e-07
8304,,2.7161468190143334e-07
8305,,2.7161418549800314e-07
8306,,2.716137946112693e-07
8307,,2.716114727318014e-07
8308,,2.7161056824139997e-07
8309,,2.716100539146351e-07
8310,,2.7160965755147335e-07
8311,,2.7160742818612514e-07
8312,,2.7160645782112623e-07
8313,,2.716059233939674e-07
8314,,2.7160552087757974e-07
8315,,2.716033952223993e-07
8316,,2.716023510332763e-07
8317,,2.7160179405777307e-07
8318,,2.7160138463319e-07
8319,,2.715993752774497e-07
8320,,2.7159824833205483e-07
8321,,2.7159766604816343e-07
8322,,2.7159724885987825e-07
8323,,2.715953699723669e-07
8324,,2.7159415022087817e-07
8325,,2.7159353952405297e-07
8326,,2.7159311360823274e-07
8327,,2.715927439171179e-07
8328,,2.715900572774889e-07
8329,,2.715894146659714e-07
8330,,2.7158897893367225e-07
8331,,2.715886062153321e-07
8332,,2.715859701493925e-07
8333,,2.715852916822219e-07
8334,,2.715848449031137e-07
8335,,2.715844687733981e-07
8336,,2.7158188957599323e-07
8337,,2.715811708016827e-07
8338,,2.715807115915711e-07
8339,,2.7158033161468e-07
8340,,2.715778163904835e-07
8341,,2.7157705229091797e-07
8342,,2.7157657908289623e-07
8343,,2.7157619476692964e-07
8344,,2.7157375153988683e-07
8345,,2.715729364480299e-07
8346,,2.7157244747041936e-07
8347,,2.7157205826007627e-07
8348,,2.7156969609615105e-07
8349,,2.715688236152601e-07
8350,,2.7156831686486174e-07
8351,,2.715679221296519e-07
8352,,2.715656512763361e-07
8353,,2.7156471418262436e-07
8354,,2.715641873905789e-07
8355,,2.715637864146843e-07
8356,,2.715616184682165e-07
8357,,2.715606085857886e-07
8358,,2.715600591862617e-07
8359,,2.715596511598708e-07
8360,,2.715575992388061e-07
8361,,2.715565073267415e-07
8362,,2.7155593241442955e-07
8363,,2.71555516419087e-07
8364,,2.7155359537643715e-07
8365,,2.7155241098095296e-07
8366,,2.7155180725805786e-07
8367,,2.7155138225068883e-07
8368,,2.7155101246977235e-07
8369,,2.7154832019287984e-07
8370,,2.715476839242341e-07
8371,,2.715472487202683e-07
8372,,2.7154687573217085e-07
8373,,2.7154423570616154e-07
8374,,2.715435626541441e-07
8375,,2.7154311590591146e-07
8376,,2.715427392819306e-07
8377,,2.715401583646698e-07
8378,,2.715394437181895e-07
8379,,2.7153898389798936e-07
8380,,2.7153860314723044e-07
8381,,2.715360891306701e-07
8382,,2.7153532742943114e-07
8383,,2.7153485279484266e-07
8384,,2.715344673628362e-07
8385,,2.7153202910426695e-07
8386,,2.7153121414180793e-07
8387,,2.7153072271329695e-07
8388,,2.7153033196387715e-07
8389,,2.7152797954056083e-07
8390,,2.7152710426152685e-07
8391,,2.715265937843192e-07
8392,,2.7152619699294937e-07
8393,,2.715239418708047e-07
8394,,2.715229982547252e-07
8395,,2.7152246616137464e-07
8396,,2.7152206250056577e-07
8397,,2.715199177357264e-07
8398,,2.715188966519165e-07
8399,,2.715183400152782e-07
8400,,2.715179285453531e-07
8401,,2.7151590900793905e-07
8402,,2.715148000640096e-07
8403,,2.7151421554667286e-07
8404,,2.715137951909164e-07
8405,,2.7151191782815326e-07
8406,,2.7151070918776556e-07
8407,,2.71510092984389e-07
8408,,2.715096625115178e-07
8409,,2.7150929054396773e-07
8410,,2.7150662482357496e-07
8411,,2.7150597259014493e-07
8412,,2.715055305942153e-07
8413,,2.715051549281139e-07
8414,,2.715025478857239e-07
8415,,2.7150185466218756e-07
8416,,2.7150139953851465e-07
8417,,2.715010196503076e-07
8418,,2.71498479427363e-07
8419,,2.714977395473555e-07
8420,,2.714972694575163e-07
8421,,2.7149688474694e-07
8422,,2.7149442065386163e-07
8423,,2.714936276418708e-07
8424,,2.7149314047987086e-07
8425,,2.714927502644518e-07
8426,,2.714903729492147e-07
8427,,2.7148951940037935e-07
8428,,2.71489012759269e-07
8429,,2.7148861624850445e-07
8430,,2.714863379018918e-07
8431,,2.714854153470954e-07
8432,,2.7148488646554544e-07
8433,,2.7148448275890864e-07
8434,,2.714823173376729e-07
8435,,2.7148131608176753e-07
8436,,2.714807617991102e-07
8437,,2.7148034986222474e-07
8438,,2.7147831335038536e-07
8439,,2.714772222992177e-07
8440,,2.714766389918274e-07
8441,,2.7147621763203495e-07
8442,,2.714743283565183e-07
8443,,2.7147313479505066e-07
8444,,2.7147251830348826e-07
8445,,2.7147208615696736e-07
8446,,2.7147171318507067e-07
8447,,2.7146905448770796e-07
8448,,2.714684000403552e-07
8449,,2.7146795554046533e-07
8450,,2.714675785334994e-07
8451,,2.7146498242827504e-07
8452,,2.7146428455262123e-07
8453,,2.7146382589868706e-07
8454,,2.714634442602964e-07
8455,,2.7146091983531914e-07
8456,,2.7146017224321123e-07
8457,,2.714596973626711e-07
8458,,2.714593104123585e-07
8459,,2.7145686810869465e-07
8460,,2.714560635800285e-07
8461,,2.714555700913911e-07
8462,,2.714551770385055e-07
8463,,2.7145282886294256e-07
8464,,2.7145195909847343e-07
8465,,2.7145144426259404e-07
8466,,2.714510442012192e-07
8467,,2.7144880395573635e-07
8468,,2.7144785942088503e-07
8469,,2.714473200824552e-07
8470,,2.714469119669249e-07
8471,,2.714447955333029e-07
8472,,2.7144376525963736e-07
8473,,2.714431977928245e-07
8474,,2.7144278041870435e-07
8475,,2.714408060700432e-07
8476,,2.714396774401826e-07
8477,,2.7143907766764025e-07
8478,,2.714386496483589e-07
8479,,2.714382776399797e-07
8480,,2.714355969179864e-07
8481,,2.71434960026845e-07
8482,,2.71434519760473e-07
8483,,2.714341437045242e-07
8484,,2.714315247900907e-07
8485,,2.714308452368363e-07
8486,,2.7143039088246976e-07
8487,,2.714300101615806e-07
8488,,2.7142746232870066e-07
8489,,2.7142673372696624e-07
8490,,2.714262631545721e-07
8491,,2.714258770599309e-07
8492,,2.714234110030595e-07
8493,,2.714226259868018e-07
8494,,2.7142213674339465e-07
8495,,2.714217444540542e-07
8496,,2.71419372505858e-07
8497,,2.714185225849134e-07
8498,,2.7141801183737467e-07
8499,,2.714176124071655e-07
8500,,2.7141534880045613e-07
8501,,2.71414424179955e-07
8502,,2.714138886615683e-07
8503,,2.714134809972959e-07
8504,,2.714113421499449e-07
8505,,2.7141033153372547e-07
8506,,2.714097674708871e-07
8507,,2.7140935030758926e-07
8508,,2.7140735517551217e-07
8509,,2.714062455246235e-07
8510,,2.7140564855936034e-07
8511,,2.7140522043991725e-07
8512,,2.7140339090210854e-07
8513,,2.714021671703412e-07
8514,,2.714015322711214e-07
8515,,2.714010915089925e-07
8516,,2.714007149629393e-07
8517,,2.713980976519715e-07
8518,,2.71397419003411e-07
8519,,2.713969636478564e-07
8520,,2.713965822275597e-07
8521,,2.713940383274376e-07
8522,,2.713933092139172e-07
8523,,2.7139283701408093e-07
8524,,2.7139244996001506e-07
8525,,2.713899907765714e-07
8526,,2.7138920343652686e-07
8527,,2.713887117831908e-07
8528,,2.7138831822080416e-07
8529,,2.7138595682660213e-07
8530,,2.713851022835475e-07
8531,,2.7138458816575737e-07
8532,,2.713841870799996e-07
8533,,2.713819385889494e-07
8534,,2.713810064704767e-07
8535,,2.713804663996799e-07
8536,,2.7138005661994186e-07
8537,,2.71377938509289e-07
8538,,2.713769168220539e-07
8539,,2.7137634676811755e-07
8540,,2.713759269355173e-07
8541,,2.7137395942283164e-07
8542,,2.713728342964291e-07
8543,,2.71372229591693e-07
8544,,2.713717981331088e-07
8545,,2.7137142448697396e-07
8546,,2.713687599976557e-07
8547,,2.7136811524406843e-07
8548,,2.713676703402159e-07
8549,,2.7136729217895535e-07
8550,,2.7136469521292656e-07
8551,,2.7136400415923646e-07
8552,,2.7136354370621706e-07
8553,,2.7136316031628e-07
8554,,2.7136064142547276e-07
8555,,2.7135989684291283e-07
8556,,2.7135941839931444e-07
8557,,2.7135902895773506e-07
8558,,2.713566003602431e-07
8559,,2.713557938746726e-07
8560,,2.71355294615661e-07
8561,,2.71354898169931e-07
8562,,2.713525740138558e-07
8563,,2.7135169593057635e-07
8564,,2.71351172586644e-07
8565,,2.7135076802923083e-07
8566,,2.7134856470013344e-07
8567,,2.713476037941369e-07
8568,,2.713470525747235e-07
8569,,2.7134663862763403e-07
8570,,2.7134457509859365e-07
8571,,2.7134351837246945e-07
8572,,2.7134293488940566e-07
8573,,2.71342510068544e-07
8574,,2.713406083203701e-07
8575,,2.713394407194523e-07
8576,,2.713388198866872e-07
8577,,2.713383824717833e-07
8578,,2.7133800668732834e-07
8579,,2.7133537205324654e-07
8580,,2.7133470797933193e-07
8581,,2.7133425597786e-07
8582,,2.7133387527127216e-07
8583,,2.713313137901029e-07
8584,,2.7133059964653097e-07
8585,,2.7133013075019684e-07
8586,,2.713297443391566e-07
8587,,2.713272675685919e-07
8588,,2.7132649544516904e-07
8589,,2.7132600697587343e-07
8590,,2.713256139563502e-07
8591,,2.7132323529361037e-07
8592,,2.713223960203284e-07
8593,,2.7132188487481783e-07
8594,,2.713214841947925e-07
8595,,2.713192191661753e-07
8596,,2.713183021180811e-07
8597,,2.7131776470207354e-07
8598,,2.71317355139789e-07
8599,,2.713152217490122e-07
8600,,2.713142146063778e-07
8601,,2.7131364674777805e-07
8602,,2.713132268940608e-07
8603,,2.7131124600721114e-07
8604,,2.713101344934272e-07
8605,,2.7130953135736336e-07
8606,,2.7130909957399577e-07
8607,,2.7130872561329584e-07
8608,,2.713060629455304e-07
8609,,2.7130541892309144e-07
8610,,2.7130497330902365e-07
8611,,2.713045946710364e-07
8612,,2.71302001314982e-07
8613,,2.7130130990722627e-07
8614,,2.713008482599732e-07
8615,,2.713004641957515e-07
8616,,2.712979511734318e-07
8617,,2.7129720484262914e-07
8618,,2.7129672460706314e-07
8619,,2.712963342485187e-07
8620,,2.7129391434423917e-07
8621,,2.7129310434723017e-07
8622,,2.7129260255785506e-07
8623,,2.712922049032994e-07
8624,,2.7128989294020426e-07
8625,,2.7128900914070874e-07
8626,,2.712884823588439e-07
8627,,2.7128807624051204e-07
8628,,2.7128588941519634e-07
8629,,2.7128492005158074e-07
8630,,2.712843642916593e-07
8631,,2.7128394835344827e-07
8632,,2.7128190661417524e-07
8633,,2.7128083805010306e-07
8634,,2.712802486829086e-07
8635,,2.7127982135843e-07
8636,,2.7127794784087824e-07
8637,,2.712767642532508e-07
8638,,2.7127613591550173e-07
8639,,2.712756953836738e-07
8640,,2.7127531842013055e-07
8641,,2.71272699967579e-07
8642,,2.712720264308217e-07
8643,,2.712715705760941e-07
8644,,2.7127118842009154e-07
8645,,2.7126864669757476e-07
8646,,2.712679207417696e-07
8647,,2.7126744711459485e-07
8648,,2.7126705893338704e-07
8649,,2.7126460619745427e-07
8650,,2.7126381944054283e-07
8651,,2.7126332519893347e-07
8652,,2.7126293002590353e-07
8653,,2.712605805031164e-07
8654,,2.712597232257903e-07
8655,,2.712592050635232e-07
8656,,2.712588017796125e-07
8657,,2.7125657196961975e-07
8658,,2.7125563289073973e-07
8659,,2.712550869809158e-07
8660,,2.71254674285246e-07
8661,,2.7125258333840004e-07
8662,,2.7125154936997965e-07
8663,,2.712509712686598e-07
8664,,2.7125054764972575e-07
8665,,2.712486177862511e-07
8666,,2.712474737406451e-07
8667,,2.71246858292604e-07
8668,,2.712464220005945e-07
8669,,2.712460464614535e-07
8670,,2.7124340725946505e-07
8671,,2.712427484772773e-07
8672,,2.712422974790753e-07
8673,,2.712419169500242e-07
8674,,2.712393513813212e-07
8675,,2.7123864231970225e-07
8676,,2.7123817425791945e-07
8677,,2.712377879362529e-07
8678,,2.712353077907726e-07
8679,,2.7123454039329347e-07
8680,,2.7123405252599895e-07
8681,,2.7123365948414504e-07
8682,,2.712312784507857e-07
8683,,2.712304433629968e-07
8684,,2.7122993251529603e-07
8685,,2.712295316728511e-07
8686,,2.7122726563345423e-07
8687,,2.7122635200278777e-07
8688,,2.7122581448575374e-07
8689,,2.7122540459008887e-07
8690,,2.7122327198316763e-07
8691,,2.7122226721085867e-07
8692,,2.7122169874527875e-07
8693,,2.7122127833905013e-07
8694,,2.712193005613474e-07
8695,,2.7121819002663825e-07
8696,,2.7121758564241514e-07
8697,,2.7121715303961664e-07
8698,,2.7121677875417694e-07
8699,,2.71214121661798e-07
8700,,2.712134755943505e-07
8701,,2.712130288342615e-07
8702,,2.7121264974302035e-07
8703,,2.712100635186546e-07
8704,,2.7120936907548206e-07
8705,,2.712089058822092e-07
8706,,2.712085212130237e-07
8707,,2.7120601722805447e-07
8708,,2.7120526664004344e-07
8709,,2.7120478437647717e-07
8710,,2.712043932277465e-07
8711,,2.712019846820315e-07
8712,,2.712011689303249e-07
8713,,2.7120066452921514e-07
8714,,2.712002658632333e-07
8715,,2.711979680758044e-07
8716,,2.7119707669603305e-07
8717,,2.7119654659840036e-07
8718,,2.7119613920556427e-07
8719,,2.7119396995738533e-07
8720,,2.71192990802561e-07
8721,,2.711924308808266e-07
8722,,2.7119201335373004e-07
8723,,2.7118999328677985e-07
8724,,2.7118891225487587e-07
8725,,2.711883177132751e-07
8726,,2.711878884248811e-07
8727,,2.711860414998355e-07
8728,,2.7118484222028745e-07
8729,,2.711842074988203e-07
8730,,2.711837645541697e-07
8731,,2.711833867741681e-07
8732,,2.711807820588766e-07
8733,,2.7118010069175716e-07
8734,,2.711796418990013e-07
8735,,2.7117925873358853e-07
8736,,2.711767333416798e-07
8737,,2.711759978336061e-07
8738,,2.711755206408393e-07
8739,,2.711751312240747e-07
8740,,2.71172697896553e-07
8741,,2.711718995422951e-07
8742,,2.711714009909149e-07
8743,,2.711710043167781e-07
8744,,2.711686778460781e-07
8745,,2.7116780654127067e-07
8746,,2.7116728319354274e-07
8747,,2.711668780949494e-07
8748,,2.711646756531129e-07
8749,,2.7116371966767223e-07
8750,,2.711631675362613e-07
8751,,2.711627526546188e-07
8752,,2.711606941776319e-07
8753,,2.711596398935784e-07
8754,,2.7115905434800037e-07
8755,,2.7115862810969505e-07
8756,,2.7115673673824704e-07
8757,,2.7115556834969185e-07
8758,,2.7115494401356844e-07
8759,,2.71154504590097e-07
8760,,2.7115412802640253e-07
8761,,2.711515063433698e-07
8762,,2.7115083697605566e-07
8763,,2.7115038224791024e-07
8764,,2.711500004825487e-07
8765,,2.7114745540057154e-07
8766,,2.7114673375784313e-07
8767,,2.711462612578761e-07
8768,,2.7114587345374205e-07
8769,,2.711434172837938e-07
8770,,2.7114263495693055e-07
8771,,2.7114214182499317e-07
8772,,2.7114174701076723e-07
8773,,2.711393940481251e-07
8774,,2.7113854126957383e-07
8775,,2.711380241888904e-07
8776,,2.711376212328007e-07
8777,,2.7113538807145975e-07
8778,,2.7113445350958336e-07
8779,,2.711339086221385e-07
8780,,2.7113349621416397e-07
8781,,2.711314021204596e-07
8782,,2.7113037261472796e-07
8783,,2.7112979544476643e-07
8784,,2.711293720635696e-07
8785,,2.711274394063441e-07
8786,,2.711262996779129e-07
8787,,2.7112568502897926e-07
8788,,2.711252489065519e-07
8789,,2.7112487348798844e-07
8790,,2.711222359653e-07
8791,,2.7112157780555074e-07
8792,,2.711211268910697e-07
8793,,2.711207464458858e-07
8794,,2.711181829497506e-07
8795,,2.7111747427583904e-07
8796,,2.711170061860598e-07
8797,,2.711166199043665e-07
8798,,2.7111414233845895e-07
8799,,2.7111337502127986e-07
8800,,7.551456850759251
8801,,78843.0684801649
8802,,7.453777255970262
8803,,662.1677054310416
8804,,7.337179305870961
8805,,0.6453614921208243
8806,,1.6053780377508904
8807,,0.6279803486683863
8808,,0.5344470760412553
8809,,0.5277124158863942
8810,,0.48382939265121233
8811,,24.709139800880298
8812,,0.4797983289414158
8813,,0.5625547662852506
8814,,0.47040886762320094
8815,,0.4588517578395051
8816,,0.49046138985578364
8817,,0.44438954665837066
8818,,0.41334935692509556
8819,,0.3931580298271241
8820,,0.23885467790120424
8821,,1.4562074550642734
8822,,0.2099516823304214
8823,,0.12750566753908188
8824,,0.28047798666429924
8825,,0.12369410261343379
8826,,0.11491418287584035
8827,,0.1594722840309233
8828,,0.11067024817720125
8829,,0.11827135972753589
8830,,0.10144851684508457
8831,,0.09233316988228452
8832,,0.08676847061701348
8833,,0.0863343777125442
8834,,0.08629747503071555
8835,,0.08629431546393215
8836,,0.0862940447805954
8837,,0.08629402158966612
8838,,0.08629401960276363
8839,,0.08629401943253343
8840,,0.08629401941794863
8841,,0.086294019416698
8842,,0.08629401941659187
8843,,0.08629401941658246
8844,,0.08629401941658187
8845,,0.08629401941658177
8846,,0.08629401941658177
8847,,14.092904932879158
8848,,0.07563878850744546
8849,,0.08811544244629346
8850,,0.04753930486884229
8851,,0.04018945365994345
8852,,0.03250240101289372
8853,,0.06412496315073228
8854,,0.027472711958317884
8855,,0.04960355434639182
8856,,0.023264108138240723
8857,,0.02669133396057134
8858,,0.01943913816797122
8859,,0.01651225393455465
8860,,0.013016374098484284
8861,,0.01063555598571799
8862,,0.009745229649291384
8863,,0.00878911417711605
8864,,0.007688860114208932
8865,,0.00661461482313383
8866,,0.004423396847761778
8867,,0.003995506088338009
8868,,0.003571541500417917
8869,,0.0029013881951421034
8870,,0.002469649970908836
8871,,0.0020490346637524947
8872,,0.0016580763730609878
8873,,0.0014042159626028255
8874,,0.0012109212269234405
8875,,0.0011703574761462864
8876,,0.0011265180671493247
8877,,0.0010323764397389761
8878,,0.0008681133592104914
8879,,0.0006848209637866015
8880,,0.0006109137720314107
8881,,0.0005539043482189934
8882,,0.0005326058695020342
8883,,0.0005151215058926457
8884,,0.0004961031498414211
8885,,0.0004694872943990189
8886,,0.00044129793591933547
8887,,0.0004162888161728006
8888,,0.0003903523502693394
8889,,0.0003580999023561841
8890,,0.000351286145180987
8891,,0.0003093775061344339
8892,,0.00029275098544491923
8893,,0.00028154179143461485
8894,,0.00027073645611060435
8895,,0.00025562324581796534
8896,,0.000218442645547787
8897,,0.00014491293592165094
8898,,0.0001084124229200994
8899,,9.64067973180262e-05
8900,,9.3332153116883e-05
8901,,9.237497252334916e-05
8902,,9.113740077957536e-05
8903,,8.889985070610336e-05
8904,,8.570321658500323e-05
8905,,8.013064577395625e-05
8906,,7.220028152788673e-05
8907,,5.746408245560779e-05
8908,,4.6425997805239885e-05
8909,,4.066724637456854e-05
8910,,3.824932181263065e-05
8911,,3.664928799678386e-05
8912,,3.5004790866633405e-05
8913,,3.276300900641658e-05
8914,,3.3865482840569226e-05
8915,,3.1969168866875756e-05
8916,,3.069928016425122e-05
8917,,3.0267417396943916e-05
8918,,3.0142964825132992e-05
8919,,3.0056136613267666e-05
8920,,2.9894932071089966e-05
8921,,2.949173106639974e-05
8922,,2.8631619389522203e-05
8923,,2.6877746495889355e-05
8924,,2.3867435647426367e-05
8925,,2.0021707429689803e-05
8926,,2.3350035633070315e-05
8927,,1.8885516162998603e-05
8928,,1.647885405777869e-05
8929,,1.5301283885837287e-05
8930,,1.4940236288450788e-05
8931,,1.4596567543507954e-05
8932,,1.4006806476156785e-05
8933,,1.3027342915821182e-05
8934,,1.1842361353083924e-05
8935,,1.124875000663753e-05
8936,,1.1069197694610614e-05
8937,,1.10321548419962e-05
8938,,1.101968714954889e-05
8939,,1.1004091195403664e-05
8940,,1.0979769703936954e-05
8941,,1.0935284709340108e-05
8942,,1.0823505367880264e-05
8943,,1.0578139577413925e-05
8944,,1.0046479708234378e-05
8945,,9.022999227668335e-06
8946,,7.426138503971854e-06
8947,,6.737877232149045e-06
8948,,5.34923214223735e-06
8949,,4.548884449320479e-06
8950,,4.382511062650975e-06
8951,,4.358786668319403e-06
8952,,4.35593588138348e-06
8953,,4.355137595989012e-06
8954,,4.3540914422182885e-06
8955,,4.351605401333705e-06
8956,,4.345889961305646e-06
8957,,4.3326622681548935e-06
8958,,4.302313659329494e-06
8959,,4.233787058834744e-06
8960,,4.084676306458678e-06
8961,,3.785759308914628e-06
8962,,3.281070830669016e-06
8963,,2.663353158585665e-06
8964,,2.2874669535566794e-06
8965,,2.093083076222208e-06
8966,,1.9778254808197814e-06
8967,,1.969882992223756e-06
8968,,1.9679456365624894e-06
8969,,1.9650262845195695e-06
8970,,1.9586513832034665e-06
8971,,1.9441007411689545e-06
8972,,1.911118049521684e-06
8973,,1.837633003481117e-06
8974,,1.6818464866760174e-06
8975,,1.3859319694919177e-06
8976,,9.367913015248936e-07
8977,,4.813874854399599e-07
8978,,2.2385646938408695e-07
8979,,1.4876285972370536e-07
8980,,1.370272302987217e-07
8981,,1.3593741078393986e-07
8982,,1.3585462407282377e-07
8983,,1.3584780930858488e-07
8984,,1.358463454298461e-07
8985,,1.3584572753605748e-07
8986,,1.3584534385550154e-07
8987,,1.3584503763242702e-07
8988,,1.3584323655040518e-07
8989,,1.358425807043402e-07
8990,,1.358421797333718e-07
8991,,1.3584186696590883e-07
8992,,1.3584015170325532e-07
8993,,1.3583944001704665e-07
8994,,1.358390177766424e-07
8995,,1.358386972450583e-07
8996,,1.358370863516073e-07
8997,,1.358363057454469e-07
8998,,1.358358582230274e-07
8999,,1.3583552856806557e-07
9000,,1.3583404138010314e-07
9001,,1.3583317864795845e-07
9002,,1.3583270139284168e-07
9003,,1.3583236105471632e-07
9004,,1.3583206950854647e-07
9005,,1.3583005975237346e-07
9006,,1.3582954767169196e-07
9007,,1.3582919484606816e-07
9008,,1.3582889883849464e-07
9009,,1.3582695031680164e-07
9010,,1.3582639751810957e-07
9011,,1.3582603010713333e-07
9012,,1.3582572889021083e-07
9013,,1.3582385183240008e-07
9014,,1.358232514713663e-07
9015,,1.3582286703151082e-07
9016,,1.3582255973198846e-07
9017,,1.3582076605187784e-07
9018,,1.3582011016165347e-07
9019,,1.3581970584355744e-07
9020,,1.358193914433443e-07
9021,,1.3581769502814967e-07
9022,,1.3581697432128038e-07
9023,,1.3581654680834667e-07
9024,,1.3581622411859895e-07
9025,,1.3581464115515012e-07
9026,,1.3581384481129336e-07
9027,,1.3581339023158872e-07
9028,,1.3581305786867522e-07
9029,,1.358116072271488e-07
9030,,1.358107226318605e-07
9031,,1.3581023647191208e-07
9032,,1.3580989282238e-07
9033,,1.3580960015685992e-07
9034,,1.3580760895046647e-07
9035,,1.3580708594839617e-07
9036,,1.3580672912782864e-07
9037,,1.358064317638641e-07
9038,,1.358045051281157e-07
9039,,1.358039391470855e-07
9040,,1.3580356696028067e-07
9041,,1.3580326411278897e-07
9042,,1.3580141275642805e-07
9043,,1.3580079663745917e-07
9044,,1.3580040652339815e-07
9045,,1.3580009727519666e-07
9046,,1.35798333685424e-07
9047,,1.357976590830459e-07
9048,,1.3579724805278837e-07
9049,,1.357969313373435e-07
9050,,1.357952700807964e-07
9051,,1.357945272562545e-07
9052,,1.3579409182765867e-07
9053,,1.357937663961852e-07
9054,,1.3579222446040346e-07
9055,,1.3579140205974232e-07
9056,,1.357909381690482e-07
9057,,1.3579060256754973e-07
9058,,1.357903128775995e-07
9059,,1.3578828454691623e-07
9060,,1.3578778745511204e-07
9061,,1.3578743998882573e-07
9062,,1.3578714606740916e-07
9063,,1.357851759447982e-07
9064,,1.3578464012334903e-07
9065,,1.3578427881312711e-07
9066,,1.357839799548423e-07
9067,,1.3578207768435842e-07
9068,,1.3578149668806153e-07
9069,,1.35781119227912e-07
9070,,1.3578081460435952e-07
9071,,1.357789914357213e-07
9072,,1.3577835774498314e-07
9073,,1.3577796144312368e-07
9074,,1.3577765009474425e-07
9075,,1.3577591914686618e-07
9076,,1.357752239930957e-07
9077,,1.357748057116385e-07
9078,,1.3577448651304875e-07
9079,,1.3577286308890536e-07
9080,,1.3577209624312962e-07
9081,,1.357716523217764e-07
9082,,1.3577132396477642e-07
9083,,1.3576982591232723e-07
9084,,1.3576897544393925e-07
9085,,1.3576850161416357e-07
9086,,1.357681625699646e-07
9087,,1.3576787175906642e-07
9088,,1.3576586270189917e-07
9089,,1.3576535398330393e-07
9090,,1.35765002470556e-07
9091,,1.35764707213607e-07
9092,,1.3576275930586828e-07
9093,,1.357622098923838e-07
9094,,1.3576184383094362e-07
9095,,1.357615433862962e-07
9096,,1.3575966676188366e-07
9097,,1.357590698789136e-07
9098,,1.357586868463991e-07
9099,,1.3575838034418527e-07
9100,,1.3575658682228142e-07
9101,,1.3575593457004003e-07
9102,,1.3575553174019346e-07
9103,,1.357552181680501e-07
9104,,1.3575352153531672e-07
9105,,1.3575280469877067e-07
9106,,1.3575237877237994e-07
9107,,1.3575205695175055e-07
9108,,1.3575047328610425e-07
9109,,1.3574968111937734e-07
9110,,1.3574922825183148e-07
9111,,1.35748896806159e-07
9112,,1.357474448591764e-07
9113,,1.3574656482839376e-07
9114,,1.3574608053329923e-07
9115,,1.357457378567621e-07
9116,,1.3574544586222057e-07
9117,,1.3574345698698567e-07
9118,,1.3574293603269805e-07
9119,,1.357425802538517e-07
9120,,1.3574228358672772e-07
9121,,1.3574035894985152e-07
9122,,1.357397952344165e-07
9123,,1.3573942417005467e-07
9124,,1.357391220486741e-07
9125,,1.3573727229888534e-07
9126,,1.3573665870556333e-07
9127,,1.3573626980763166e-07
9128,,1.3573596132133683e-07
9129,,1.357341988766754e-07
9130,,1.3573352710489097e-07
9131,,1.3573311740352612e-07
9132,,1.3573280148782293e-07
9133,,1.3573114083462489e-07
9134,,1.3573040120164375e-07
9135,,1.3572996723165626e-07
9136,,1.3572964264707664e-07
9137,,1.357281006783276e-07
9138,,1.357272818940738e-07
9139,,1.3572681961408672e-07
9140,,1.3572648491554705e-07
9141,,1.357261958746223e-07
9142,,1.357241702290694e-07
9143,,1.3572367492611378e-07
9144,,1.357233284260412e-07
9145,,1.357230351776368e-07
9146,,1.3572106742536984e-07
9147,,1.357205336035535e-07
9148,,1.357201733342544e-07
9149,,1.3571987517521247e-07
9150,,1.3571797490839014e-07
9151,,1.357173961553416e-07
9152,,1.3571701982395952e-07
9153,,1.3571671593337024e-07
9154,,1.3571489433981298e-07
9155,,1.3571426317849046e-07
9156,,1.3571386810644043e-07
9157,,1.3571355752534633e-07
9158,,1.357118276555534e-07
9159,,1.3571113536213465e-07
9160,,1.357107184320487e-07
9161,,1.3571040004384527e-07
9162,,1.3570877711471153e-07
9163,,1.357080135178044e-07
9164,,1.357075710866185e-07
9165,,1.3570724358963458e-07
9166,,1.357057453525758e-07
9167,,1.3570489858850109e-07
9168,,1.35704426409921e-07
9169,,1.3570408828419026e-07
9170,,1.3570379813118152e-07
9171,,1.3570179167250206e-07
9172,,1.3570128479503537e-07
9173,,1.357009342679766e-07
9174,,1.3570063969271047e-07
9175,,1.3569869405286455e-07
9176,,1.356981467015782e-07
9177,,1.3569778170679558e-07
9178,,1.3569748196974706e-07
9179,,1.3569560722600954e-07
9180,,1.3569501266494102e-07
9181,,1.3569463078989333e-07
9182,,1.3569432502819618e-07
9183,,1.356925329374747e-07
9184,,1.3569188330740927e-07
9185,,1.3569148174211976e-07
9186,,1.3569116895141421e-07
9187,,1.356894732224984e-07
9188,,1.3568875935949364e-07
9189,,1.35688334824041e-07
9190,,1.3568801382968954e-07
9191,,1.3568643045372668e-07
9192,,1.3568564166967373e-07
9193,,1.356851903391936e-07
9194,,1.3568485977095436e-07
9195,,1.356834074011297e-07
9196,,1.3568253122864877e-07
9197,,1.356820486419231e-07
9198,,1.3568170690494756e-07
9199,,1.356814155738215e-07
9200,,1.3567942919435955e-07
9201,,1.3567891014661253e-07
9202,,1.356785553785637e-07
9203,,1.3567825939921173e-07
9204,,1.3567633691071768e-07
9205,,1.3567577533555044e-07
9206,,1.3567540536313765e-07
9207,,1.356751039614633e-07
9208,,1.3567325595283956e-07
9209,,1.3567264476972497e-07
9210,,1.3567225706290319e-07
9211,,1.356719493289251e-07
9212,,1.356701881526368e-07
9213,,1.356695191087165e-07
9214,,1.3566911070900064e-07
9215,,1.3566879558649852e-07
9216,,1.3566713564961694e-07
9217,,1.3566639911308386e-07
9218,,1.3566596657843962e-07
9219,,1.3566564283365088e-07
9220,,1.3566410093675548e-07
9221,,1.3566328567862823e-07
9222,,1.3566282498858773e-07
9223,,1.3566249118491721e-07
9224,,1.35662202791622e-07
9225,,1.356601798457799e-07
9226,,1.356596863122495e-07
9227,,1.356593407718433e-07
9228,,1.356590481944398e-07
9229,,1.3565708282872149e-07
9230,,1.3565655098441782e-07
9231,,1.3565619175021093e-07
9232,,1.3565589428888558e-07
9233,,1.3565399604189292e-07
9234,,1.3565341951207643e-07
9235,,1.3565304430279578e-07
9236,,1.356527411387963e-07
9237,,1.3565092114029026e-07
9238,,1.3565029248622936e-07
9239,,1.3564989863817495e-07
9240,,1.3564958882279098e-07
9241,,1.3564786004803563e-07
9242,,1.356471705948449e-07
9243,,1.3564675500724852e-07
9244,,1.3564643742637181e-07
9245,,1.3564481501318053e-07
9246,,1.356440546440543e-07
9247,,1.3564361369343019e-07
9248,,1.3564328705432147e-07
9249,,1.3564178865570386e-07
9250,,1.3564094557006697e-07
9251,,1.3564047503618442e-07
9252,,1.356401378238709e-07
9253,,1.3563984832522364e-07
9254,,1.3563784446756195e-07
9255,,1.356373394232367e-07
9256,,1.3563698987847118e-07
9257,,1.3563669598212207e-07
9258,,1.356347526123113e-07
9259,,1.3563420731342852e-07
9260,,1.356338433795248e-07
9261,,1.3563354434931824e-07
9262,,1.3563167149347613e-07
9263,,1.3563107924004398e-07
9264,,1.356306985176776e-07
9265,,1.356303934961632e-07
9266,,1.3562860284389664e-07
9267,,1.3562795582140999e-07
9268,,1.3562755551723953e-07
9269,,1.356272435029487e-07
9270,,1.3562554868923772e-07
9271,,1.3562483778391112e-07
9272,,1.3562441463391222e-07
9273,,1.356240944601542e-07
9274,,1.3562251139107336e-07
9275,,1.356217259717221e-07
9276,,1.356212761721883e-07
9277,,1.356209464779283e-07
9278,,1.356194937015034e-07
9279,,1.35618621370494e-07
9280,,1.3561814048398377e-07
9281,,1.356177996815285e-07
9282,,1.3561750901214064e-07
9283,,1.3561552512922159e-07
9284,,1.3561500798069055e-07
9285,,1.356146542189639e-07
9286,,1.356143589270774e-07
9287,,1.356124385875182e-07
9288,,1.356118791433591e-07
9289,,1.3561151026048728e-07
9290,,1.356112095732112e-07
9291,,1.356093633113528e-07
9292,,1.3560875452974472e-07
9293,,1.3560836800717415e-07
9294,,1.3560806102353027e-07
9295,,1.3560630112295605e-07
9296,,1.3560563479297483e-07
9297,,1.3560522769079397e-07
9298,,1.3560491335968738e-07
9299,,1.356032541490274e-07
9300,,1.3560252069259857e-07
9301,,1.356020895877352e-07
9302,,1.356017666822382e-07
9303,,1.356002248691555e-07
9304,,1.3559941312049728e-07
9305,,1.3559895401124782e-07
9306,,1.3559862110123486e-07
9307,,1.3559833335290244e-07
9308,,1.3559631310744337e-07
9309,,1.3559582133453556e-07
9310,,1.355954767504303e-07
9311,,1.3559518484242834e-07
9312,,1.355932218638274e-07
9313,,1.3559269198954019e-07
9314,,1.3559233378638322e-07
9315,,1.3559203702031134e-07
9316,,1.3559014079697967e-07
9317,,1.3558956647779884e-07
9318,,1.3558919238779486e-07
9319,,1.3558888995026644e-07
9320,,1.355870715517185e-07
9321,,1.355864453920585e-07
9322,,1.355860527639816e-07
9323,,1.3558574371046035e-07
9324,,1.355840160400431e-07
9325,,1.3558332941256932e-07
9326,,1.3558291516308832e-07
9327,,1.3558259838603506e-07
9328,,1.3558097650019066e-07
9329,,1.3558021934297402e-07
9330,,1.3557977986799126e-07
9331,,1.3557945408175324e-07
9332,,1.3557795553740441e-07
9333,,1.3557711611235992e-07
9334,,1.3557664721452617e-07
9335,,1.355763109151399e-07
9336,,1.355760220680461e-07
9337,,1.3557402081266208e-07
9338,,1.355735175917178e-07
9339,,1.3557316902602837e-07
9340,,1.355728758048436e-07
9341,,1.355709347094125e-07
9342,,1.3557039145499963e-07
9343,,1.3557002857719415e-07
9344,,1.355697302510552e-07
9345,,1.355678592848697e-07
9346,,1.3556726932968998e-07
9347,,1.355668897569214e-07
9348,,1.35566585473014e-07
9349,,1.3556479626483826e-07
9350,,1.355641518371861e-07
9351,,1.3556375278846484e-07
9352,,1.3556344154913778e-07
9353,,1.3556174766163108e-07
9354,,1.3556103969816464e-07
9355,,1.3556061792747375e-07
9356,,1.3556029857375555e-07
9357,,1.3555871582305e-07
9358,,1.355579337509028e-07
9359,,1.355574854757621e-07
9360,,1.3555715665275624e-07
9361,,1.3555570348797765e-07
9362,,1.3555483497677704e-07
9363,,1.3555435578301747e-07
9364,,1.3555401591299823e-07
9365,,1.3555372590214947e-07
9366,,1.355517445179283e-07
9367,,1.355512292599582e-07
9368,,1.3555087650025974e-07
9369,,1.3555058189218394e-07
9370,,1.3554866370784655e-07
9371,,1.3554810638178385e-07
9372,,1.355477385830747e-07
9373,,1.3554743861094434e-07
9374,,1.3554559410160006e-07
9375,,1.3554498770737605e-07
9376,,1.3554460236605998e-07
9377,,1.3554429613051404e-07
9378,,1.355425375131652e-07
9379,,1.3554187388378645e-07
9380,,1.3554146807518724e-07
9381,,1.3554115453221575e-07
9382,,1.3553949605661595e-07
9383,,1.3553876566796918e-07
9384,,1.3553833598437005e-07
9385,,1.3553801391406668e-07
9386,,1.3553647220141845e-07
9387,,1.3553566394339994e-07
9388,,1.3553520640948067e-07
9389,,1.3553487438885127e-07
9390,,1.3553458728457087e-07
9391,,1.3553256974012024e-07
9392,,1.3553207971973487e-07
9393,,1.3553173608950806e-07
9394,,1.3553144484611513e-07
9395,,1.355294842579721e-07
9396,,1.3552895634321798e-07
9397,,1.3552859916769929e-07
9398,,1.3552830309359122e-07
9399,,1.3552640889895095e-07
9400,,1.3552583678097595e-07
9401,,1.355254638040597e-07
9402,,1.3552516209184145e-07
9403,,1.3552334529694976e-07
9404,,1.35522721621717e-07
9405,,1.3552233020797287e-07
9406,,1.3552202191388583e-07
9407,,1.3552029535649515e-07
9408,,1.3551961154190701e-07
9409,,1.3551919862298923e-07
9410,,1.3551888264929594e-07
9411,,1.3551726130206717e-07
9412,,1.3551650733947793e-07
9413,,1.3551606933368627e-07
9414,,1.3551574439922156e-07
9415,,1.3551424572268652e-07
9416,,1.355134099428588e-07
9417,,1.3551294267326983e-07
9418,,1.355126072814986e-07
9419,,1.3551231908591267e-07
9420,,1.3551032043157954e-07
9421,,1.355098190273288e-07
9422,,1.3550947143636508e-07
9423,,1.355091788901131e-07
9424,,1.3550724007039595e-07
9425,,1.3550669884710731e-07
9426,,1.3550633702253288e-07
9427,,1.355060393992623e-07
9428,,1.3550417032997444e-07
9429,,1.3550358266223295e-07
9430,,1.355032042317436e-07
9431,,1.3550290068220388e-07
9432,,1.3550111292627997e-07
9433,,1.3550047108351944e-07
9434,,1.3550007328233116e-07
9435,,1.3549976281734029e-07
9436,,1.3549806986297543e-07
9437,,1.354973648287014e-07
9438,,1.354969444312625e-07
9439,,1.354966258938722e-07
9440,,1.3549504347527027e-07
9441,,1.3549426473405647e-07
9442,,1.3549381797504054e-07
9443,,1.3549349002118026e-07
9444,,1.3549203648425062e-07
9445,,1.3549117177415115e-07
9446,,1.3549069426648165e-07
9447,,1.354903553243391e-07
9448,,1.3549006597091395e-07
9449,,1.3548808708525019e-07
9450,,1.3548757370977993e-07
9451,,1.354872219479251e-07
9452,,1.3548692802366584e-07
9453,,1.3548501199411952e-07
9454,,1.3548445677918567e-07
9455,,1.3548409006270488e-07
9456,,1.3548379080094014e-07
9457,,1.3548194804788136e-07
9458,,1.3548134403065918e-07
9459,,1.3548095986448207e-07
9460,,1.3548065437609222e-07
9461,,1.354788970481961e-07
9462,,1.354782361069832e-07
9463,,1.354778315856312e-07
9464,,1.3547751882832304e-07
9465,,1.3547586109990538e-07
9466,,1.354751337621176e-07
9467,,1.354747054959895e-07
9468,,1.3547438425771708e-07
9469,,1.3547284265847015e-07
9470,,1.3547203787457066e-07
9471,,1.354715819100576e-07
9472,,1.3547125077464982e-07
9473,,1.3547096431276116e-07
9474,,1.3546894946694182e-07
9475,,1.3546846119269982e-07
9476,,1.3546811851058877e-07
9477,,1.3546782793313569e-07
9478,,1.3546586973640754e-07
9479,,1.35465343771842e-07
9480,,1.354649876196714e-07
9481,,1.3546469223653943e-07
9482,,1.354628000731978e-07
9483,,1.3546223014756218e-07
9484,,1.3546185827903535e-07
9485,,1.3546155728840337e-07
9486,,1.354597421047334e-07
9487,,1.3545912090070784e-07
9488,,1.3545873069613315e-07
9489,,1.354584231602039e-07
9490,,1.3545669772444116e-07
9491,,1.3545601670792356e-07
9492,,1.3545560511572978e-07
9493,,1.3545528994079963e-07
9494,,1.3545366914341907e-07
9495,,1.354529183620679e-07
9496,,1.354524818196217e-07
9497,,1.3545215773244877e-07
9498,,1.3545065894166221e-07
9499,,1.3544982678458572e-07
9500,,1.354493611378059e-07
9501,,1.3544902665087883e-07
9502,,1.3544873910356978e-07
9503,,1.3544674305267894e-07
9504,,1.3544624345538004e-07
9505,,1.3544589683511694e-07
9506,,1.354456049612141e-07
9507,,1.3544366841995586e-07
9508,,1.3544312922051978e-07
9509,,1.3544276844567026e-07
9510,,1.3544247152161556e-07
9511,,1.354406043515956e-07
9512,,1.354400189600355e-07
9513,,1.3543964166961157e-07
9514,,1.3543933885215115e-07
9515,,1.354375525554143e-07
9516,,1.3543691328378396e-07
9517,,1.3543651672652783e-07
9518,,1.3543620703100678e-07
9519,,1.354345150208694e-07
9520,,1.354338129003573e-07
9521,,1.3543339387017928e-07
9522,,1.3543307614750004e-07
9523,,1.3543149407238284e-07
9524,,1.3543071864710967e-07
9525,,1.3543027339866487e-07
9526,,1.3542994630943398e-07
9527,,1.35428492417381e-07
9528,,1.3542763149030483e-07
9529,,1.3542715565954564e-07
9530,,1.354268176437157e-07
9531,,1.3542652894499167e-07
9532,,1.3542455255931602e-07
9533,,1.3542404105644614e-07
9534,,1.354236902904635e-07
9535,,1.354233970454756e-07
9536,,1.354214831754887e-07
9537,,1.3542093006197075e-07
9538,,1.354205644203097e-07
9539,,1.354202658680846e-07
9540,,1.3541842487774454e-07
9541,,1.3541782322567702e-07
9542,,1.3541744023126716e-07
9543,,1.354171354839509e-07
9544,,1.3541537945571375e-07
9545,,1.354147211906234e-07
9546,,1.3541431795056447e-07
9547,,1.3541400597674192e-07
9548,,1.3541234900592525e-07
9549,,1.3541162470433977e-07
9550,,1.3541119784883193e-07
9551,,1.354108774387072e-07
9552,,1.3540933596684943e-07
9553,,1.3540853464082436e-07
9554,,1.3540808023732896e-07
9555,,1.354077499855654e-07
9556,,1.3540746416401759e-07
9557,,1.354054520181196e-07
9558,,1.3540496548128856e-07
9559,,1.3540462374552163e-07
9560,,1.3540433382944738e-07
9561,,1.354023780252215e-07
9562,,1.35401854004042e-07
9563,,1.3540149887046256e-07
9564,,1.354012041766814e-07
9565,,1.3539931404789048e-07
9566,,1.3539874630309553e-07
9567,,1.353983755391512e-07
9568,,1.3539807526743886e-07
9569,,1.3539626169977955e-07
9570,,1.353956429553948e-07
9571,,1.3539525395744504e-07
9572,,1.3539494717602467e-07
9573,,1.3539322286978024e-07
9574,,1.3539254463865256e-07
9575,,1.353921343671216e-07
9576,,1.3539181998937824e-07
9577,,1.3539019975328718e-07
9578,,1.3538945213631502e-07
9579,,1.353890170503397e-07
9580,,1.3538869380855877e-07
9581,,1.353871949161259e-07
9582,,1.3538636636696503e-07
9583,,6.956064168249063
9584,,70170.46751554859
9585,,6.869475068858458
9586,,572.0474069003673
9587,,6.76297602245325
9588,,1.10077749857061
9589,,1.581885722107725
9590,,1.0621032724960218
9591,,0.9487670876368894
9592,,0.9344356535823658
9593,,0.8698647279503703
9594,,23.960475726320034
9595,,0.8631783733870545
9596,,0.8391647233705382
9597,,0.7547554764145784
9598,,1.5363619331927005
9599,,0.7484143402247414
9600,,0.7176952018813569
9601,,0.6781551623396592
9602,,0.6455093118523848
9603,,0.644769593355646
9604,,0.6447496710598122
9605,,0.6447491321186443
9606,,0.6447491175373702
9607,,0.6447491171428626
9608,,0.6447491171321934
9609,,0.6447491171319056
9610,,0.6447491171318894
9611,,0.6447491171318896
9612,,1099428.9526043327
9613,,0.6390214677611988
9614,,7448.6085509973
9615,,0.6309226387795317
9616,,68.94603231024495
9617,,0.6226132138922904
9618,,0.898330007809881
9619,,0.6054536195297642
9620,,0.574564855906844
9621,,0.5728906434661689
9622,,0.5523025855760535
9623,,0.5433167056776055
9624,,0.5392640606703382
9625,,0.5229500729870826
9626,,0.45762553283162255
9627,,0.3388545331450944
9628,,0.35834670831087534
9629,,0.30514670404015615
9630,,0.16789450102654177
9631,,0.0980324235013134
9632,,0.07554068899617122
9633,,0.04730079110520304
9634,,0.026139481724685144
9635,,0.07762141884400044
9636,,0.02314964264697664
9637,,0.025493709643566377
9638,,0.020365084411281653
9639,,0.018912622576018487
9640,,0.01748424257752363
9641,,0.014067354599222747
9642,,0.013275801214175405
9643,,0.00904463653522144
9644,,0.006196117919784558
9645,,0.005007316470899611
9646,,0.004665489507597286
9647,,0.004420401877852627
9648,,0.004125437598496174
9649,,0.0037478256992781425
9650,,0.0035443063055163523
9651,,0.003378362587495263
9652,,0.003054845562821037
9653,,0.002762701316919722
9654,,0.002472628385027526
9655,,0.0022635812157814038
9656,,0.002141236826791714
9657,,0.0020111523814605246
9658,,0.0018514249374303876
9659,,0.0016309910014782204
9660,,0.00151526349965576
9661,,0.0014391225474994895
9662,,0.0013881435785044554
9663,,0.001324025245059467
9664,,0.0012340799547760585
9665,,0.0011666388858121652
9666,,0.0011397079126178064
9667,,0.0011243213651997218
9668,,0.001106307424215427
9669,,0.0010726659612687243
9670,,0.0010056651230965223
9671,,0.0008860285857227485
9672,,0.0008151919919193173
9673,,0.0007894210535754375
9674,,0.0007728234807612478
9675,,0.000764065385497353
9676,,0.0007491155816318828
9677,,0.0007225585187680475
9678,,0.000678968444558317
9679,,0.0006105643052372435
9680,,0.00046842692470207465
9681,,0.0003093697894714438
9682,,0.00021084885892575425
9683,,0.00016509073475341843
9684,,0.000157779043030605
9685,,0.0001535847860201148
9686,,0.00014942781490168616
9687,,0.0001466278636526363
9688,,0.0001439925472036535
9689,,0.000140228574564183
9690,,0.00013390402989907487
9691,,0.00012254942483003414
9692,,0.00010386569687159184
9693,,7.447931371601398e-05
9694,,5.474676061704472e-05
9695,,4.1167610849870436e-05
9696,,3.3961963113425264e-05
9697,,3.2020682281037537e-05
9698,,2.850996084574101e-05
9699,,2.3247470876103313e-05
9700,,1.8204128375301977e-05
9701,,1.4125935366310495e-05
9702,,1.2933585284204304e-05
9703,,1.2813904666736811e-05
9704,,1.277667094929238e-05
9705,,1.2760361096566776e-05
9706,,1.2736574800842174e-05
9707,,1.2682369307839984e-05
9708,,1.259308638602018e-05
9709,,1.2421581156625624e-05
9710,,1.2117388831148475e-05
9711,,1.166174263453288e-05
9712,,1.1226847475500237e-05
9713,,1.1001796333974738e-05
9714,,1.0934952696246012e-05
9715,,1.0912468213019647e-05
9716,,1.0884215328981621e-05
9717,,1.0811681072296263e-05
9718,,1.0654534769357531e-05
9719,,1.0307532146259054e-05
9720,,9.618555927187284e-06
9721,,8.39495344405593e-06
9722,,6.736235076019864e-06
9723,,5.9789609265363216e-06
9724,,5.083434206016416e-06
9725,,4.667082084866093e-06
9726,,4.607039750925225e-06
9727,,4.591704809262346e-06
9728,,4.583806944369645e-06
9729,,4.578059757188591e-06
9730,,4.570034337703887e-06
9731,,4.551624207052652e-06
9732,,4.508708662601611e-06
9733,,4.410223344122799e-06
9734,,4.206268268844884e-06
9735,,3.829719134112297e-06
9736,,3.321342502475137e-06
9737,,2.910550676931463e-06
9738,,2.619954417478649e-06
9739,,2.555585495779071e-06
9740,,2.547729393963889e-06
9741,,2.546672566361805e-06
9742,,2.546040855880008e-06
9743,,2.54395808783467e-06
9744,,2.5371569466990024e-06
9745,,2.5234353427321066e-06
9746,,2.4913986505459622e-06
9747,,2.428225467166647e-06
9748,,2.317871742455757e-06
9749,,2.2455429449244554e-06
9750,,2.1267399506956696e-06
9751,,2.0347805710500413e-06
9752,,2.012967626969173e-06
9753,,2.0095962230082045e-06
9754,,2.009000126413204e-06
9755,,2.0086501009070268e-06
9756,,2.0082300289141774e-06
9757,,2.007222404501199e-06
9758,,2.0049237397524404e-06
9759,,1.999619484182372e-06
9760,,1.9874771889249183e-06
9761,,1.960079831701075e-06
9762,,1.9003767549504267e-06
9763,,1.780043857387549e-06
9764,,1.5743421274618984e-06
9765,,1.317012748806839e-06
9766,,1.1260959232204529e-06
9767,,1.049384951722281e-06
9768,,1.030614654518562e-06
9769,,1.0285619570849802e-06
9770,,1.0283994677426813e-06
9771,,1.0283792683957896e-06
9772,,1.0283705159356208e-06
9773,,1.0283298657556753e-06
9774,,1.0282941221529297e-06
9775,,1.028283804654946e-06
9776,,1.028275473384153e-06
9777,,1.0282137005061074e-06
9778,,1.0281981784875845e-06
9779,,1.0281887581350542e-06
9780,,1.0281804615197254e-06
9781,,1.028116625179078e-06
9782,,1.028103115588273e-06
9783,,1.0280937710690712e-06
9784,,1.028050545588707e-06
9785,,1.0280215174958408e-06
9786,,1.0280081915332321e-06
9787,,1.0279988084394353e-06
9788,,1.0279553055863055e-06
9789,,1.0279267853350765e-06
9790,,1.027913324285689e-06
9791,,1.0279038655287413e-06
9792,,1.0278611919298665e-06
9793,,1.0278322215362917e-06
9794,,1.0278185005327038e-06
9795,,1.027808941832853e-06
9796,,1.027767636993999e-06
9797,,1.027737785585253e-06
9798,,1.027723718701756e-06
9799,,1.0277140379536756e-06
9800,,1.0277056059405147e-06
9801,,1.0276434722888527e-06
9802,,1.027628980919364e-06
9803,,1.0276191549973302e-06
9804,,1.027610674690162e-06
9805,,1.0275492890163864e-06
9806,,1.0275342910627216e-06
9807,,1.027524294404592e-06
9808,,1.027515757634232e-06
9809,,1.0274552493224643e-06
9810,,1.0274396541891348e-06
9811,,1.0274294578960517e-06
9812,,1.0274208553481132e-06
9813,,1.0273613710046426e-06
9814,,1.0273450763580594e-06
9815,,1.027334647483563e-06
9816,,1.02732596849063e-06
9817,,1.0272676753659147e-06
9818,,1.0272505646714141e-06
9819,,1.0272398655073778e-06
9820,,1.027231097826726e-06
9821,,1.0271741874429626e-06
9822,,1.0271561273478215e-06
9823,,1.0271451146525403e-06
9824,,1.0271362442322472e-06
9825,,1.0270809361452593e-06
9826,,1.0270617738829533e-06
9827,,1.0270503980295904e-06
9828,,1.0270414087246476e-06
9829,,1.0269879549894097e-06
9830,,1.0269675152120065e-06
9831,,1.0269557192087041e-06
9832,,1.0269465924697487e-06
9833,,1.0268952824588154e-06
9834,,1.0268733639538272e-06
9835,,1.0268610823148563e-06
9836,,1.0268517968145612e-06
9837,,1.026802963085866e-06
9838,,1.0267793346129309e-06
9839,,1.0267664920829578e-06
9840,,1.0267570233036557e-06
9841,,1.0267110479536594e-06
9842,,1.0266854439362665e-06
9843,,1.0266719539843553e-06
9844,,1.0266622737249216e-06
9845,,1.0266195961412118e-06
9846,,1.0265917111581374e-06
9847,,1.0265774742911808e-06
9848,,1.0265675501214042e-06
9849,,1.02655899881666e-06
9850,,1.0264981584503851e-06
9851,,1.0264830602587758e-06
9852,,1.0264728548629718e-06
9853,,1.026464212191042e-06
9854,,1.0264048113559758e-06
9855,,1.0263887202086043e-06
9856,,1.026378190669764e-06
9857,,1.0263694426276793e-06
9858,,1.0263116992300321e-06
9859,,1.0262944637383935e-06
9860,,1.0262835606702804e-06
9861,,1.0262746911471112e-06
9862,,1.0262188559293185e-06
9863,,1.026200301886986e-06
9864,,1.0261889684689022e-06
9865,,1.0261799589259003e-06
9866,,1.0261263203461603e-06
9867,,1.0261062473682195e-06
9868,,1.0260944182123153e-06
9869,,1.0260852473142083e-06
9870,,1.0260341373577597e-06
9871,,1.0260123148054597e-06
9872,,1.0259999146759017e-06
9873,,1.0259905578730813e-06
9874,,1.0259423584899255e-06
9875,,1.0259185210520194e-06
9876,,1.0259054633580423e-06
9877,,1.0258958923942177e-06
9878,,1.0258510431973402e-06
9879,,1.0258248854747223e-06
9880,,1.0258110705813862e-06
9881,,1.025801252942737e-06
9882,,1.025792732279426e-06
9883,,1.025731430392109e-06
9884,,1.0257167436314487e-06
9885,,1.025706641894457e-06
9886,,1.0256980290562283e-06
9887,,1.0256381814941921e-06
9888,,1.0256224908897338e-06
9889,,1.0256120619816707e-06
9890,,1.0256033429123193e-06
9891,,1.0255451683209945e-06
9892,,1.025528322000049e-06
9893,,1.025517516358894e-06
9894,,1.0255086748779356e-06
9895,,1.0254524249130318e-06
9896,,1.025434248070639e-06
9897,,1.025423008645352e-06
9898,,1.025414026137493e-06
9899,,1.0253599904038387e-06
9900,,1.0253402818804256e-06
9901,,1.0253285430110864e-06
9902,,1.0253193980428982e-06
9903,,1.0252679098957925e-06
9904,,1.0252464381355512e-06
9905,,1.0252341242568916e-06
9906,,1.0252247921690429e-06
9907,,1.0251762352213124e-06
9908,,1.0251527337726718e-06
9909,,1.0251397579128832e-06
9910,,1.025130210316089e-06
9911,,1.025085026136719e-06
9912,,1.0250591882726336e-06
9913,,1.025045450330723e-06
9914,,1.0250356545547556e-06
9915,,1.0250271437354868e-06
9916,,1.024965824067306e-06
9917,,1.0249512088374788e-06
9918,,1.024941127276897e-06
9919,,1.0249325237528785e-06
9920,,1.0248726669814076e-06
9921,,1.0248570418570797e-06
9922,,1.0248466312355387e-06
9923,,1.024837920879689e-06
9924,,1.0247797467104899e-06
9925,,1.0247629590831948e-06
9926,,1.0247521695869173e-06
9927,,1.0247433361432146e-06
9928,,1.0246870974730918e-06
9929,,1.0246689716815188e-06
9930,,1.0246577459823126e-06
9931,,1.0246487707340114e-06
9932,,1.0245947586055482e-06
9933,,1.024575092497571e-06
9934,,1.0245633646069535e-06
9935,,1.0245542260220913e-06
9936,,1.0245027754422767e-06
9937,,1.0244813363172305e-06
9938,,1.0244690302908444e-06
9939,,1.024459703576992e-06
9940,,1.024411200093017e-06
9941,,1.0243877201570948e-06
9942,,1.0243747485857355e-06
9943,,1.0243652052110793e-06
9944,,1.0243200926059495e-06
9945,,1.024294263607485e-06
9946,,1.0242805258814312e-06
9947,,1.024270733013086e-06
9948,,1.0242622273532413e-06
9949,,1.0242009892095328e-06
9950,,1.0241863695384886e-06
9951,,1.0241762893842643e-06
9952,,1.0241676905278129e-06
9953,,1.0241079229178244e-06
9954,,1.0240922880299353e-06
9955,,1.024081877085256e-06
9956,,1.024073170836679e-06
9957,,1.0240150945893026e-06
9958,,1.0239982910929812e-06
9959,,1.023987499297181e-06
9960,,1.0239786693146739e-06
9961,,1.023922538609871e-06
9962,,1.0239043899554125e-06
9963,,1.0238931596828082e-06
9964,,1.0238841871575017e-06
9965,,1.0238302945307886e-06
9966,,1.0238105975260981e-06
9967,,1.023798862455594e-06
9968,,1.0237897257406553e-06
9969,,1.0237384079018168e-06
9970,,1.0237169286674002e-06
9971,,1.0237046124608717e-06
9972,,1.02369528664341e-06
9973,,1.023646931111566e-06
9974,,1.0236234004865785e-06
9975,,1.0236104152877384e-06
9976,,1.0236008716902951e-06
9977,,1.0235559245138344e-06
9978,,1.0235300326679633e-06
9979,,1.0235162773570181e-06
9980,,1.0235064829767751e-06
9981,,1.023497981362509e-06
9982,,1.0234368478751243e-06
9983,,1.0234222060674288e-06
9984,,1.0234121229145982e-06
9985,,1.0234035276193734e-06
9986,,1.0233438721894318e-06
9987,,1.0233282099312752e-06
9988,,1.0233177942801229e-06
9989,,1.023309091040614e-06
9990,,1.023251135622745e-06
9991,,1.023234298741688e-06
9992,,1.0232235002742067e-06
9993,,1.0232146726580098e-06
9994,,1.0231586727419185e-06
9995,,1.0231404837769128e-06
9996,,1.023129244574471e-06
9997,,1.0231202736815472e-06
9998,,1.0230665232914395e-06
9999,,1.0230467780188355e-06
10000,,1.0230350314188198e-06
10001,,1.0230258954870192e-06
10002,,1.022974733067288e-06
10003,,1.022953196398586e-06
10004,,1.022940865678361e-06
10005,,1.022931539667469e-06
10006,,1.0228833547191385e-06
10007,,1.0228597561181275e-06
10008,,1.0228467529679176e-06
10009,,1.0228372080526254e-06
10010,,1.022792448908987e-06
10011,,1.0227664769597494e-06
10012,,1.0227526997383002e-06
10013,,1.0227429027512762e-06
10014,,1.0227344049045967e-06
10015,,1.0226733817024616e-06
10016,,1.0226587134339623e-06
10017,,1.0226486261851584e-06
10018,,1.0226400341756792e-06
10019,,1.0225804965661913e-06
10020,,1.0225648026034519e-06
10021,,1.022554381147705e-06
10022,,1.0225456806315665e-06
10023,,1.0224878517116926e-06
10024,,1.0224709770950094e-06
10025,,1.022460170854816e-06
10026,,1.0224513453210583e-06
10027,,1.0223954818848229e-06
10028,,1.02237724824328e-06
10029,,1.0223659990033462e-06
10030,,1.0223570294493582e-06
10031,,1.0223034270340302e-06
10032,,1.0222836290965554e-06
10033,,1.0222718698500317e-06
10034,,1.0222627344096032e-06
10035,,1.0222117331868e-06
10036,,1.022190134663428e-06
10037,,1.0221777882955635e-06
10038,,1.022168461795901e-06
10039,,1.0221204532660684e-06
10040,,1.0220967822318955e-06
10041,,1.0220837599785555e-06
10042,,1.0220742134480714e-06
10043,,1.0220296482473418e-06
10044,,1.022003591687987e-06
10045,,1.021989791391511e-06
10046,,1.021979991487729e-06
10047,,1.0219714973292063e-06
10048,,1.021910585924892e-06
10049,,1.0218958900063524e-06
10050,,1.021885798349603e-06
10051,,1.0218772095382803e-06
10052,,1.0218177913007013e-06
10053,,1.0218020644220047e-06
10054,,1.0217916368407122e-06
10055,,1.0217829389612205e-06
10056,,1.0217252381293864e-06
10057,,1.0217083245378856e-06
10058,,1.0216975101906783e-06
10059,,1.0216886866452063e-06
10060,,1.0216329613311775e-06
10061,,1.0216146817416585e-06
10062,,1.0216034221194535e-06
10063,,1.021594453815142e-06
10064,,1.0215410010660155e-06
10065,,1.0215211491529911e-06
10066,,1.0215093769046788e-06
10067,,1.021500241853572e-06
10068,,1.0214494035926957e-06
10069,,1.0214277418549404e-06
10070,,1.0214153794675087e-06
10071,,1.0214060523725586e-06
10072,,1.0213582221086999e-06
10073,,1.0213344772294037e-06
10074,,1.0213214354845463e-06
10075,,1.0213118872270498e-06
10076,,1.0212675179003421e-06
10077,,1.0212413752561736e-06
10078,,1.0212275514748403e-06
10079,,1.0212177485377586e-06
10080,,1.0212092580243926e-06
10081,,1.0211484589510898e-06
10082,,1.0211337349511655e-06
10083,,1.0211236387572858e-06
10084,,1.0211150531033462e-06
10085,,1.021055754807408e-06
10086,,1.0210399945537227e-06
10087,,1.021029560708156e-06
10088,,1.0210208654194755e-06
10089,,1.0209632932909507e-06
10090,,1.0209463402344685e-06
10091,,1.0209355176370213e-06
10092,,1.0209266960341042e-06
10093,,1.0208711095051876e-06
10094,,1.0208527834411316e-06
10095,,1.0208415132748753e-06
10096,,1.0208325461636221e-06
10097,,1.020779243815707e-06
10098,,1.0207593373561045e-06
10099,,1.0207475519330092e-06
10100,,1.020738417215846e-06
10101,,1.0206877427174952e-06
10102,,1.020666017148923e-06
10103,,1.020653638553557e-06
10104,,1.0206443108003864e-06
10105,,1.0205966596799172e-06
10106,,1.0205728402767917e-06
10107,,1.0205597788381414e-06
10108,,1.02055022878101e-06
10109,,1.0205060563060275e-06
10110,,1.0204798268356987e-06
10111,,1.0204659793409832e-06
10112,,1.0204561732941385e-06
10113,,1.0204476864048555e-06
10114,,1.0203869999542366e-06
10115,,1.0203722476117948e-06
10116,,1.020362146803434e-06
10117,,1.0203535642764967e-06
10118,,1.0202943862561764e-06
10119,,1.0202785923463372e-06
10120,,1.0202681521477754e-06
10121,,1.020259459416414e-06
10122,,1.0202020163731706e-06
10123,,1.0201850235318105e-06
10124,,1.0201741925843244e-06
10125,,1.0201653728856282e-06
10126,,1.0201099255838315e-06
10127,,1.0200915526900623e-06
10128,,1.020080271871534e-06
10129,,1.0200713059119192e-06
10130,,1.0200181544584324e-06
10131,,1.019998193058921e-06
10132,,1.0199863943333131e-06
10133,,1.0199772599056052e-06
10134,,1.0199267497378393e-06
10135,,1.0199049598896587e-06
10136,,1.0198925649410374e-06
10137,,1.0198832364840022e-06
10138,,1.0198357651587088e-06
10139,,1.0198118707312205e-06
10140,,1.019798789432275e-06
10141,,1.0197892375241387e-06
10142,,1.019745262644348e-06
10143,,1.0197189457819168e-06
10144,,1.019705074384983e-06
10145,,1.0196952651689594e-06
10146,,1.0196867818723721e-06
10147,,1.019626208283823e-06
10148,,1.0196114273989985e-06
10149,,1.019601321902643e-06
10150,,1.0195927424719397e-06
10151,,1.0195336850016679e-06
10152,,1.019517857198347e-06
10153,,1.019507410565512e-06
10154,,1.0194987203633385e-06
10155,,1.0194414067303368e-06
10156,,1.0194243738418927e-06
10157,,1.019413534443979e-06
10158,,1.0194047166197527e-06
10159,,1.0193494089204565e-06
10160,,1.0193309888857814e-06
10161,,1.0193196973104792e-06
10162,,1.0193107324675299e-06
10163,,1.0192577323537793e-06
10164,,1.0192377156601004e-06
10165,,1.019225903509956e-06
10166,,1.0192167693299923e-06
10167,,1.0191664240098263e-06
10168,,1.019144569480248e-06
10169,,1.0191321580486892e-06
10170,,1.0191228288354325e-06
10171,,1.0190755379059293e-06
10172,,1.0190515679886332e-06
10173,,1.0190384666763769e-06
10174,,1.019028912863351e-06
10175,,1.0189851362726895e-06
10176,,1.0189587314890324e-06
10177,,1.018944836020608e-06
10178,,1.0189350235735296e-06
10179,,1.0189265438467248e-06
10180,,1.0188660833432866e-06
10181,,1.0188512737130735e-06
10182,,1.018841163459273e-06
10183,,1.01883258710152e-06
10184,,1.0187736504531542e-06
10185,,1.0187577885236964e-06
10186,,1.0187473353756944e-06
10187,,1.0187386476737152e-06
10188,,1.018681463764411e-06
10189,,1.018664390559528e-06
10190,,1.0186535426283292e-06
10191,,1.018644726641624e-06
10192,,1.0185895589181783e-06
10193,,1.0185710914452267e-06
10194,,1.0185597890103349e-06
10195,,1.0185508252454919e-06
10196,,1.0184979769017175e-06
10197,,1.0184779045696885e-06
10198,,1.0184660788850485e-06
10199,,1.0184569449075714e-06
10200,,1.0184067649337668e-06
10201,,1.0183848453350122e-06
10202,,1.0183724172815763e-06
10203,,1.0183630872679736e-06
10204,,1.0183159773200903e-06
10205,,1.0182919314636503e-06
10206,,1.0182788099854914e-06
10207,,1.0182692542146362e-06
10208,,1.0182256765978024e-06
10209,,1.018199183374407e-06
10210,,1.0181852636589722e-06
10211,,1.0181754479195197e-06
10212,,1.0181669717404813e-06
10213,,1.0181066245422611e-06
10214,,1.0180917859668146e-06
10215,,1.0180816708858813e-06
10216,,1.0180730975764637e-06
10217,,1.0180142820113055e-06
10218,,1.0179983857303645e-06
10219,,1.0179879259936012e-06
10220,,1.0179792407590422e-06
10221,,1.017922186884145e-06
10222,,1.0179050731051864e-06
10223,,1.0178942165518056e-06
10224,,1.0178854023710928e-06
10225,,1.0178303749862626e-06
10226,,1.0178118597756674e-06
10227,,1.0178005463760787e-06
10228,,1.0177915836556966e-06
10229,,1.017738887514564e-06
10230,,1.0177187591990536e-06
10231,,1.0177069198629343e-06
10232,,1.0176977860466931e-06
10233,,1.017647771929552e-06
10234,,1.017625786858957e-06
10235,,1.0176133420552737e-06
10236,,1.0176040111902583e-06
10237,,1.0175570828118692e-06
10238,,1.0175329605697981e-06
10239,,1.0175198187762418e-06
10240,,1.01751026099027e-06
10241,,1.0174668830322908e-06
10242,,1.017440300846662e-06
10243,,1.0174263567143004e-06
10244,,1.0174165376186512e-06
10245,,1.0174080649653616e-06
10246,,1.0173478312957201e-06
10247,,1.0173329635770291e-06
10248,,1.0173228435999568e-06
10249,,1.0173142733085019e-06
10250,,1.0172555790950508e-06
10251,,1.0172396482347804e-06
10252,,1.0172291818246938e-06
10253,,1.0172204990324696e-06
10254,,1.017163575506812e-06
10255,,1.0171464208892493e-06
10256,,1.0171355556246323e-06
10257,,1.0171267432172344e-06
10258,,1.0170718565392857e-06
10259,,1.01705329329494e-06
10260,,1.0170419688294614e-06
10261,,1.0170330071147822e-06
10262,,1.0169804636043279e-06
10263,,1.0169602789671484e-06
10264,,1.0169484258578313e-06
10265,,1.0169392921649264e-06
10266,,1.0168894444082553e-06
10267,,1.0168673934696359e-06
10268,,1.0168549317808886e-06
10269,,1.0168456000234022e-06
10270,,1.0167988538054222e-06
10271,,1.0167746547192916e-06
10272,,1.0167614924540057e-06
10273,,1.0167519326024186e-06
10274,,1.0167087549925563e-06
10275,,1.0166820833264965e-06
10276,,1.0166681145969036e-06
10277,,1.0166582920894137e-06
10278,,1.0166498229337522e-06
10279,,1.0165897030193902e-06
10280,,1.0165748059573354e-06
10281,,1.016564681016998e-06
10282,,1.0165561137198915e-06
10283,,1.016497541117502e-06
10284,,1.016481575450547e-06
10285,,1.0164711022927241e-06
10286,,1.0164624219067565e-06
10287,,1.0164056290463758e-06
10288,,1.0163884333321002e-06
10289,,1.0163775592661436e-06
10290,,1.0163687485962608e-06
10291,,1.0163140029967467e-06
10292,,1.0162953914122088e-06
10293,,1.0162840557835878e-06
10294,,1.016275095034127e-06
10295,,1.0162227045921551e-06
10296,,1.0162024632824152e-06
10297,,1.0161905962895342e-06
10298,,1.0161814626728698e-06
10299,,1.0161317817890426e-06
10300,,1.0161096645855342e-06
10301,,1.0160971858811537e-06
10302,,1.0160878531767948e-06
10303,,1.0160412897121845e-06
10304,,1.016017013326607e-06
10305,,1.016003830440231e-06
10306,,1.0159942684641786e-06
10307,,1.0159512918969868e-06
10308,,1.0159245302217953e-06
10309,,1.0159105367252614e-06
10310,,1.0159007107427635e-06
10311,,1.0158922450603276e-06
10312,,1.015832239128193e-06
10313,,1.0158173125240379e-06
10314,,1.0158071825483726e-06
10315,,1.0157986182157723e-06
10316,,1.015740167499598e-06
10317,,1.015724166792852e-06
10318,,1.0157136868077606e-06
10319,,1.015705008802137e-06
10320,,1.01564834692117e-06
10321,,1.015631109847212e-06
10322,,1.0156202268850285e-06
10323,,1.0156114179170695e-06
10324,,1.0155568137734952e-06
10325,,1.0155381535517213e-06
10326,,1.0155268066517534e-06
10327,,1.0155178468289274e-06
10328,,1.015465609897461e-06
10329,,1.0154453115695104e-06
10330,,1.0154334305678782e-06
10331,,1.0154242969894047e-06
10332,,1.0153747834854333e-06
10333,,1.0153525996240193e-06
10334,,1.0153401037653541e-06
10335,,1.0153307700705204e-06
10336,,1.015284389957182e-06
10337,,1.0152600358099672e-06
10338,,1.0152468321513882e-06
10339,,1.0152372680000099e-06
10340,,1.0151944931645182e-06
10341,,1.0151676409571487e-06
10342,,1.0151536225125178e-06
10343,,1.0151437929927974e-06
10344,,1.0151353307630323e-06
10345,,1.015075439040973e-06
10346,,1.0150604826897104e-06
10347,,1.01505034760897e-06
10348,,1.0150417862147057e-06
10349,,1.0149834576550284e-06
10350,,1.01496742167788e-06
10351,,1.0149569347835987e-06
10352,,1.0149482591291226e-06
10353,,1.014891728550731e-06
10354,,1.0148744498476311e-06
10355,,1.014863557898909e-06
10356,,1.014854750607123e-06
10357,,1.0148002882920802e-06
10358,,1.014781579121214e-06
10359,,1.01477022084567e-06
10360,,1.0147612619200008e-06
10361,,1.0147091789340756e-06
10362,,1.0146888232366403e-06
10363,,1.0146769281124669e-06
10364,,1.0146677945259205e-06
10365,,1.0146184489196298e-06
10366,,1.014596197994568e-06
10367,,1.014583684847791e-06
10368,,1.0145743501129774e-06
10369,,1.0145281539550978e-06
10370,,7.7180524248814955
10371,,74059.05414857903
10372,,7.622655123111533
10373,,598.9688482715065
10374,,7.504219377156244
10375,,0.6418540453834709
10376,,2.272747385551967
10377,,0.6279870152933226
10378,,0.5234802039290223
10379,,23.775780243799733
10380,,0.5171882618870597
10381,,0.5039774492336294
10382,,0.4312358248806069
10383,,1.0727785383800414
10384,,0.4277444906505424
10385,,0.41344821880691335
10386,,0.3917148577971241
10387,,0.35974150964000684
10388,,0.15974772835305764
10389,,0.10281406945196796
10390,,0.10812961373416774
10391,,0.09789642405440671
10392,,0.11371397771462234
10393,,0.09372326455210388
10394,,0.08809445613465447
10395,,0.06561167608520307
10396,,0.03028588555367986
10397,,0.025546852499170474
10398,,0.015737220714317525
10399,,0.015717339627221265
10400,,0.014347401585057139
10401,,0.013458203632109013
10402,,0.011167645481304925
10403,,0.008561550899092092
10404,,0.006529246362376639
10405,,0.0056724189600230075
10406,,0.005521311073951253
10407,,0.00529879436466905
10408,,0.004917919742147343
10409,,0.004453766561243657
10410,,0.0040178031690406655
10411,,0.0036200498894227943
10412,,0.003350152529162702
10413,,0.00302038750886423
10414,,0.0026679919000231565
10415,,0.0023196141406647635
10416,,0.0020774253020696526
10417,,0.001957646741771776
10418,,0.0018237186395885327
10419,,0.001621404248109245
10420,,0.0013696115392464858
10421,,0.001170073217163406
10422,,0.0010971195388704482
10423,,0.001076227473382885
10424,,0.0010556925720642564
10425,,0.001015514684040059
10426,,0.0009467781652943352
10427,,0.0008467133258068111
10428,,0.0006999524877948439
10429,,0.0006011608331928496
10430,,0.0005740308503380202
10431,,0.0005656350535566275
10432,,0.0005584682460181308
10433,,0.0005340148858884861
10434,,0.0004599223524575032
10435,,0.00039111515637842365
10436,,0.00036148097867024474
10437,,0.00034700598417854823
10438,,0.00034220464657570826
10439,,0.00033540103796032063
10440,,0.00032532925638525923
10441,,0.0003022954406754826
10442,,0.0002516327462045223
10443,,0.0001702880310050249
10444,,0.00012698671705401213
10445,,9.570684614050324e-05
10446,,8.497733861816909e-05
10447,,8.360369195291171e-05
10448,,8.31015888826391e-05
10449,,8.238670671388803e-05
10450,,8.130648407174873e-05
10451,,7.902345308416607e-05
10452,,7.535566472591186e-05
10453,,7.251349564744479e-05
10454,,7.086294548560857e-05
10455,,6.986597302769853e-05
10456,,6.880982857932693e-05
10457,,6.697115628997976e-05
10458,,6.335973026396707e-05
10459,,5.805679142943505e-05
10460,,5.278186573303098e-05
10461,,4.9968283609012726e-05
10462,,4.910473351465877e-05
10463,,4.8933060131288594e-05
10464,,4.887399895724126e-05
10465,,4.880264427022159e-05
10466,,4.871108606975796e-05
10467,,4.86024008523189e-05
10468,,4.838545892989857e-05
10469,,4.788998611172405e-05
10470,,4.7147774855221294e-05
10471,,4.574033220870902e-05
10472,,4.337605976501182e-05
10473,,4.022647847490833e-05
10474,,3.7102963892295256e-05
10475,,3.548738168197002e-05
10476,,3.4721982164677226e-05
10477,,3.4498590639201604e-05
10478,,3.4267735472544346e-05
10479,,3.3771578367679066e-05
10480,,3.274251144660158e-05
10481,,3.0686981270668126e-05
10482,,2.6917886580910046e-05
10483,,2.1071040728521655e-05
10484,,1.571650524977116e-05
10485,,1.2128148600262449e-05
10486,,1.0911259582727015e-05
10487,,1.0260532460958117e-05
10488,,1.0222485304908898e-05
10489,,1.0207939288755132e-05
10490,,1.016635675664457e-05
10491,,1.0094720990757186e-05
10492,,9.942310246409672e-06
10493,,9.634943452902631e-06
10494,,9.062955127874389e-06
10495,,8.093453938762612e-06
10496,,6.533920117725031e-06
10497,,5.364021627508625e-06
10498,,4.842070612008966e-06
10499,,4.5379919935832335e-06
10500,,4.518819629766847e-06
10501,,4.517002813031428e-06
10502,,4.514539778859672e-06
10503,,4.499509778522771e-06
10504,,4.473639257799738e-06
10505,,4.411717460781356e-06
10506,,4.279310319604789e-06
10507,,4.02087117587527e-06
10508,,3.6082553912665586e-06
10509,,3.150110585304574e-06
10510,,3.050414830281776e-06
10511,,2.802747472504437e-06
10512,,2.737378177659223e-06
10513,,2.7268751532716084e-06
10514,,2.7246045515841815e-06
10515,,2.7220569421437568e-06
10516,,2.716679712402077e-06
10517,,2.706285993655057e-06
10518,,2.6824775499160563e-06
10519,,2.6290957653788153e-06
10520,,2.5120395328261084e-06
10521,,2.2707772683489005e-06
10522,,1.835474195625324e-06
10523,,1.2312805461379932e-06
10524,,9.780248537778298e-07
10525,,6.234435586791923e-07
10526,,4.1720378014690416e-07
10527,,3.893412884191608e-07
10528,,3.8636677637671535e-07
10529,,3.8613708736020644e-07
10530,,3.8612270565919485e-07
10531,,3.861216874994132e-07
10532,,3.861213801178549e-07
10533,,3.8612113776988997e-07
10534,,3.861194551447156e-07
10535,,3.8611897856308783e-07
10536,,3.861186962293248e-07
10537,,3.8611845409257003e-07
10538,,3.8611670944805236e-07
10539,,3.8611629637724246e-07
10540,,3.861160145550182e-07
10541,,3.8611577082728816e-07
10542,,3.8611403134137034e-07
10543,,3.8611362064331296e-07
10544,,3.8611333399426625e-07
10545,,3.861130879104307e-07
10546,,3.861113736709164e-07
10547,,3.861109484023637e-07
10548,,3.8611065434973524e-07
10549,,3.86110405341333e-07
10550,,3.8610872767279043e-07
10551,,3.8610827899239413e-07
10552,,3.861079756158452e-07
10553,,3.8610772314394897e-07
10554,,3.861060910107536e-07
10555,,3.861056123559132e-07
10556,,3.861052978599517e-07
10557,,3.861050413469746e-07
10558,,3.861034633964717e-07
10559,,3.861029487065297e-07
10560,,3.861026211870898e-07
10561,,3.861023600006469e-07
10562,,3.861008454623015e-07
10563,,3.861002883967077e-07
10564,,3.8609994574003803e-07
10565,,3.8609967915008534e-07
10566,,3.8609823835833407e-07
10567,,3.8609763188206663e-07
10568,,3.8609727168393034e-07
10569,,3.860969988559949e-07
10570,,3.860956436053588e-07
10571,,3.860949797210459e-07
10572,,3.860945992193798e-07
10573,,3.8609431919006925e-07
10574,,3.860930630482062e-07
10575,,3.8609233256523406e-07
10576,,3.8609192857461915e-07
10577,,3.860916402295531e-07
10578,,3.8609139316097534e-07
10579,,3.860896911811675e-07
10580,,3.860892600173536e-07
10581,,3.8608896206979814e-07
10582,,3.8608871159462673e-07
10583,,3.860870564572033e-07
10584,,3.8608659385534797e-07
10585,,3.860862848171447e-07
10586,,3.8608603041435966e-07
10587,,3.8608442942528026e-07
10588,,3.8608393045154097e-07
10589,,3.860836086004908e-07
10590,,3.860833496647213e-07
10591,,3.8608181129117094e-07
10592,,3.860812702208954e-07
10593,,3.8608093356428305e-07
10594,,3.860806693977029e-07
10595,,3.860792034428941e-07
10596,,3.860786136467499e-07
10597,,3.8607825987596946e-07
10598,,3.860779896702106e-07
10599,,3.8607660750054237e-07
10600,,3.86075961296655e-07
10601,,3.8607558773004225e-07
10602,,3.86075310553311e-07
10603,,3.8607402534538775e-07
10604,,3.860733138172809e-07
10605,,3.8607291735802405e-07
10606,,3.860726321227405e-07
10607,,3.860723863884657e-07
10608,,3.860706719671859e-07
10609,,3.860702490161446e-07
10610,,3.860699544719746e-07
10611,,3.8606970545244975e-07
10612,,3.8606803662428333e-07
10613,,3.860675830127288e-07
10614,,3.860672777071298e-07
10615,,3.860670248958618e-07
10616,,3.86065408811324e-07
10617,,3.8606491970576745e-07
10618,,3.860646019514943e-07
10619,,3.8606434475945634e-07
10620,,3.860627897084095e-07
10621,,3.8606225949856835e-07
10622,,3.860619273457811e-07
10623,,3.860616650923842e-07
10624,,3.8606018069071796e-07
10625,,3.8605960287242196e-07
10626,,3.8605925406006464e-07
10627,,3.860589859542419e-07
10628,,3.8605758335608436e-07
10629,,3.8605695037928373e-07
10630,,3.8605658228291053e-07
10631,,3.860563074125342e-07
10632,,3.860549995551962e-07
10633,,3.860543026605909e-07
10634,,3.860539122352886e-07
10635,,3.8605362954170735e-07
10636,,3.8605338490593555e-07
10637,,3.860516604650202e-07
10638,,3.8605124418067166e-07
10639,,3.860509524306854e-07
10640,,3.8605070461742096e-07
10641,,3.8604902465281364e-07
10642,,3.8604857841626706e-07
10643,,3.8604827619067705e-07
10644,,3.860480246997016e-07
10645,,3.8604639623309055e-07
10646,,3.860459152903302e-07
10647,,3.86045600935719e-07
10648,,3.860453451931119e-07
10649,,3.860437763718899e-07
10650,,3.8604325520832827e-07
10651,,3.86042926808163e-07
10652,,3.860426661474275e-07
10653,,3.8604116642375277e-07
10654,,3.8604059863879395e-07
10655,,3.860402539723065e-07
10656,,3.86039987621337e-07
10657,,3.8603856796396836e-07
10658,,3.8603794612715753e-07
10659,,3.860375826170338e-07
10660,,3.860373096754178e-07
10661,,3.860359828205296e-07
10662,,3.860352983059787e-07
10663,,3.860349129566906e-07
10664,,3.860346323898622e-07
10665,,3.860334131176749e-07
10666,,3.8603265590918486e-07
10667,,3.860322452531314e-07
10668,,3.8603195585132245e-07
10669,,3.8603170904732005e-07
10670,,3.860300197918278e-07
10671,,3.86029579797262e-07
10672,,3.860292801654978e-07
10673,,3.860290297795283e-07
10674,,3.860273909465207e-07
10675,,3.8602691693172026e-07
10676,,3.8602660544350215e-07
10677,,3.860263509199593e-07
10678,,3.860247705230015e-07
10679,,3.860242570589959e-07
10680,,3.860239318304444e-07
10681,,3.8602367251158153e-07
10682,,3.860221598590221e-07
10683,,3.8602160064012603e-07
10684,,3.860212594861763e-07
10685,,3.860209946108786e-07
10686,,3.8601956051247654e-07
10687,,3.860189482110728e-07
10688,,3.860185885948682e-07
10689,,3.8601831728493627e-07
10690,,3.8601697428282175e-07
10691,,3.8601630039911153e-07
10692,,3.86015919372502e-07
10693,,3.8601564060438186e-07
10694,,3.8601440327463406e-07
10695,,3.8601365792709893e-07
10696,,3.860132520711389e-07
10697,,3.8601296466065886e-07
10698,,3.86012718707575e-07
10699,,3.8601102163679815e-07
10700,,3.8601058698117084e-07
10701,,3.860102895491645e-07
10702,,3.8601004010527385e-07
10703,,3.860083925095265e-07
10704,,3.8600792444054844e-07
10705,,3.8600761539302094e-07
10706,,3.8600736190338177e-07
10707,,3.860057716844663e-07
10708,,3.8600526484551175e-07
10709,,3.860049423229167e-07
10710,,3.8600468414446776e-07
10711,,3.860031604809203e-07
10712,,3.860026086536047e-07
10713,,3.86002270502241e-07
10714,,3.860020068861313e-07
10715,,3.8600056043636756e-07
10716,,3.8599995638722946e-07
10717,,3.8599960011026375e-07
10718,,3.8599933019052936e-07
10719,,3.8599797333192177e-07
10720,,3.8599730867512816e-07
10721,,3.8599693136516774e-07
10722,,3.859966541330503e-07
10723,,3.8599540124859515e-07
10724,,3.859946662245531e-07
10725,,3.8599426450932037e-07
10726,,3.8599397879746697e-07
10727,,3.859937335775173e-07
10728,,3.859920298700507e-07
10729,,3.85991599828807e-07
10730,,3.8599130428863955e-07
10731,,3.859910556474544e-07
10732,,3.8598940058266806e-07
10733,,3.8598893766768737e-07
10734,,3.8598863071572165e-07
10735,,3.8598837811056975e-07
10736,,3.859867794832846e-07
10737,,3.859862784053114e-07
10738,,3.8598595821619556e-07
10739,,3.859857010111623e-07
10740,,3.8598416787981343e-07
10741,,3.859836224969399e-07
10742,,3.859832869445015e-07
10743,,3.859830244060942e-07
10744,,3.8598156728969034e-07
10745,,3.859809704653872e-07
10746,,3.859806170810074e-07
10747,,3.8598034835577227e-07
10748,,3.8597897948194245e-07
10749,,3.8597832292090816e-07
10750,,3.8597794883930715e-07
10751,,3.8597767293492023e-07
10752,,3.859764065028147e-07
10753,,3.859756805744849e-07
10754,,3.859752824626118e-07
10755,,3.859749982271789e-07
10756,,3.8597475363526777e-07
10757,,3.859730442431879e-07
10758,,3.859726182369841e-07
10759,,3.8597232432954957e-07
10760,,3.8597207638290704e-07
10761,,3.8597041488759627e-07
10762,,3.85969956489756e-07
10763,,3.859696513589162e-07
10764,,3.859693995190139e-07
10765,,3.8596779361920236e-07
10766,,3.8596729760567477e-07
10767,,3.859669794459672e-07
10768,,3.8596672308950145e-07
10769,,3.859651817288678e-07
10770,,3.8596464203191784e-07
10771,,3.8596430874579637e-07
10772,,3.8596404714444274e-07
10773,,3.8596258072092444e-07
10774,,3.859619902862418e-07
10775,,3.85961639434533e-07
10776,,3.8596137175085484e-07
10777,,3.859599923419813e-07
10778,,3.859593429712263e-07
10779,,3.859589717235644e-07
10780,,3.859586969761168e-07
10781,,3.859574186201284e-07
10782,,3.8595670078808797e-07
10783,,3.859563058550331e-07
10784,,3.859560229054276e-07
10785,,3.859557788635253e-07
10786,,3.8595406454925154e-07
10787,,3.8595364210774033e-07
10788,,3.859533496354834e-07
10789,,3.8595310229621464e-07
10790,,3.8595143520428667e-07
10791,,3.8595098081197446e-07
10792,,3.8595067728008537e-07
10793,,3.8595042611318874e-07
10794,,3.859488138498306e-07
10795,,3.859483223408411e-07
10796,,3.8594800597109003e-07
10797,,3.859477503558903e-07
10798,,3.8594620176636335e-07
10799,,3.8594566714135184e-07
10800,,3.8594533585606767e-07
10801,,3.8594507508060806e-07
10802,,3.8594360044047435e-07
10803,,3.859430157245506e-07
10804,,3.8594266711718554e-07
10805,,3.859424003483661e-07
10806,,3.8594101160332954e-07
10807,,3.859403686857979e-07
10808,,3.85939999957239e-07
10809,,3.8593972622917084e-07
10810,,3.8593843725742376e-07
10811,,3.8593772672043915e-07
10812,,3.8593733461955324e-07
10813,,3.8593705280558575e-07
10814,,3.8593680924778635e-07
10815,,3.8593509062972125e-07
10816,,3.859346713767638e-07
10817,,3.8593438017331625e-07
10818,,3.8593413336812706e-07
10819,,3.8593246135487477e-07
10820,,3.8593201055424675e-07
10821,,3.859317084440266e-07
10822,,3.8593145786633244e-07
10823,,3.8592983998406876e-07
10824,,3.8592935252710373e-07
10825,,3.8592903774952756e-07
10826,,3.85928782791323e-07
10827,,3.8592722778104205e-07
10828,,3.8592669773308113e-07
10829,,3.859263682369586e-07
10830,,3.859261081917538e-07
10831,,3.8592462621934427e-07
10832,,3.8592404667976794e-07
10833,,3.8592370008215466e-07
10834,,3.8592343412809485e-07
10835,,3.8592203701207025e-07
10836,,3.859213999561e-07
10837,,3.859210334917514e-07
10838,,3.85920760671597e-07
10839,,3.859194621430744e-07
10840,,3.859187582472297e-07
10841,,3.8591836870007253e-07
10842,,3.8591808790200306e-07
10843,,3.859178447775071e-07
10844,,3.8591612235409065e-07
10845,,3.8591570598079304e-07
10846,,3.8591541591484243e-07
10847,,3.8591516958896726e-07
10848,,3.859134932016482e-07
10849,,3.859130456548709e-07
10850,,3.859127448241722e-07
10851,,3.8591249477760567e-07
10852,,3.859108718675957e-07
10853,,3.8591038809543385e-07
10854,,3.8591007475226134e-07
10855,,3.8590982038465447e-07
10856,,3.859082596062094e-07
10857,,3.859077337322827e-07
10858,,3.859074058517815e-07
10859,,3.8590714646393166e-07
10860,,3.8590565787596935e-07
10861,,3.859050830701724e-07
10862,,3.8590473829567037e-07
10863,,3.859044730725914e-07
10864,,3.8590306836791055e-07
10865,,3.8590243669183007e-07
10866,,3.859020722846201e-07
10867,,3.859018002849349e-07
10868,,3.859004930568759e-07
10869,,3.858997952783041e-07
10870,,3.85899408055353e-07
10871,,3.8589912817706816e-07
10872,,3.858979342309958e-07
10873,,3.858971596182282e-07
10874,,3.858967458739402e-07
10875,,3.8589645684286495e-07
10876,,3.858962109472764e-07
10877,,3.8589453062609075e-07
10878,,3.8589408606484246e-07
10879,,3.858937863928072e-07
10880,,3.8589353682647084e-07
10881,,3.85891909374034e-07
10882,,3.8589142899009423e-07
10883,,3.8589111695478416e-07
10884,,3.858908631219298e-07
10885,,3.858892971043591e-07
10886,,3.858887750804482e-07
10887,,3.858884486761663e-07
10888,,3.8588818988350753e-07
10889,,3.8588669525829936e-07
10890,,3.858861248318812e-07
10891,,3.8588578172723185e-07
10892,,3.8588551717251204e-07
10893,,3.8588410551279134e-07
10894,,3.8588347882507735e-07
10895,,3.8588311630790393e-07
10896,,3.8588284505349416e-07
10897,,3.858815298237794e-07
10898,,3.8588083773209087e-07
10899,,3.8588045264942785e-07
10900,,3.8588017361089716e-07
10901,,3.858789704559096e-07
10902,,3.8587820233349747e-07
10903,,3.8587779102066204e-07
10904,,3.858775029372867e-07
10905,,3.8587725743678664e-07
10906,,3.858755735397512e-07
10907,,3.858751317404023e-07
10908,,3.858748331364663e-07
10909,,3.858745840085668e-07
10910,,3.8587295240757014e-07
10911,,3.8587247516778476e-07
10912,,3.85872164336007e-07
10913,,3.858719109932458e-07
10914,,3.8587034016771413e-07
10915,,3.858698217264673e-07
10916,,3.8586949668437655e-07
10917,,3.858692384415351e-07
10918,,3.858677382497219e-07
10919,,3.858671719132828e-07
10920,,3.8586683035179967e-07
10921,,3.858665664109501e-07
10922,,3.8586514831629785e-07
10923,,3.858645262965655e-07
10924,,3.8586416553126315e-07
10925,,3.858638949687469e-07
10926,,3.8586257230034756e-07
10927,,3.8586188554775746e-07
10928,,3.858615024565346e-07
10929,,3.858612241949244e-07
10930,,3.858600124529149e-07
10931,,3.8585925043476647e-07
10932,,3.8585884139348843e-07
10933,,3.858585541804526e-07
10934,,3.858583090470478e-07
10935,,3.8585662186518287e-07
10936,,3.858561826496543e-07
10937,,3.858558850358014e-07
10938,,3.8585563631320995e-07
10939,,3.858540008813075e-07
10940,,3.858535265914504e-07
10941,,3.8585321688131136e-07
10942,,3.8585296399108867e-07
10943,,3.8585138870666697e-07
10944,,3.858508736358821e-07
10945,,3.858505498630347e-07
10946,,3.8585029212863527e-07
10947,,3.8584878675335287e-07
10948,,3.8584822426948395e-07
10949,,3.8584788415024705e-07
10950,,3.8584762077981413e-07
10951,,3.858461966725775e-07
10952,,3.8584557906207437e-07
10953,,3.858452199386776e-07
10954,,3.858449500157077e-07
10955,,3.858436203774159e-07
10956,,3.8584293867081185e-07
10957,,3.858425574545407e-07
10958,,3.85842279914884e-07
10959,,3.858410600975185e-07
10960,,3.858403038699142e-07
10961,,3.8583989696170153e-07
10962,,3.8583961056908526e-07
10963,,3.8583936577377497e-07
10964,,3.858376755450122e-07
10965,,3.858372387688853e-07
10966,,3.8583694207965635e-07
10967,,3.858366937374861e-07
10968,,3.858350547374343e-07
10969,,3.8583458323341354e-07
10970,,3.858342745737895e-07
10971,,3.858340221092762e-07
10972,,3.8583244265339844e-07
10973,,3.8583193077228776e-07
10974,,3.8583160819405987e-07
10975,,3.858313509348104e-07
10976,,3.858298406956826e-07
10977,,3.8582928186557815e-07
10978,,3.8582894311030734e-07
10979,,3.858286802742443e-07
10980,,3.8582725049835897e-07
10981,,3.858266370812285e-07
10982,,3.858262795091239e-07
10983,,3.8582601019016264e-07
10984,,3.8582467396206744e-07
10985,,3.858239970698896e-07
10986,,3.858236176201558e-07
10987,,3.8582334076356906e-07
10988,,3.858221132897584e-07
10989,,3.858213625904966e-07
10990,,3.858209577074241e-07
10991,,3.858206720855973e-07
10992,,3.858204276104845e-07
10993,,3.8581873453010547e-07
10994,,3.858183000724217e-07
10995,,3.8581800425753307e-07
10996,,3.858177562755339e-07
10997,,3.8581611391836093e-07
10998,,3.8581564506957807e-07
10999,,3.8581533740554193e-07
11000,,3.858150853401406e-07
11001,,3.8581350194669255e-07
11002,,3.858129931104915e-07
11003,,3.8581267166800754e-07
11004,,3.8581241485836297e-07
11005,,3.8581090001163105e-07
11006,,3.858103446766665e-07
11007,,3.8581000721207255e-07
11008,,3.858097448845041e-07
11009,,3.858083097296192e-07
11010,,3.858077003264453e-07
11011,,3.8580734423050296e-07
11012,,3.8580707548341855e-07
11013,,3.858057329781582e-07
11014,,3.858050607019295e-07
11015,,3.8580468294398817e-07
11016,,3.858044067340888e-07
11017,,3.858031719489717e-07
11018,,3.858024265638515e-07
11019,,3.8580202361372424e-07
11020,,3.858017387260861e-07
11021,,3.8580149455520256e-07
11022,,3.8579979878465467e-07
11023,,3.8579936654206774e-07
11024,,3.8579907156170814e-07
11025,,3.8579882391738744e-07
11026,,3.8579717838368656e-07
11027,,3.857967120779167e-07
11028,,3.857964053633352e-07
11029,,3.85796153680709e-07
11030,,3.8579456654803276e-07
11031,,3.8579406063259356e-07
11032,,3.857937402717847e-07
11033,,3.857934838895237e-07
11034,,3.8579196465166463e-07
11035,,3.857914126784657e-07
11036,,3.857910764506962e-07
11037,,3.857908146039992e-07
11038,,3.8578937430590613e-07
11039,,3.8578876877025973e-07
11040,,3.857884140896916e-07
11041,,3.8578814588694393e-07
11042,,3.857867973699339e-07
11043,,3.857861295477572e-07
11044,,3.8578575340932514e-07
11045,,3.8578547781735674e-07
11046,,3.8578423601209745e-07
11047,,3.8578349575954517e-07
11048,,3.8578309466669535e-07
11049,,3.857828104818424e-07
11050,,3.857825666011822e-07
11051,,3.857808682728898e-07
11052,,3.857804381641009e-07
11053,,3.8578014398471e-07
11054,,3.8577989666480026e-07
11055,,3.8577824809938153e-07
11056,,3.8577778424571585e-07
11057,,3.8577747844246684e-07
11058,,3.857772271243637e-07
11059,,3.857756364124646e-07
11060,,3.8577513331954633e-07
11061,,3.857748139991684e-07
11062,,3.85774558025917e-07
11063,,3.857730345790968e-07
11064,,3.857724858526929e-07
11065,,3.857721508144588e-07
11066,,3.857718894313912e-07
11067,,3.857704441874887e-07
11068,,3.857698423943192e-07
11069,,3.857694890774817e-07
11070,,3.8576922139807253e-07
11071,,3.857678670871013e-07
11072,,3.8576720358133376e-07
11073,,3.857668290043684e-07
11074,,3.8576655401009895e-07
11075,,3.8576530542664066e-07
11076,,3.8576457015315027e-07
11077,,3.857641708578711e-07
11078,,3.857638873489361e-07
11079,,3.857636437469742e-07
11080,,3.857619429710456e-07
11081,,3.8576151492613854e-07
11082,,3.8576122151515667e-07
11083,,3.8576097451054706e-07
11084,,3.8575932303669274e-07
11085,,3.857588615608712e-07
11086,,3.8575855663485446e-07
11087,,3.857583056669878e-07
11088,,3.8575671151260307e-07
11089,,3.8575621115776126e-07
11090,,3.857558928414229e-07
11091,,3.8575563726252747e-07
11092,,3.857541097540281e-07
11093,,3.857535641811369e-07
11094,,3.8575323029597913e-07
11095,,3.8575296935933016e-07
11096,,3.8575151933858313e-07
11097,,3.857509211818897e-07
11098,,3.8575056918507635e-07
11099,,3.857503020146385e-07
11100,,3.8574894209178655e-07
11101,,3.857482827854363e-07
11102,,3.857479097264453e-07
11103,,3.857476353045354e-07
11104,,3.8574638015008076e-07
11105,,3.8574564972593113e-07
11106,,3.857452521745262e-07
11107,,3.857449693169371e-07
11108,,3.8574472598966636e-07
11109,,3.85743022858601e-07
11110,,3.857425968205999e-07
11111,,3.857423041548705e-07
11112,,3.8574205745349134e-07
11113,,3.857404031747963e-07
11114,,3.8573994400840433e-07
11115,,3.8573963993536543e-07
11116,,3.8573938930833325e-07
11117,,3.857377918236402e-07
11118,,3.8573729413285446e-07
11119,,3.8573697679296117e-07
11120,,3.8573672160049827e-07
11121,,3.857351901561368e-07
11122,,3.857346476588899e-07
11123,,3.8573431488765086e-07
11124,,3.8573405438500976e-07
11125,,3.857325997268737e-07
11126,,3.8573200512117994e-07
11127,,3.857316544077125e-07
11128,,3.8573138772650614e-07
11129,,3.8573002235404884e-07
11130,,14.244224822249477
11131,,83977.14973556525
11132,,14.123373498035418
11133,,596.4854579786328
11134,,13.950355289904243
11135,,2.353382038822354
11136,,83.21710341141281
11137,,2.3208856922297736
11138,,1.604731689731226
11139,,1.3134800693741948
11140,,0.8275979665426777
11141,,0.8193221215138282
11142,,0.819039618315916
11143,,0.8190297844049548
11144,,0.8190294418558206
11145,,0.8190294299233648
11146,,0.8190294295077101
11147,,0.8190294294932283
11148,,0.8190294294927256
11149,,0.8190294294927081
11150,,0.8190294294927074
11151,,0.8190294294927074
11152,,0.4107552486702583
11153,,1.2767392805066493
11154,,0.3695827626578954
11155,,0.3080700332391446
11156,,0.29503710603416056
11157,,67.64903115532645
11158,,0.2864850424028449
11159,,0.2612895790054525
11160,,0.25721916412617424
11161,,0.24410121564005594
11162,,0.22675765317394184
11163,,0.20336961074784443
11164,,0.2081202715509773
11165,,0.17821080909686215
11166,,0.16658142660859393
11167,,0.14777083561574741
11168,,0.14627663432342236
11169,,0.14612763293045433
11170,,0.14611245286190416
11171,,0.14611090297656262
11172,,0.14611074469819083
11173,,0.14611072853402168
11174,,0.14611072688325172
11175,,0.14611072671466982
11176,,0.14611072669745043
11177,,0.1461107266956928
11178,,0.14611072669551364
11179,,0.14611072669549335
11180,,0.1461107266954919
11181,,0.14611072669549163
11182,,0.14611072669549163
11183,,0.12883781527531232
11184,,0.12698684526961362
11185,,0.12674016790391252
11186,,0.12670637066111193
11187,,0.12670172261644816
11188,,0.12670108305207323
11189,,0.12670099504264817
11190,,0.12670098293169338
11191,,0.12670098126510657
11192,,0.1267009810357668
11193,,0.12670098100420743
11194,,0.12670098099986582
11195,,0.12670098099926635
11196,,0.12670098099918578
11197,,0.1267009809991723
11198,,0.12670098099917163
11199,,0.12670098099917032
11200,,0.12670098099917007
11201,,0.12670098099917007
11202,,0.11182175362481384
11203,,0.10971198732417005
11204,,0.1093195411193501
11205,,0.1092429781693063
11206,,0.10922790327795094
11207,,0.10922492972818006
11208,,0.10922434298086207
11209,,0.10922422719445582
11210,,0.10922420434530401
11211,,0.10922419983626773
11212,,0.10922419894645659
11213,,0.10922419877086241
11214,,0.10922419873621053
11215,,0.10922419872937135
11216,,0.10922419872802187
11217,,0.10922419872775681
11218,,0.10922419872770402
11219,,0.10922419872769441
11220,,0.10922419872769132
11221,,0.10922419872769083
11222,,0.10922419872769065
11223,,0.10922419872769065
11224,,35.60149344758276
11225,,0.09541115114596208
11226,,0.28308164890339305
11227,,0.07991527002030885
11228,,0.15151497083571241
11229,,0.07151462983096411
11230,,0.06676191796338786
11231,,0.06218344896882747
11232,,0.05526720690976179
11233,,0.04804108853736971
11234,,0.042235774731214135
11235,,0.04153099067357798
11236,,0.02740236011560728
11237,,0.0353412654217685
11238,,0.024725599677164038
11239,,0.023634488200608192
11240,,0.02125591277330718
11241,,0.01880083589759794
11242,,0.015986865205366716
11243,,0.013253805633665728
11244,,0.010781173714046948
11245,,0.007707775711426624
11246,,0.005757614685222888
11247,,0.004716989311427625
11248,,0.0040713707919865574
11249,,0.003453997728291689
11250,,0.002908891864624452
11251,,0.002680349859947704
11252,,0.002571369769773349
11253,,0.0024370102261148056
11254,,0.002277619598930124
11255,,0.0021273070923768225
11256,,0.0020172234065319924
11257,,0.0018937635691066979
11258,,0.001755140551479267
11259,,0.0016257674851769014
11260,,0.0015897495510001393
11261,,0.0015797532497964942
11262,,0.0015700841507104756
11263,,0.0015566212954311596
11264,,0.0015304494103740198
11265,,0.0014778633297639879
11266,,0.0013758483645279684
11267,,0.0011902551713686659
11268,,0.000892035299366107
11269,,0.000786897081886452
11270,,0.00042911314592998333
11271,,0.00028618771563400093
11272,,0.00023875236690160418
11273,,0.0002299888257461346
11274,,0.00022745166113978096
11275,,0.0002244743533070824
11276,,0.00021957301119000303
11277,,0.00021346526322653668
11278,,0.00020930879639967194
11279,,0.00020631294033514018
11280,,0.00020469125983280787
11281,,0.0002034659761599355
11282,,0.00020039582763814302
11283,,0.00019489346000703547
11284,,0.00018703344629252447
11285,,0.00017914942200935653
11286,,0.00017386522020610497
11287,,0.00017011452852173779
11288,,0.0001656790777115803
11289,,0.00015790758219060897
11290,,0.00014462896636629257
11291,,0.00012306329102482007
11292,,0.00010258909907861966
11293,,9.172406784092934e-05
11294,,8.774092453428632e-05
11295,,8.67319138534554e-05
11296,,8.58150673186636e-05
11297,,8.327184964006602e-05
11298,,7.727075947461713e-05
11299,,6.458556768752978e-05
11300,,4.88561749491828e-05
11301,,3.3684941026251766e-05
11302,,1.6534724004010987e-05
11303,,1.3046867447980776e-05
11304,,1.258886960069633e-05
11305,,1.2548429963046482e-05
11306,,1.2535602153176325e-05
11307,,1.2520922740158297e-05
11308,,1.2505273110178393e-05
11309,,1.2478651788176459e-05
11310,,1.2424645957631885e-05
11311,,1.2311738483574266e-05
11312,,1.2095489439982509e-05
11313,,1.175880253986073e-05
11314,,1.1352850630552445e-05
11315,,1.1042188533751223e-05
11316,,1.0901795309388377e-05
11317,,1.083526922711427e-05
11318,,1.0766820361485633e-05
11319,,1.0623231047152015e-05
11320,,1.0307111833260974e-05
11321,,9.638124186106675e-06
11322,,8.38011049643922e-06
11323,,6.515535687711345e-06
11324,,4.691279738852075e-06
11325,,3.7982188734976463e-06
11326,,3.539869018354769e-06
11327,,3.4854772780166364e-06
11328,,3.4814658779693227e-06
11329,,3.4810951214434726e-06
11330,,3.4808715912430815e-06
11331,,3.4807113976152823e-06
11332,,3.4794348393068516e-06
11333,,3.47223485668477e-06
11334,,3.4557067982526963e-06
11335,,3.426042897626456e-06
11336,,3.381893039350346e-06
11337,,3.34446710145474e-06
11338,,3.3317974178556374e-06
11339,,3.3176129125161027e-06
11340,,3.3144158741203496e-06
11341,,3.313936606532425e-06
11342,,3.3138314524444345e-06
11343,,3.3137752906811037e-06
11344,,3.313408939868726e-06
11345,,3.312593421454336e-06
11346,,3.3081528179420923e-06
11347,,3.2999273600286857e-06
11348,,3.281093793957961e-06
11349,,3.239390609279467e-06
11350,,3.1499584210807186e-06
11351,,2.9754666905661566e-06
11352,,2.696178333726389e-06
11353,,2.3866686151109195e-06
11354,,2.1955312681692417e-06
11355,,2.1325252469802994e-06
11356,,2.1153592202843934e-06
11357,,2.1137266193398994e-06
11358,,2.1135532844563965e-06
11359,,2.113443204855218e-06
11360,,2.113365164365008e-06
11361,,2.1127628743709095e-06
11362,,2.110146215931602e-06
11363,,2.1033703836947427e-06
11364,,2.088765470530861e-06
11365,,2.055434324009864e-06
11366,,1.981823065571228e-06
11367,,1.829190380414028e-06
11368,,1.553910646611287e-06
11369,,1.1755917189910913e-06
11370,,1.2186743587490997e-06
11371,,1.0677320075123987e-06
11372,,8.082215220014446e-07
11373,,6.745135134416244e-07
11374,,6.537080473033841e-07
11375,,6.514289146028407e-07
11376,,6.512582960683225e-07
11377,,6.512480306553931e-07
11378,,6.512469873851243e-07
11379,,6.512464029177713e-07
11380,,6.512436047691883e-07
11381,,6.51241114794664e-07
11382,,6.512403565928803e-07
11383,,6.512397762132999e-07
11384,,6.512392193703232e-07
11385,,6.512351097744629e-07
11386,,6.512338637662691e-07
11387,,6.512331778022914e-07
11388,,6.512325975783441e-07
11389,,6.512320390073413e-07
11390,,6.512285996866309e-07
11391,,6.512268759436614e-07
11392,,6.512260485106549e-07
11393,,6.512254298842678e-07
11394,,6.51224861286746e-07
11395,,6.512243048881352e-07
11396,,6.512203757452843e-07
11397,,6.512190399416242e-07
11398,,6.512182923778673e-07
11399,,6.512176911906367e-07
11400,,6.512171265703218e-07
11401,,6.512165711149626e-07
11402,,6.512124046973052e-07
11403,,6.512112491039315e-07
11404,,6.512105449622492e-07
11405,,6.512099543544456e-07
11406,,6.512093923342847e-07
11407,,6.51206954049853e-07
11408,,6.512045059597806e-07
11409,,6.5120347489762e-07
11410,,6.512028015282121e-07
11411,,6.512022185402067e-07
11412,,6.512016584139176e-07
11413,,6.511987303777802e-07
11414,,6.51196651032926e-07
11415,,6.511957114542845e-07
11416,,6.511950608002047e-07
11417,,6.511944834632784e-07
11418,,6.511939247435597e-07
11419,,6.511906320374225e-07
11420,,6.511888270315862e-07
11421,,6.51187955699707e-07
11422,,6.51187322038862e-07
11423,,6.51186748937248e-07
11424,,6.51186191280263e-07
11425,,6.511826239857859e-07
11426,,6.511810253876814e-07
11427,,6.511802055390339e-07
11428,,6.511795847295896e-07
11429,,6.511790148417966e-07
11430,,6.511784579922197e-07
11431,,6.511746815719889e-07
11432,,6.511732400436272e-07
11433,,6.511724594771076e-07
11434,,6.51171848502572e-07
11435,,6.511712810831879e-07
11436,,6.51170724856761e-07
11437,,6.511667871387682e-07
11438,,6.511654666430049e-07
11439,,6.511647164423815e-07
11440,,6.511641130939071e-07
11441,,6.511635475971679e-07
11442,,6.511629918587377e-07
11443,,6.511589279646269e-07
11444,,6.511577020494136e-07
11445,,6.511569756591566e-07
11446,,6.511563783163264e-07
11447,,6.511558143351917e-07
11448,,6.511552589855888e-07
11449,,6.511510948451284e-07
11450,,6.511499439885952e-07
11451,,6.511492365684858e-07
11452,,6.511486440273594e-07
11453,,6.511480812654026e-07
11454,,6.511475262298456e-07
11455,,6.511432810969498e-07
11456,,6.511421908108408e-07
11457,,6.511414987587564e-07
11458,,6.511409101262096e-07
11459,,6.51140348363741e-07
11460,,6.511379109681307e-07
11461,,6.511354818695402e-07
11462,,6.511344413193699e-07
11463,,6.511337619372771e-07
11464,,6.511331765389042e-07
11465,,6.511326156075896e-07
11466,,6.511299600432602e-07
11467,,6.511276936227278e-07
11468,,6.511266946355971e-07
11469,,6.511260258870012e-07
11470,,6.511254432146806e-07
11471,,6.511248829869131e-07
11472,,6.511220424233295e-07
11473,,6.511199137752267e-07
11474,,6.511189501256548e-07
11475,,6.511182904510989e-07
11476,,6.51117710115995e-07
11477,,6.511171504903604e-07
11478,,6.511141504667246e-07
11479,,6.511121404297025e-07
11480,,6.511112073118876e-07
11481,,6.511105555116174e-07
11482,,6.511099772057474e-07
11483,,6.511094181132427e-07
11484,,6.511062785415043e-07
11485,,6.511043721947771e-07
11486,,6.511034658587821e-07
11487,,6.511028209798576e-07
11488,,6.51102244473902e-07
11489,,6.511016858470457e-07
11490,,6.510984225085636e-07
11491,,6.510966080412376e-07
11492,,6.510957255025943e-07
11493,,6.510950867987224e-07
11494,,6.510945118963834e-07
11495,,6.510939536917505e-07
11496,,6.510905792804391e-07
11497,,6.510888472027605e-07
11498,,6.510879860598357e-07
11499,,6.510873529164667e-07
11500,,6.510867794627065e-07
11501,,6.51086221641235e-07
11502,,6.510827465666144e-07
11503,,6.510810891066427e-07
11504,,6.510802473829077e-07
11505,,6.510796192977224e-07
11506,,6.510790471690619e-07
11507,,6.510784896945287e-07
11508,,6.510749226210151e-07
11509,,6.51073333323856e-07
11510,,6.510725093657686e-07
11511,,6.510718859157819e-07
11512,,6.510713150010745e-07
11513,,6.510707578525536e-07
11514,,6.510671061343715e-07
11515,,6.510655795211738e-07
11516,,6.510647719269177e-07
11517,,6.510641527540664e-07
11518,,6.510635829611952e-07
11519,,6.510630261071234e-07
11520,,6.510592960839844e-07
11521,,6.510578274484824e-07
11522,,6.510570350024436e-07
11523,,6.51056419793895e-07
11524,,6.510558510376789e-07
11525,,6.510552944631148e-07
11526,,6.510514916869242e-07
11527,,6.510500768987384e-07
11528,,6.510492985408316e-07
11529,,6.51048687019649e-07
11530,,6.510481192364904e-07
11531,,6.510475629194972e-07
11532,,6.510436923110977e-07
11533,,6.510423277214261e-07
11534,,6.510415625010596e-07
11535,,6.510409544227708e-07
11536,,6.510403875437368e-07
11537,,6.510398314701712e-07
11538,,6.510358974509292e-07
11539,,6.510345797858696e-07
11540,,6.510338268536943e-07
11541,,6.510332219972964e-07
11542,,6.510326559673868e-07
11543,,6.510321001196639e-07
11544,,6.510281066913125e-07
11545,,6.510268329833977e-07
11546,,6.510260915694706e-07
11547,,6.510254897351087e-07
11548,,6.510249245026356e-07
11549,,6.510243688678546e-07
11550,,6.510203196905702e-07
11551,,6.51019087230708e-07
11552,,6.510183566278617e-07
11553,,6.510177576295853e-07
11554,,6.510171931466749e-07
11555,,6.510166377142032e-07
11556,,6.510125361540727e-07
11557,,6.510113424487632e-07
11558,,6.510106220089547e-07
11559,,6.510100256772152e-07
11560,,6.510094618954645e-07
11561,,6.510089066529549e-07
11562,,6.510047558281013e-07
11563,,6.510035985752348e-07
11564,,6.510028876924147e-07
11565,,6.510022938729559e-07
11566,,6.510017307551951e-07
11567,,6.510011756905225e-07
11568,,6.509969784973557e-07
11569,,6.509958555530092e-07
11570,,6.509951536688082e-07
11571,,6.509945622123687e-07
11572,,6.509939997203449e-07
11573,,6.509934448229037e-07
11574,,6.509892039592747e-07
11575,,6.509881133284619e-07
11576,,6.509874199214087e-07
11577,,6.509868306944354e-07
11578,,6.509862687907586e-07
11579,,6.509857140527045e-07
11580,,6.509814320419642e-07
11581,,6.509803718569071e-07
11582,,6.509796864416215e-07
11583,,6.509790993138581e-07
11584,,6.509785379642825e-07
11585,,6.509760422675282e-07
11586,,6.509736625846868e-07
11587,,6.509726311018987e-07
11588,,6.50971953213647e-07
11589,,6.509713680677733e-07
11590,,6.509708072427744e-07
11591,,6.509681719538335e-07
11592,,6.50965895442553e-07
11593,,6.509648910178503e-07
11594,,6.509642202339289e-07
11595,,6.509636369511077e-07
11596,,6.509630766206219e-07
11597,,6.509603096993402e-07
11598,,6.509581304807812e-07
11599,,6.509571515776237e-07
11600,,6.509564874879304e-07
11601,,6.509559059679579e-07
11602,,6.50955346104427e-07
11603,,6.509524550294183e-07
11604,,6.509503675744356e-07
11605,,6.509494127389704e-07
11606,,6.509487549695134e-07
11607,,6.5094817511114e-07
11608,,6.50947615690387e-07
11609,,6.509446075070849e-07
11610,,6.509426066113855e-07
11611,,6.509416744841711e-07
11612,,6.509410226714059e-07
11613,,6.509404443813184e-07
11614,,6.509398853753133e-07
11615,,6.509367667178912e-07
11616,,6.509348474793724e-07
11617,,6.509339367753411e-07
11618,,6.509332905831326e-07
11619,,6.509327137738173e-07
11620,,6.509321551590447e-07
11621,,6.509289322790835e-07
11622,,6.509270900835311e-07
11623,,6.509261995871772e-07
11624,,6.509255587060059e-07
11625,,6.50924983289332e-07
11626,,6.509244250474042e-07
11627,,6.509211038324702e-07
11628,,6.509193343246578e-07
11629,,6.509184628977825e-07
11630,,6.509178270222747e-07
11631,,6.509172529242798e-07
11632,,6.509166950339879e-07
11633,,6.50913281037777e-07
11634,,6.509115801157105e-07
11635,,6.509107266823763e-07
11636,,6.509100955290513e-07
11637,,6.509095226786763e-07
11638,,6.509089651175432e-07
11639,,6.50905463579064e-07
11640,,6.509038273787707e-07
11641,,6.50902990923323e-07
11642,,6.50902364228283e-07
11643,,6.509017925506024e-07
11644,,6.509012353013661e-07
11645,,6.508976511597188e-07
11646,,6.508960760261784e-07
11647,,6.50895255594362e-07
11648,,6.508946331086012e-07
11649,,6.508940625377955e-07
11650,,6.50893505583844e-07
11651,,6.508898435002719e-07
11652,,6.508883259941955e-07
11653,,6.508875206824535e-07
11654,,6.508869021645584e-07
11655,,6.508863326395816e-07
11656,,6.508857759658842e-07
11657,,6.508820403311395e-07
11658,,6.508805772057114e-07
11659,,6.508797861590905e-07
11660,,6.508791713894148e-07
11661,,6.508786028534326e-07
11662,,6.508780464433168e-07
11663,,6.508742414093017e-07
11664,,6.508728295988045e-07
11665,,6.508720520190417e-07
11666,,6.508714407826702e-07
11667,,6.508708731820956e-07
11668,,6.508703170201838e-07
11669,,6.508664464988293e-07
11670,,6.508650831144271e-07
11671,,6.508643182373287e-07
11672,,6.508637103403504e-07
11673,,6.508631436191765e-07
11674,,6.50862587695484e-07
11675,,6.50858655378417e-07
11676,,6.508573376899241e-07
11677,,6.50856584806745e-07
11678,,6.508559800588266e-07
11679,,6.508554141665875e-07
11680,,6.508548584642158e-07
11681,,6.508508678383496e-07
11682,,6.508495932742756e-07
11683,,6.508488517073136e-07
11684,,6.508482499289854e-07
11685,,6.508476848215045e-07
11686,,6.508471293309845e-07
11687,,6.508430836823062e-07
11688,,6.508418498138969e-07
11689,,6.508411189223341e-07
11690,,6.508405199554126e-07
11691,,6.508399555875141e-07
11692,,6.508394002953778e-07
11693,,6.508353027248099e-07
11694,,6.508341072589833e-07
11695,,6.508333864487951e-07
11696,,6.508327901259576e-07
11697,,6.50832226458617e-07
11698,,6.508316713535145e-07
11699,,6.508275247910425e-07
11700,,6.508263655677837e-07
11701,,6.508256542664476e-07
11702,,6.508250604439717e-07
11703,,6.508244974363088e-07
11704,,6.508239425134841e-07
11705,,6.50819749714597e-07
11706,,6.508186246946709e-07
11707,,6.508179223662152e-07
11708,,6.508173309050342e-07
11709,,6.508167685214716e-07
11710,,6.50816213762996e-07
11711,,6.508119773440268e-07
11712,,6.508108845989725e-07
11713,,6.50810190738287e-07
11714,,6.508096015049497e-07
11715,,6.508090397089331e-07
11716,,6.508084851105801e-07
11717,,6.508042075272467e-07
11718,,6.50803145237437e-07
11719,,6.508024593723858e-07
11720,,6.508018722392294e-07
11721,,6.508013110011945e-07
11722,,6.507988280264978e-07
11723,,6.507964401255707e-07
11724,,6.507954065796022e-07
11725,,6.507947282597015e-07
11726,,6.507941431072084e-07
11727,,6.507935823941031e-07
11728,,6.507909595113694e-07
11729,,6.507886750107836e-07
11730,,6.507876685922897e-07
11731,,6.507869973906822e-07
11732,,6.507864141139453e-07
11733,,6.507858538952256e-07
11734,,6.507830989819232e-07
11735,,6.507809120606612e-07
11736,,6.507799312369612e-07
11737,,6.507792667577615e-07
11738,,6.507786852439688e-07
11739,,6.507781254962759e-07
11740,,6.50775245990815e-07
11741,,6.50773151152696e-07
11742,,6.507721944888268e-07
11743,,6.507715363463128e-07
11744,,6.507709565039927e-07
11745,,6.507703971971377e-07
11746,,6.507674001237349e-07
11747,,6.507653921830511e-07
11748,,6.507644583149803e-07
11749,,6.507638061594673e-07
11750,,6.507632278892385e-07
11751,,6.507626690019802e-07
11752,,6.507595609790519e-07
11753,,6.507576350460583e-07
11754,,6.507567226900337e-07
11755,,6.507560761839526e-07
11756,,6.507554993975515e-07
11757,,6.507549409034819e-07
11758,,6.507517281892873e-07
11759,,6.507498796440867e-07
11760,,6.507489875922534e-07
11761,,6.507483464104526e-07
11762,,6.507477710288181e-07
11763,,6.50747212907182e-07
11764,,6.507439013966577e-07
11765,,6.507421258800908e-07
11766,,6.507412529873693e-07
11767,,6.507406168391672e-07
11768,,6.507400427816429e-07
11769,,6.507394850098292e-07
11770,,6.507360802726487e-07
11771,,6.507343736737526e-07
11772,,6.507335188603588e-07
11773,,6.507328874588351e-07
11774,,6.507323146522933e-07
11775,,6.507317572137906e-07
11776,,6.507282644995272e-07
11777,,6.507266229358528e-07
11778,,6.5072578519021e-07
11779,,6.507251582667688e-07
11780,,6.507245866397879e-07
11781,,6.507240295174766e-07
11782,,6.50720453784589e-07
11783,,6.507188735972681e-07
11784,,6.507180519489767e-07
11785,,6.507174292545895e-07
11786,,6.507168587434942e-07
11787,,6.507163019166123e-07
11788,,6.507126478445286e-07
11789,,6.507111255757686e-07
11790,,6.507103191273336e-07
11791,,6.507097004209143e-07
11792,,6.50709130961338e-07
11793,,6.507085744160065e-07
11794,,6.507048464210979e-07
11795,,6.50703378807364e-07
11796,,6.50702586697943e-07
11797,,6.507019717629766e-07
11798,,6.507014032918195e-07
11799,,6.507008470111439e-07
11800,,6.506970492585771e-07
11801,,6.506956332268162e-07
11802,,6.506948546476588e-07
11803,,6.506942432676636e-07
11804,,6.506936757367306e-07
11805,,6.506931197067549e-07
11806,,6.50689256126518e-07
11807,,6.506878887705936e-07
11808,,6.506871229668359e-07
11809,,6.506865149373464e-07
11810,,6.506859482893558e-07
11811,,6.506853924969275e-07
11812,,6.506814668039737e-07
11813,,6.506801453810997e-07
11814,,6.50679391627764e-07
11815,,6.506787867663651e-07
11816,,6.506782209548364e-07
11817,,6.506776653853633e-07
11818,,6.506736810778064e-07
11819,,6.506724030037729e-07
11820,,6.506716606249838e-07
11821,,6.506710587513147e-07
11822,,6.506704937283923e-07
11823,,6.506699383708641e-07
11824,,6.506658987537737e-07
11825,,6.506646615831588e-07
11826,,6.506639299406197e-07
11827,,6.506633308855485e-07
11828,,6.506627666086099e-07
11829,,6.506622114511707e-07
11830,,6.506581196468349e-07
11831,,6.506569210798373e-07
11832,,6.506561995655147e-07
11833,,6.506556031721083e-07
11834,,6.506550395984968e-07
11835,,6.506544846296003e-07
11836,,6.506503435739689e-07
11837,,6.506491814395796e-07
11838,,6.506484694838096e-07
11839,,6.506478756030084e-07
11840,,6.506473126927724e-07
11841,,6.506467579022204e-07
11842,,6.506425703748154e-07
11843,,6.506414426187638e-07
11844,,6.506407396860673e-07
11845,,6.506401481737485e-07
11846,,6.506395858898515e-07
11847,,6.506390312707362e-07
11848,,6.50634799893783e-07
11849,,6.50633704580706e-07
11850,,6.506330101616417e-07
11851,,6.506324208902849e-07
11852,,6.50631859197297e-07
11853,,6.506313047371893e-07
11854,,6.506270319823879e-07
11855,,6.506259672858968e-07
11856,,6.506252808982401e-07
11857,,6.506246937380064e-07
11858,,6.506241326072732e-07
11859,,6.506216634554909e-07
11860,,6.506192664987293e-07
11861,,6.506182306934426e-07
11862,,6.506175518896934e-07
11863,,6.506169667253922e-07
11864,,6.50616406118425e-07
11865,,6.50613796332554e-07
11866,,6.506115033118643e-07
11867,,6.50610494772426e-07
11868,,6.506098231257686e-07
11869,,6.506092398417512e-07
11870,,6.506086797327143e-07
11871,,6.506059372388023e-07
11872,,6.506037423007482e-07
11873,,6.506027594893587e-07
11874,,6.506020945977061e-07
11875,,6.506015130888428e-07
11876,,6.506009534506618e-07
11877,,6.505980857249046e-07
11878,,6.505959833436652e-07
11879,,6.505950248158337e-07
11880,,6.505943662933813e-07
11881,,6.505937864635956e-07
11882,,6.505932272714117e-07
11883,,6.505902413682645e-07
11884,,6.505882263322973e-07
11885,,6.50587290716605e-07
11886,,6.505866382126564e-07
11887,,6.505860599635777e-07
11888,,6.505855011899243e-07
11889,,6.505824037734977e-07
11890,,6.50580471162524e-07
11891,,6.505795571690815e-07
11892,,6.505789103429147e-07
11893,,6.505783335876722e-07
11894,,6.505777752117084e-07
11895,,6.505745725636438e-07
11896,,6.505727177362667e-07
11897,,6.505718241519539e-07
11898,,6.50571182681093e-07
11899,,6.505706073347821e-07
11900,,6.505700493331102e-07
11901,,6.50566747381569e-07
11902,,6.505649659607034e-07
11903,,6.505640916295756e-07
11904,,6.505634552158332e-07
11905,,6.505628812005453e-07
11906,,6.505623235525583e-07
11907,,6.505589278999359e-07
11908,,6.505572157451968e-07
11909,,6.505563595888737e-07
11910,,6.505557279448031e-07
11911,,6.505551551877533e-07
11912,,6.505545978743265e-07
11913,,6.505511137949551e-07
11914,,6.505494670095911e-07
11915,,6.505486280039443e-07
11916,,6.50548000863735e-07
11917,,6.5054742928872e-07
11918,,6.50546872293297e-07
11919,,6.505433047749993e-07
11920,,6.505417196747185e-07
11921,,6.505408968522742e-07
11922,,6.505402739618754e-07
11923,,6.505397035080388e-07
11924,,6.505391468089906e-07
11925,,6.505355005540127e-07
11926,,6.50533973667579e-07
11927,,6.505331661179195e-07
11928,,6.505325472390724e-07
11929,,6.505319778422836e-07
11930,,6.505314214263833e-07
11931,,6.505277008696209e-07
11932,,6.505262289199995e-07
11933,,6.505254357837612e-07
11934,,6.50524820688676e-07
11935,,6.505242522907238e-07
11936,,6.505236961387081e-07
11937,,6.505199054732121e-07
11938,,6.505184853632891e-07
11939,,6.505177058262829e-07
11940,,6.50517094303797e-07
11941,,6.50516526849712e-07
11942,,6.505159709518074e-07
11943,,6.505121141279276e-07
11944,,6.505107429358493e-07
11945,,6.505099762379586e-07
11946,,6.505093680853196e-07
11947,,6.50508801521594e-07
11948,,6.50508245860112e-07
11949,,6.505043266059052e-07
11950,,6.505030015811451e-07
11951,,6.505022469995219e-07
11952,,6.505016420286694e-07
11953,,6.505010762995805e-07
11954,,6.505005208654192e-07
11955,,6.504965427044777e-07
11956,,6.504952612437095e-07
11957,,6.504945180892422e-07
11958,,6.504939161227049e-07
11959,,6.504933511866475e-07
11960,,6.504927959661361e-07
11961,,6.504887622177986e-07
11962,,6.504875218714846e-07
11963,,6.50486789505422e-07
11964,,6.504861903750727e-07
11965,,6.504856261886925e-07
11966,,6.504850711644938e-07
11967,,6.504809849617366e-07
11968,,6.504797834146297e-07
11969,,6.504790612269792e-07
11970,,6.504784647708729e-07
11971,,6.504779012930415e-07
11972,,6.504773464612209e-07
11973,,6.504732107621729e-07
11974,,6.504720458263797e-07
11975,,6.504713332493446e-07
11976,,18.52040699320945
11977,,108030.50363891355
11978,,18.375479883564935
11979,,759.3811265790067
11980,,18.165471367490067
11981,,1.7022982860537326
11982,,625.4714578732252
11983,,1.6616382121337183
11984,,2.7979833474163653
11985,,1.4575639632822652
11986,,1.0197347513461734
11987,,0.9548415207509392
11988,,0.6942452393688373
11989,,20.29206515493199
11990,,0.6744363889772712
11991,,0.4236553720092032
11992,,0.42595039243329946
11993,,0.4100036891360402
11994,,0.35067440545398687
11995,,0.2899605409886083
11996,,0.23892518817678926
11997,,0.23665786292140947
11998,,0.23651823843118222
11999,,0.23650947845080122
12000,,0.23650892821330557
12001,,0.23650889364891042
12002,,0.23650889147765844
12003,,0.2365088913412656
12004,,0.23650889133269998
12005,,0.23650889133215955
12006,,0.23650889133212635
12007,,0.2365088913321243
12008,,0.2365088913321243
12009,,0.19070772701406968
12010,,0.18783542245387153
12011,,0.1875651294748258
12012,,0.1875388108126954
12013,,0.1875362396940832
12014,,0.1875359884360775
12015,,0.1875359638815633
12016,,0.18753596148193385
12017,,0.18753596124742822
12018,,0.18753596122450902
12019,,0.18753596122227234
12020,,0.18753596122205193
12021,,0.1875359612220298
12022,,0.1875359612220283
12023,,0.18753596122202754
12024,,0.18753596122202754
12025,,95.16755123950426
12026,,0.17339114036717526
12027,,0.7577031508854554
12028,,0.1563886274249811
12029,,0.2223886401810922
12030,,0.13522466749531264
12031,,0.12194420691430523
12032,,0.11640514048689361
12033,,0.10094399542943508
12034,,0.12321209064290004
12035,,0.09647808986337847
12036,,0.15832257420836468
12037,,0.09301178460469935
12038,,0.08903656946609155
12039,,0.09124225179859695
12040,,0.08436320232518324
12041,,0.07888716972448113
12042,,0.05922213382243683
12043,,0.03431928586435948
12044,,0.028896804127389927
12045,,0.02708644011507978
12046,,0.024917671639265972
12047,,0.023000680462966695
12048,,0.018798149776735173
12049,,0.01598825533770401
12050,,0.015020019469974884
12051,,0.014383509301005699
12052,,0.01383825733449302
12053,,0.013170263762306534
12054,,0.012330516533875024
12055,,0.010898206960761544
12056,,0.010243189437933174
12057,,0.00896968669547851
12058,,0.008712641195300302
12059,,0.008553384997703705
12060,,0.00827563935558035
12061,,0.0076875605341843985
12062,,0.00662547560089939
12063,,0.00536494928135988
12064,,0.004497869018192353
12065,,0.004157454073235421
12066,,0.003814722272683662
12067,,0.003629114033158095
12068,,0.0033738737537961617
12069,,0.003116807575243227
12070,,0.0029480919462875673
12071,,0.0028421506455977444
12072,,0.002723622067405238
12073,,0.002588867360849971
12074,,0.002463480959661147
12075,,0.0024010368952858876
12076,,0.002371328498576509
12077,,0.0023321862995510033
12078,,0.0022484834217512215
12079,,0.0020915573571823024
12080,,0.001817928128685021
12081,,0.0013029739578679434
12082,,0.00093150923518294
12083,,0.0005142436483725491
12084,,0.0003427311835594443
12085,,0.0003094305538820119
12086,,0.0003032215424407841
12087,,0.0002986698367786958
12088,,0.00029221730742133627
12089,,0.00028282134110739796
12090,,0.0002665800848492427
12091,,0.0002311466435388123
12092,,0.00019143346101380406
12093,,0.0001691862077547203
12094,,0.0001562825800350892
12095,,0.0001515324983866596
12096,,0.00014742634124296708
12097,,0.00013835815210703833
12098,,0.0001221010618698384
12099,,9.644066032729286e-05
12100,,7.596920540340169e-05
12101,,6.316026134109591e-05
12102,,5.918724548162393e-05
12103,,5.77242103524093e-05
12104,,5.599017349125298e-05
12105,,5.431541996848933e-05
12106,,5.3958278626871725e-05
12107,,5.38809733064553e-05
12108,,5.383626470143414e-05
12109,,5.376336773216586e-05
12110,,5.3441152384050425e-05
12111,,5.2706847165664564e-05
12112,,5.1239795022188336e-05
12113,,4.833985068884724e-05
12114,,4.4270647788066563e-05
12115,,4.018388888208902e-05
12116,,3.621429958546775e-05
12117,,3.506813341828721e-05
12118,,3.468901931097201e-05
12119,,3.438463912400558e-05
12120,,3.365401896992836e-05
12121,,3.122969921133619e-05
12122,,2.695141389022534e-05
12123,,1.963451330852864e-05
12124,,1.1582772730225957e-05
12125,,6.221496440642455e-06
12126,,4.171599843826458e-06
12127,,3.8259523998577616e-06
12128,,3.7776225984984527e-06
12129,,3.7690251061738015e-06
12130,,3.762483692660468e-06
12131,,3.7338237526393755e-06
12132,,3.6429219582530525e-06
12133,,3.481857728955568e-06
12134,,3.1683963647522694e-06
12135,,2.722813286966473e-06
12136,,2.368559907014141e-06
12137,,2.1473632619885667e-06
12138,,2.0613399025715573e-06
12139,,2.048546379352036e-06
12140,,2.0468530731720025e-06
12141,,2.046429135128959e-06
12142,,2.0458194099386514e-06
12143,,2.0442919239755864e-06
12144,,2.0417377515765746e-06
12145,,2.034392496962385e-06
12146,,2.0187574565441127e-06
12147,,1.9828089608923956e-06
12148,,1.9081076850623503e-06
12149,,1.7694285700905618e-06
12150,,1.572441329627552e-06
12151,,2.4967526194894746e-06
12152,,1.5241737745033507e-06
12153,,1.3630608421009388e-06
12154,,1.275927511158103e-06
12155,,1.2575540355447845e-06
12156,,1.2548463113666774e-06
12157,,1.253883409328408e-06
12158,,1.2521591007851861e-06
12159,,1.2480916205957105e-06
12160,,1.236616427130851e-06
12161,,1.2125637096322506e-06
12162,,1.1577820265185662e-06
12163,,1.0478738815177688e-06
12164,,8.554939498967391e-07
12165,,6.152667421487516e-07
12166,,4.29455545183257e-07
12167,,3.3419552825766847e-07
12168,,3.1553865982245447e-07
12169,,3.1335085660121215e-07
12170,,3.1314215361705766e-07
12171,,3.1311283813771713e-07
12172,,3.131103649605067e-07
12173,,3.1310934598341206e-07
12174,,3.1310845600309245e-07
12175,,3.1310123730826796e-07
12176,,3.130998480384113e-07
12177,,3.130989011315568e-07
12178,,3.130933345005496e-07
12179,,3.1309055372438337e-07
12180,,3.1308938357774195e-07
12181,,3.1308846213406084e-07
12182,,3.1308206187719093e-07
12183,,3.130800110586723e-07
12184,,3.130789342199064e-07
12185,,3.13078026527129e-07
12186,,3.1307121647175966e-07
12187,,3.1306951659470064e-07
12188,,3.1306849257355403e-07
12189,,3.1306759353945844e-07
12190,,3.130605408020422e-07
12191,,3.1305904615480094e-07
12192,,3.130580558721041e-07
12193,,3.130533505929098e-07
12194,,3.1304995120085544e-07
12195,,3.1304858963730174e-07
12196,,3.1304762281493915e-07
12197,,3.1304228219056814e-07
12198,,3.1303941023036367e-07
12199,,3.1303814213403893e-07
12200,,3.13037192728451e-07
12201,,3.1303139694993594e-07
12202,,3.130288993165674e-07
12203,,3.1302770108545754e-07
12204,,3.13026765247805e-07
12205,,3.13020624415802e-07
12206,,3.1301840866749344e-07
12207,,3.130172650692922e-07
12208,,3.1301634015457265e-07
12209,,3.130099270352391e-07
12210,,3.130079327913589e-07
12211,,3.130068332441137e-07
12212,,3.1300591731460665e-07
12213,,3.129992834941992e-07
12214,,3.1299746838017473e-07
12215,,3.12996405066811e-07
12216,,3.129954966315346e-07
12217,,3.1298868083588893e-07
12218,,3.12987013299582e-07
12219,,3.1298598017280555e-07
12220,,3.129850780390792e-07
12221,,3.129781105819276e-07
12222,,3.129765660687027e-07
12223,,3.1297555828564685e-07
12224,,3.129712073986081e-07
12225,,3.12967566807701e-07
12226,,3.129661255950731e-07
12227,,3.1296513919968127e-07
12228,,3.1296026318241285e-07
12229,,3.129570451117748e-07
12230,,3.1295569104413365e-07
12231,,3.129547227509401e-07
12232,,3.1294940365014227e-07
12233,,3.1294654209276134e-07
12234,,3.129452617407836e-07
12235,,3.1294430880492546e-07
12236,,3.129386149716528e-07
12237,,3.129360550212876e-07
12238,,3.129348371442109e-07
12239,,3.1293389725154977e-07
12240,,3.1292788605134363e-07
12241,,3.1292558167237274e-07
12242,,3.1292441679642575e-07
12243,,3.1292348799597757e-07
12244,,3.1291720779616974e-07
12245,,3.129151202001066e-07
12246,,3.1291400032450967e-07
12247,,3.129130809607762e-07
12248,,3.1290657265303235e-07
12249,,3.129046690571882e-07
12250,,3.1290358740791957e-07
12251,,3.129026760837401e-07
12252,,3.128959743025115e-07
12253,,3.128942269455181e-07
12254,,3.1289317778228906e-07
12255,,3.128922733050637e-07
12256,,3.1288540742305855e-07
12257,,3.1288379276787234e-07
12258,,3.128827712169308e-07
12259,,3.1288187257991247e-07
12260,,3.1287486751926677e-07
12261,,3.1287336559743886e-07
12262,,3.1287236752128264e-07
12263,,3.128678224114167e-07
12264,,3.128643507865707e-07
12265,,3.128629446429094e-07
12266,,3.1286196653052336e-07
12267,,3.128569334475433e-07
12268,,3.1285385399670473e-07
12269,,3.1285252923726104e-07
12270,,3.128515681084507e-07
12271,,3.128461206991506e-07
12272,,3.1284337441639345e-07
12273,,3.128421188150014e-07
12274,,3.1284117213601915e-07
12275,,3.128353729553447e-07
12276,,3.1283290972406784e-07
12277,,3.1283171289453015e-07
12278,,3.12830778513427e-07
12279,,3.128246806931566e-07
12280,,3.1282245794311283e-07
12281,,3.128213110660769e-07
12282,,3.128203871537317e-07
12283,,3.1281403583298584e-07
12284,,3.1281201739959284e-07
12285,,3.128109129828284e-07
12286,,3.1280999798882663e-07
12287,,3.1280343150577253e-07
12288,,3.128015866746203e-07
12289,,3.1280051835014835e-07
12290,,3.127996109524961e-07
12291,,3.127928618821716e-07
12292,,3.127911645554013e-07
12293,,3.127901269159012e-07
12294,,3.1278922599868713e-07
12295,,3.127823220068997e-07
12296,,3.1278075001690656e-07
12297,,3.12779738469406e-07
12298,,3.127788430743812e-07
12299,,3.127718076759468e-07
12300,,3.1277034218628625e-07
12301,,3.127693528272737e-07
12302,,3.127646421668373e-07
12303,,3.127613153118396e-07
12304,,3.1275994032315715e-07
12305,,3.127589698381947e-07
12306,,3.1275379818348306e-07
12307,,3.1275084187692874e-07
12308,,3.127495437982645e-07
12309,,3.127485893663556e-07
12310,,3.1274302627177904e-07
12311,,3.127403847934262e-07
12312,,3.127391520742927e-07
12313,,3.1273821130690254e-07
12314,,3.1273231586372066e-07
12315,,3.127299418690303e-07
12316,,3.127287646980651e-07
12317,,3.1272783556226513e-07
12318,,3.1272165796894284e-07
12319,,3.12719511241159e-07
12320,,3.12718381285585e-07
12321,,3.127174620503794e-07
12322,,3.127110449583086e-07
12323,,3.1270909132668614e-07
12324,,3.12708001506478e-07
12325,,3.127070907054973e-07
12326,,3.1270047034381544e-07
12327,,3.1269868078403044e-07
12328,,3.126976250808502e-07
12329,,3.126967214704583e-07
12330,,3.1268992862101187e-07
12331,,3.126882784682407e-07
12332,,3.126872517742444e-07
12333,,3.126863542914846e-07
12334,,3.126794151037905e-07
12335,,3.1267788341216773e-07
12336,,3.126768813853797e-07
12337,,3.126725281860299e-07
12338,,3.1266892582082365e-07
12339,,3.1266749478933785e-07
12340,,3.1266651374097363e-07
12341,,3.1266164756125916e-07
12342,,3.126584573948699e-07
12343,,3.126571119010926e-07
12344,,3.126561486938914e-07
12345,,3.1265084691322125e-07
12346,,3.126480069524385e-07
12347,,3.126467341512356e-07
12348,,3.1264578612596147e-07
12349,,3.126401144725791e-07
12350,,3.126375720563762e-07
12351,,3.126363610334313e-07
12352,,3.1263542592928355e-07
12353,,3.1262944024926766e-07
12354,,3.126271506359084e-07
12355,,3.1262599212043234e-07
12356,,3.126250680148335e-07
12357,,3.1261881575248866e-07
12358,,3.126167409316527e-07
12359,,3.126156270439346e-07
12360,,3.126147123052549e-07
12361,,3.126082337658283e-07
12362,,3.1260634144536453e-07
12363,,3.126052654977081e-07
12364,,3.126043587380034e-07
12365,,3.125976881635655e-07
12366,,3.12595950912004e-07
12367,,3.125949072150533e-07
12368,,3.125940072575728e-07
12369,,3.125871737378227e-07
12370,,3.125855682481735e-07
12371,,3.1258455197443925e-07
12372,,3.1258365781576847e-07
12373,,3.125766860685641e-07
12374,,3.1257519253803473e-07
12375,,3.125741995842715e-07
12376,,3.125696718673444e-07
12377,,3.125662213912067e-07
12378,,3.125648230011965e-07
12379,,3.1256384988153977e-07
12380,,3.1255883742861927e-07
12381,,3.1255577652052924e-07
12382,,3.1255445897913314e-07
12383,,3.125535027310178e-07
12384,,3.1254807866777875e-07
12385,,3.1254534874111946e-07
12386,,3.125440999077978e-07
12387,,3.1254315801308034e-07
12388,,3.125373844620225e-07
12389,,3.1253493574791565e-07
12390,,3.125337453071201e-07
12391,,3.1253281563321864e-07
12392,,3.125267453717749e-07
12393,,3.125245355841131e-07
12394,,3.125233947741664e-07
12395,,3.125224755028223e-07
12396,,3.125161533695975e-07
12397,,3.125141465860365e-07
12398,,3.125130479630985e-07
12399,,3.1251213755145827e-07
12400,,3.12505601638817e-07
12401,,3.125037673403663e-07
12402,,3.1250270458067967e-07
12403,,3.125018017174308e-07
12404,,3.124950843864949e-07
12405,,3.1249339664850436e-07
12406,,3.124923643755976e-07
12407,,3.1249146795081295e-07
12408,,3.1248459669387425e-07
12409,,3.1248303348732224e-07
12410,,3.124820271412394e-07
12411,,3.12481136202674e-07
12412,,3.12474134379335e-07
12413,,3.124726769943493e-07
12414,,3.1247169269291857e-07
12415,,3.124670007411979e-07
12416,,3.124636938908748e-07
12417,,3.1246232642826833e-07
12418,,3.1246136088100944e-07
12419,,3.1245621088268366e-07
12420,,3.1245327221333936e-07
12421,,3.1245198116630116e-07
12422,,3.1245103157305363e-07
12423,,3.1244549264020934e-07
12424,,3.1244286678387984e-07
12425,,3.124416406781759e-07
12426,,3.124407046588102e-07
12427,,3.1243483550251375e-07
12428,,3.124324754198116e-07
12429,,3.1243130451080625e-07
12430,,3.124303800462065e-07
12431,,3.124242305442478e-07
12432,,3.1242209627583164e-07
12433,,3.1242097227950914e-07
12434,,3.124200576552199e-07
12435,,3.1241367018590145e-07
12436,,3.124117277796687e-07
12437,,3.124106436602625e-07
12438,,3.124097374164353e-07
12439,,3.124031479772001e-07
12440,,3.1240136859422395e-07
12441,,3.1240031837397326e-07
12442,,3.1239941927304756e-07
12443,,3.123926584512475e-07
12444,,3.1239101758415706e-07
12445,,3.12389996187536e-07
12446,,3.123891031767591e-07
12447,,3.123821969521096e-07
12448,,3.1238067378565927e-07
12449,,3.123796768998426e-07
12450,,3.1237534012444484e-07
12451,,3.123717595317352e-07
12452,,3.12370336383331e-07
12453,,3.123693603387313e-07
12454,,3.123645138654817e-07
12455,,3.123613428336454e-07
12456,,3.1236000467650265e-07
12457,,3.1235904636172506e-07
12458,,3.123537670706851e-07
12459,,3.1235094400788603e-07
12460,,3.123496780768001e-07
12461,,3.1234873484774035e-07
12462,,3.123430880514248e-07
12463,,3.12340560626871e-07
12464,,3.1233935608097883e-07
12465,,3.12338425689291e-07
12466,,3.123324668742172e-07
12467,,3.123301906367955e-07
12468,,3.123290382636759e-07
12469,,3.1232811879712915e-07
12470,,3.123218951074045e-07
12471,,3.1231983228847693e-07
12472,,3.123187242577005e-07
12473,,3.123178141013782e-07
12474,,3.1231136558028835e-07
12475,,3.1230948409413215e-07
12476,,3.1230841375987234e-07
12477,,3.123075115322689e-07
12478,,3.123008722032018e-07
12479,,3.1229914479475214e-07
12480,,3.122981065059026e-07
12481,,3.122972110365483e-07
12482,,3.1229040980550075e-07
12483,,3.1228881331496294e-07
12484,,3.122878022757826e-07
12485,,3.122869125678267e-07
12486,,3.122799739921952e-07
12487,,3.1227848874772067e-07
12488,,3.1227750087494504e-07
12489,,3.122729906998871e-07
12490,,3.122695610283864e-07
12491,,3.122681703131316e-07
12492,,3.1226720214815823e-07
12493,,3.1226221033759296e-07
12494,,3.1225916774110895e-07
12495,,3.122578573580153e-07
12496,,3.1225690595738346e-07
12497,,3.1225150516808666e-07
12498,,3.122487914366273e-07
12499,,3.1224754932296975e-07
12500,,3.1224661218581865e-07
12501,,3.1224086414440086e-07
12502,,3.1223842982641417e-07
12503,,3.1223724573062765e-07
12504,,3.1223632073492765e-07
12505,,3.122302778819312e-07
12506,,3.122280809616645e-07
12507,,3.1222694618135835e-07
12508,,3.1222603152079375e-07
12509,,3.1221973840745305e-07
12510,,3.122177431925211e-07
12511,,3.122166503294712e-07
12512,,3.1221574447296307e-07
12513,,3.122092389462252e-07
12514,,3.12207415115418e-07
12515,,3.1220635788583297e-07
12516,,3.122054595296158e-07
12517,,3.1219877374651295e-07
12518,,3.121970955360852e-07
12519,,3.121960686001325e-07
12520,,3.121951766370123e-07
12521,,3.1218833791689257e-07
12522,,3.1218678344107596e-07
12523,,3.1218578226450885e-07
12524,,3.1218489575755345e-07
12525,,3.121779273024406e-07
12526,,3.121764779725939e-07
12527,,3.121754986984237e-07
12528,,3.12170825336075e-07
12529,,3.1216753837688857e-07
12530,,3.1216617839259593e-07
12531,,3.121652177538199e-07
12532,,3.1216008927581607e-07
12533,,3.121571681411884e-07
12534,,3.121558840841935e-07
12535,,3.1215493929684833e-07
12536,,3.1214942437112587e-07
12537,,3.1214681404936845e-07
12538,,3.121455945192423e-07
12539,,3.121446632194346e-07
12540,,3.1213882018577015e-07
12541,,3.121364739349287e-07
12542,,3.121353092470753e-07
12543,,3.1213438942850377e-07
12544,,3.1212826784479195e-07
12545,,3.121261459631797e-07
12546,,3.1212502788674105e-07
12547,,3.121241178452332e-07
12548,,3.1211775981554253e-07
12549,,3.1211582856962e-07
12550,,3.121147501173044e-07
12551,,3.1211384840283764e-07
12552,,3.1210728969624247e-07
12553,,3.1210552042971687e-07
12554,,3.1210447566070357e-07
12555,,3.121035810413059e-07
12556,,3.120968520477105e-07
12557,,3.1209522041230135e-07
12558,,3.120942042812973e-07
12559,,3.120933157140302e-07
12560,,3.12086442250204e-07
12561,,3.120849275622875e-07
12562,,3.12083935783336e-07
12563,,3.120796153261937e-07
12564,,3.120760563769416e-07
12565,,3.120746410648809e-07
12566,,3.120736699970702e-07
12567,,3.120688431017658e-07
12568,,3.12065691095695e-07
12569,,3.120643602313562e-07
12570,,3.120634067804835e-07
12571,,3.120581498364879e-07
12572,,3.1205534356910905e-07
12573,,3.120540844708816e-07
12574,,3.120531460082352e-07
12575,,3.120475239106296e-07
12576,,3.1204501139194036e-07
12577,,3.120438132859528e-07
12578,,3.120428875766e-07
12579,,3.1203695546048194e-07
12580,,3.1203469252035833e-07
12581,,3.120335462508824e-07
12582,,3.1203263140054725e-07
12583,,3.120264361020477e-07
12584,,3.1202438521617544e-07
12585,,3.1202328300653963e-07
12586,,3.120223774039718e-07
12587,,3.1201595871415096e-07
12588,,3.120140880026126e-07
12589,,3.12013023248229e-07
12590,,3.120121255235605e-07
12591,,3.1200551724778106e-07
12592,,3.120037996257639e-07
12593,,3.1200276671141955e-07
12594,,3.120018757004474e-07
12595,,3.119951065637825e-07
12596,,3.1199351902078294e-07
12597,,3.119925131794063e-07
12598,,3.1199162789646553e-07
12599,,3.119847222914019e-07
12600,,3.1198324528246864e-07
12601,,3.119822624624865e-07
12602,,3.119777697091245e-07
12603,,3.1197436072219257e-07
12604,,3.1197297764069795e-07
12605,,3.119720144026963e-07
12606,,3.119670430973056e-07
12607,,3.119640187066175e-07
12608,,3.1196271544195373e-07
12609,,3.1196176886045657e-07
12610,,3.1195639119608853e-07
12611,,3.1195369356397273e-07
12612,,3.1195245813361686e-07
12613,,3.119515257235693e-07
12614,,3.119458030295916e-07
12615,,3.119433830244496e-07
12616,,3.1194220523922876e-07
12617,,3.119412848927604e-07
12618,,3.1193526927584805e-07
12619,,3.1193308514911346e-07
12620,,3.119319563626981e-07
12621,,3.119310462856714e-07
12622,,3.1192478201075863e-07
12623,,3.1192279829917187e-07
12624,,3.1192171115939393e-07
12625,,3.119208098302117e-07
12626,,3.1191433450457243e-07
12627,,3.1191252107768063e-07
12628,,3.119114693440435e-07
12629,,3.119105754677012e-07
12630,,3.1190392103892944e-07
12631,,3.119022523011156e-07
12632,,3.1190123066747747e-07
12633,,3.1190034314420477e-07
12634,,3.118935367542774e-07
12635,,3.1189199096397865e-07
12636,,3.118909949225009e-07
12637,,3.1189011281957373e-07
12638,,3.118831775295499e-07
12639,,3.1188173620531465e-07
12640,,3.118807619323415e-07
12641,,3.118761070360146e-07
12642,,3.11872839852355e-07
12643,,3.118714873042161e-07
12644,,3.118705315427067e-07
12645,,3.118654244468781e-07
12646,,3.1186252074612234e-07
12647,,3.1186124363997066e-07
12648,,3.1186030362793525e-07
12649,,3.1185481256077235e-07
12650,,3.118522176803759e-07
12651,,3.118510046875477e-07
12652,,3.1185007807725305e-07
12653,,3.1184426100282794e-07
12654,,3.118419285037258e-07
12655,,3.118407700024809e-07
12656,,3.1183985480095167e-07
12657,,3.1183376095736305e-07
12658,,3.1183165139215493e-07
12659,,3.118305392047721e-07
12660,,3.118296337169708e-07
12661,,3.118233049420047e-07
12662,,3.1182138479209004e-07
12663,,3.118203119745847e-07
12664,,3.118194147604955e-07
12665,,3.1181288659643833e-07
12666,,3.1181112738758655e-07
12667,,3.1181008803598343e-07
12668,,3.118091978730156e-07
12669,,3.1180250051244243e-07
12670,,3.118008780529083e-07
12671,,3.1179986715752533e-07
12672,,3.117989830062886e-07
12673,,3.117921421015063e-07
12674,,3.117906358409091e-07
12675,,3.1178964914097965e-07
12676,,3.1178534488779965e-07
12677,,3.117818074630176e-07
12678,,3.117803999434742e-07
12679,,3.117794338212908e-07
12680,,3.1177462637546264e-07
12681,,3.1177149328340156e-07
12682,,3.1177016967019944e-07
12683,,3.117692210509193e-07
12684,,3.117639863112719e-07
12685,,3.117611967460672e-07
12686,,3.117599444400385e-07
12687,,3.117590107128964e-07
12688,,3.117534131602357e-07
12689,,3.117509154618393e-07
12690,,3.1174972375526346e-07
12691,,3.117488027031409e-07
12692,,3.1174289711519927e-07
12693,,3.117406473967352e-07
12694,,3.117395071959373e-07
12695,,3.1173859693391476e-07
12696,,3.117324298498252e-07
12697,,3.117303908281485e-07
12698,,3.1172929440535294e-07
12699,,3.117283933299048e-07
12700,,3.117220042875047e-07
12701,,3.117201442839486e-07
12702,,3.1171908507464584e-07
12703,,3.1171819182629413e-07
12704,,3.1171161441559445e-07
12705,,3.1170990652063034e-07
12706,,3.1170887895127923e-07
12707,,3.117079923729599e-07
12708,,3.117012551274762e-07
12709,,3.116996764802995e-07
12710,,3.116986758073468e-07
12711,,3.1169779492126465e-07
12712,,3.116909220846464e-07
12713,,3.116894532650036e-07
12714,,3.116884754669038e-07
12715,,3.1168400002085173e-07
12716,,3.116806116000842e-07
12717,,3.1167923610345685e-07
12718,,3.1167827776244505e-07
12719,,3.116733268318611e-07
12720,,3.1167032054345484e-07
12721,,3.1166902435553667e-07
12722,,3.116680825616878e-07
12723,,3.11662727876019e-07
12724,,3.116600462570703e-07
12725,,3.1165881746157697e-07
12726,,3.1165788975365825e-07
12727,,3.116521922480168e-07
12728,,3.116497864724216e-07
12729,,3.116486149596986e-07
12730,,3.1164769923628427e-07
12731,,3.116417106834188e-07
12732,,3.1163953927711e-07
12733,,3.116384164472236e-07
12734,,3.1163751092666e-07
12735,,3.116312753122648e-07
12736,,3.1162930303474635e-07
12737,,3.1162822158782567e-07
12738,,3.116273247586481e-07
12739,,3.1162087944412547e-07
12740,,3.1161907636235044e-07
12741,,3.116180300919516e-07
12742,,3.116171406671206e-07
12743,,3.116105173987616e-07
12744,,3.116088580812803e-07
12745,,3.116078417157438e-07
12746,,3.1160695860624874e-07
12747,,3.1160018435028464e-07
12748,,3.115986471879962e-07
12749,,3.1159765625392283e-07
12750,,3.1159677852925077e-07
12751,,3.1158987619852724e-07
12752,,3.1158844283607055e-07
12753,,3.1158747352979e-07
12754,,3.115828369805266e-07
12755,,3.115795894589553e-07
12756,,3.115782443020934e-07
12757,,3.115772933920761e-07
12758,,3.115722075392011e-07
12759,,3.1156932117146504e-07
12760,,3.115680509738254e-07
12761,,3.115671157104325e-07
12762,,3.115616483481493e-07
12763,,3.1155906882296024e-07
12764,,3.115578623267957e-07
12765,,3.1155694037993e-07
12766,,3.1155114909785755e-07
12767,,3.1154883027485864e-07
12768,,3.115476779219142e-07
12769,,3.1154676730823167e-07
12770,,3.1154070103669436e-07
12771,,9.421465000690587
12772,,106346.01334056926
12773,,9.318427714333437
12774,,878.7045215217789
12775,,9.193384182670346
12776,,1.3783449784378485
12777,,1.868055315036051
12778,,1.3100784808036405
12779,,1.1333956023231122
12780,,1.109948047377548
12781,,1.0040771644586974
12782,,189.86942365098696
12783,,0.9961460898944728
12784,,1.9629552659085399
12785,,0.9816356822841273
12786,,0.9058709029603678
12787,,3.261149711216796
12788,,0.8983049067491146
12789,,0.8433238486880941
12790,,0.8086304487302841
12791,,0.7559250268831438
12792,,0.42467223943704485
12793,,0.8079470705891375
12794,,0.4099476355530006
12795,,0.37256543390155317
12796,,0.7466588948514117
12797,,0.357201077510545
12798,,0.3259735875118503
12799,,0.27589810703796036
12800,,0.2521954695232321
12801,,0.251046296282297
12802,,0.2509578501554622
12803,,0.25095082855007
12804,,0.2509502697553413
12805,,0.2509502252766158
12806,,0.2509502217361631
12807,,0.2509502214543447
12808,,0.2509502214319131
12809,,0.2509502214301269
12810,,0.25095022142998386
12811,,0.2509502214299734
12812,,0.2509502214299721
12813,,0.25095022142997203
12814,,0.25095022142997203
12815,,3332.9117282108464
12816,,0.2458538560520802
12817,,32.36647184603786
12818,,0.2413689122037789
12819,,0.439706328841431
12820,,0.2361081180920505
12821,,0.22939771363216757
12822,,0.22418126277384495
12823,,0.21941423716108432
12824,,0.2160980995242061
12825,,0.17652453960627232
12826,,0.06162021827931321
12827,,0.20574806586578592
12828,,0.05741484186225685
12829,,0.05197781871698303
12830,,0.06552377940993608
12831,,0.03825545808839106
12832,,0.029099019072627685
12833,,0.06743980091070294
12834,,0.027067963731484148
12835,,0.02525832740914267
12836,,0.024084569550713433
12837,,0.021777117675922875
12838,,0.020095826977346305
12839,,0.018470834231821106
12840,,0.015756924607671585
12841,,0.014526618070324038
12842,,0.01282359860421107
12843,,0.01188918192470125
12844,,0.011352907908236719
12845,,0.01095655030749877
12846,,0.010419066011112824
12847,,0.009487437156725847
12848,,0.008359785856028267
12849,,0.007177831411201981
12850,,0.00612251716311121
12851,,0.00536172666720538
12852,,0.004585251314982862
12853,,0.003807466847681666
12854,,0.0033016769910455767
12855,,0.003054838743986233
12856,,0.0028585001817935363
12857,,0.0026077423433788494
12858,,0.002286434819057906
12859,,0.001995994452379847
12860,,0.001870421435301814
12861,,0.0018293585329556804
12862,,0.0017952464947455292
12863,,0.0017414668116309308
12864,,0.001647763013669219
12865,,0.00159129919778754
12866,,0.0015658799100099503
12867,,0.0015542336357689806
12868,,0.0015469124121171404
12869,,0.001533141854460452
12870,,0.001506311324663954
12871,,0.0014540770339127758
12872,,0.0013610456054431283
12873,,0.0012547112672878634
12874,,0.0010872826553800527
12875,,0.0009310171312324518
12876,,0.0008199618683322064
12877,,0.0007778304199381298
12878,,0.000766890866790019
12879,,0.0007638921169503645
12880,,0.0007597087718043857
12881,,0.0007484232628082873
12882,,0.0007262066733821828
12883,,0.0006852230430444167
12884,,0.00062621207327191
12885,,0.0005683871129010528
12886,,0.0005237345189491506
12887,,0.00047192212187722907
12888,,0.0004420562919818056
12889,,0.00039093206148537704
12890,,0.0003193439974107914
12891,,0.00024256893859352527
12892,,0.00020186311928555747
12893,,0.00018943373450650531
12894,,0.0001856934188093335
12895,,0.00018233547594364013
12896,,0.00017612210162087937
12897,,0.0001693171844779312
12898,,0.00016469777621886007
12899,,0.00016131662651234748
12900,,0.00015572572405038665
12901,,0.0001447009588585041
12902,,0.0001221328242866133
12903,,8.571428637402344e-05
12904,,4.502651194810447e-05
12905,,2.119613096923097e-05
12906,,1.399810095966978e-05
12907,,1.2760211344388874e-05
12908,,1.2590675996716088e-05
12909,,1.2510284801162309e-05
12910,,1.2258052091290147e-05
12911,,1.1332092115345238e-05
12912,,9.888134598848576e-06
12913,,8.524834724929267e-06
12914,,7.43982500081393e-06
12915,,6.936549113708599e-06
12916,,6.844013813435518e-06
12917,,6.836893444965477e-06
12918,,6.836206647579233e-06
12919,,6.835342600054247e-06
12920,,6.832462537044233e-06
12921,,6.825099001157638e-06
12922,,6.809187393835919e-06
12923,,6.773161142365835e-06
12924,,6.693796853079858e-06
12925,,6.522215851977774e-06
12926,,6.168826884914039e-06
12927,,5.513569815870681e-06
12928,,4.5620721753356795e-06
12929,,5.18782659521601e-06
12930,,4.31817146006354e-06
12931,,3.6107134587033998e-06
12932,,3.2166403390083036e-06
12933,,3.1412333877744217e-06
12934,,3.1314358550621594e-06
12935,,3.129927987893654e-06
12936,,3.1286777985860785e-06
12937,,3.1228333900457218e-06
12938,,3.1102619207591897e-06
12939,,3.0796438460355154e-06
12940,,3.011755339308796e-06
12941,,2.8628372231602302e-06
12942,,2.565288108793102e-06
12943,,2.0645379154770666e-06
12944,,1.5094571480599177e-06
12945,,1.1339345978124807e-06
12946,,8.618633063399168e-07
12947,,8.250787722241025e-07
12948,,8.215402120183088e-07
12949,,8.209663962761575e-07
12950,,8.201669834781248e-07
12951,,8.17420949202088e-07
12952,,8.112277610763974e-07
12953,,7.972869536961228e-07
12954,,7.687873665067116e-07
12955,,7.176663050500899e-07
12956,,6.452300464030522e-07
12957,,5.811175715010294e-07
12958,,5.350694760181087e-07
12959,,5.263452054743816e-07
12960,,5.254323625473785e-07
12961,,5.253716556033686e-07
12962,,5.253684584589539e-07
12963,,5.253680152233688e-07
12964,,5.253677730032406e-07
12965,,5.253665879482099e-07
12966,,5.253656572784867e-07
12967,,5.253653599069746e-07
12968,,5.253651304889326e-07
12969,,5.253634647465329e-07
12970,,5.253629675273726e-07
12971,,5.253627134098833e-07
12972,,5.253624888849441e-07
12973,,5.253606513267785e-07
12974,,5.253603063333646e-07
12975,,5.253600700677673e-07
12976,,5.253586161532623e-07
12977,,5.253579357312381e-07
12978,,5.253576564533211e-07
12979,,5.253574281133692e-07
12980,,5.253556988697272e-07
12981,,5.253552614177265e-07
12982,,5.253550116430985e-07
12983,,5.253547868083564e-07
12984,,5.253529333544535e-07
12985,,5.253526057623616e-07
12986,,5.253523691729523e-07
12987,,5.253508485396935e-07
12988,,5.253502368390552e-07
12989,,5.253499587155435e-07
12990,,5.253497278227323e-07
12991,,5.253479985541656e-07
12992,,5.25347572115825e-07
12993,,5.253473157272969e-07
12994,,5.25347087034541e-07
12995,,5.25345266226867e-07
12996,,5.253449222828225e-07
12997,,5.253446747274419e-07
12998,,5.25343237934612e-07
12999,,5.253425888055444e-07
13000,,5.253422796599224e-07
13001,,5.253420347959156e-07
13002,,5.253404515920059e-07
13003,,5.253399377298436e-07
13004,,5.253396407753987e-07
13005,,5.253393955189971e-07
13006,,5.253377619859621e-07
13007,,5.253373000364847e-07
13008,,5.253370040932852e-07
13009,,5.253367567337372e-07
13010,,5.25335120759823e-07
13011,,5.253346699149501e-07
13012,,5.253343689564551e-07
13013,,5.253341183854905e-07
13014,,5.253325060772631e-07
13015,,5.25332044857465e-07
13016,,5.253317351423471e-07
13017,,5.253314804803684e-07
13018,,5.253299083281443e-07
13019,,5.253294238994875e-07
13020,,5.25329102619647e-07
13021,,5.253288430538797e-07
13022,,5.253273236115641e-07
13023,,5.25326806827765e-07
13024,,5.253264714737726e-07
13025,,5.253262061574208e-07
13026,,5.25324750763708e-07
13027,,5.253241938117071e-07
13028,,5.253238418508388e-07
13029,,5.253235698634425e-07
13030,,5.253221900201328e-07
13031,,5.253215852466652e-07
13032,,5.25321213952011e-07
13033,,5.253209342551542e-07
13034,,5.253196423831737e-07
13035,,5.253189816856035e-07
13036,,5.253185880141309e-07
13037,,5.253182994276826e-07
13038,,5.253180522975538e-07
13039,,5.253163838125107e-07
13040,,5.253159643179957e-07
13041,,5.25315665494085e-07
13042,,5.253154143134966e-07
13043,,5.253137924424414e-07
13044,,5.253133431915189e-07
13045,,5.253130325862395e-07
13046,,5.253127767462256e-07
13047,,5.25311208520426e-07
13048,,5.253107250154126e-07
13049,,5.253104008553033e-07
13050,,5.253101396562265e-07
13051,,5.253086331480707e-07
13052,,5.253081102229725e-07
13053,,5.253077704711906e-07
13054,,5.253075031071775e-07
13055,,5.253060675914696e-07
13056,,5.253054993185808e-07
13057,,5.253051416350134e-07
13058,,5.253048671818434e-07
13059,,5.25303513313251e-07
13060,,5.253028928826568e-07
13061,,5.253025145760261e-07
13062,,5.25302231970341e-07
13063,,5.253009719953883e-07
13064,,5.253002915806344e-07
13065,,5.252998895554273e-07
13066,,5.252995975749841e-07
13067,,5.252993490969471e-07
13068,,5.25297696177223e-07
13069,,5.252972668802447e-07
13070,,5.252969641193032e-07
13071,,5.252967113767976e-07
13072,,5.25295107555536e-07
13073,,5.252946468950321e-07
13074,,5.252943317361101e-07
13075,,5.252940740970522e-07
13076,,5.252925267245402e-07
13077,,5.252920300039629e-07
13078,,5.252917005891695e-07
13079,,5.252914373144619e-07
13080,,5.252899548518077e-07
13081,,5.252894166635276e-07
13082,,5.252890708561322e-07
13083,,5.252888011006883e-07
13084,,5.252873932800928e-07
13085,,5.252868074040768e-07
13086,,5.252864427481368e-07
13087,,5.252861655437083e-07
13088,,5.252848435466811e-07
13089,,5.252842028384823e-07
13090,,5.252838165058429e-07
13091,,5.252835307331508e-07
13092,,5.252823074275054e-07
13093,,5.252816036619351e-07
13094,,5.252811924070311e-07
13095,,5.252808967819213e-07
13096,,5.2528064686584e-07
13097,,5.252790106856225e-07
13098,,5.252785707674313e-07
13099,,5.252782638142509e-07
13100,,5.252780094208439e-07
13101,,5.252764248299263e-07
13102,,5.252759519553673e-07
13103,,5.25275631972854e-07
13104,,5.252753724323977e-07
13105,,5.252738471654377e-07
13106,,5.252733363924193e-07
13107,,5.252730014304014e-07
13108,,5.252727359666585e-07
13109,,5.252712789138999e-07
13110,,5.252707245619086e-07
13111,,5.252703723745499e-07
13112,,5.252701001019669e-07
13113,,5.252687214794685e-07
13114,,5.252681170190041e-07
13115,,5.252677450211815e-07
13116,,5.252674649204033e-07
13117,,5.25266176488523e-07
13118,,5.252655144056276e-07
13119,,5.252651196311434e-07
13120,,5.252648305262857e-07
13121,,5.252645831967305e-07
13122,,5.252629174565701e-07
13123,,5.252624964900694e-07
13124,,5.252621970317177e-07
13125,,5.252619456101635e-07
13126,,5.252603270191552e-07
13127,,5.252598759339384e-07
13128,,5.252595645715002e-07
13129,,5.252593084421954e-07
13130,,5.252577440665645e-07
13131,,5.252572583488156e-07
13132,,5.252569332973604e-07
13133,,5.252566717561707e-07
13134,,5.252551697154958e-07
13135,,5.2525464417523e-07
13136,,5.252543033795331e-07
13137,,5.25254035619076e-07
13138,,5.252526052572143e-07
13139,,5.252520339227412e-07
13140,,5.252516750258065e-07
13141,,5.252514001091518e-07
13142,,5.252500521681512e-07
13143,,5.252494281755179e-07
13144,,5.252490484652681e-07
13145,,5.252487653192939e-07
13146,,5.252475121509283e-07
13147,,5.252468276069877e-07
13148,,5.25246423961899e-07
13149,,5.252461313538403e-07
13150,,5.252458826467092e-07
13151,,5.25244232991533e-07
13152,,5.252438018194413e-07
13153,,5.252434983363004e-07
13154,,5.252432453270632e-07
13155,,5.252416452164552e-07
13156,,5.252411823952772e-07
13157,,5.252408663992693e-07
13158,,5.2524060844747e-07
13159,,5.252390653046478e-07
13160,,5.252385660904618e-07
13161,,5.25238235711328e-07
13162,,5.252379720707245e-07
13163,,5.252364944350284e-07
13164,,5.252359533709143e-07
13165,,5.252356064478246e-07
13166,,5.25235336269612e-07
13167,,5.252339339551059e-07
13168,,5.252333447721967e-07
13169,,5.25232978824642e-07
13170,,5.252327011275642e-07
13171,,5.252313854229859e-07
13172,,5.252307409059144e-07
13173,,5.25230353084051e-07
13174,,5.252300667431314e-07
13175,,5.25229820516482e-07
13176,,5.252281424795035e-07
13177,,5.252277295067884e-07
13178,,5.25227433222975e-07
13179,,5.252271830666348e-07
13180,,5.252255503101213e-07
13181,,5.252251084124584e-07
13182,,5.252248006943946e-07
13183,,5.25224546019024e-07
13184,,5.252229653223572e-07
13185,,5.252224901702379e-07
13186,,5.252221693071516e-07
13187,,5.252219094363869e-07
13188,,5.252203886024329e-07
13189,,5.252198752076461e-07
13190,,5.252195392243763e-07
13191,,5.252192733791387e-07
13192,,5.252178213811033e-07
13193,,5.252172640070898e-07
13194,,5.252169106447697e-07
13195,,5.252166379249513e-07
13196,,5.252152650778705e-07
13197,,5.252146571360971e-07
13198,,5.252142837824944e-07
13199,,5.252140031653725e-07
13200,,5.252127213289352e-07
13201,,5.252120552394834e-07
13202,,5.252116589022177e-07
13203,,5.252113691961739e-07
13204,,5.252111216462967e-07
13205,,5.252094590601774e-07
13206,,5.252090362876225e-07
13207,,5.252087361364205e-07
13208,,5.252084844575673e-07
13209,,5.252068694470962e-07
13210,,5.252064162852621e-07
13211,,5.252061041210374e-07
13212,,5.252058476920943e-07
13213,,5.252042873913852e-07
13214,,5.252037992795825e-07
13215,,5.25203473297173e-07
13216,,5.252032114117606e-07
13217,,5.252017140155731e-07
13218,,5.252011857151811e-07
13219,,5.252008438490691e-07
13220,,5.252005756828973e-07
13221,,5.251991506211102e-07
13222,,5.251985761071249e-07
13223,,5.251982159744132e-07
13224,,5.251979405877373e-07
13225,,5.251965987019454e-07
13226,,5.251959710476068e-07
13227,,5.251955899090695e-07
13228,,5.251953062205917e-07
13229,,5.251940599692704e-07
13230,,5.251933712151436e-07
13231,,5.251929659213482e-07
13232,,5.251926726834329e-07
13233,,5.251924237447666e-07
13234,,5.251907773873852e-07
13235,,5.251903443193708e-07
13236,,5.251900401024137e-07
13237,,5.251897868223911e-07
13238,,5.251881904620012e-07
13239,,5.25187725456383e-07
13240,,5.251874086156638e-07
13241,,5.251871503462865e-07
13242,,5.251856114754139e-07
13243,,5.251851097415267e-07
13244,,5.251847783844351e-07
13245,,5.25184514376827e-07
13246,,5.251830416065845e-07
13247,,5.251824976423242e-07
13248,,5.251821495924045e-07
13249,,5.251818789860424e-07
13250,,5.251804822279002e-07
13251,,5.251798897021265e-07
13252,,5.25179522455755e-07
13253,,5.251792442627478e-07
13254,,5.251779349045821e-07
13255,,5.251772865380053e-07
13256,,5.251768972185538e-07
13257,,5.251766103029071e-07
13258,,5.251763638653318e-07
13259,,5.251746888653337e-07
13260,,5.251742741640823e-07
13261,,5.251739772112009e-07
13262,,5.251737268113298e-07
13263,,5.251720975039865e-07
13264,,5.251716536127384e-07
13265,,5.25171345125935e-07
13266,,5.2517109016557e-07
13267,,5.251695133942914e-07
13268,,5.25169035943164e-07
13269,,5.251687141875807e-07
13270,,5.251684539838057e-07
13271,,5.251669376229382e-07
13272,,5.251664215807656e-07
13273,,5.251660845685858e-07
13274,,5.251658183356935e-07
13275,,5.2516437143606e-07
13276,,5.251638110138471e-07
13277,,5.251634564617983e-07
13278,,5.251631832960674e-07
13279,,5.251618162716319e-07
13280,,5.251612048185649e-07
13281,,5.251608300945767e-07
13282,,5.251605489548937e-07
13283,,5.251592737722569e-07
13284,,5.251586036415464e-07
13285,,5.251582057229297e-07
13286,,5.251579154112065e-07
13287,,5.251576676414677e-07
13288,,5.251560082310823e-07
13289,,5.251555836407827e-07
13290,,5.251552827868142e-07
13291,,5.251550308487877e-07
13292,,5.251534194533218e-07
13293,,5.251529641886332e-07
13294,,5.251526512138271e-07
13295,,5.251523944845815e-07
13296,,5.251508382949414e-07
13297,,5.251503477638239e-07
13298,,5.251500208471687e-07
13299,,5.251497586063403e-07
13300,,5.251482658998296e-07
13301,,5.251477348144362e-07
13302,,5.251473918667619e-07
13303,,5.251471232902094e-07
13304,,5.251457035747123e-07
13305,,5.25145125855074e-07
13306,,5.251447644713984e-07
13307,,5.251444886101238e-07
13308,,5.251431528268958e-07
13309,,5.2514252148417e-07
13310,,5.251421389048673e-07
13311,,5.251418546644773e-07
13312,,5.251406153941298e-07
13313,,5.251399223866536e-07
13314,,5.251395154310115e-07
13315,,5.251392215578331e-07
13316,,5.251389723858241e-07
13317,,5.251373293499098e-07
13318,,5.251368943671858e-07
13319,,5.25136589412715e-07
13320,,5.251363358613787e-07
13321,,5.251347432811479e-07
13322,,5.251342760675499e-07
13323,,5.251339583740975e-07
13324,,5.251336997859992e-07
13325,,5.251321652196655e-07
13326,,5.251316609438429e-07
13327,,5.251313286002661e-07
13328,,5.251310642228652e-07
13329,,5.251295963629591e-07
13330,,5.251290494713511e-07
13331,,5.251287002828725e-07
13332,,5.251284292435286e-07
13333,,5.251270380883252e-07
13334,,5.251264421916877e-07
13335,,5.251260736309106e-07
13336,,5.251257949377574e-07
13337,,5.251244919798323e-07
13338,,5.251238397338843e-07
13339,,5.25123448898438e-07
13340,,5.25123161401097e-07
13341,,5.251229147538921e-07
13342,,5.251212428169033e-07
13343,,5.251208263660699e-07
13344,,5.251205287452348e-07
13345,,5.251202780956635e-07
13346,,5.251186522667927e-07
13347,,5.251182063625046e-07
13348,,5.251178970983178e-07
13349,,5.251176418509666e-07
13350,,5.251160690381622e-07
13351,,5.251155892654104e-07
13352,,5.251152666128384e-07
13353,,5.251150060719683e-07
13354,,5.25113494220879e-07
13355,,5.251129755020115e-07
13356,,5.251126374550352e-07
13357,,5.25112370831274e-07
13358,,5.25110929077119e-07
13359,,5.251103655775064e-07
13360,,5.251100098269724e-07
13361,,5.251097362023804e-07
13362,,5.251083750529905e-07
13363,,5.251077600571357e-07
13364,,5.251073839507706e-07
13365,,5.251071022823431e-07
13366,,5.251058338123123e-07
13367,,5.251051596010888e-07
13368,,5.25104760087725e-07
13369,,5.251044691676925e-07
13370,,5.251042211749415e-07
13371,,5.251025649672853e-07
13372,,5.251021385397473e-07
13373,,5.251018369762194e-07
13374,,5.251015847774654e-07
13375,,5.250999770240713e-07
13376,,5.250995196435648e-07
13377,,5.250992058496132e-07
13378,,5.250989488146729e-07
13379,,5.250973967724182e-07
13380,,5.250969038002138e-07
13381,,5.250965759375088e-07
13382,,5.250963133419768e-07
13383,,5.250948253576789e-07
13384,,5.250942914638706e-07
13385,,5.250939474213925e-07
13386,,5.250936784326816e-07
13387,,5.250922641112766e-07
13388,,5.250916831548696e-07
13389,,5.250913205112576e-07
13390,,5.25091044171e-07
13391,,5.250897145461488e-07
13392,,5.25089079477377e-07
13393,,5.250886954432852e-07
13394,,5.250884106469043e-07
13395,,5.250871784123495e-07
13396,,5.250864811192254e-07
13397,,5.250860724892194e-07
13398,,5.250857779676259e-07
13399,,5.250855285591739e-07
13400,,5.250838888755883e-07
13401,,5.250834519617225e-07
13402,,5.250831462624907e-07
13403,,5.250828924336876e-07
13404,,5.250813036661285e-07
13405,,5.250808342258355e-07
13406,,5.250805156699134e-07
13407,,5.250802567601062e-07
13408,,5.250787265348911e-07
13409,,5.250782196949953e-07
13410,,5.250778863563967e-07
13411,,5.250776216044683e-07
13412,,5.250761586951794e-07
13413,,5.250756088498864e-07
13414,,5.250752585119244e-07
13415,,5.25074987039098e-07
13416,,5.25073601532698e-07
13417,,5.250730022345688e-07
13418,,5.250726323482164e-07
13419,,5.250723531486099e-07
13420,,5.250710566477527e-07
13421,,5.250704004831865e-07
13422,,5.250700081180194e-07
13423,,5.250697200347688e-07
13424,,5.250694731760749e-07
13425,,5.250678043252061e-07
13426,,5.250673861118035e-07
13427,,5.250670878103528e-07
13428,,5.250668369124947e-07
13429,,5.250652145909188e-07
13430,,5.250647666565643e-07
13431,,5.250644566072219e-07
13432,,5.250642010663607e-07
13433,,5.250626322442281e-07
13434,,5.250621501322917e-07
13435,,5.250618265719242e-07
13436,,5.250615656920908e-07
13437,,5.250600583891858e-07
13438,,5.250595369738676e-07
13439,,5.250591978771738e-07
13440,,5.250589308574413e-07
13441,,5.25057494293178e-07
13442,,5.250569276866243e-07
13443,,5.250565707266659e-07
13444,,5.250562966446643e-07
13445,,5.250549414177023e-07
13446,,5.250543228448323e-07
13447,,5.25053945345491e-07
13448,,5.250536631425929e-07
13449,,5.250524014439046e-07
13450,,5.250517231154893e-07
13451,,5.25051321994133e-07
13452,,5.250510304558173e-07
13453,,5.250507822361107e-07
13454,,5.250491292584094e-07
13455,,5.250487009750713e-07
13456,,5.250483987017217e-07
13457,,5.250481462373456e-07
13458,,5.250465421542176e-07
13459,,5.25046082637184e-07
13460,,5.250457680149115e-07
13461,,5.250455106743901e-07
13462,,5.25043962808304e-07
13463,,5.250434673794429e-07
13464,,5.250431385610548e-07
13465,,5.2504287560806e-07
13466,,5.250413923878414e-07
13467,,5.250408556569086e-07
13468,,5.250405105128394e-07
13469,,5.25040241108673e-07
13470,,5.250388322210886e-07
13471,,5.250382480018963e-07
13472,,5.250378840856352e-07
13473,,5.250376072607212e-07
13474,,5.250362838447882e-07
13475,,5.250356450170661e-07
13476,,5.250352595173701e-07
13477,,5.250349741575193e-07
13478,,5.250337490234076e-07
13479,,5.250330474036691e-07
13480,,5.250326370790232e-07
13481,,5.250323419087866e-07
13482,,5.250320922612847e-07
13483,,5.250304559592945e-07
13484,,5.25030017094462e-07
13485,,5.250297106428001e-07
13486,,5.250294565365365e-07
13487,,5.250278716108892e-07
13488,,5.250273999231255e-07
13489,,5.250270804984814e-07
13490,,5.250268212650496e-07
13491,,5.250252954182463e-07
13492,,5.250247859889331e-07
13493,,5.250244516430516e-07
13494,,5.250241865122972e-07
13495,,5.250227285976135e-07
13496,,5.250221757680366e-07
13497,,5.250218242693402e-07
13498,,5.250215523578844e-07
13499,,5.250201725515509e-07
13500,,5.25019569823147e-07
13501,,5.250191985951042e-07
13502,,5.250189188884391e-07
13503,,5.250176288948871e-07
13504,,5.250169687823264e-07
13505,,5.250165748735129e-07
13506,,5.250162861989884e-07
13507,,5.250160391255347e-07
13508,,5.250143733849798e-07
13509,,5.250139533911917e-07
13510,,5.250136544053309e-07
13511,,5.250134032564145e-07
13512,,5.250117844726414e-07
13513,,5.250113344833268e-07
13514,,5.250110236426177e-07
13515,,5.250107678082696e-07
13516,,5.250092030114297e-07
13517,,5.25008718536524e-07
13518,,5.250083940620914e-07
13519,,5.250081328364835e-07
13520,,5.250066301220524e-07
13521,,5.25006105983975e-07
13522,,5.250057658316024e-07
13523,,5.25005498411453e-07
13524,,5.250040670782491e-07
13525,,5.250034973365606e-07
13526,,5.250031391580523e-07
13527,,5.250028646148887e-07
13528,,5.250015153593842e-07
13529,,5.250008931782686e-07
13530,,5.25000514267979e-07
13531,,5.250002315299886e-07
13532,,5.249989766581911e-07
13533,,5.249982941747762e-07
13534,,5.24997891431483e-07
13535,,5.24997599268382e-07
13536,,5.249973508231978e-07
13537,,5.249957011008451e-07
13538,,5.249952709462671e-07
13539,,5.24994967951327e-07
13540,,5.249947152202684e-07
13541,,5.24993114840301e-07
13542,,5.249926531642324e-07
13543,,5.249923377114591e-07
13544,,5.249920800571718e-07
13545,,5.249905364065912e-07
13546,,5.249900384920612e-07
13547,,5.249897087103878e-07
13548,,5.249894453957318e-07
13549,,5.24987966982386e-07
13550,,5.249874273893741e-07
13551,,5.249870811327277e-07
13552,,5.249868113075524e-07
13553,,5.249854079042173e-07
13554,,5.249848203853346e-07
13555,,5.249844551874565e-07
13556,,5.249841778745224e-07
13557,,5.249828607233386e-07
13558,,5.249822181020903e-07
13559,,5.249818311192699e-07
13560,,5.249815451934549e-07
13561,,6.557905327087949
13562,,107319.76178185851
13563,,6.4832653395671445
13564,,836.4119164601399
13565,,6.387647267348517
13566,,2.264982805484089
13567,,1.4848268101878703
13568,,1.1886715187225811
13569,,1.6391133876946684
13570,,1.1821088066390395
13571,,1.1596926230447213
13572,,1.0220434696214735
13573,,0.6417929315249121
13574,,0.4694086822102319
13575,,0.3922012818149588
13576,,0.44277282847786037
13577,,0.37377979032535524
13578,,0.3400570585802229
13579,,0.31566098125497416
13580,,0.5763095114997958
13581,,0.2968477922376877
13582,,0.2750336558772447
13583,,0.2311470095548031
13584,,0.21040297476369263
13585,,1.1277914033220664
13586,,0.19761536594139925
13587,,0.1631837085702039
13588,,0.15683041481924853
13589,,0.12065202059475641
13590,,0.5153709288240023
13591,,0.11438694825081297
13592,,0.09825736615842155
13593,,0.17266630557232254
13594,,0.0938641720050997
13595,,0.15260681879266982
13596,,0.08786978222630366
13597,,0.10290592473879018
13598,,0.08036833605106183
13599,,0.07260524161205714
13600,,0.06602495791835601
13601,,0.04293512822673434
13602,,0.04595435320421075
13603,,0.03596935409613141
13604,,0.030624122918075793
13605,,0.026263476062952203
13606,,0.0232834464446407
13607,,0.17164768346917633
13608,,0.02234186263701184
13609,,0.020441668241539215
13610,,0.017900039257451292
13611,,0.016768513825280836
13612,,0.01530367980020655
13613,,0.01453788839540986
13614,,0.01418616219639573
13615,,0.013541458322729863
13616,,0.013099403686135208
13617,,0.012594294770295092
13618,,0.011861502068485338
13619,,0.010801023486143754
13620,,0.010210074891308513
13621,,0.009602196215289065
13622,,0.009361367164668472
13623,,0.008866856214028548
13624,,0.00829036643559867
13625,,0.007333145200268177
13626,,0.00608077400814135
13627,,0.0048891475077127355
13628,,0.004060390819115596
13629,,0.003619812280932336
13630,,0.00320097498633819
13631,,0.0029711480040007176
13632,,0.0029011453990034747
13633,,0.0028787069354681187
13634,,0.0028483473796388093
13635,,0.002797560724513713
13636,,0.002720234507097393
13637,,0.0025730741276749703
13638,,0.0022153884976135936
13639,,0.001857693368266877
13640,,0.0015083820461449207
13641,,0.001327519214513991
13642,,0.0011512487580144148
13643,,0.0010188820075981088
13644,,0.0009468830909113957
13645,,0.0008301941784061488
13646,,0.0007560735789716223
13647,,0.0006959313532620804
13648,,0.0006682189999045419
13649,,0.0006608808805051177
13650,,0.0006584046141724112
13651,,0.0006560447972881769
13652,,0.0006517622636578351
13653,,0.0006434757164324013
13654,,0.0006282713937135818
13655,,0.0005956582043597961
13656,,0.0005263340484709948
13657,,0.0004894441448266153
13658,,0.0004116186891196411
13659,,0.00036576473924791427
13660,,0.00034759041662406646
13661,,0.000335668733059118
13662,,0.00031738074687587156
13663,,0.0002786840973403929
13664,,0.00022438593346946358
13665,,0.0001823020492694974
13666,,0.00016169482230138848
13667,,0.00015444966365138127
13668,,0.00015332718655098067
13669,,0.000152799183887386
13670,,0.0001518248992730758
13671,,0.00015013674826104336
13672,,0.000148150928021858
13673,,0.00014578357232002568
13674,,0.00014375115968369196
13675,,0.0001425763994403733
13676,,0.00014078093752524262
13677,,0.00013818681388836861
13678,,0.0001328727495206904
13679,,0.00012197780304876819
13680,,0.00010104039439804669
13681,,7.333926190880092e-05
13682,,5.8722110873700044e-05
13683,,4.901685353612411e-05
13684,,4.4221067202420165e-05
13685,,4.351280727627652e-05
13686,,4.303152066539536e-05
13687,,4.197766957954977e-05
13688,,3.999053783906461e-05
13689,,3.5999712899128536e-05
13690,,2.9313540946900106e-05
13691,,2.0785043208472212e-05
13692,,1.4884393649180218e-05
13693,,1.2834068522834267e-05
13694,,1.156586321094868e-05
13695,,1.1467761220385016e-05
13696,,1.1454080941795895e-05
13697,,1.1452206260519328e-05
13698,,1.1449059712164143e-05
13699,,1.1431098251357186e-05
13700,,1.1402304736227294e-05
13701,,1.1337726689748886e-05
13702,,1.120061828844676e-05
13703,,1.0908485720665624e-05
13704,,1.0335780551588874e-05
13705,,9.395152845661831e-06
13706,,8.304911883392315e-06
13707,,7.589061052487537e-06
13708,,7.33429276164367e-06
13709,,7.2816896119539884e-06
13710,,7.275233129500146e-06
13711,,7.273634074522381e-06
13712,,7.270422823684719e-06
13713,,7.2605927172993314e-06
13714,,7.236536175005886e-06
13715,,7.1818551544757364e-06
13716,,7.058861930663949e-06
13717,,6.794812743632973e-06
13718,,6.283026167914573e-06
13719,,5.492527410438744e-06
13720,,4.6440500524747745e-06
13721,,4.073425076554805e-06
13722,,3.838693122738524e-06
13723,,3.8067370222411572e-06
13724,,3.803617871651009e-06
13725,,3.802833183607082e-06
13726,,3.800623964365402e-06
13727,,3.7885271424519118e-06
13728,,3.761082428653073e-06
13729,,3.700417524579028e-06
13730,,3.570381943334366e-06
13731,,3.322411788468293e-06
13732,,2.9495217585843615e-06
13733,,2.646224011585104e-06
13734,,2.4143011995260106e-06
13735,,2.27968228659854e-06
13736,,2.261306130147863e-06
13737,,2.259000513865332e-06
13738,,2.2587295612055106e-06
13739,,2.2587083578428048e-06
13740,,2.258702253781012e-06
13741,,2.2586968004625354e-06
13742,,2.2586497208454755e-06
13743,,2.2583769483821165e-06
13744,,2.257888172605502e-06
13745,,2.254727412052634e-06
13746,,2.248326315527946e-06
13747,,2.2193111555911053e-06
13748,,2.1696752055435867e-06
13749,,2.0629205513896935e-06
13750,,1.851383169777231e-06
13751,,1.4885098202998396e-06
13752,,1.0290452106357542e-06
13753,,7.105006966265464e-07
13754,,5.768224883184315e-07
13755,,5.263893941374934e-07
13756,,5.22572154189911e-07
13757,,5.223325158019513e-07
13758,,5.223191431250562e-07
13759,,5.223184081613478e-07
13760,,5.223182948005125e-07
13761,,5.223182226018619e-07
13762,,5.223177734712339e-07
13763,,5.223175656431951e-07
13764,,5.223174815237651e-07
13765,,5.223174116162837e-07
13766,,5.223168756053392e-07
13767,,5.223167464359082e-07
13768,,5.22316669759621e-07
13769,,5.223163373786547e-07
13770,,5.223160349527826e-07
13771,,5.223159317080659e-07
13772,,5.223158584767927e-07
13773,,5.223154167729939e-07
13774,,5.223152088019214e-07
13775,,5.22315118702588e-07
13776,,5.223150474248984e-07
13777,,5.223145463147218e-07
13778,,5.223143890387944e-07
13779,,5.223143065861957e-07
13780,,5.223142365030973e-07
13781,,5.223136999303901e-07
13782,,5.223135726915629e-07
13783,,5.223134949771353e-07
13784,,5.223134256620172e-07
13785,,5.223128667678665e-07
13786,,5.22312758328367e-07
13787,,5.223126836776671e-07
13788,,5.223122735837565e-07
13789,,5.223120413691045e-07
13790,,5.223119451797517e-07
13791,,5.22311872573678e-07
13792,,5.22311403984139e-07
13793,,5.22311220782104e-07
13794,,5.223111328090128e-07
13795,,5.223110615979787e-07
13796,,5.223105534378081e-07
13797,,5.223104032912374e-07
13798,,5.223103209524192e-07
13799,,5.223102507110889e-07
13800,,5.223097152583666e-07
13801,,5.223095878605472e-07
13802,,5.223095094464643e-07
13803,,5.223094398866167e-07
13804,,5.223088853487589e-07
13805,,5.223087738397106e-07
13806,,5.223086981836022e-07
13807,,5.223083066583661e-07
13808,,5.223080611065256e-07
13809,,5.223079607941974e-07
13810,,5.223078870921869e-07
13811,,5.22307440925038e-07
13812,,5.223072408134262e-07
13813,,5.223071484404469e-07
13814,,5.223070761250809e-07
13815,,5.223065911583973e-07
13816,,5.22306423317494e-07
13817,,5.223063365813247e-07
13818,,5.223062652465828e-07
13819,,5.223057526990425e-07
13820,,5.223056078187605e-07
13821,,5.223055250799676e-07
13822,,5.223054544320889e-07
13823,,5.22304922334784e-07
13824,,5.223047937620037e-07
13825,,5.223047138382637e-07
13826,,5.223046436668683e-07
13827,,5.22304097815136e-07
13828,,5.22303980754823e-07
13829,,5.223039027866069e-07
13830,,5.223035434191516e-07
13831,,5.223032775581206e-07
13832,,5.223031685215548e-07
13833,,5.223030918778766e-07
13834,,5.22302693378982e-07
13835,,5.223024604313034e-07
13836,,5.223023568622138e-07
13837,,5.223022810788089e-07
13838,,5.223018560379861e-07
13839,,5.223016456306072e-07
13840,,5.223015456357495e-07
13841,,5.223014703615366e-07
13842,,5.223010281153366e-07
13843,,5.223008325720111e-07
13844,,5.223007347359697e-07
13845,,5.22300659706912e-07
13846,,5.223002072588003e-07
13847,,5.223000208415165e-07
13848,,5.222999240958318e-07
13849,,5.222998491059092e-07
13850,,5.222993917708851e-07
13851,,5.222992101418763e-07
13852,,5.222991136585432e-07
13853,,5.222990385484188e-07
13854,,5.222985804343977e-07
13855,,5.222984002621946e-07
13856,,5.22298303389412e-07
13857,,5.222982280262205e-07
13858,,5.22297772380509e-07
13859,,5.222975910452057e-07
13860,,5.22297493261889e-07
13861,,5.22297417534972e-07
13862,,5.222969669915573e-07
13863,,5.222967823896017e-07
13864,,5.222966832572677e-07
13865,,5.222966070768752e-07
13866,,5.222961638326042e-07
13867,,5.222959742212461e-07
13868,,5.222958733662986e-07
13869,,5.222957966430859e-07
13870,,5.222953626049686e-07
13871,,5.222951664961333e-07
13872,,5.222950635830189e-07
13873,,5.222949862384633e-07
13874,,5.222945631173337e-07
13875,,5.222943591826289e-07
13876,,5.222942539003968e-07
13877,,5.222941758618997e-07
13878,,5.222937652469272e-07
13879,,5.222935522710357e-07
13880,,5.222934443220582e-07
13881,,5.222933655105334e-07
13882,,5.222929689313238e-07
13883,,5.222927457523474e-07
13884,,5.222926348501592e-07
13885,,5.222925551909317e-07
13886,,5.222921741555141e-07
13887,,5.222919396388034e-07
13888,,5.22291825482983e-07
13889,,5.222917449010693e-07
13890,,5.222913809359613e-07
13891,,5.222911339385783e-07
13892,,5.222910162306247e-07
13893,,5.222909346411028e-07
13894,,5.222908631589038e-07
13895,,5.222903286731358e-07
13896,,5.222902070973275e-07
13897,,5.222901244179812e-07
13898,,5.222900526264095e-07
13899,,5.22289523864078e-07
13900,,5.222893980911695e-07
13901,,5.222893142290268e-07
13902,,5.222892421057873e-07
13903,,5.22288719541074e-07
13904,,5.222885892180636e-07
13905,,5.222885040779259e-07
13906,,5.222884315962731e-07
13907,,5.22287915736817e-07
13908,,5.222877804933679e-07
13909,,5.222876939705199e-07
13910,,5.222876211000865e-07
13911,,5.222871124887744e-07
13912,,5.222869719247524e-07
13913,,5.22286883905196e-07
13914,,5.222868106161024e-07
13915,,5.222863098360523e-07
13916,,5.222861635200438e-07
13917,,5.222860738913389e-07
13918,,5.222860001462029e-07
13919,,5.222855078239922e-07
13920,,5.222853552964734e-07
13921,,5.222852639265706e-07
13922,,5.222851896925131e-07
13923,,5.222847064983605e-07
13924,,5.222845472697067e-07
13925,,5.222844540168978e-07
13926,,5.222843792548814e-07
13927,,5.222839059198255e-07
13928,,5.222837394506789e-07
13929,,5.222836441620139e-07
13930,,5.222835688356078e-07
13931,,5.222831061369024e-07
13932,,5.222829318543356e-07
13933,,5.222828343786309e-07
13934,,5.222827584364239e-07
13935,,5.222823072193351e-07
13936,,5.22282124501765e-07
13937,,5.222820246614856e-07
13938,,5.222819480541432e-07
13939,,5.22281509231357e-07
13940,,5.222813174120244e-07
13941,,5.222812150150901e-07
13942,,5.222811376924165e-07
13943,,5.222807122460407e-07
13944,,5.222805106013379e-07
13945,,5.222804054525438e-07
13946,,5.222803273594379e-07
13947,,5.222799163403025e-07
13948,,5.222797040965035e-07
13949,,5.222795959753651e-07
13950,,5.22279517047553e-07
13951,,5.222791216051297e-07
13952,,5.222788979201495e-07
13953,,5.222787865911184e-07
13954,,5.222787067650018e-07
13955,,5.222783281275899e-07
13956,,5.222780920963413e-07
13957,,5.222779773047248e-07
13958,,5.222778965091971e-07
13959,,5.222775360077621e-07
13960,,5.22277286655324e-07
13961,,5.222771681304729e-07
13962,,5.222770862849585e-07
13963,,5.222770147236989e-07
13964,,5.222764816269807e-07
13965,,5.222763590684453e-07
13966,,5.222762760944572e-07
13967,,5.222762042194215e-07
13968,,5.222756770416191e-07
13969,,5.222755501350165e-07
13970,,5.222754659399534e-07
13971,,5.22275393720638e-07
13972,,5.222748729361912e-07
13973,,5.222747413360195e-07
13974,,5.222746558259455e-07
13975,,5.222745832393199e-07
13976,,5.222740693480571e-07
13977,,5.222739326831604e-07
13978,,5.22273845751565e-07
13979,,5.222737727686312e-07
13980,,5.222732663178578e-07
13981,,5.222731241860223e-07
13982,,5.222730357242109e-07
13983,,5.222729623089124e-07
13984,,5.222724638870787e-07
13985,,5.222723158607724e-07
13986,,5.222722257430112e-07
13987,,5.22272151866118e-07
13988,,5.222716621073898e-07
13989,,5.222715077174537e-07
13990,,5.222714158168772e-07
13991,,5.222713414382916e-07
13992,,5.22270861031258e-07
13993,,5.222706997698155e-07
13994,,5.222706059457898e-07
13995,,5.22270531026062e-07
13996,,5.222700607060674e-07
13997,,5.222698920392731e-07
13998,,5.222697961340757e-07
13999,,5.222697206339868e-07
14000,,5.222692611998926e-07
14001,,5.222690845331999e-07
14002,,5.222689863885982e-07
14003,,5.222689102595242e-07
14004,,5.222684625724642e-07
14005,,5.222682772793063e-07
14006,,5.222681767146046e-07
14007,,5.22268099907189e-07
14008,,5.222676648956163e-07
14009,,5.222674702881953e-07
14010,,5.222673671146155e-07
14011,,5.222672895753563e-07
14012,,5.222668682407679e-07
14013,,5.222666635892285e-07
14014,,5.222665575966305e-07
14015,,5.222664792666116e-07
14016,,5.222660726932156e-07
14017,,5.222658572000943e-07
14018,,5.222657481662475e-07
14019,,5.222656689840441e-07
14020,,5.222652783381622e-07
14021,,5.22265051143984e-07
14022,,5.222649388322627e-07
14023,,5.222648587318488e-07
14024,,5.222644852701267e-07
14025,,5.2226424545223e-07
14026,,5.222641295994514e-07
14027,,5.222640485066657e-07
14028,,5.222636935915632e-07
14029,,5.222634401499601e-07
14030,,5.222633204774161e-07
14031,,5.222632383121201e-07
14032,,5.222631666641412e-07
14033,,5.222626352690769e-07
14034,,5.222625114736697e-07
14035,,5.222624281538845e-07
14036,,5.222623561823751e-07
14037,,5.222618308398954e-07
14038,,5.22261702600855e-07
14039,,5.222616180332538e-07
14040,,5.222615457115316e-07
14041,,5.222610269033785e-07
14042,,5.222608938634901e-07
14043,,5.222608079516389e-07
14044,,5.222607352523802e-07
14045,,5.222602234944113e-07
14046,,5.222600852757902e-07
14047,,5.222599979112469e-07
14048,,5.222599248055279e-07
14049,,5.222594206562075e-07
14050,,5.222592768499026e-07
14051,,5.22259187918085e-07
14052,,5.222591143729529e-07
14053,,5.222586184340992e-07
14054,,5.222584685968028e-07
14055,,5.222583779740463e-07
14056,,5.222583039555057e-07
14057,,5.222578168773614e-07
14058,,5.222576605304293e-07
14059,,5.222575680853952e-07
14060,,5.222574935537564e-07
14061,,5.222570160338116e-07
14062,,5.222568526669224e-07
14063,,5.222567582500248e-07
14064,,5.222566831698105e-07
14065,,5.222562159647194e-07
14066,,5.222560450203083e-07
14067,,5.222559484810795e-07
14068,,5.222558727998016e-07
14069,,5.222554167297887e-07
14070,,5.222552376095432e-07
14071,,5.222551387756348e-07
14072,,5.222550624543743e-07
14073,,5.222546183939095e-07
14074,,5.222544304494254e-07
14075,,5.222543291424197e-07
14076,,5.22254252129537e-07
14077,,5.222538210300934e-07
14078,,5.222536235644062e-07
14079,,5.222535195876667e-07
14080,,5.22253441825511e-07
14081,,5.222530247130113e-07
14082,,5.222528169738394e-07
14083,,5.222527101183677e-07
14084,,5.222526315470951e-07
14085,,5.222522295260087e-07
14086,,5.222520107002174e-07
14087,,5.222519007377403e-07
14088,,5.222518212944627e-07
14089,,5.222514355573807e-07
14090,,5.222512047716741e-07
14091,,5.222510914504544e-07
14092,,5.222510110689985e-07
14093,,5.222506429081914e-07
14094,,5.222503992098218e-07
14095,,5.222502822710718e-07
14096,,5.222502008746358e-07
14097,,5.222498516754505e-07
14098,,5.222495940509002e-07
14099,,5.222494732064238e-07
14100,,5.222493907118387e-07
14101,,5.222493189743705e-07
14102,,5.222487893207057e-07
14103,,5.222486642590789e-07
14104,,5.222485805860591e-07
14105,,5.222485085167683e-07
14106,,5.222479850529295e-07
14107,,5.222478554472654e-07
14108,,5.222477704975061e-07
14109,,5.222476980716187e-07
14110,,5.222471812860727e-07
14111,,5.222470467736618e-07
14112,,5.222469604498568e-07
14113,,5.222468876337796e-07
14114,,5.222463780617137e-07
14115,,5.222462382514916e-07
14116,,5.222461504431187e-07
14117,,5.222460772157035e-07
14118,,5.222455754203203e-07
14119,,5.222454298979204e-07
14120,,5.222453404862773e-07
14121,,5.222452668077051e-07
14122,,5.222447734083492e-07
14123,,5.222446217177589e-07
14124,,5.222445305783384e-07
14125,,5.222444564163488e-07
14126,,5.2224397207501e-07
14127,,5.222438137324282e-07
14128,,5.222437207257988e-07
14129,,5.222436460404737e-07
14130,,5.22243171473927e-07
14131,,5.222430059514267e-07
14132,,5.222429109323615e-07
14133,,5.222428356799482e-07
14134,,5.222423716638814e-07
14135,,5.222421983939464e-07
14136,,5.222421012016368e-07
14137,,5.222420253413185e-07
14138,,5.222415727066041e-07
14139,,5.222413910752348e-07
14140,,5.222412915397927e-07
14141,,5.222412150216009e-07
14142,,5.222407746692211e-07
14143,,5.222405840150711e-07
14144,,5.222404819511704e-07
14145,,5.222404047240705e-07
14146,,5.222399776229163e-07
14147,,5.222397772351117e-07
14148,,5.222396724383729e-07
14149,,5.222395944482088e-07
14150,,5.222391816496309e-07
14151,,5.222389707569808e-07
14152,,5.222388630154466e-07
14153,,5.222387841980026e-07
14154,,5.222383868329325e-07
14155,,5.222381646016763e-07
14156,,5.22238053684098e-07
14157,,5.222379739742288e-07
14158,,5.222375932591971e-07
14159,,5.222373587979748e-07
14160,,5.222372444493211e-07
14161,,5.22237163780006e-07
14162,,5.222368010346223e-07
14163,,5.222365533722426e-07
14164,,5.222364353230425e-07
14165,,5.222363536140364e-07
14166,,5.222362821000833e-07
14167,,5.222359902004498e-07
14168,,5.222359126146061e-07
14169,,5.222354922334703e-07
14170,,5.222352869146958e-07
14171,,5.22235180736725e-07
14172,,5.222351023592862e-07
14173,,5.22234696810381e-07
14174,,5.222344805924612e-07
14175,,5.222343713628269e-07
14176,,5.222342921264928e-07
14177,,5.22233902580891e-07
14178,,5.222336746108e-07
14179,,5.222335620823661e-07
14180,,5.222334819235367e-07
14181,,5.22233109649683e-07
14182,,5.222328689917213e-07
14183,,5.222327529046591e-07
14184,,5.222326717494019e-07
14185,,5.2223231811155e-07
14186,,5.22232063763775e-07
14187,,5.222319438412512e-07
14188,,5.222318616087305e-07
14189,,5.222317899436425e-07
14190,,5.222312589589447e-07
14191,,5.222311348930449e-07
14192,,5.222310515017068e-07
14193,,5.222309795114236e-07
14194,,5.222304546110594e-07
14195,,5.222303260769698e-07
14196,,5.222302414325145e-07
14197,,5.222301690887078e-07
14198,,5.222296507534628e-07
14199,,5.222295173999362e-07
14200,,5.222294313994271e-07
14201,,5.222293586782531e-07
14202,,5.222288474323633e-07
14203,,5.222287088706249e-07
14204,,5.222286214113144e-07
14205,,5.222285482833405e-07
14206,,5.222280446817379e-07
14207,,5.222279005032677e-07
14208,,5.222278114721227e-07
14209,,5.222277378998696e-07
14210,,5.222272425479204e-07
14211,,5.222270923115767e-07
14212,,5.222270015798915e-07
14213,,5.222269275331338e-07
14214,,5.222264410823007e-07
14215,,5.222262843056479e-07
14216,,5.222261917403722e-07
14217,,5.222261171808072e-07
14218,,5.22225640337155e-07
14219,,5.222254765026085e-07
14220,,5.222253819606645e-07
14221,,5.222253068462876e-07
14222,,5.222248403707694e-07
14223,,5.222246689234814e-07
14224,,5.222245722432239e-07
14225,,5.222244965290373e-07
14226,,5.222240412375792e-07
14227,,5.222238615755231e-07
14228,,5.222237625943633e-07
14229,,5.222236862327818e-07
14230,,5.222232430119165e-07
14231,,5.222230544819127e-07
14232,,5.222229530154671e-07
14233,,5.222228759576007e-07
14234,,5.222224457621879e-07
14235,,5.222222476651663e-07
14236,,5.222221435129583e-07
14237,,5.22222065705007e-07
14238,,5.222216495634572e-07
14239,,5.222214411425712e-07
14240,,5.22221334095936e-07
14241,,5.222212554770401e-07
14242,,5.222208545004734e-07
14243,,5.222206349403529e-07
14244,,5.222205247696007e-07
14245,,5.22220445274644e-07
14246,,5.222200606638052e-07
14247,,5.222198290807718e-07
14248,,5.222197155407208e-07
14249,,5.222196351007768e-07
14250,,5.222192681497941e-07
14251,,5.222190235950107e-07
14252,,5.222189064176568e-07
14253,,5.222188249564558e-07
14254,,5.222184770623851e-07
14255,,5.22218218726336e-07
14256,,5.22218097687821e-07
14257,,5.222180151445345e-07
14258,,5.22217943392973e-07
14259,,5.222174140669982e-07
14260,,5.222172887989802e-07
14261,,5.222172050679382e-07
14262,,5.222171329848097e-07
14263,,5.222166098747672e-07
14264,,5.222164800396969e-07
14265,,5.222163950297777e-07
14266,,5.222163225882468e-07
14267,,5.222158061823684e-07
14268,,5.22215671423669e-07
14269,,5.22215585030979e-07
14270,,5.222155122041602e-07
14271,,5.222150030357047e-07
14272,,5.222148629592329e-07
14273,,5.222147750786237e-07
14274,,5.22214701832597e-07
14275,,5.222142004725812e-07
14276,,5.222140546610189e-07
14277,,5.222139651718986e-07
14278,,5.222138914741517e-07
14279,,5.222133985410052e-07
14280,,5.222132465402984e-07
14281,,5.222131553172458e-07
14282,,5.222130811307969e-07
14283,,5.222125972929589e-07
14284,,5.222124386101961e-07
14285,,5.222123455133219e-07
14286,,5.222122708050771e-07
14287,,5.222117967783643e-07
14288,,5.222116308880683e-07
14289,,5.22211535773752e-07
14290,,5.222114604968715e-07
14291,,5.222109970573253e-07
14292,,5.222108233918934e-07
14293,,5.222107260949656e-07
14294,,5.222106502072735e-07
14295,,5.222101981906904e-07
14296,,5.222100161347244e-07
14297,,5.222099164853581e-07
14298,,5.222098399371719e-07
14299,,5.222094002488846e-07
14300,,5.222092091382711e-07
14301,,5.222091069467668e-07
14302,,5.222090296903786e-07
14303,,5.222086033047057e-07
14304,,5.222084024217758e-07
14305,,5.222082974909386e-07
14306,,5.222082194630659e-07
14307,,5.222078074332343e-07
14308,,5.222075960058862e-07
14309,,5.222074881182027e-07
14310,,5.22207409264631e-07
14311,,5.222070127238502e-07
14312,,5.222067899173684e-07
14313,,5.222066788417463e-07
14314,,5.222065990903485e-07
14315,,5.222062192645076e-07
14316,,5.222059841794675e-07
14317,,5.222058696616259e-07
14318,,5.222057889476805e-07
14319,,5.222054271591466e-07
14320,,5.222051788246648e-07
14321,,5.222050605906234e-07
14322,,5.222049788343976e-07
14323,,5.222049073048173e-07
14324,,5.222043738769219e-07
14325,,5.222042516327792e-07
14326,,5.222041687552929e-07
14327,,5.222040969115196e-07
14328,,5.222035693705579e-07
14329,,5.222034428034266e-07
14330,,5.222033587098896e-07
14331,,5.222032865265309e-07
14332,,5.222027653420334e-07
14333,,5.222026341047488e-07
14334,,5.222025487041232e-07
14335,,5.222024761526653e-07
14336,,5.222019618272624e-07
14337,,5.222018255544828e-07
14338,,5.222017387407026e-07
14339,,5.222016657942745e-07
14340,,5.222011588671255e-07
14341,,5.222010171568546e-07
14342,,5.222009288217241e-07
14343,,5.222008554475287e-07
14344,,5.222003565047293e-07
14345,,5.222002089317826e-07
14346,,5.222001189501159e-07
14347,,5.222000451165592e-07
14348,,5.221995547897436e-07
14349,,5.221994008882851e-07
14350,,5.221993091323957e-07
14351,,5.221992348002753e-07
14352,,5.221987537713435e-07
14353,,5.221985930401905e-07
14354,,5.221984993684809e-07
14355,,5.221984245000324e-07
14356,,5.221979535036457e-07
14357,,22.899327592180633
14358,,77759.72047855853
14359,,22.742074018133316
14360,,513.5266247115773
14361,,22.49453130125161
14362,,5.562190511949368
14363,,1405.2376909512795
14364,,5.487344168273998
14365,,6.100926473227733
14366,,4.150631872337527
14367,,3.843341590042321
14368,,3.008289257364989
14369,,44.80590667975668
14370,,2.952506714191393
14371,,1.808583838796232
14372,,7.912840728895852
14373,,1.7861081418577378
14374,,1.6023368919094771
14375,,1.3659612665221599
14376,,1.1599170919408206
14377,,3.7800199571715445
14378,,1.0541223252340113
14379,,0.7699351809595635
14380,,0.4353362207132946
14381,,0.5396278529663937
14382,,0.4226195250028789
14383,,0.38128004550687317
14384,,0.32989460109424545
14385,,1.4473075005236815
14386,,0.32224306733365043
14387,,0.2956004004090102
14388,,0.2918531871403389
14389,,0.25476554070183605
14390,,0.6725337174331699
14391,,0.24586500553641896
14392,,0.22678973832727573
14393,,0.3042945699126886
14394,,0.21903234861231383
14395,,0.19364384618423763
14396,,0.18205306739016922
14397,,0.18130971278923297
14398,,0.18125356811975996
14399,,0.18124927705609495
14400,,0.18124894879962428
14401,,0.18124892368702866
14402,,0.18124892176582835
14403,,0.18124892161885173
14404,,0.18124892160760558
14405,,0.18124892160674771
14406,,0.18124892160668052
14407,,0.18124892160667602
14408,,0.1812489216066755
14409,,0.1812489216066755
14410,,0.16972568762476245
14411,,0.1688250393575839
14412,,0.16874842482788302
14413,,0.16874186143675304
14414,,0.16874129882707087
14415,,0.1687412505980385
14416,,0.16874124646364283
14417,,0.16874124610922606
14418,,0.16874124607884425
14419,,0.16874124607623894
14420,,0.16874124607601557
14421,,0.16874124607599486
14422,,0.16874124607599392
14423,,0.1687412460759936
14424,,0.1687412460759936
14425,,0.1575215740189642
14426,,0.15649453852276704
14427,,0.15639304163102702
14428,,0.1563829360096032
14429,,0.1563819290877544
14430,,0.1563818287508661
14431,,0.15638181875250573
14432,,0.15638181775619184
14433,,0.15638181765690964
14434,,0.1563818176470186
14435,,0.15638181764603032
14436,,0.1563818176459332
14437,,0.15638181764592246
14438,,0.15638181764592135
14439,,0.15638181764592135
14440,,0.14506525243717563
14441,,0.14399279300388848
14442,,0.14388552877239588
14443,,0.14387474330332106
14444,,0.14387365823987677
14445,,0.14387354907207833
14446,,0.1438735380886874
14447,,0.14387353698364952
14448,,0.14387353687247073
14449,,0.14387353686128498
14450,,0.14387353686015866
14451,,0.14387353686004548
14452,,0.1438735368600354
14453,,0.1438735368600338
14454,,0.14387353686003382
14455,,0.06564163155119986
14456,,0.02457780126222546
14457,,0.023461840822384037
14458,,0.02332491987651809
14459,,0.023305750429894467
14460,,0.023303018042524035
14461,,0.023302627578183528
14462,,0.023302571759637913
14463,,0.023302563779724464
14464,,0.023302562638894336
14465,,0.023302562475797494
14466,,0.02330256245248089
14467,,0.023302562449147562
14468,,0.02330256244867068
14469,,0.02330256244860299
14470,,0.02330256244859302
14471,,0.023302562448591503
14472,,0.023302562448591375
14473,,0.023302562448591434
14474,,0.020105069331278203
14475,,0.01657728749714422
14476,,0.016076421871023785
14477,,0.0161545236161495
14478,,0.015662197456906248
14479,,0.013789607696303012
14480,,0.009451896445262852
14481,,0.009796068066621418
14482,,0.009137635433814888
14483,,0.008867061766929406
14484,,0.00847128488717684
14485,,0.007031892952078608
14486,,0.006227709122658977
14487,,0.005323931532136083
14488,,0.00461238774541384
14489,,0.004044111284229483
14490,,0.0037413179202290575
14491,,0.003546444371034462
14492,,0.00321437438377544
14493,,0.002753974871149099
14494,,0.0021869850113040387
14495,,0.0016496814105005349
14496,,0.0014759137530274997
14497,,0.0014077802023156809
14498,,0.0013357720406636947
14499,,0.0012284658489330256
14500,,0.0010728858421506986
14501,,0.0008974473082676926
14502,,0.0008018638823331196
14503,,0.0007651022811452159
14504,,0.0007465236158921724
14505,,0.0007259807976830995
14506,,0.0007017808722816323
14507,,0.0006815159352149572
14508,,0.0006438879582387245
14509,,0.0005952102350343679
14510,,0.0005074938531171562
14511,,0.00033118028245517224
14512,,0.00023019035157376038
14513,,0.00018011472605360007
14514,,0.00015600119161034826
14515,,0.00015255084105721473
14516,,0.00015072301663764527
14517,,0.00014842537017285625
14518,,0.00014537169291799158
14519,,0.00013990998447689946
14520,,0.000129940036333963
14521,,0.00011260411850794148
14522,,8.50110954557332e-05
14523,,0.00017554840371922126
14524,,7.537507212938098e-05
14525,,4.820116884876326e-05
14526,,3.680057605615295e-05
14527,,3.419869086196494e-05
14528,,3.365845406701856e-05
14529,,3.353154797203794e-05
14530,,3.3371093179527384e-05
14531,,3.307880775737864e-05
14532,,3.265427387303672e-05
14533,,3.2160441531595645e-05
14534,,3.1796861359131514e-05
14535,,3.162231900275626e-05
14536,,3.1502154731845e-05
14537,,3.135837970406716e-05
14538,,3.106663915200959e-05
14539,,3.0448866154123824e-05
14540,,2.924982465538562e-05
14541,,2.730684224372247e-05
14542,,2.4913140673067213e-05
14543,,2.2977387623857146e-05
14544,,2.2011375897824603e-05
14545,,2.1576146425599322e-05
14546,,2.1124590236894858e-05
14547,,2.062130138395267e-05
14548,,1.9526914203511798e-05
14549,,1.7596195303202785e-05
14550,,1.488177761601509e-05
14551,,2.3510962994881096e-05
14552,,1.4458951488953183e-05
14553,,1.2425030040550297e-05
14554,,1.1547440840281002e-05
14555,,1.1367958577947389e-05
14556,,1.1339098858501962e-05
14557,,1.1322839257402748e-05
14558,,1.1274769290160573e-05
14559,,1.1160013076979454e-05
14560,,1.0894650916841534e-05
14561,,1.0322519205654323e-05
14562,,9.193508372245659e-06
14563,,7.3690006696510955e-06
14564,,5.750106101607299e-06
14565,,4.375831990237762e-06
14566,,3.590947971214923e-06
14567,,3.466544022228543e-06
14568,,3.455867726910297e-06
14569,,3.454996600374553e-06
14570,,3.454673409956626e-06
14571,,3.4539585422237544e-06
14572,,3.4523221501844648e-06
14573,,3.4485578841185495e-06
14574,,3.439936878667095e-06
14575,,3.4204019379680367e-06
14576,,3.377310238189559e-06
14577,,3.2880161539795662e-06
14578,,3.126582734765187e-06
14579,,2.9037795893908193e-06
14580,,4.923135762933333e-06
14581,,2.8893252706509855e-06
14582,,2.6989909692884796e-06
14583,,2.602879942402302e-06
14584,,2.5783411804421913e-06
14585,,2.5736575991058385e-06
14586,,2.5714182610278764e-06
14587,,2.566808791465755e-06
14588,,2.554404284672925e-06
14589,,2.527053587862786e-06
14590,,2.466764115558845e-06
14591,,2.3478888936464346e-06
14592,,2.152652605315178e-06
14593,,2.085959863277538e-06
14594,,1.878971847337654e-06
14595,,1.7575962226327842e-06
14596,,1.7236875512085395e-06
14597,,1.7179505692460614e-06
14598,,1.7173518385341492e-06
14599,,1.7172994461858242e-06
14600,,1.71729064477539e-06
14601,,1.7172841136515593e-06
14602,,1.7172350292704328e-06
14603,,1.717222890676539e-06
14604,,1.7172162301694327e-06
14605,,1.7171805794070298e-06
14606,,1.7171574883624808e-06
14607,,1.717149487627883e-06
14608,,1.7171430923657165e-06
14609,,1.7170964199852472e-06
14610,,1.7170835472383567e-06
14611,,1.7170763103109046e-06
14612,,1.7170699861623095e-06
14613,,1.7170206336204222e-06
14614,,1.7170101804015107e-06
14615,,1.7170031884186716e-06
14616,,1.7169693665210103e-06
14617,,1.7169465765735233e-06
14618,,1.7169369927847027e-06
14619,,1.7169300904426862e-06
14620,,1.7168927944279322e-06
14621,,1.7168731418978506e-06
14622,,1.7168638827382778e-06
14623,,1.7168570053842317e-06
14624,,1.7168184530935257e-06
14625,,1.716799982307504e-06
14626,,1.716790810839429e-06
14627,,1.716783928591832e-06
14628,,1.7167451162724306e-06
14629,,1.7167269545354681e-06
14630,,1.7167177599576467e-06
14631,,1.716710857997491e-06
14632,,1.7166722596319792e-06
14633,,1.7166539955261702e-06
14634,,1.7166447224982146e-06
14635,,1.7166377927013576e-06
14636,,1.7165996506353876e-06
14637,,1.7165810771785546e-06
14638,,1.7165716951034966e-06
14639,,1.71656473231629e-06
14640,,1.7165271852500615e-06
14641,,1.7165081870154841e-06
14642,,1.7164986763269037e-06
14643,,1.7164916766977445e-06
14644,,1.716454817127702e-06
14645,,1.7164353196485753e-06
14646,,1.7164256656074556e-06
14647,,1.716418625801318e-06
14648,,1.7163825260586548e-06
14649,,1.7163624729506653e-06
14650,,1.716352662817158e-06
14651,,1.7163455796670694e-06
14652,,1.7163103040279446e-06
14653,,1.7162896464106288e-06
14654,,1.7162796680462613e-06
14655,,1.716272538341879e-06
14656,,1.716238148933994e-06
14657,,1.7162168403186547e-06
14658,,1.7162066815037082e-06
14659,,1.7161995019169172e-06
14660,,1.7161660617454616e-06
14661,,1.7161440554506876e-06
14662,,1.716133703505062e-06
14663,,1.7161264704989253e-06
14664,,1.7160940452704147e-06
14665,,1.7160712929301076e-06
14666,,1.7160607344236006e-06
14667,,1.7160534441987612e-06
14668,,1.7160221035611009e-06
14669,,1.7159985541387578e-06
14670,,1.7159877747010302e-06
14671,,1.7159804231611325e-06
14672,,1.7159739943789683e-06
14673,,1.7159258407168028e-06
14674,,1.7159148248571556e-06
14675,,1.7159074075453798e-06
14676,,1.715900960523204e-06
14677,,1.715853154550206e-06
14678,,1.7158418854671723e-06
14679,,1.715834397522661e-06
14680,,1.7158279308539084e-06
14681,,1.7157804977855352e-06
14682,,1.7157689571933352e-06
14683,,1.7157613932979182e-06
14684,,1.7157549054296079e-06
14685,,1.7157078728505375e-06
14686,,1.7156960407778039e-06
14687,,1.7156883951041786e-06
14688,,1.7156818843080331e-06
14689,,1.7156352824957032e-06
14690,,1.7156231370591277e-06
14691,,1.715615403186283e-06
14692,,1.7156088675811019e-06
14693,,1.7155627297934619e-06
14694,,1.715550246963721e-06
14695,,1.7155424178329705e-06
14696,,1.7155358553220513e-06
14697,,1.7154902182169849e-06
14698,,1.7154773715564876e-06
14699,,1.7154694393670043e-06
14700,,1.7154628476434064e-06
14701,,1.7154177516480988e-06
14702,,1.7154045120187304e-06
14703,,1.7153964681428483e-06
14704,,1.7153898446466859e-06
14705,,1.715345334458004e-06
14706,,1.715331669675364e-06
14707,,1.7153235045731642e-06
14708,,1.7153168464536548e-06
14709,,1.7152729715334442e-06
14710,,1.7152588460237156e-06
14711,,1.7152505491037878e-06
14712,,1.7152438532063195e-06
14713,,1.7152006683844793e-06
14714,,1.7151860427313986e-06
14715,,1.7151776022536586e-06
14716,,1.7151708650566506e-06
14717,,1.7151284311785082e-06
14718,,1.7151132616861037e-06
14719,,1.7151046645956305e-06
14720,,1.7150978821854473e-06
14721,,1.7150562668548668e-06
14722,,1.7150405050054913e-06
14723,,1.7150317367753844e-06
14724,,1.7150249047884689e-06
14725,,1.714984183195928e-06
14726,,1.7149677750590896e-06
14727,,1.7149588195170991e-06
14728,,1.714951933085768e-06
14729,,1.7149121889613426e-06
14730,,1.714895074530037e-06
14731,,1.714885913641498e-06
14732,,1.7148789673296548e-06
14733,,1.7148402939877188e-06
14734,,1.7148224064220846e-06
14735,,1.7148130200618411e-06
14736,,1.714806007803221e-06
14737,,1.7147685093407826e-06
14738,,1.7147497741155459e-06
14739,,1.7147401398235173e-06
14740,,1.7147330548185147e-06
14741,,1.7146968474616435e-06
14742,,1.7146771814241109e-06
14743,,1.714667274089333e-06
14744,,1.7146601087402354e-06
14745,,1.7146253223629183e-06
14746,,1.7146046326345852e-06
14747,,1.7145944241743342e-06
14748,,1.714587169961579e-06
14749,,1.7145539497895245e-06
14750,,1.7145321325737396e-06
14751,,1.714521591553499e-06
14752,,1.7145142389485342e-06
14753,,1.7144827475061552e-06
14754,,1.7144596866722514e-06
14755,,1.7144487778983827e-06
14756,,1.7144413162026761e-06
14757,,1.7144348382025853e-06
14758,,1.7143873010640825e-06
14759,,1.7143759850890893e-06
14760,,1.7143684023049867e-06
14761,,1.7143618883047238e-06
14762,,1.714314982650295e-06
14763,,1.7143032152402426e-06
14764,,1.7142954979050131e-06
14765,,1.7142889438003416e-06
14766,,1.7142427392007402e-06
14767,,1.714230470739388e-06
14768,,1.7142226037375041e-06
14769,,1.714216004910304e-06
14770,,1.7141705794894962e-06
14771,,1.7141577542759041e-06
14772,,1.714149720626705e-06
14773,,1.7141430718929357e-06
14774,,1.714098513393011e-06
14775,,1.7140850688963517e-06
14776,,1.7140768495042605e-06
14777,,1.7140701450339385e-06
14778,,1.7140265520530594e-06
14779,,1.7140124180126828e-06
14780,,1.714003991426738e-06
14781,,1.7139972246566478e-06
14782,,1.71395470803422e-06
14783,,1.7139398054895229e-06
14784,,1.7139311475762137e-06
14785,,1.7139243111276654e-06
14786,,1.7138829955124696e-06
14787,,1.7138672356846132e-06
14788,,1.7138583192963405e-06
14789,,1.7138514048560339e-06
14790,,1.7138114304577935e-06
14791,,1.713794713505589e-06
14792,,1.7137855081011177e-06
14793,,1.7137785063075193e-06
14794,,1.7137400309031147e-06
14795,,1.7137222444990204e-06
14796,,1.7137127156810641e-06
14797,,1.713705616004162e-06
14798,,1.7136688171895334e-06
14799,,1.7136498349275328e-06
14800,,1.7136399439736145e-06
14801,,1.7136327345455324e-06
14802,,1.7135978122600259e-06
14803,,1.7135774918322996e-06
14804,,1.7135671951521086e-06
14805,,1.7135598625921729e-06
14806,,1.713527042002121e-06
14807,,1.7135052231882926e-06
14808,,1.7134944716576482e-06
14809,,1.7134870009038981e-06
14810,,1.7134805069245983e-06
14811,,1.7134330379919237e-06
14812,,1.7134217762563672e-06
14813,,1.7134141503218116e-06
14814,,1.7134076092173558e-06
14815,,1.7133609463842304e-06
14816,,1.713349112086728e-06
14817,,1.7133413118238372e-06
14818,,1.7133347177017437e-06
14819,,1.7132889598124296e-06
14820,,1.7132764826597667e-06
14821,,1.7132684864788777e-06
14822,,1.7132618327166373e-06
14823,,1.71321709120759e-06
14824,,1.7132038919578719e-06
14825,,1.7131956755188168e-06
14826,,1.7131889546379413e-06
14827,,1.713145355170115e-06
14828,,1.7131313444755255e-06
14829,,1.7131228803340329e-06
14830,,1.7131160838875444e-06
14831,,1.7130737681637843e-06
14832,,1.7130588452862343e-06
14833,,1.7130501024772484e-06
14834,,1.7130432209456242e-06
14835,,1.7130023487978364e-06
14836,,1.7129864001155418e-06
14837,,1.712977343716897e-06
14838,,1.7129703663662808e-06
14839,,1.7129311180601253e-06
14840,,1.7129140154314812e-06
14841,,1.7129046060440738e-06
14842,,1.7128975207551403e-06
14843,,1.7128600996727673e-06
14844,,1.7128416985368016e-06
14845,,1.7128318917027586e-06
14846,,1.712824684804122e-06
14847,,1.712789320390694e-06
14848,,1.7127694576696238e-06
14849,,1.7127592032370433e-06
14850,,1.7127518592966092e-06
14851,,1.7127188104528085e-06
14852,,1.7126973021461916e-06
14853,,1.712686543513917e-06
14854,,1.71267904511259e-06
14855,,1.7126725375805777e-06
14856,,1.7126252424739253e-06
14857,,1.7126139157688434e-06
14858,,1.7126062432586341e-06
14859,,1.7125996824701895e-06
14860,,1.7125532905358213e-06
14861,,1.7125413236643826e-06
14862,,1.7125334548511082e-06
14863,,1.712526833978036e-06
14864,,1.7124814597173423e-06
14865,,1.7124687713291081e-06
14866,,1.7124606811675667e-06
14867,,1.7124539924981984e-06
14868,,1.7124097651770871e-06
14869,,1.7123962634203443e-06
14870,,1.7123879236479324e-06
14871,,1.7123811584764052e-06
14872,,1.7123382239988163e-06
14873,,1.7123238052123225e-06
14874,,1.7123151839016592e-06
14875,,1.7123083324070693e-06
14876,,1.7122668554971965e-06
14877,,1.7122514026519458e-06
14878,,1.7122424637799173e-06
14879,,1.7122355148641046e-06
14880,,1.7121956814756338e-06
14881,,1.7121790624571064e-06
14882,,1.7121697653401708e-06
14883,,1.712162706468739e-06
14884,,1.7121247265599004e-06
14885,,1.7121067922201383e-06
14886,,1.7120970909270836e-06
14887,,1.712089907961565e-06
14888,,1.712054018563963e-06
14889,,1.712034600507696e-06
14890,,1.712024443178618e-06
14891,,1.7120171201417632e-06
14892,,1.7119835888999143e-06
14893,,1.7119624969961696e-06
14894,,1.7119518250772334e-06
14895,,1.711944343936753e-06
14896,,1.7119378407465305e-06
14897,,1.7118904926269385e-06
14898,,1.7118792399951943e-06
14899,,1.7118715803756912e-06
14900,,1.711865022468423e-06
14901,,1.7118185997387172e-06
14902,,1.7118066917296525e-06
14903,,1.7117988306374324e-06
14904,,1.7117922109223598e-06
14905,,1.7117468322792283e-06
14906,,1.7117341845874955e-06
14907,,1.71172609604907e-06
14908,,1.7117194065211963e-06
14909,,1.7116752060018e-06
14910,,1.7116617234166265e-06
14911,,1.7116533780991244e-06
14912,,1.7116466097296323e-06
14913,,1.711603738705368e-06
14914,,1.711589313705577e-06
14915,,1.711580678484276e-06
14916,,1.711573821057282e-06
14917,,1.7115324504712538e-06
14918,,1.711516961645961e-06
14919,,1.7115079991099478e-06
14920,,1.711501041101461e-06
14921,,1.7114613640118236e-06
14922,,1.711444674229368e-06
14923,,1.7114353421314533e-06
14924,,1.7114282705235977e-06
14925,,1.7113905049555225e-06
14926,,1.7113724593619147e-06
14927,,1.7113627099844085e-06
14928,,1.7113555100743219e-06
14929,,1.7113199022719092e-06
14930,,1.711300325970117e-06
14931,,1.7112901054244474e-06
14932,,1.7112827606021786e-06
14933,,1.71124958866018e-06
14934,,1.7112282841347006e-06
14935,,1.7112175315499344e-06
14936,,1.7112100230639405e-06
14937,,1.711203512322378e-06
14938,,1.7111563452387385e-06
14939,,1.7111449918784764e-06
14940,,1.7111372985442962e-06
14941,,1.7111307310633913e-06
14942,,1.711084522150364e-06
14943,,1.7110724903686952e-06
14944,,1.7110645882601199e-06
14945,,1.711057956668035e-06
14946,,1.7110128293928207e-06
14947,,1.7110000315016582e-06
14948,,1.7109918935923877e-06
14949,,1.7109851895619138e-06
14950,,1.71094128338791e-06
14951,,1.7109276203390953e-06
14952,,1.7109192161040057e-06
14953,,1.7109124302245493e-06
14954,,1.7108699026738635e-06
14955,,1.7108552625914248e-06
14956,,1.7108465575549078e-06
14957,,1.7108396791991358e-06
14958,,1.710798708183179e-06
14959,,1.710782964717727e-06
14960,,1.7107739199331952e-06
14961,,1.710766937101091e-06
14962,,1.7107277235809762e-06
14963,,1.7107107340058405e-06
14964,,1.7107013054866293e-06
14965,,1.7106942046196892e-06
14966,,1.7106569755825387e-06
14967,,1.7106385786865062e-06
14968,,1.7106287167555353e-06
14969,,1.7106214825428539e-06
14970,,1.7105864943725781e-06
14971,,1.7105665080821603e-06
14972,,1.7105561566057651e-06
14973,,1.7105487717442086e-06
14974,,1.7105163140462089e-06
14975,,1.710494532679348e-06
14976,,1.7104836282782938e-06
14977,,1.7104760732346738e-06
14978,,1.7104695497311986e-06
14979,,1.7104226643668068e-06
14980,,1.7104111354313842e-06
14981,,1.71040338813557e-06
14982,,1.710396805593112e-06
14983,,1.710350916553633e-06
14984,,1.7103386822002476e-06
14985,,1.710330717724283e-06
14986,,1.7103240684449411e-06
14987,,1.7102793043840668e-06
14988,,1.7102662732556895e-06
14989,,1.7102580634354986e-06
14990,,1.7102513387514813e-06
14991,,1.7102078449652921e-06
14992,,1.7101939138678028e-06
14993,,1.7101854268955068e-06
14994,,1.7101786169987288e-06
14995,,1.710136557643791e-06
14996,,1.7101216100040626e-06
14997,,1.7101128099424437e-06
14998,,1.7101059037599932e-06
14999,,1.710065464241339e-06
15000,,1.7100493683883988e-06
15001,,1.7100402146520603e-06
15002,,1.710033199674798e-06
15003,,1.7099945894386956e-06
15004,,1.70997719663096e-06
15005,,1.709967643371214e-06
15006,,1.7099605054623823e-06
15007,,1.7099239610930253e-06
15008,,1.709905103312489e-06
15009,,1.7098950987469451e-06
15010,,1.7098878219372558e-06
15011,,1.7098536106893118e-06
15012,,1.709833098146403e-06
15013,,1.709822583765123e-06
15014,,1.7098151500265511e-06
15015,,1.7098086655743723e-06
15016,,1.7097611920893657e-06
15017,,1.709750101810171e-06
15018,,1.709742490771739e-06
15019,,1.7097359518719336e-06
15020,,1.7096893975265118e-06
15021,,1.7096776566953333e-06
15022,,1.7096698453411282e-06
15023,,1.7096632449092829e-06
15024,,1.709617728443087e-06
15025,,1.7096052527393758e-06
15026,,1.709597215078504e-06
15027,,1.709590545089551e-06
15028,,1.7095462006485731e-06
15029,,1.709532894808547e-06
15030,,1.7095246014731061e-06
15031,,1.709517852880927e-06
15032,,1.7094748319869045e-06
15033,,1.709460588403422e-06
15034,,1.7094520062252873e-06
15035,,1.7094451688040446e-06
15036,,1.709403642628039e-06
15037,,1.7093883397478293e-06
15038,,1.7093794312506027e-06
15039,,1.709372493448613e-06
15040,,1.709332655347315e-06
15041,,1.7093161558568693e-06
15042,,1.7093068787173686e-06
15043,,1.709299827487266e-06
15044,,1.709261895883474e-06
15045,,1.709244044667432e-06
15046,,1.709234351067193e-06
15047,,1.7092271716670548e-06
15048,,1.7091913933006587e-06
15049,,1.7091720151471691e-06
15050,,1.7091618510664898e-06
15051,,1.7091545268428794e-06
15052,,1.709121180450016e-06
15053,,1.7091000774087866e-06
15054,,1.7090893818322126e-06
15055,,1.7090818939756078e-06
15056,,1.7090753948221829e-06
15057,,1.709028242900464e-06
15058,,1.7090169468939583e-06
15059,,1.7090092741517346e-06
15060,,1.7090027182135126e-06
15061,,1.708956524535308e-06
15062,,1.7089445502316026e-06
15063,,1.708936668601398e-06
15064,,1.7089300484730806e-06
15065,,1.7088849369083675e-06
15066,,1.708872196347618e-06
15067,,1.7088640787105306e-06
15068,,1.7088573860368475e-06
15069,,1.7088134965172903e-06
15070,,1.708799890326042e-06
15071,,1.708791506046569e-06
15072,,1.70878473137901e-06
15073,,1.708742221979106e-06
15074,,1.708727637903866e-06
15075,,1.7087189523824334e-06
15076,,1.7087120850508884e-06
15077,,1.7086711343371142e-06
15078,,1.7086554455738327e-06
15079,,1.7086464197077369e-06
15080,,1.7086394476673147e-06
15081,,1.7086002573656199e-06
15082,,1.708583320664043e-06
15083,,1.7085739102947705e-06
15084,,1.7085668199254297e-06
15085,,1.7085296179204944e-06
15086,,1.708511271446589e-06
15087,,1.7085014266880126e-06
15088,,1.70849420261084e-06
15089,,1.7084592463298404e-06
15090,,1.7084393072809545e-06
15091,,1.7084289717738177e-06
15092,,1.7084215966111368e-06
15093,,1.7083891768695614e-06
15094,,1.7083674387328487e-06
15095,,1.7083565488084444e-06
15096,,1.7083490029326916e-06
15097,,1.7083424879216808e-06
15098,,1.7082956777325646e-06
15099,,1.708284161466644e-06
15100,,1.7082764227128096e-06
15101,,1.708269848443527e-06
15102,,1.7082240377705339e-06
15103,,1.7082118139168375e-06
15104,,1.7082038572217847e-06
15105,,1.7081972159734386e-06
15106,,1.7081525340769184e-06
15107,,1.7081395108468758e-06
15108,,1.708131307923735e-06
15109,,1.708124590972589e-06
15110,,1.7080811838576664e-06
15111,,1.7080672575639839e-06
15112,,1.708058776440056e-06
15113,,1.7080519739260164e-06
15114,,1.7080100065602374e-06
15115,,1.7079950600613475e-06
15116,,1.707986264629909e-06
15117,,1.7079793654176533e-06
15118,,1.707939024139806e-06
15119,,1.7079229251079832e-06
15120,,1.707913774564421e-06
15121,,1.7079067660892275e-06
15122,,1.7078682614033255e-06
15123,,1.707850860362285e-06
15124,,1.7078413086197565e-06
15125,,1.7078341766602152e-06
15126,,1.7077977463914098e-06
15127,,1.7077788744555093e-06
15128,,1.7077688694537033e-06
15129,,1.707761597957405e-06
15130,,1.7077275107603572e-06
15131,,1.707706977151339e-06
15132,,1.7076964600720646e-06
15133,,1.7076890309107017e-06
15134,,1.7076825537243236e-06
15135,,1.7076351794829678e-06
15136,,1.70762408387884e-06
15137,,1.7076164765652408e-06
15138,,1.7076099446567949e-06
15139,,1.707563493904447e-06
15140,,1.707551744713615e-06
15141,,1.7075439361039905e-06
15142,,1.707537342345787e-06
15143,,1.7074919344950121e-06
15144,,1.7074794469155043e-06
15145,,1.7074714108702008e-06
15146,,1.7074647471924343e-06
15147,,1.7074205171529368e-06
15148,,1.7074071953884958e-06
15149,,1.7073989023656472e-06
15150,,1.7073921596677432e-06
15151,,1.7073492598437043e-06
15152,,1.707334995669788e-06
15153,,1.7073264123035716e-06
15154,,1.7073195803029132e-06
15155,,1.7072781828547005e-06
15156,,1.7072628540155345e-06
15157,,1.7072539426162401e-06
15158,,1.7072470096813676e-06
15159,,1.707207309117245e-06
15160,,1.7071907774970303e-06
15161,,1.7071814954788297e-06
15162,,1.7071744484877917e-06
15163,,1.7071366645287482e-06
15164,,1.7071187740975376e-06
15165,,1.707109073351004e-06
15166,,1.7071018974734177e-06
15167,,1.7070662783536185e-06
15168,,1.7070468528333274e-06
15169,,1.707036679020795e-06
15170,,1.7070293574946198e-06
15171,,1.7069961836416045e-06
15172,,1.706975023905547e-06
15173,,1.7069643156266544e-06
15174,,1.7069568295225644e-06
15175,,1.7069503368352837e-06
15176,,1.7069032988203849e-06
15177,,1.706891986714891e-06
15178,,1.7068843146530425e-06
15179,,1.7068777648364022e-06
15180,,1.7068316905873357e-06
15181,,1.7068196963000913e-06
15182,,1.7068118141181784e-06
15183,,1.7068051997273934e-06
15184,,1.706760213899974e-06
15185,,1.706747448914371e-06
15186,,1.7067393293216145e-06
15187,,1.7067326419370686e-06
15188,,1.706688885362186e-06
15189,,1.7066752496665948e-06
15190,,1.7066668618329172e-06
15191,,1.7066600919519791e-06
15192,,1.7066177237217378e-06
15193,,1.7066031043510267e-06
15194,,1.7065944134422315e-06
15195,,1.7065875503229513e-06
15196,,1.706546750167967e-06
15197,,1.7065310194978015e-06
15198,,20.07917320951964
15199,,74686.08378995267
15200,,19.9242142024696
15201,,535.5525397772268
15202,,19.70124410747275
15203,,4.0211100741300045
15204,,740.7765671640956
15205,,3.9574410331178864
15206,,2.8912776574157957
15207,,2.607548745133425
15208,,1.0759503064179525
15209,,2.5199077411399404
15210,,1.0656483319440497
15211,,1.0155591224288734
15212,,0.8222612119726552
15213,,0.5033056288702535
15214,,0.5468014994011224
15215,,0.46205322725672027
15216,,1.2185983554356157
15217,,0.4406218602822309
15218,,0.391456162348678
15219,,0.3335357439864893
15220,,0.2918029547874311
15221,,0.26138742111629854
15222,,2.24173708488926
15223,,0.2574693750911663
15224,,0.2323228544197855
15225,,0.22448859895276946
15226,,0.2241348871509298
15227,,0.2241183978478294
15228,,0.22411762801264629
15229,,0.22411759206891207
15230,,0.22411759039068735
15231,,0.22411759031233
15232,,0.224117590308672
15233,,0.22411759030850187
15234,,0.22411759030849493
15235,,0.22411759030849465
15236,,0.22411759030849468
15237,,0.1060888066960575
15238,,0.08578745670331607
15239,,0.07098823989395288
15240,,0.05773898379714405
15241,,0.06748191362410057
15242,,0.05241513401206574
15243,,0.04312746453998432
15244,,0.03133204734547151
15245,,0.02119133735873179
15246,,0.058503531987521264
15247,,0.017413038723139422
15248,,0.015184306354695618
15249,,0.014605280687242733
15250,,0.012351804841962515
15251,,0.011369608897257822
15252,,0.01093929938263866
15253,,0.010713720254199356
15254,,0.010451958350686723
15255,,0.010132907417599344
15256,,0.009026691040993157
15257,,0.0073340818595824695
15258,,0.0054916296709289335
15259,,0.0039864080462702935
15260,,0.003508599514126847
15261,,0.0033304578095099888
15262,,0.0032033350260776815
15263,,0.0030155210946063308
15264,,0.002768580783031492
15265,,0.0024065970829229197
15266,,0.002070373311052931
15267,,0.0019633151494250893
15268,,0.0019256850342638672
15269,,0.0018980285537555472
15270,,0.001837465243545969
15271,,0.001682808508249793
15272,,0.001469057007141472
15273,,0.0013343583696126956
15274,,0.001205033717109139
15275,,0.0011423228760982101
15276,,0.0010895845250052363
15277,,0.0010256513757559741
15278,,0.0009439050809604577
15279,,0.0008854721057652332
15280,,0.0008285789231097724
15281,,0.0007535005700095399
15282,,0.0006924351717035963
15283,,0.0005875232967418143
15284,,0.0004203008363565547
15285,,0.00030399606553434966
15286,,0.00021578821141943197
15287,,0.0002015528881524551
15288,,0.00019768239019511198
15289,,0.00019694097251026177
15290,,0.00019635353114852075
15291,,0.00019564726981591992
15292,,0.00019444005169628507
15293,,0.00019191727749508884
15294,,0.00018754740203097902
15295,,0.00018032362756638767
15296,,0.0001719980697367807
15297,,0.00016669761120573296
15298,,0.00016215100300065102
15299,,0.00015634551610444342
15300,,0.0001481078033826041
15301,,0.00013472822297914424
15302,,0.00011811224191747097
15303,,0.00010494773969792488
15304,,9.826248553356193e-05
15305,,9.681046664053801e-05
15306,,9.618692488449053e-05
15307,,9.559393034935267e-05
15308,,9.399944803136008e-05
15309,,9.177789533784736e-05
15310,,8.768713441002089e-05
15311,,8.115227695872138e-05
15312,,7.211016233833703e-05
15313,,6.295678918273309e-05
15314,,5.845685598927781e-05
15315,,5.7035446324899536e-05
15316,,5.623773343269138e-05
15317,,5.5543094763986846e-05
15318,,5.4110393174131844e-05
15319,,5.105268346606958e-05
15320,,4.567618046538674e-05
15321,,3.866422889266392e-05
15322,,5.908375092670836e-05
15323,,3.745261205626128e-05
15324,,3.3084222649640224e-05
15325,,3.1335182878124954e-05
15326,,3.099716641436105e-05
15327,,3.09053660395551e-05
15328,,3.079210548454578e-05
15329,,3.0476850823665134e-05
15330,,2.9759560273315664e-05
15331,,2.81901818797807e-05
15332,,2.5051008701208426e-05
15333,,1.967336632592975e-05
15334,,1.2764344511680534e-05
15335,,5.2346119509609404e-06
15336,,2.661621624653429e-06
15337,,2.2391108020163214e-06
15338,,2.1578031751739154e-06
15339,,2.1528308383252397e-06
15340,,2.152230176808706e-06
15341,,2.1517444995139117e-06
15342,,2.1510247571622345e-06
15343,,2.149221478537706e-06
15344,,2.1429717338478024e-06
15345,,2.1336110567302035e-06
15346,,2.114465756103114e-06
15347,,2.0753514794636658e-06
15348,,1.997018007182638e-06
15349,,1.8562468865794323e-06
15350,,1.6556394049853472e-06
15351,,1.457668628624409e-06
15352,,1.3603269091217947e-06
15353,,1.3336081283245708e-06
15354,,1.3297278892811044e-06
15355,,1.3292284446835653e-06
15356,,1.3289283332271847e-06
15357,,1.328627495547858e-06
15358,,1.32843820398882e-06
15359,,1.328178829897017e-06
15360,,1.327608121671267e-06
15361,,1.3260718523440875e-06
15362,,1.3223053384849316e-06
15363,,1.3138551565817172e-06
15364,,1.2945412724025681e-06
15365,,1.2519776259069026e-06
15366,,1.164158438855303e-06
15367,,1.007304248062486e-06
15368,,7.954538961988887e-07
15369,,1.2786002855930557e-05
15370,,7.926637604469476e-07
15371,,6.149971538841239e-07
15372,,5.342201012985488e-07
15373,,5.159629918090549e-07
15374,,5.136862797244416e-07
15375,,5.134997122287357e-07
15376,,5.134740788463699e-07
15377,,5.134602206481875e-07
15378,,5.133699187891456e-07
15379,,5.133296972589631e-07
15380,,5.133148141166091e-07
15381,,5.133013861202414e-07
15382,,5.132881052009539e-07
15383,,5.132748557627642e-07
15384,,5.132616176768187e-07
15385,,5.132483854230502e-07
15386,,5.132351572320199e-07
15387,,5.132219325584275e-07
15388,,5.132087112940027e-07
15389,,5.131954934982147e-07
15390,,5.131822793017766e-07
15391,,5.131690688695911e-07
15392,,5.131558623922488e-07
15393,,5.13142660072827e-07
15394,,5.131294621422294e-07
15395,,5.131162688466922e-07
15396,,5.131030804454208e-07
15397,,5.130898972301164e-07
15398,,5.130767195009359e-07
15399,,5.130635475945007e-07
15400,,5.130503818583146e-07
15401,,5.130372226833791e-07
15402,,5.13024070471739e-07
15403,,5.130109256668856e-07
15404,,5.129977887408916e-07
15405,,5.129846602017892e-07
15406,,5.129715405928098e-07
15407,,5.12958430498893e-07
15408,,5.129453305467471e-07
15409,,5.129322414112324e-07
15410,,5.129191638099567e-07
15411,,5.129060985226865e-07
15412,,5.128930463757489e-07
15413,,5.128800082619043e-07
15414,,5.128669851367021e-07
15415,,5.128539780232619e-07
15416,,5.128409880246558e-07
15417,,5.128280163176801e-07
15418,,5.128150641671366e-07
15419,,5.12802132929283e-07
15420,,5.127892240631049e-07
15421,,5.127763391219522e-07
15422,,5.127634797851957e-07
15423,,5.127506478451813e-07
15424,,5.127378452234934e-07
15425,,5.12725073992088e-07
15426,,5.127123363562212e-07
15427,,5.126996346946269e-07
15428,,5.126869715539471e-07
15429,,5.126743496598552e-07
15430,,5.126617719454591e-07
15431,,5.126492415525655e-07
15432,,5.126367618401543e-07
15433,,5.126243364288702e-07
15434,,5.126119691854701e-07
15435,,5.125996642750956e-07
15436,,5.125895190840704e-07
15437,,5.125864542563806e-07
15438,,5.125836951996803e-07
15439,,5.125598811952099e-07
15440,,5.124224745666664e-07
15441,,5.121811280559675e-07
15442,,5.10633395378373e-07
15443,,5.070855012681212e-07
15444,,4.828395483431751e-07
15445,,4.433891313116261e-07
15446,,3.850744937211994e-07
15447,,3.318294671301544e-07
15448,,3.0707084390981545e-07
15449,,2.996220814000473e-07
15450,,2.9814563543606114e-07
15451,,2.9802515114389196e-07
15452,,2.980183199903146e-07
15453,,2.9801773686887873e-07
15454,,2.9801743602981877e-07
15455,,2.9801560858071157e-07
15456,,2.980146343810767e-07
15457,,2.9801430720449087e-07
15458,,2.9801401924029613e-07
15459,,2.9801159032636206e-07
15460,,2.9801118398620343e-07
15461,,2.980108888197223e-07
15462,,2.9800873957655805e-07
15463,,2.980080799217645e-07
15464,,2.9800776041799555e-07
15465,,2.9800747224164796e-07
15466,,2.9800504239628724e-07
15467,,2.9800463901194294e-07
15468,,2.9800434211971103e-07
15469,,2.980022384065253e-07
15470,,2.9800154210493407e-07
15471,,2.980012146333175e-07
15472,,2.980009254409687e-07
15473,,2.979985314773495e-07
15474,,2.979980963538967e-07
15475,,2.979977957252168e-07
15476,,2.9799582563959505e-07
15477,,2.9799501043345725e-07
15478,,2.979946695044456e-07
15479,,2.979943788393754e-07
15480,,2.9799203861478786e-07
15481,,2.979915555148984e-07
15482,,2.979912496506527e-07
15483,,2.9798946991138116e-07
15484,,2.9798848458131605e-07
15485,,2.979881251239168e-07
15486,,2.9798783244547237e-07
15487,,2.979855655271198e-07
15488,,2.9798501695497794e-07
15489,,2.9798470395899507e-07
15490,,2.9798318303664093e-07
15491,,2.97981966438338e-07
15492,,2.979815817402781e-07
15493,,2.979812862949105e-07
15494,,2.979791195150721e-07
15495,,2.9797848159264277e-07
15496,,2.9797815876594295e-07
15497,,2.979778699825787e-07
15498,,2.979754594288004e-07
15499,,2.97975039786364e-07
15500,,2.979747404457583e-07
15501,,2.9797271327169684e-07
15502,,2.979719510513067e-07
15503,,2.9797161428747593e-07
15504,,2.979713239197111e-07
15505,,2.9796896963664127e-07
15506,,2.979685000785468e-07
15507,,2.979681950095787e-07
15508,,2.979663696911543e-07
15509,,2.9796542844845503e-07
15510,,2.9796507096161186e-07
15511,,2.9796477813582726e-07
15512,,2.9796250895574433e-07
15513,,2.979619643167386e-07
15514,,2.9796165023663237e-07
15515,,2.9796013441461025e-07
15516,,2.979589203551678e-07
15517,,2.979585297662795e-07
15518,,2.97958232781347e-07
15519,,2.979561029670245e-07
15520,,2.979554363320438e-07
15521,,2.979551067147749e-07
15522,,2.979548166363973e-07
15523,,2.9795244183321705e-07
15524,,2.9795199302978143e-07
15525,,2.979516882221917e-07
15526,,2.979498109833737e-07
15527,,2.9794892532977243e-07
15528,,2.9794856589602483e-07
15529,,2.979482715994476e-07
15530,,2.9794602939787116e-07
15531,,2.979454665259724e-07
15532,,2.979451453840359e-07
15533,,2.97944855783678e-07
15534,,2.9794245433698966e-07
15535,,2.9794203147660933e-07
15536,,2.9794172770364186e-07
15537,,2.9793977483941035e-07
15538,,2.9793896502421343e-07
15539,,2.979386066567671e-07
15540,,2.979383113151066e-07
15541,,2.9793608239736566e-07
15542,,2.9793551303951785e-07
15543,,2.979351865114431e-07
15544,,2.9793489556505816e-07
15545,,2.9793252692619715e-07
15546,,2.979320783182385e-07
15547,,2.979317686599116e-07
15548,,2.979299634201235e-07
15549,,2.9792903576002e-07
15550,,2.9792865215677585e-07
15551,,2.979283520237201e-07
15552,,2.979262532713792e-07
15553,,2.979255769747749e-07
15554,,2.979252305577367e-07
15555,,2.979249360838932e-07
15556,,2.9792266636537724e-07
15557,,2.9792213565352755e-07
15558,,2.9792181154825453e-07
15559,,2.97920412163491e-07
15560,,2.979191469001862e-07
15561,,2.9791870433839757e-07
15562,,2.9791839409359524e-07
15563,,2.9791658287779586e-07
15564,,2.979156664949838e-07
15565,,2.979152790364792e-07
15566,,2.9791497761141464e-07
15567,,2.979129067724942e-07
15568,,2.9791220972574754e-07
15569,,2.9791185747444185e-07
15570,,2.9791156175769437e-07
15571,,2.97909324074423e-07
15572,,2.979087677155886e-07
15573,,2.9790843830505357e-07
15574,,2.979081463216544e-07
15575,,2.979057999970685e-07
15576,,2.979053351297555e-07
15577,,2.979050206922581e-07
15578,,2.9790332301492014e-07
15579,,2.9790231344627356e-07
15580,,2.979019086555639e-07
15581,,2.979016041083419e-07
15582,,2.978996196693776e-07
15583,,2.978988512539678e-07
15584,,2.9789848619201766e-07
15585,,2.978981882155038e-07
15586,,2.978960137958595e-07
15587,,2.978954050330849e-07
15588,,2.978950663857536e-07
15589,,2.978947727941038e-07
15590,,2.978924718852516e-07
15591,,2.9789196936001587e-07
15592,,2.9789164835030305e-07
15593,,2.9789013509696276e-07
15594,,2.9788897223157415e-07
15595,,2.9788854069337336e-07
15596,,2.978882315106487e-07
15597,,2.978863777462302e-07
15598,,2.978855006414503e-07
15599,,2.9788511671393103e-07
15600,,2.978848154788368e-07
15601,,2.978827331412148e-07
15602,,2.9788204777800456e-07
15603,,2.9788169587830834e-07
15604,,2.9788140000698804e-07
15605,,2.978791637682095e-07
15606,,2.9787860745829654e-07
15607,,2.9787827716487344e-07
15608,,2.978779849216409e-07
15609,,2.9787564478298195e-07
15610,,2.9787517557016327e-07
15611,,2.978748598942986e-07
15612,,2.978731895291558e-07
15613,,2.9787215965176555e-07
15614,,2.9787174937578246e-07
15615,,2.978714436104459e-07
15616,,2.9786948952974066e-07
15617,,2.9786869733998425e-07
15618,,2.9786832703469285e-07
15619,,2.978680280067884e-07
15620,,2.9786588138204044e-07
15621,,2.978652504550361e-07
15622,,2.97864907319611e-07
15623,,2.978646128727273e-07
15624,,2.978623353121197e-07
15625,,2.9786181402357045e-07
15626,,2.9786148939215566e-07
15627,,2.978600722185376e-07
15628,,2.978588313001894e-07
15629,,2.9785838470281665e-07
15630,,2.978580726974429e-07
15631,,2.978562952275385e-07
15632,,2.978553558514924e-07
15633,,2.9785496022914844e-07
15634,,2.978546568535127e-07
15635,,2.978526333750866e-07
15636,,2.9785189984400485e-07
15637,,2.97851539069078e-07
15638,,2.9785124160074614e-07
15639,,2.9784904988040946e-07
15640,,2.9784845709861136e-07
15641,,2.9784812018387867e-07
15642,,2.978478267662206e-07
15643,,2.978455198161418e-07
15644,,2.978450234238515e-07
15645,,2.9784470286658467e-07
15646,,2.978431673717583e-07
15647,,2.978420262555035e-07
15648,,2.9784159596076553e-07
15649,,2.9784128663637313e-07
15650,,2.9783943168112606e-07
15651,,2.9783855767712976e-07
15652,,2.978381727681959e-07
15653,,2.978378711632399e-07
15654,,2.978357967886664e-07
15655,,2.978351062214924e-07
15656,,2.9783475251245784e-07
15657,,2.9783445622085863e-07
15658,,2.978322309771297e-07
15659,,2.978316665274865e-07
15660,,2.9783133428822295e-07
15661,,2.9783104165684597e-07
15662,,2.9782871257100534e-07
15663,,2.978282349237275e-07
15664,,2.978279174727824e-07
15665,,2.978262925603116e-07
15666,,2.9782522674257526e-07
15667,,2.9782480889282347e-07
15668,,2.9782450164097177e-07
15669,,2.978225873427462e-07
15670,,2.978217633322832e-07
15671,,2.978213867124485e-07
15672,,2.9782108649502503e-07
15673,,2.9781897263101576e-07
15674,,2.97818315363465e-07
15675,,2.9781796719469183e-07
15676,,2.9781767183757156e-07
15677,,2.978154202493519e-07
15678,,2.978148780515191e-07
15679,,2.978145495266296e-07
15680,,2.978142575254794e-07
15681,,2.9781191083307023e-07
15682,,2.978114480958116e-07
15683,,2.978111331466199e-07
15684,,2.978094368858523e-07
15685,,2.97808431061455e-07
15686,,2.97808023231162e-07
15687,,2.978077176676733e-07
15688,,2.978057554507125e-07
15689,,2.9780497176175554e-07
15690,,2.978046018964154e-07
15691,,2.978043028252234e-07
15692,,2.9780215670724357e-07
15693,,2.9780152661446963e-07
15694,,2.978011830104133e-07
15695,,2.9780088843178714e-07
15696,,2.977986150978307e-07
15697,,2.9779809126095295e-07
15698,,2.977977658313503e-07
15699,,2.977963662729614e-07
15700,,2.9779511299037833e-07
15701,,2.9779466268965205e-07
15702,,2.977943498439069e-07
15703,,2.97792593913832e-07
15704,,2.9779163820681255e-07
15705,,2.9779123882379334e-07
15706,,2.9779093469456164e-07
15707,,2.9778893200463154e-07
15708,,2.9778818234293446e-07
15709,,2.9778781822627246e-07
15710,,2.9778752013755923e-07
15711,,2.9778534653110234e-07
15712,,2.977847395863325e-07
15713,,2.9778439990318327e-07
15714,,2.9778410600102123e-07
15715,,2.9778181397480365e-07
15716,,2.9778130591544915e-07
15717,,2.977809831684614e-07
15718,,2.977795076929575e-07
15719,,2.977783180743852e-07
15720,,2.977778785534106e-07
15721,,2.97777567546462e-07
15722,,2.9777575980639324e-07
15723,,2.977748475816999e-07
15724,,2.9777445557200756e-07
15725,,2.977741527066682e-07
15726,,2.977721146193793e-07
15727,,2.97771394701056e-07
15728,,2.9777103563928657e-07
15729,,2.9777073842096296e-07
15730,,2.9776854060829814e-07
15731,,2.977679540429736e-07
15732,,2.9776761783328183e-07
15733,,2.977673245335706e-07
15734,,2.977650159465097e-07
15735,,2.977645218731506e-07
15736,,2.977642015134708e-07
15737,,2.9776265866232253e-07
15738,,2.9776152550893923e-07
15739,,2.9776109559537214e-07
15740,,2.9776078623588034e-07
15741,,2.9775893225441453e-07
15742,,2.97758058819385e-07
15743,,2.977576734204405e-07
15744,,2.9775737169469776e-07
15745,,2.9775530184819866e-07
15746,,2.977546086106499e-07
15747,,2.9775425410304966e-07
15748,,2.9775395767530897e-07
15749,,2.977517380420652e-07
15750,,2.9775116984604037e-07
15751,,2.9775083677974406e-07
15752,,2.9775054403054426e-07
15753,,2.977482204518999e-07
15754,,2.977477390391271e-07
15755,,2.977474208526286e-07
15756,,2.9774581693971e-07
15757,,2.9774473494017543e-07
15758,,2.9774431376109324e-07
15759,,2.977440059038277e-07
15760,,2.977421098525014e-07
15761,,2.97741271699034e-07
15762,,2.9774089233550607e-07
15763,,2.9774059165102014e-07
15764,,2.9773849281154184e-07
15765,,2.9773782392927435e-07
15766,,2.977374735923301e-07
15767,,2.977371778914162e-07
15768,,2.9773493827791085e-07
15769,,2.9773438690751336e-07
15770,,2.977340567277633e-07
15771,,2.9773376448391845e-07
15772,,2.9773142714038755e-07
15773,,2.9773095736079833e-07
15774,,2.9773064117731926e-07
15775,,2.9772898113026834e-07
15776,,2.977279461459947e-07
15777,,2.9772753301452164e-07
15778,,2.977272265481912e-07
15779,,2.977252917215794e-07
15780,,2.9772448608440897e-07
15781,,2.9772411229197113e-07
15782,,2.977238125754575e-07
15783,,2.977216869542735e-07
15784,,2.977210405729415e-07
15785,,2.977206940982719e-07
15786,,2.977203990691222e-07
15787,,2.977181409630333e-07
15788,,2.977176051696831e-07
15789,,2.9771727767030393e-07
15790,,2.97716985897914e-07
15791,,2.977146357941549e-07
15792,,2.977141768067005e-07
15793,,2.977138624803101e-07
15794,,2.977121503476576e-07
15795,,2.9771115898497496e-07
15796,,2.977107533372024e-07
15797,,2.977104481632768e-07
15798,,2.9770847729836594e-07
15799,,2.9770770188366316e-07
15800,,2.9770733327980627e-07
15801,,2.977070344641994e-07
15802,,2.97704883914407e-07
15803,,2.97704258479717e-07
15804,,2.9770391560605783e-07
15805,,2.977036212068863e-07
15806,,2.9770134586612833e-07
15807,,2.977008245985287e-07
15808,,2.977004995968693e-07
15809,,2.976990898289379e-07
15810,,2.976978462613016e-07
15811,,2.9769739734541925e-07
15812,,2.9769708475876463e-07
15813,,2.9769532400258727e-07
15814,,2.9769437336619134e-07
15815,,2.9769397470682377e-07
15816,,2.97693670745939e-07
15817,,2.9769166620686336e-07
15818,,2.976909190357246e-07
15819,,2.9769055528528024e-07
15820,,2.976902573166715e-07
15821,,2.9768808345253105e-07
15822,,2.976874776123256e-07
15823,,2.976871381109668e-07
15824,,2.97686844304575e-07
15825,,2.976845528353456e-07
15826,,2.976840451654907e-07
15827,,2.9768372251010225e-07
15828,,2.976822470101996e-07
15829,,2.976810584414351e-07
15830,,2.976806189658718e-07
15831,,2.976803080114645e-07
15832,,2.976785016925442e-07
15833,,2.9767758922195343e-07
15834,,2.9767719711709283e-07
15835,,2.976768942932585e-07
15836,,2.9767485818148066e-07
15837,,2.976741374998314e-07
15838,,2.976737783035198e-07
15839,,2.97673481128054e-07
15840,,2.9767128539671905e-07
15841,,2.976706979449994e-07
15842,,2.9767036160929227e-07
15843,,2.976700683592194e-07
15844,,2.9766776175494905e-07
15845,,2.97667266854273e-07
15846,,2.976669464005171e-07
15847,,2.9766540918657797e-07
15848,,2.976642722623479e-07
15849,,2.9766384165615946e-07
15850,,2.976635322354644e-07
15851,,2.976616831177508e-07
15852,,2.976608065022099e-07
15853,,2.97660420560447e-07
15854,,2.976601188058207e-07
15855,,2.976580530242772e-07
15856,,2.976573572419239e-07
15857,,2.9765700232816514e-07
15858,,2.97656705901271e-07
15859,,2.9765448961572577e-07
15860,,2.976539194552503e-07
15861,,2.9765358609844435e-07
15862,,2.976532933714064e-07
15863,,2.976509725393393e-07
15864,,2.976504896492325e-07
15865,,2.976501712701695e-07
15866,,2.9764857600995406e-07
15867,,2.9764748766507186e-07
15868,,2.976470654032201e-07
15869,,2.97646757428823e-07
15870,,2.976448680489193e-07
15871,,2.9764402517149087e-07
15872,,2.976436450277228e-07
15873,,2.9764334428216157e-07
15874,,2.976412505869115e-07
15875,,2.9764057823677905e-07
15876,,2.9764022735563916e-07
15877,,2.97639931633224e-07
15878,,2.976376960057475e-07
15879,,2.976371421231923e-07
15880,,2.9763681157288855e-07
15881,,2.976365193409416e-07
15882,,2.9763418512040117e-07
15883,,2.976337135409143e-07
15884,,2.9763339711434525e-07
15885,,2.976317472064193e-07
15886,,2.976307046035606e-07
15887,,2.9763029020290483e-07
15888,,2.976299835867887e-07
15889,,2.976280562989669e-07
15890,,2.9762724519551337e-07
15891,,2.9762687051641156e-07
15892,,2.976265707206513e-07
15893,,2.976244507393085e-07
15894,,2.9762380046314645e-07
15895,,2.9762345338180965e-07
15896,,2.9762315832563484e-07
15897,,2.9762090448490337e-07
15898,,2.9762036593968733e-07
15899,,2.9762003803086807e-07
15900,,2.9761974626580494e-07
15901,,2.9761739944059883e-07
15902,,2.976169385175224e-07
15903,,2.9761662393325536e-07
15904,,2.9761492254185194e-07
15905,,2.9761392303970956e-07
15906,,2.976135160441947e-07
15907,,2.9761321071433023e-07
15908,,2.9761124770987444e-07
15909,,2.9761046654879765e-07
15910,,2.976100970198114e-07
15911,,2.9760979812220005e-07
15912,,2.976076533741584e-07
15913,,2.9760702390195623e-07
15914,,2.9760668040434685e-07
15915,,2.9760638597412393e-07
15916,,2.9760411497420945e-07
15917,,2.976035908863836e-07
15918,,2.9760326547300554e-07
15919,,2.976018707503097e-07
15920,,2.976006154465723e-07
15921,,2.9760016457250224e-07
15922,,2.9759985172421286e-07
15923,,2.975981018087428e-07
15924,,2.9759714293585624e-07
15925,,2.97596742926507e-07
15926,,2.975964388076928e-07
15927,,2.9759444214042665e-07
15928,,2.975936892068743e-07
15929,,2.975933245348249e-07
15930,,2.975930264839173e-07
15931,,2.975908583964388e-07
15932,,2.975902485382279e-07
15933,,2.975899084184085e-07
15934,,2.9758961458197726e-07
15935,,2.9758732741249144e-07
15936,,2.975868169550499e-07
15937,,2.9758649389321916e-07
15938,,2.9758503326102436e-07
15939,,2.9758383309744815e-07
15940,,2.97583391694727e-07
15941,,2.9758308048639596e-07
15942,,2.9758128482900385e-07
15943,,2.9758036426431784e-07
15944,,2.9757997084087443e-07
15945,,2.9757966786575773e-07
15946,,2.9757763946528627e-07
15947,,2.9757691315027934e-07
15948,,2.975765530586519e-07
15949,,2.975762558057696e-07
15950,,2.9757406571939e-07
15951,,2.975734743559512e-07
15952,,2.9757313742283195e-07
15953,,2.9757284414664335e-07
15954,,2.975705417371767e-07
15955,,2.975700441341051e-07
15956,,2.975697232908879e-07
15957,,2.9756820051438486e-07
15958,,2.9756705234761833e-07
15959,,2.975666198800627e-07
15960,,2.975663102154581e-07
15961,,2.9756447143104034e-07
15962,,2.9756358699422616e-07
15963,,2.9756319978241766e-07
15964,,2.975628978877716e-07
15965,,2.97560839569412e-07
15966,,2.975601383582295e-07
15967,,2.9755978258700657e-07
15968,,2.975594860873252e-07
15969,,2.975572752614295e-07
15970,,2.975567013433095e-07
15971,,2.9755636741539547e-07
15972,,2.9755607466940053e-07
15973,,2.97553757898652e-07
15974,,2.975532724156475e-07
15975,,2.975529536666596e-07
15976,,2.9755137228732465e-07
15977,,2.9755027315894393e-07
15978,,2.975498491208303e-07
15979,,2.97549540916932e-07
15980,,2.9754766146322686e-07
15981,,2.975468111022232e-07
15982,,2.975464297480178e-07
15983,,2.975461288727082e-07
15984,,2.9754404234545614e-07
15985,,2.975433648093786e-07
15986,,2.975430131137237e-07
15987,,2.975427173287293e-07
15988,,2.975404869492786e-07
15989,,2.9753992948527477e-07
15990,,2.975395983945036e-07
15991,,2.975393061479177e-07
15992,,2.9753697583571197e-07
15993,,2.9753650179155045e-07
15994,,2.975361850175285e-07
15995,,2.9753454837693313e-07
15996,,2.97533495499871e-07
15997,,2.975330794106204e-07
15998,,2.975327725850804e-07
15999,,2.97530854782865e-07
16000,,2.975300365599787e-07
16001,,2.9752966073425874e-07
16002,,2.975293608189032e-07
16003,,2.9752724769450345e-07
16004,,2.9752659249194156e-07
16005,,2.9752624464092153e-07
16006,,2.975259495287796e-07
16007,,2.9752370071456457e-07
16008,,2.975231587714723e-07
16009,,2.975228303561528e-07
16010,,2.975225385822594e-07
16011,,2.9752019551038934e-07
16012,,2.975197322517514e-07
16013,,2.9751941734105076e-07
16014,,2.9751772858230116e-07
16015,,2.975167193340761e-07
16016,,2.9751631074502587e-07
16017,,2.975160052183701e-07
16018,,2.9751405125381506e-07
16019,,2.975132633442051e-07
16020,,2.9751289273269475e-07
16021,,2.97512593726852e-07
16022,,2.9751045552269194e-07
16023,,2.975098213855837e-07
16024,,2.9750947716367935e-07
16025,,2.9750918268775827e-07
16026,,2.975069164937664e-07
16027,,2.975063891897082e-07
16028,,2.9750606330249387e-07
16029,,2.975057719731573e-07
16030,,2.975034168703031e-07
16031,,2.9750296378722783e-07
16032,,2.975026506373005e-07
16033,,2.9750091272815e-07
16034,,2.9749994463338706e-07
16035,,2.974995431172814e-07
16036,,2.974992388176081e-07
16037,,2.974972507522558e-07
16038,,2.9749649143370727e-07
16039,,2.974961257452282e-07
16040,,2.974958275966446e-07
16041,,2.9749366574440004e-07
16042,,2.9749305147789525e-07
16043,,2.974927106787049e-07
16044,,2.9749241680359776e-07
16045,,2.9749013422505815e-07
16046,,2.974896207307724e-07
16047,,2.974892972260266e-07
16048,,2.9748785261922316e-07
16049,,2.974866398761745e-07
16050,,2.9748619639371305e-07
16051,,11.984869203936078
16052,,29043.71147700799
16053,,11.900814377649432
16054,,216.2627637920474
16055,,11.783133632290067
16056,,7.7354180699664115
16057,,6.115277535281941
16058,,4.549404952443831
16059,,4.535906259172787
16060,,4.535771488110839
16061,,4.535770140421809
16062,,4.535770126944915
16063,,4.535770126810148
16064,,4.535770126808805
16065,,4.535770126808795
16066,,4.535770126808795
16067,,3.1725533024157992
16068,,3.160567138155063
16069,,3.1604308729873596
16070,,3.1604293194657744
16071,,3.1604293017539415
16072,,3.16042930155199
16073,,3.1604293015497076
16074,,3.160429301549671
16075,,3.160429301549671
16076,,2.0710849985444666
16077,,2.0591367932657874
16078,,2.0589497388274975
16079,,2.0589467954657055
16080,,2.058946749147269
16081,,2.0589467484183688
16082,,2.0589467484069033
16083,,2.058946748406711
16084,,2.058946748406711
16085,,1011.8021361334135
16086,,1.9809997560483852
16087,,5.5454656382561485
16088,,1.780291889061785
16089,,1.2463972794829927
16090,,1.1685936091681486
16091,,0.8993248174059931
16092,,28.61776459176419
16093,,0.8730429968292467
16094,,0.7964952540510786
16095,,0.6928540493154041
16096,,1.7776060553073134
16097,,0.6725360349334337
16098,,0.6335664006751764
16099,,0.7228243302896701
16100,,0.6013761052758614
16101,,0.5992351850105635
16102,,0.510115015692019
16103,,0.5991808328638938
16104,,0.49943148790834785
16105,,0.4131607355328917
16106,,0.3727604582904835
16107,,0.3563273214952538
16108,,0.2815115009255449
16109,,0.27722261036679513
16110,,0.2763767524625597
16111,,0.27617296622193466
16112,,0.27612154777384124
16113,,0.27610842361837573
16114,,0.27610506393350215
16115,,0.27610420323346907
16116,,0.27610398269282865
16117,,0.27610392618003016
16118,,0.27610391169863
16119,,0.2761039079877594
16120,,0.2761039070368474
16121,,0.2761039067931751
16122,,0.27610390673073126
16123,,0.27610390671473567
16124,,0.2761039067106316
16125,,0.2761039067095826
16126,,0.27610390670931273
16127,,0.276103906709244
16128,,0.276103906709227
16129,,0.2761039067092203
16130,,0.2761039067092192
16131,,0.2761039067092188
16132,,0.2761039067092188
16133,,0.1989474456349695
16134,,0.16332312615048628
16135,,0.14954955654180338
16136,,0.14852251401745592
16137,,0.1482877182304223
16138,,0.1482218956039597
16139,,0.14820239657067547
16140,,0.14819652597302854
16141,,0.1481947498912134
16142,,0.14819421176777792
16143,,0.14819404865266955
16144,,0.14819399920280857
16145,,0.14819398421101126
16146,,0.14819397966586678
16147,,0.14819397828788214
16148,,0.1481939778701133
16149,,0.14819397774345322
16150,,0.14819397770505174
16151,,0.1481939776934094
16152,,0.14819397768988168
16153,,0.1481939776888122
16154,,0.1481939776884864
16155,,0.1481939776883882
16156,,0.1481939776883585
16157,,0.14819397768834908
16158,,0.14819397768834533
16159,,0.14819397768834547
16160,,673.2330087689578
16161,,0.1464143467232471
16162,,6.498604574635791
16163,,0.14508833698928914
16164,,0.14645850988482534
16165,,0.1433447082261958
16166,,0.14255148165392234
16167,,0.13696672426716333
16168,,0.1332293150789828
16169,,0.10508367151371417
16170,,0.09676153674648015
16171,,0.07958840366497126
16172,,0.050541181149022264
16173,,0.04248357775469841
16174,,0.5652471963693988
16175,,0.03912231273945629
16176,,0.036287507540576934
16177,,0.03380029481450925
16178,,0.030857296814712592
16179,,0.02726838770256963
16180,,0.023549934707385412
16181,,0.020747872061483902
16182,,0.018071197849718564
16183,,0.016532798384235558
16184,,0.015191579406794607
16185,,0.01009861340977012
16186,,0.0090315151618903
16187,,0.008609781405705966
16188,,0.008413119636157472
16189,,0.008120146950037762
16190,,0.00741907127225675
16191,,0.006429232030957128
16192,,0.005476046444652415
16193,,0.004529009243850165
16194,,0.0036753798933578945
16195,,0.0031644135540545492
16196,,0.002636736394641181
16197,,0.001986623465438636
16198,,0.0015573202523336879
16199,,0.0014711401172467723
16200,,0.0014471667706229833
16201,,0.001437634423780996
16202,,0.001431344278606045
16203,,0.0014200053355387127
16204,,0.0013972041171751751
16205,,0.0013575380401667436
16206,,0.0012961790495105584
16207,,0.001143777276147389
16208,,0.0008783367650891644
16209,,0.0006464103240611092
16210,,0.000488614322929527
16211,,0.000441226620638458
16212,,0.0004277812678159418
16213,,0.00041719255509907645
16214,,0.0004056606948505786
16215,,0.00039773950161135974
16216,,0.0003868765142178644
16217,,0.00036978871030448707
16218,,0.000349544853773656
16219,,0.00032155182359779825
16220,,0.0002913978186486924
16221,,0.0002706824814568835
16222,,0.00025479384547658144
16223,,0.0002372422393797309
16224,,0.00019756716020200918
16225,,0.00016528191058208877
16226,,0.00014021280932968266
16227,,0.00013316381886157327
16228,,0.00013174103229054136
16229,,0.00013136381949612882
16230,,0.00013108032120523697
16231,,0.00013020152346530567
16232,,0.00012671994745850503
16233,,0.00012068783962194484
16234,,0.00010926987486523282
16235,,9.875258383247852e-05
16236,,8.498384963298904e-05
16237,,7.569612073103644e-05
16238,,7.223151094153193e-05
16239,,7.098630130517984e-05
16240,,6.920841078364057e-05
16241,,6.639049438445153e-05
16242,,6.006325547765973e-05
16243,,5.159994568235889e-05
16244,,4.41998169016719e-05
16245,,4.1014509296058354e-05
16246,,4.013930745338028e-05
16247,,3.999194553878737e-05
16248,,3.9899183690101594e-05
16249,,3.95064848797339e-05
16250,,3.869954599910413e-05
16251,,3.6704736289830754e-05
16252,,3.272903752336061e-05
16253,,2.558404608303168e-05
16254,,1.6623012609863084e-05
16255,,9.37495322527068e-06
16256,,4.970234956332431e-06
16257,,4.133669171081217e-06
16258,,4.0448630771614324e-06
16259,,4.037350096461173e-06
16260,,4.034432971878029e-06
16261,,4.026757806271293e-06
16262,,4.011015124476876e-06
16263,,3.9730861841053395e-06
16264,,3.892319684798083e-06
16265,,3.7307799437039565e-06
16266,,3.4888391274873443e-06
16267,,3.24897727112302e-06
16268,,3.0690494753536466e-06
16269,,3.0126023855538594e-06
16270,,3.0032723170073797e-06
16271,,3.000401756120987e-06
16272,,2.995566741762695e-06
16273,,2.9814540061748416e-06
16274,,2.9386021079172306e-06
16275,,2.853287993396533e-06
16276,,2.6762978673173927e-06
16277,,2.345495915409464e-06
16278,,1.928960561996956e-06
16279,,1.5093519701387422e-06
16280,,1.3098561350311458e-06
16281,,1.240211876334837e-06
16282,,1.230749019790395e-06
16283,,1.230151933948287e-06
16284,,1.2301185543220185e-06
16285,,1.230114496696829e-06
16286,,1.230111678676526e-06
16287,,1.2300902194056312e-06
16288,,1.2300844529370237e-06
16289,,1.2300815090750694e-06
16290,,1.2300650712984753e-06
16291,,1.2300547162917657e-06
16292,,1.2300513784979634e-06
16293,,1.23004857557565e-06
16294,,1.2300260220719034e-06
16295,,1.2300213754269942e-06
16296,,1.2300184243845345e-06
16297,,1.2300009970097864e-06
16298,,1.229991822795371e-06
16299,,1.2299883370666333e-06
16300,,1.229985499995981e-06
16301,,1.229963904928245e-06
16302,,1.2299584730216723e-06
16303,,1.2299553819929296e-06
16304,,1.229941978246801e-06
16305,,1.2299294242980106e-06
16306,,1.2299253924634107e-06
16307,,1.2299224621072217e-06
16308,,1.2299033929701622e-06
16309,,1.2298958725451503e-06
16310,,1.2298924233694358e-06
16311,,1.2298895604775342e-06
16312,,1.2298681074841248e-06
16313,,1.2298627096634174e-06
16314,,1.2298595054455116e-06
16315,,1.2298566701248633e-06
16316,,1.229834222764265e-06
16317,,1.229829718444487e-06
16318,,1.2298266132782606e-06
16319,,1.2298104090364875e-06
16320,,1.2298009513032675e-06
16321,,1.2297968061795629e-06
16322,,1.2297937358841166e-06
16323,,1.2297761063177475e-06
16324,,1.2297679542809243e-06
16325,,1.229763932618779e-06
16326,,1.2297608684571835e-06
16327,,1.2297427968334957e-06
16328,,1.2297350841645843e-06
16329,,1.2297310801579745e-06
16330,,1.2297280089041069e-06
16331,,1.2297099394197665e-06
16332,,1.2297022763424684e-06
16333,,1.2296982410906253e-06
16334,,1.2296951563081898e-06
16335,,1.2296772967523576e-06
16336,,1.2296695024698995e-06
16337,,1.2296654120533535e-06
16338,,1.2296623102679863e-06
16339,,1.2296447646520881e-06
16340,,1.2296367501752413e-06
16341,,1.229632591586071e-06
16342,,1.2296294706250227e-06
16343,,1.2296122976154921e-06
16344,,1.2296040141383383e-06
16345,,1.2295997791023214e-06
16346,,1.2295966373139354e-06
16347,,1.2295798761273613e-06
16348,,1.2295712921898051e-06
16349,,1.2295669743822212e-06
16350,,1.2295638103234527e-06
16351,,1.229547492243805e-06
16352,,1.2295385835580504e-06
16353,,1.2295341773856613e-06
16354,,1.229530989659722e-06
16355,,1.2295151432029565e-06
16356,,1.2295058881099373e-06
16357,,1.2295013881517032e-06
16358,,1.2294981753483822e-06
16359,,1.2294828286225762e-06
16360,,1.2294732060197355e-06
16361,,1.2294686067578286e-06
16362,,1.2294653674057069e-06
16363,,1.2294505491954274e-06
16364,,1.2294405376018927e-06
16365,,1.2294358333065494e-06
16366,,1.2294325658582611e-06
16367,,1.2294183061779897e-06
16368,,1.2294078832389543e-06
16369,,1.2294030679013865e-06
16370,,1.2293997707421405e-06
16371,,1.2293968846346983e-06
16372,,1.229375243386603e-06
16373,,1.229370310671339e-06
16374,,1.2293669820815933e-06
16375,,1.2293640878225589e-06
16376,,1.2293426185122826e-06
16377,,1.229337561741067e-06
16378,,1.2293341999224632e-06
16379,,1.2293312970196376e-06
16380,,1.2293100091362154e-06
16381,,1.2293048212518196e-06
16382,,1.2293014242969862e-06
16383,,1.2292985122281874e-06
16384,,1.2292774158030162e-06
16385,,1.2292720893552483e-06
16386,,1.2292686552322595e-06
16387,,1.2292657334583267e-06
16388,,1.2292448390834153e-06
16389,,1.2292393661977698e-06
16390,,1.2292358927872837e-06
16391,,1.2292329607258547e-06
16392,,1.2292122795912906e-06
16393,,1.2292066519492657e-06
16394,,1.229203136986897e-06
16395,,1.229200194035742e-06
16396,,1.2291797379713847e-06
16397,,1.2291739467776037e-06
16398,,1.2291703878896847e-06
16399,,1.2291674334029246e-06
16400,,1.2291472149027647e-06
16401,,1.2291412508704015e-06
16402,,1.2291376455453917e-06
16403,,1.229134678837142e-06
16404,,1.2291147111058003e-06
16405,,1.2291085644197253e-06
16406,,1.2291049099998984e-06
16407,,1.2291019303500425e-06
16408,,1.2290822273401485e-06
16409,,1.229075887633465e-06
16410,,1.2290721813083395e-06
16411,,1.2290691879584313e-06
16412,,1.2290497644084093e-06
16413,,1.229043220723168e-06
16414,,1.2290394595274642e-06
16415,,1.2290364516776522e-06
16416,,1.2290173231642802e-06
16417,,1.2290105639219792e-06
16418,,1.2290067447188175e-06
16419,,1.2290037215159105e-06
16420,,1.2289849044976129e-06
16421,,1.2289779174698556e-06
16422,,1.2289740369457596e-06
16423,,1.2289709974988958e-06
16424,,1.2289525093638369e-06
16425,,1.2289452816202715e-06
16426,,1.2289413362806498e-06
16427,,1.2289382796386102e-06
16428,,1.2289201387628305e-06
16429,,1.228912656650921e-06
16430,,1.2289086427929812e-06
16431,,1.2289055679505467e-06
16432,,1.228887793753015e-06
16433,,1.22888004283621e-06
16434,,1.22887595656125e-06
16435,,1.2288728624642846e-06
16436,,1.2288554754554642e-06
16437,,1.2288474404832458e-06
16438,,1.2288432776602325e-06
16439,,1.2288401631891858e-06
16440,,1.2288231850468781e-06
16441,,1.2288148499166529e-06
16442,,1.2288106061800577e-06
16443,,1.2288074701556071e-06
16444,,1.2287909237856457e-06
16445,,1.2287822714649423e-06
16446,,1.2287779422051715e-06
16447,,1.2287747833843663e-06
16448,,1.2287586929822457e-06
16449,,1.2287497054894285e-06
16450,,1.2287452858400973e-06
16451,,1.2287421028976042e-06
16452,,1.2287264940398914e-06
16453,,1.228717152368345e-06
16454,,1.2287126371804165e-06
16455,,1.2287094287250135e-06
16456,,1.2286943284310203e-06
16457,,1.2286846124942167e-06
16458,,1.2286799963333126e-06
16459,,1.2286767608901067e-06
16460,,1.2286621977089958e-06
16461,,1.228652086290229e-06
16462,,1.2286473634093612e-06
16463,,1.2286440994285887e-06
16464,,1.22863010352697e-06
16465,,1.2286195742042908e-06
16466,,1.228614738533521e-06
16467,,1.22861144436522e-06
16468,,1.228608567569004e-06
16469,,1.2285870766998007e-06
16470,,1.2285821218250434e-06
16471,,1.2285787957395187e-06
16472,,1.228575910652674e-06
16473,,1.2285545942797742e-06
16474,,1.2285495134263717e-06
16475,,1.2285461535832266e-06
16476,,1.2285432597060855e-06
16477,,1.2285221274626006e-06
16478,,1.228516913468602e-06
16479,,1.2285135179308646e-06
16480,,1.228510614743293e-06
16481,,1.228489676808868e-06
16482,,1.2284843221054078e-06
16483,,1.228480888825225e-06
16484,,1.2284779757716576e-06
16485,,1.2284572429008908e-06
16486,,1.2284517394962507e-06
16487,,1.2284482663041938e-06
16488,,1.2284453427992818e-06
16489,,1.228424826356691e-06
16490,,1.22841916580238e-06
16491,,1.2284156504180923e-06
16492,,1.2284127158389567e-06
16493,,1.2283924278362832e-06
16494,,1.2283866012054097e-06
16495,,1.2283830412093166e-06
16496,,1.2283800949034345e-06
16497,,1.228360048024447e-06
16498,,1.2283540458869388e-06
16499,,1.2283504387274073e-06
16500,,1.2283474800019501e-06
16501,,1.2283276876580952e-06
16502,,1.2283215000495017e-06
16503,,1.2283178430294685e-06
16504,,1.228314871152861e-06
16505,,1.2282953475030748e-06
16506,,1.2282889638895547e-06
16507,,1.2282852541555564e-06
16508,,1.228282268360917e-06
16509,,1.2282630283803342e-06
16510,,1.22825643764415e-06
16511,,1.22825267217883e-06
16512,,1.2282496716539232e-06
16513,,1.2282307311496287e-06
16514,,1.2282239215321004e-06
16515,,1.228220097160901e-06
16516,,1.2282170810345231e-06
16517,,1.2281984567290329e-06
16518,,1.228191415805394e-06
16519,,1.2281875291602306e-06
16520,,1.2281844965249294e-06
16521,,1.2281662060739362e-06
16522,,1.2281589207181817e-06
16523,,1.2281549682508986e-06
16524,,1.2281519181467434e-06
16525,,1.2281339802029435e-06
16526,,1.2281264365508902e-06
16527,,1.228122414506045e-06
16528,,1.228119345909546e-06
16529,,1.2281017801926568e-06
16530,,1.2280939635940134e-06
16531,,1.2280898680010114e-06
16532,,1.2280867798436234e-06
16533,,1.228069607176569e-06
16534,,1.2280615021451948e-06
16535,,1.2280573288124746e-06
16536,,1.2280542199625591e-06
16537,,1.2280374623590247e-06
16538,,1.2280290525372792e-06
16539,,1.2280247970354297e-06
16540,,1.228021666293192e-06
16541,,1.2280053470107924e-06
16542,,1.2279966151085907e-06
16543,,1.2279922727637542e-06
16544,,1.227989118848056e-06
16545,,1.2279732624665541e-06
16546,,1.227964190222172e-06
16547,,1.2279597560803003e-06
16548,,1.2279565776716828e-06
16549,,1.2279412101475924e-06
16550,,1.2279317782622164e-06
16551,,1.2279272471048982e-06
16552,,1.2279240427745067e-06
16553,,1.2279091915472874e-06
16554,,1.2278993796289227e-06
16555,,1.2278947459320454e-06
16556,,1.227891514193862e-06
16557,,1.2278772082499527e-06
16558,,1.2278669947533624e-06
16559,,1.2278622526837271e-06
16560,,1.2278589919563833e-06
16561,,1.2278561323081934e-06
16562,,1.2278346240840282e-06
16563,,1.2278297674817983e-06
16564,,1.227826476093871e-06
16565,,1.2278236084945273e-06
16566,,1.227802268101146e-06
16567,,1.2277972904474088e-06
16568,,1.227793966639672e-06
16569,,1.2277910906125414e-06
16570,,1.227769927307823e-06
16571,,1.2277648217266417e-06
16572,,1.2277614636285194e-06
16573,,1.2277585786694123e-06
16574,,1.2277376022325556e-06
16575,,1.2277323614502832e-06
16576,,1.2277289671007237e-06
16577,,1.2277260726750417e-06
16578,,1.227705293444875e-06
16579,,1.2276999097796357e-06
16580,,1.2276964770924432e-06
16581,,1.2276935726386524e-06
16582,,1.227673001534969e-06
16583,,1.2276674668713776e-06
16584,,1.2276639936531823e-06
16585,,1.2276610785721184e-06
16586,,1.2276407271378524e-06
16587,,1.2276350328901956e-06
16588,,1.2276315168195184e-06
16589,,1.2276285904873153e-06
16590,,1.2276084709101961e-06
16591,,1.2276026080212733e-06
16592,,1.2275990466416133e-06
16593,,1.2275961083901368e-06
16594,,1.2275762335582627e-06
16595,,1.227570192449377e-06
16596,,1.2275665831714269e-06
16597,,1.2275636322988886e-06
16598,,1.2275440158259062e-06
16599,,1.2275377863818289e-06
16600,,1.227534126460474e-06
16601,,1.2275311622292394e-06
16602,,1.22751181849585e-06
16603,,1.2275053900183357e-06
16604,,1.227501676562163e-06
16605,,1.2274986981858638e-06
16606,,1.2274796423945869e-06
16607,,1.2274730035901549e-06
16608,,1.2274692335423937e-06
16609,,1.2274662401940403e-06
16610,,1.2274474883980377e-06
16611,,1.2274406273342502e-06
16612,,1.2274367974593045e-06
16613,,1.2274337882609394e-06
16614,,1.2274153574338452e-06
16615,,1.2274082614949011e-06
16616,,1.2274043683783866e-06
16617,,1.2274013424092104e-06
16618,,1.2273832504804035e-06
16619,,1.2273759063407486e-06
16620,,1.2273719463706067e-06
16621,,1.2273689026536428e-06
16622,,1.2273511685666464e-06
16623,,1.2273435621441353e-06
16624,,1.2273395315146416e-06
16625,,1.227336469012732e-06
16626,,1.2273191127927946e-06
16627,,1.2273112292031512e-06
16628,,1.227307123888164e-06
16629,,1.2273040415140942e-06
16630,,1.227287084306984e-06
16631,,1.227278907833621e-06
16632,,1.2272747235687176e-06
16633,,1.2272716201694757e-06
16634,,1.2272550843220345e-06
16635,,1.2272465983551064e-06
16636,,1.2272423306497299e-06
16637,,1.2272392050066648e-06
16638,,1.227223114137404e-06
16639,,1.227214301124126e-06
16640,,1.2272099452226806e-06
16641,,1.2272067960479094e-06
16642,,1.2271911751101994e-06
16643,,1.2271820165036365e-06
16644,,1.2271775673832952e-06
16645,,1.2271743933216172e-06
16646,,1.227159268676076e-06
16647,,1.227149744882072e-06
16648,,1.2271451972409388e-06
16649,,1.2271419968576757e-06
16650,,1.2271273963588185e-06
16651,,1.2271174866702046e-06
16652,,1.227112834900017e-06
16653,,1.2271096066711842e-06
16654,,1.2270955597633624e-06
16655,,1.227085242303035e-06
16656,,1.2270804804850092e-06
16657,,1.2270772228062333e-06
16658,,1.2270743723819806e-06
16659,,1.2270530122402354e-06
16660,,1.2270481341126158e-06
16661,,1.2270448452913696e-06
16662,,1.2270419867805814e-06
16663,,1.2270207969589418e-06
16664,,1.2270157959100654e-06
16665,,1.2270124741586965e-06
16666,,1.227009607080927e-06
16667,,1.2269885969847662e-06
16668,,1.2269834660194238e-06
16669,,1.2269801094458117e-06
16670,,1.2269772332860385e-06
16671,,1.2269564128412906e-06
16672,,1.226951144588148e-06
16673,,1.226947751189233e-06
16674,,1.2269448654122167e-06
16675,,1.2269242451185207e-06
16676,,1.2269188317677103e-06
16677,,1.226915399434107e-06
16678,,1.226912503458586e-06
16679,,1.2268920944053042e-06
16680,,1.2268865277183352e-06
16681,,1.226883054215328e-06
16682,,1.2268801474441954e-06
16683,,1.2268599613487501e-06
16684,,1.2268542326166072e-06
16685,,1.2268507155891414e-06
16686,,1.2268477973797798e-06
16687,,1.2268278466228636e-06
16688,,1.2268219466382008e-06
16689,,1.2268183835957697e-06
16690,,1.2268154532746366e-06
16691,,1.2267957509380624e-06
16692,,1.22678966997773e-06
16693,,1.2267860582884792e-06
16694,,1.226783115144988e-06
16695,,1.2267636750453077e-06
16696,,1.2267574028419661e-06
16697,,1.2267537397191852e-06
16698,,1.226750782996701e-06
16699,,1.2267316197536724e-06
16700,,1.2267251454395806e-06
16701,,1.2267214279490807e-06
16702,,1.2267184568529574e-06
16703,,1.2266995858879609e-06
16704,,1.2266928980049548e-06
16705,,1.226689123037173e-06
16706,,1.2266861367226361e-06
16707,,1.2266675743504893e-06
16708,,1.2266606607675288e-06
16709,,1.226656825041664e-06
16710,,1.2266538226277694e-06
16711,,1.2266355860732346e-06
16712,,1.2266284339882854e-06
16713,,1.2266245340342664e-06
16714,,1.2266215145831146e-06
16715,,1.2266036220557789e-06
16716,,1.226596217932166e-06
16717,,1.226592250090991e-06
16718,,1.2265892126035242e-06
16719,,1.226571683336346e-06
16720,,1.2265640128792049e-06
16721,,1.22655997328436e-06
16722,,1.2265569167124926e-06
16723,,1.2265397710354248e-06
16724,,1.2265318191365196e-06
16725,,1.2265277036877897e-06
16726,,1.22652462692732e-06
16727,,1.226507886317561e-06
16728,,1.2264996370161149e-06
16729,,1.2264954413931335e-06
16730,,1.226492343275766e-06
16731,,1.2264760304290143e-06
16732,,1.2264674668483454e-06
16733,,1.2264631864873865e-06
16734,,1.2264600657727974e-06
16735,,1.2264442046633586e-06
16736,,1.2264353089911446e-06
16737,,1.2264309390645728e-06
16738,,1.2264277944481705e-06
16739,,1.2264124104146257e-06
16740,,1.2264031638163735e-06
16741,,1.22639869922817e-06
16742,,1.2263955293296557e-06
16743,,1.2263806491434614e-06
16744,,1.226371031717153e-06
16745,,1.2263664670780685e-06
16746,,1.22636327043904e-06
16747,,1.2263489223857683e-06
16748,,1.2263389131143588e-06
16749,,1.2263342427306774e-06
16750,,1.2263310178112437e-06
16751,,1.226317231781825e-06
16752,,1.2263068084430962e-06
16753,,1.2263020263049723e-06
16754,,1.2262987714708429e-06
16755,,1.2262959301600669e-06
16756,,1.2262747181701998e-06
16757,,1.22626981792145e-06
16758,,1.2262665314562425e-06
16759,,1.2262636819279126e-06
16760,,1.2262426427918952e-06
16761,,1.2262376177142595e-06
16762,,1.2262342978013076e-06
16763,,1.226231439560776e-06
16764,,1.2262105828243798e-06
16765,,1.226205425825037e-06
16766,,1.2262020705393551e-06
16767,,1.226199203070512e-06
16768,,1.2261785388173073e-06
16769,,1.2261732423990964e-06
16770,,1.2261698497112796e-06
16771,,1.2261669724638588e-06
16772,,1.2261465113528007e-06
16773,,1.2261410675900383e-06
16774,,1.2261376353620196e-06
16775,,1.2261347477465741e-06
16776,,1.226114501041884e-06
16777,,1.2261089015728596e-06
16778,,1.2261054275266272e-06
16779,,1.2261025289407166e-06
16780,,1.2260825085339813e-06
16781,,1.2260767445076155e-06
16782,,1.226073226258737e-06
16783,,1.226070316052513e-06
16784,,1.2260505345158913e-06
16785,,1.2260445965946362e-06
16786,,1.2260410316082582e-06
16787,,1.2260381090936146e-06
16788,,1.2260185797123536e-06
16789,,1.2260124580142412e-06
16790,,1.2260088436208885e-06
16791,,1.226005908072005e-06
16792,,1.2259866448854163e-06
16793,,1.2259803289811358e-06
16794,,1.2259766623499231e-06
16795,,1.225973713009762e-06
16796,,1.2259547308464768e-06
16797,,1.2259482097115749e-06
16798,,1.2259444878655337e-06
16799,,1.2259415239147386e-06
16800,,1.2259228384437663e-06
16801,,1.2259161004345547e-06
16802,,1.2259123202159928e-06
16803,,1.2259093408063694e-06
16804,,1.2258909685915551e-06
16805,,1.2258840013961847e-06
16806,,1.2258801594721217e-06
16807,,1.2258771637023043e-06
16808,,1.2258591222346874e-06
16809,,1.2258519128495576e-06
16810,,1.2258480057055293e-06
16811,,1.2258449926168036e-06
16812,,1.225827300387041e-06
16813,,1.225819835070508e-06
16814,,1.2258158589801238e-06
16815,,1.2258128275714212e-06
16816,,1.2257955041088037e-06
16817,,1.2257877683457354e-06
16818,,1.225783719373763e-06
16819,,1.2257806685825202e-06
16820,,1.2257637345298296e-06
16821,,1.2257557129755588e-06
16822,,1.2257515869804128e-06
16823,,1.2257485156735819e-06
16824,,1.2257319928413176e-06
16825,,1.2257236692877995e-06
16826,,1.2257194618697052e-06
16827,,1.2257163688681233e-06
16828,,1.2257002802956576e-06
16829,,1.2256916376128925e-06
16830,,1.2256873441422884e-06
16831,,1.2256842281819117e-06
16832,,1.2256685982224025e-06
16833,,1.225659618319783e-06
16834,,1.2256552338897443e-06
16835,,1.2256520936505774e-06
16836,,1.2256369480276115e-06
16837,,1.2256276117764843e-06
16838,,1.2256231312176647e-06
16839,,1.2256199652913584e-06
16840,,1.225605331194006e-06
16841,,1.2255956183892463e-06
16842,,1.2255910362258614e-06
16843,,1.2255878431398483e-06
16844,,1.2255737492896003e-06
16845,,1.225563638580686e-06
16846,,1.2255589490366228e-06
16847,,1.2255557272223826e-06
16848,,1.2255529028039973e-06
16849,,1.2255316728001004e-06
16850,,1.2255268697652533e-06
16851,,1.2255236175680114e-06
16852,,1.2255207852687941e-06
16853,,1.2254997215211058e-06
16854,,1.2254947985382034e-06
16855,,1.2254915142120095e-06
16856,,1.225488673559257e-06
16857,,1.2254677852373946e-06
16858,,1.2254627354968803e-06
16859,,1.225459417196143e-06
16860,,1.2254565676811319e-06
16861,,1.2254358644820035e-06
16862,,1.2254306807743375e-06
16863,,1.225427326546729e-06
16864,,1.2254244676490927e-06
16865,,1.2254039598084597e-06
16866,,1.2253986345232873e-06
16867,,1.2253952423073237e-06
16868,,1.2253923734727269e-06
16869,,1.2253720718131861e-06
16870,,1.2253665969034141e-06
16871,,1.2253631645223762e-06
16872,,1.2253602851530817e-06
16873,,1.2253402011114092e-06
16874,,1.225334568083755e-06
16875,,1.2253310932339496e-06
16876,,1.2253282027141396e-06
16877,,1.2253083483655296e-06
16878,,1.2253025482399848e-06
16879,,1.2252990284896856e-06
16880,,1.2252961261553838e-06
16881,,1.225276514274791e-06
16882,,1.2252705375534953e-06
16883,,15.90662274519465
16884,,99172.72537893055
16885,,15.77224428533354
16886,,729.2881886209146
16887,,15.58671290917656
16888,,1.939688997600413
16889,,75.17244838733819
16890,,1.9080732017995363
16891,,1.1662160123199334
16892,,1.1151472428720517
16893,,0.8312167157798351
16894,,0.8286713359283499
16895,,0.8286118952223139
16896,,0.8286104824603271
16897,,0.8286104488683855
16898,,0.82861044806965
16899,,0.8286104480506581
16900,,0.8286104480502043
16901,,0.8286104480501942
16902,,0.8286104480501941
16903,,0.8286104480501941
16904,,0.620756383584663
16905,,0.6158888232716248
16906,,0.6156633574460869
16907,,0.6156526610856341
16908,,0.6156521530670673
16909,,0.6156521289376781
16910,,0.6156521277916026
16911,,0.615652127737164
16912,,0.6156521277345821
16913,,0.6156521277344559
16914,,0.6156521277344515
16915,,0.6156521277344502
16916,,0.6156521277344502
16917,,0.41237055394493854
16918,,0.29430450246168904
16919,,0.21560649565633014
16920,,0.23738705086999304
16921,,0.20465103709959723
16922,,0.2006617958656534
16923,,10.898207937341386
16924,,0.19880260770200175
16925,,0.26474554082424895
16926,,0.19668151999940212
16927,,0.21736933828775087
16928,,0.19372020429508618
16929,,0.18869135141481708
16930,,0.18579456136983558
16931,,0.1855067330652137
16932,,0.16099942041849857
16933,,0.1363960728066758
16934,,0.1067947560291943
16935,,0.3381494254274217
16936,,0.10060484949813091
16937,,0.08829205361360921
16938,,0.07057398118434018
16939,,0.06033283147715189
16940,,0.14397012460401404
16941,,0.05204262421744567
16942,,0.045099402983044774
16943,,1.4689706338997348
16944,,0.042985709284518926
16945,,0.04496464239695594
16946,,0.04010918663805217
16947,,0.03742116132361052
16948,,0.033006506497634897
16949,,0.025034360316698746
16950,,0.02095860296354216
16951,,0.018666847520465265
16952,,0.016614476457437743
16953,,0.015259343494384868
16954,,0.014202021522412797
16955,,0.013869659967969959
16956,,0.013569343361843159
16957,,0.013121608279505296
16958,,0.011767570918129376
16959,,0.010408248314840267
16960,,0.008595661931127898
16961,,0.006775498356766806
16962,,0.00573528795334221
16963,,0.004942856891249158
16964,,0.004156071501565405
16965,,0.002874868615640382
16966,,0.0018533977655818047
16967,,0.0013418874772571207
16968,,0.0010422380395740268
16969,,0.0008393406522577197
16970,,0.0007637633966174422
16971,,0.0007330175475204272
16972,,0.0006947699970088358
16973,,0.0006322257464462676
16974,,0.0005757769287528674
16975,,0.0005502633225314658
16976,,0.0005424861217629106
16977,,0.0005362875964049734
16978,,0.0005267961276228643
16979,,0.0005110706264042566
16980,,0.0004908128046264605
16981,,0.0004539259508678022
16982,,0.0003761882936241065
16983,,0.00028258393031958286
16984,,0.0001958483053782678
16985,,0.00012836487889363014
16986,,9.07681765602364e-05
16987,,8.176999875398496e-05
16988,,8.009456755009207e-05
16989,,7.954569874107935e-05
16990,,7.909514117582514e-05
16991,,7.839053275999312e-05
16992,,7.714099353378494e-05
16993,,7.426405501583975e-05
16994,,7.151702370419792e-05
16995,,6.8698113396802e-05
16996,,6.804772397891499e-05
16997,,6.782401052641235e-05
16998,,6.77221846457147e-05
16999,,6.752646089569836e-05
17000,,6.708211507315176e-05
17001,,6.623515247547268e-05
17002,,6.488364648461112e-05
17003,,6.31218556503487e-05
17004,,6.137301337767127e-05
17005,,5.882917256894496e-05
17006,,5.559370770312693e-05
17007,,5.0623899944623325e-05
17008,,4.483653822728475e-05
17009,,4.183875793193212e-05
17010,,4.0868116824831156e-05
17011,,4.0699629638122556e-05
17012,,4.058841279247226e-05
17013,,4.014265664231386e-05
17014,,3.942852669377576e-05
17015,,3.795350616471458e-05
17016,,3.551373493037765e-05
17017,,3.2505647107587744e-05
17018,,4.923497090274086e-05
17019,,3.2173422456287914e-05
17020,,3.0266155623451352e-05
17021,,2.9508595990146252e-05
17022,,2.935249939308051e-05
17023,,2.9312043073287226e-05
17024,,2.926904655081568e-05
17025,,2.9166552947095045e-05
17026,,2.8932565932569105e-05
17027,,2.843070734442535e-05
17028,,2.7459160017457102e-05
17029,,2.593776694454985e-05
17030,,2.4262875074698368e-05
17031,,2.325236919300357e-05
17032,,2.2954415642795075e-05
17033,,2.289791487770583e-05
17034,,2.28838671000929e-05
17035,,2.2868760366800324e-05
17036,,2.28337220360562e-05
17037,,2.2756996486323206e-05
17038,,2.2590967028417482e-05
17039,,2.223035512244431e-05
17040,,2.1464439752605556e-05
17041,,1.9937453260514044e-05
17042,,1.7354488230646138e-05
17043,,1.4325536753889192e-05
17044,,1.3689404216290023e-05
17045,,1.1867219398546069e-05
17046,,1.1432386144166906e-05
17047,,1.1351501361125733e-05
17048,,1.1340136071506923e-05
17049,,1.133851492418689e-05
17050,,1.1336870478733587e-05
17051,,1.133129314859544e-05
17052,,1.1319279720194391e-05
17053,,1.1291714642667738e-05
17054,,1.1228557860232828e-05
17055,,1.1084835384518724e-05
17056,,1.076488908842069e-05
17057,,1.0086817603181145e-05
17058,,8.794457273787758e-06
17059,,6.803671118713325e-06
17060,,4.734916886904402e-06
17061,,3.5173155800092364e-06
17062,,3.1228006970169155e-06
17063,,3.0618575560054588e-06
17064,,3.0556115448457895e-06
17065,,3.054178944678594e-06
17066,,3.0514479446689667e-06
17067,,3.044007937580515e-06
17068,,3.0274759740020457e-06
17069,,2.992072321325566e-06
17070,,2.9185633216304497e-06
17071,,2.7864209164542254e-06
17072,,2.607447748148309e-06
17073,,2.4538164812351114e-06
17074,,2.3795257643252057e-06
17075,,2.3626756574906595e-06
17076,,2.3608357090025065e-06
17077,,2.3606911026680365e-06
17078,,2.3606671213620182e-06
17079,,2.360654680595678e-06
17080,,2.360571756758947e-06
17081,,2.3605363576678285e-06
17082,,2.360523349339022e-06
17083,,2.3604671993021953e-06
17084,,2.3603613013394192e-06
17085,,2.3594251716226566e-06
17086,,2.3517420969171055e-06
17087,,2.325051143038311e-06
17088,,2.2391726364626417e-06
17089,,2.086781972625823e-06
17090,,1.8398557506662068e-06
17091,,1.5455675050818137e-06
17092,,1.3442479089239225e-06
17093,,1.275140641551494e-06
17094,,1.2608863496203176e-06
17095,,1.2592880685743725e-06
17096,,1.2591213423448104e-06
17097,,1.2590908830658534e-06
17098,,1.2590844938578725e-06
17099,,1.2590820609369992e-06
17100,,1.2590809939280867e-06
17101,,1.2590804782192082e-06
17102,,1.2590801911211763e-06
17103,,1.2590799998620181e-06
17104,,1.2590798491372795e-06
17105,,1.2590790615960788e-06
17106,,1.2590787596195335e-06
17107,,1.2590785627783323e-06
17108,,1.2590784100578627e-06
17109,,1.2590776512847836e-06
17110,,1.2590773310650324e-06
17111,,1.2590771271094596e-06
17112,,1.2590769716780682e-06
17113,,1.2590762470954823e-06
17114,,1.259075905240056e-06
17115,,1.2590756926950454e-06
17116,,1.259075533887781e-06
17117,,1.2590748492077171e-06
17118,,1.2590744821438386e-06
17119,,1.259074259487574e-06
17120,,1.2590740966443903e-06
17121,,1.2590739586838348e-06
17122,,1.2590730619082873e-06
17123,,1.2590728275056028e-06
17124,,1.2590726599395897e-06
17125,,1.2590725200831263e-06
17126,,1.2590716447512737e-06
17127,,1.2590713968301075e-06
17128,,1.2590712237863617e-06
17129,,1.2590710817233521e-06
17130,,1.2590702309702548e-06
17131,,1.2590699675683485e-06
17132,,1.2590697882320907e-06
17133,,1.2590696436195606e-06
17134,,1.2590688209411372e-06
17135,,1.259068539870718e-06
17136,,1.2590683533351868e-06
17137,,1.2590682057907136e-06
17138,,1.2590674151075503e-06
17139,,1.2590671139089925e-06
17140,,1.2590669191575277e-06
17141,,1.2590667682671615e-06
17142,,1.2590660139800885e-06
17143,,1.259065689895301e-06
17144,,1.2590654857924438e-06
17145,,1.259065331076808e-06
17146,,1.2590646181459452e-06
17147,,1.2590642680704665e-06
17148,,1.2590640533273938e-06
17149,,1.2590638942651686e-06
17150,,1.2590637581354748e-06
17151,,1.2590628487038436e-06
17152,,1.259062621885313e-06
17153,,1.259062457873045e-06
17154,,1.2590623197188342e-06
17155,,1.2590614321157515e-06
17156,,1.2590611915842294e-06
17157,,1.2590610219545084e-06
17158,,1.25906088150097e-06
17159,,1.2590600186550976e-06
17160,,1.2590597625751602e-06
17161,,1.2590595865685093e-06
17162,,1.2590594435033795e-06
17163,,1.259058608729114e-06
17164,,1.2590583350211522e-06
17165,,1.2590581517883692e-06
17166,,1.259058005756046e-06
17167,,1.2590572027957986e-06
17168,,1.2590569091145923e-06
17169,,1.2590567176822674e-06
17170,,1.2590565682845797e-06
17171,,1.2590558013719978e-06
17172,,1.25905548506514e-06
17173,,1.2590552843452063e-06
17174,,1.2590551311335065e-06
17175,,1.2590544050540615e-06
17176,,1.25905406311514e-06
17177,,1.2590538518714507e-06
17178,,1.2590536943407161e-06
17179,,1.2590530144981794e-06
17180,,1.2590526435397758e-06
17181,,1.2590524203767782e-06
17182,,1.2590522579503696e-06
17183,,1.2590521204968876e-06
17184,,1.2590512266428335e-06
17185,,1.2590509899887976e-06
17186,,1.2590508220167127e-06
17187,,1.2590506822874734e-06
17188,,1.2590498127899408e-06
17189,,1.2590495608470077e-06
17190,,1.2590493865962112e-06
17191,,1.2590492442885312e-06
17192,,1.2590484023642762e-06
17193,,1.2590481331192046e-06
17194,,1.2590479517595236e-06
17195,,1.259047806524902e-06
17196,,1.2590469958194216e-06
17197,,1.259046706993585e-06
17198,,1.2590465175807593e-06
17199,,1.259046369042152e-06
17200,,1.2590455936680782e-06
17201,,1.259045282672846e-06
17202,,1.2590450841468401e-06
17203,,1.2590449318600376e-06
17204,,1.2590441964851565e-06
17205,,1.259043860393489e-06
17206,,1.2590436515584986e-06
17207,,1.2590434950251074e-06
17208,,1.2590428049260185e-06
17209,,1.2590424404287415e-06
17210,,1.2590422199167267e-06
17211,,1.2590420585896296e-06
17212,,1.2590419216002603e-06
17213,,1.2590410230852848e-06
17214,,1.2590407893557411e-06
17215,,1.2590406225960752e-06
17216,,1.2590404833719518e-06
17217,,1.25903960869729e-06
17218,,1.2590393600163763e-06
17219,,1.2590391871038199e-06
17220,,1.2590390453502706e-06
17221,,1.2590381976667827e-06
17222,,1.2590379320510686e-06
17223,,1.2590377521780837e-06
17224,,1.2590376075635457e-06
17225,,1.2590367904223569e-06
17226,,1.2590365056511724e-06
17227,,1.2590363179001947e-06
17228,,1.2590361700440892e-06
17229,,1.2590353874707636e-06
17230,,1.259035081014451e-06
17231,,1.2590348843474638e-06
17232,,1.2590347328234167e-06
17233,,1.259033989371541e-06
17234,,1.2590336583761144e-06
17235,,1.2590334516168687e-06
17236,,1.259033295941621e-06
17237,,1.2590325967645557e-06
17238,,1.2590322379960655e-06
17239,,1.2590320198191106e-06
17240,,1.259031859445821e-06
17241,,1.2590317228506284e-06
17242,,1.2590308201787438e-06
17243,,1.259030589072094e-06
17244,,1.2590304233829271e-06
17245,,1.2590302845985496e-06
17246,,1.2590294052478382e-06
17247,,1.2590291595146309e-06
17248,,1.2590289878123969e-06
17249,,1.2590288465538915e-06
17250,,1.2590279935995498e-06
17251,,1.259027731311765e-06
17252,,1.2590275527958691e-06
17253,,1.259027408738593e-06
17254,,1.259026585653247e-06
17255,,1.2590263046309028e-06
17256,,1.259026118407252e-06
17257,,1.259025971180937e-06
17258,,1.2590251819024913e-06
17259,,1.2590248796757013e-06
17260,,1.2590246847363138e-06
17261,,1.2590245339154286e-06
17262,,1.259023782894916e-06
17263,,1.259023456677012e-06
17264,,1.259023251862317e-06
17265,,1.2590230969852972e-06
17266,,1.2590223892626782e-06
17267,,1.259022035884664e-06
17268,,1.25902181990081e-06
17269,,1.259021660426775e-06
17270,,1.2590215242029524e-06
17271,,1.259020617596776e-06
17272,,1.2590203889724006e-06
17273,,1.2590202242986772e-06
17274,,1.2590200859342458e-06
17275,,1.2590192021360571e-06
17276,,1.2590189592038558e-06
17277,,1.259018788647411e-06
17278,,1.259018647861025e-06
17279,,1.2590177898795139e-06
17280,,1.2590175307590724e-06
17281,,1.259017353540944e-06
17282,,1.259017210014557e-06
17283,,1.259016381246187e-06
17284,,1.2590161038053024e-06
17285,,1.259015919048812e-06
17286,,1.2590157724194924e-06
17287,,1.2590149767164228e-06
17288,,1.259014678538965e-06
17289,,1.2590144852499495e-06
17290,,1.2590143351170015e-06
17291,,1.2590135768306942e-06
17292,,1.2590132551824217e-06
17293,,1.2590130522432889e-06
17294,,1.2590128981331412e-06
17295,,1.2590121821941906e-06
17296,,1.2590118339909796e-06
17297,,1.2590116201219028e-06
17298,,1.2590114615191214e-06
17299,,1.2590113256484874e-06
17300,,1.2590104152420048e-06
17301,,1.2590101890104127e-06
17302,,1.2590100253196552e-06
17303,,1.2590098873572992e-06
17304,,1.2590089992650926e-06
17305,,1.2590087590380306e-06
17306,,1.2590085895937168e-06
17307,,1.2590084492578415e-06
17308,,1.2590075864170597e-06
17309,,1.2590073303583998e-06
17310,,1.2590071543944965e-06
17311,,1.2590070113833797e-06
17312,,1.259006177116336e-06
17313,,1.2590059031366093e-06
17314,,1.2590057198012549e-06
17315,,1.2590055737548469e-06
17316,,1.2590047718313723e-06
17317,,1.259004477564451e-06
17318,,1.2590042858859316e-06
17319,,1.2590041364062305e-06
17320,,1.2590033710813698e-06
17321,,1.25900305386587e-06
17322,,1.2590028527416262e-06
17323,,1.2590026993796106e-06
17324,,1.259001975471612e-06
17325,,1.2590016322806878e-06
17326,,1.2590014204657466e-06
17327,,1.2590012627075127e-06
17328,,1.2590005856784508e-06
17329,,1.2590002130856716e-06
17330,,1.258999989180726e-06
17331,,1.2589998264447064e-06
17332,,1.258999688874817e-06
17333,,1.2589987966026e-06
17334,,1.2589985590098689e-06
17335,,1.2589983906390692e-06
17336,,1.2589982507528424e-06
17337,,1.2589973831806106e-06
17338,,1.2589971300974108e-06
17339,,1.2589969553567309e-06
17340,,1.2589968128477542e-06
17341,,1.2589959732302867e-06
17342,,1.25899570261455e-06
17343,,1.2589955206627577e-06
17344,,1.258995375182545e-06
17345,,1.2589945672022982e-06
17346,,1.2589942767484257e-06
17347,,1.2589940866293909e-06
17348,,1.2589939377963635e-06
17349,,1.2589931656149887e-06
17350,,1.2589928527109182e-06
17351,,1.2589926533518275e-06
17352,,1.2589925007188805e-06
17353,,1.2589917690605667e-06
17354,,1.258991430740361e-06
17355,,1.2589912209300719e-06
17356,,1.2589910639909987e-06
17357,,1.2589903781900886e-06
17358,,1.2589900111123981e-06
17359,,1.2589897894709944e-06
17360,,1.2589896276632527e-06
17361,,1.2589894904772484e-06
17362,,1.2589885941335996e-06
17363,,1.258988359102064e-06
17364,,1.2589881917866128e-06
17365,,1.2589880523347474e-06
17366,,1.2589871801551006e-06
17367,,1.2589869299680272e-06
17368,,1.2589867564211977e-06
17369,,1.2589866143980778e-06
17370,,1.2589857695667534e-06
17371,,1.2589855022319941e-06
17372,,1.2589853216244206e-06
17373,,1.2589851767033094e-06
17374,,1.2589843628178573e-06
17375,,1.2589840760790766e-06
17376,,1.2589838874853713e-06
17377,,1.258983739276387e-06
17378,,1.2589829604180997e-06
17379,,1.2589826517098358e-06
17380,,1.258982454080085e-06
17381,,1.2589823021530435e-06
17382,,1.258981562931268e-06
17383,,1.2589812293651317e-06
17384,,1.2589810215080366e-06
17385,,1.2589808653758788e-06
17386,,1.2589801710107636e-06
17387,,1.258979809313496e-06
17388,,1.2589795898821045e-06
17389,,1.2589794289859381e-06
17390,,1.2589792921716838e-06
17391,,1.2589783918529967e-06
17392,,1.258978159324086e-06
17393,,1.2589779930376335e-06
17394,,1.2589778540081424e-06
17395,,1.258976977325362e-06
17396,,1.2589767299699123e-06
17397,,1.258976557585567e-06
17398,,1.2589764160423548e-06
17399,,1.258975566118604e-06
17400,,1.2589753019859138e-06
17401,,1.2589751226947346e-06
17402,,1.2589749783162074e-06
17403,,1.2589741586638458e-06
17404,,1.2589738755487157e-06
17405,,1.258973688445761e-06
17406,,1.2589735408502784e-06
17407,,1.258972755465084e-06
17408,,1.2589724508575797e-06
17409,,1.2589722549177389e-06
17410,,1.258972103685427e-06
17411,,1.2589713570750405e-06
17412,,1.258971028147566e-06
17413,,1.258970822202437e-06
17414,,1.2589706668507858e-06
17415,,1.2589699641312137e-06
17416,,1.258969607684281e-06
17417,,1.2589693904133676e-06
17418,,1.2589692304026322e-06
17419,,1.2589690939569773e-06
17420,,1.2589681897512507e-06
17421,,1.258967959666574e-06
17422,,1.2589677943859618e-06
17423,,1.2589676557659903e-06
17424,,1.2589667746910109e-06
17425,,1.2589665301005806e-06
17426,,1.2589663588523098e-06
17427,,1.2589662177803773e-06
17428,,1.2589653628745703e-06
17429,,1.2589651018717962e-06
17430,,1.2589649238704994e-06
17431,,1.258964780022368e-06
17432,,1.25896395473609e-06
17433,,1.2589636751585002e-06
17434,,1.2589634895149157e-06
17435,,1.2589633425213851e-06
17436,,1.258962550756069e-06
17437,,1.2589622501543502e-06
17438,,1.258962055862172e-06
17439,,1.2589619053057157e-06
17440,,1.2589611514810244e-06
17441,,1.2589608270889804e-06
17442,,1.258960623008843e-06
17443,,1.2589604684287707e-06
17444,,1.2589597575320017e-06
17445,,1.2589594062176077e-06
17446,,1.25895919105893e-06
17447,,1.2589590319188356e-06
17448,,1.2589588958309626e-06
17449,,1.2589579878263328e-06
17450,,1.2589577601299779e-06
17451,,1.258957595830251e-06
17452,,1.2589574576199998e-06
17453,,1.2589565722407201e-06
17454,,1.2589563303571573e-06
17455,,1.258956160218554e-06
17456,,1.2589560196071737e-06
17457,,1.2589551598321423e-06
17458,,1.2589549018927174e-06
17459,,1.2589547251497028e-06
17460,,1.2589545818164038e-06
17461,,1.2589537510237216e-06
17462,,1.258953474908508e-06
17463,,1.2589532906887215e-06
17464,,1.2589531442810737e-06
17465,,1.2589523462818566e-06
17466,,1.258952049596333e-06
17467,,1.2589518569182311e-06
17468,,1.2589517070264528e-06
17469,,1.2589509461423937e-06
17470,,1.2589506261863989e-06
17471,,1.2589504239271123e-06
17472,,1.2589502700983443e-06
17473,,1.258949551211335e-06
17474,,1.2589492049163555e-06
17475,,1.2589489918203542e-06
17476,,1.258948833530384e-06
17477,,1.258948697792266e-06
17478,,1.258947786072522e-06
17479,,1.2589475607113858e-06
17480,,1.2589473973773875e-06
17481,,1.2589472595613191e-06
17482,,1.2589463699802885e-06
17483,,1.2589461307355428e-06
17484,,1.2589459616910216e-06
17485,,1.2589458215217516e-06
17486,,1.2589449569941765e-06
17487,,1.2589447020398811e-06
17488,,1.2589445265309942e-06
17489,,1.2589443837054862e-06
17490,,1.2589435475244868e-06
17491,,1.2589432747921064e-06
17492,,1.2589430919666781e-06
17493,,1.2589429461295756e-06
17494,,1.2589421420359433e-06
17495,,1.2589418491838186e-06
17496,,1.2589416580779898e-06
17497,,1.2589415088378464e-06
17498,,1.2589407410485816e-06
17499,,1.258940425429686e-06
17500,,1.2589402249552318e-06
17501,,1.2589400718594853e-06
17502,,1.2589393451642626e-06
17503,,1.2589390037734174e-06
17504,,1.2589387926981057e-06
17505,,1.2589386352344674e-06
17506,,1.2589379551370843e-06
17507,,1.2589375874001246e-06
17508,,1.2589373654838598e-06
17509,,1.2589372035653488e-06
17510,,1.2589370663328335e-06
17511,,1.2589361705472748e-06
17512,,1.2589359352022617e-06
17513,,1.2589357677604378e-06
17514,,1.258935628256359e-06
17515,,1.258934756697274e-06
17516,,1.2589345061589874e-06
17517,,1.2589343324635444e-06
17518,,1.2589341903852415e-06
17519,,1.25893334625755e-06
17520,,1.2589330785187383e-06
17521,,1.2589328977482053e-06
17522,,1.2589327527568135e-06
17523,,1.2589319396633556e-06
17524,,1.2589316524628298e-06
17525,,1.2589314636798697e-06
17526,,1.2589313153957216e-06
17527,,1.2589305374276052e-06
17528,,1.2589302281983462e-06
17529,,1.2589300303557867e-06
17530,,1.2589298783437547e-06
17531,,1.2589291401211835e-06
17532,,1.2589288059670983e-06
17533,,1.2589285978644672e-06
17534,,1.2589284416357678e-06
17535,,1.2589277483953414e-06
17536,,1.2589273860265663e-06
17537,,1.2589271663234728e-06
17538,,1.2589270053118317e-06
17539,,1.2589268684554144e-06
17540,,1.2589259686964084e-06
17541,,1.2589257358511146e-06
17542,,1.2589255694335054e-06
17543,,1.2589254303536134e-06
17544,,1.258924554301174e-06
17545,,1.2589243065878368e-06
17546,,1.2589241340553127e-06
17547,,1.2589239924592e-06
17548,,1.2589231432374527e-06
17549,,1.2589228786981835e-06
17550,,1.2589226992425292e-06
17551,,1.2589225547952176e-06
17552,,1.2589217359357811e-06
17553,,1.2589214523603441e-06
17554,,1.2589212650672842e-06
17555,,1.2589211173987634e-06
17556,,1.2589203329021727e-06
17557,,1.2589200277725818e-06
17558,,1.2589198316184672e-06
17559,,1.2589196803003468e-06
17560,,1.2589189346904108e-06
17561,,1.2589186051745633e-06
17562,,1.2589183989851634e-06
17563,,1.2589182435386146e-06
17564,,1.2589175419394691e-06
17565,,1.25891718482206e-06
17566,,1.2589169672760857e-06
17567,,1.2589168071580572e-06
17568,,1.2589166706644993e-06
17569,,1.2589157670165138e-06
17570,,1.2589155366160322e-06
17571,,1.258915371210567e-06
17572,,1.2589152325435191e-06
17573,,1.2589143520891457e-06
17574,,1.2589141071414515e-06
17575,,1.2589139357501751e-06
17576,,1.2589137946220822e-06
17577,,1.2589129404144895e-06
17578,,1.2589126790088518e-06
17579,,1.2589125008432943e-06
17580,,1.258912356928633e-06
17581,,1.2589115324237952e-06
17582,,1.2589112523914943e-06
17583,,1.2589110665657905e-06
17584,,1.258910919494099e-06
17585,,1.258910128608121e-06
17586,,1.2589098274941157e-06
17587,,1.2589096329874887e-06
17588,,1.258909482353401e-06
17589,,1.2589087295103091e-06
17590,,1.2589084045377324e-06
17591,,1.2589082002172115e-06
17592,,1.2589080455377588e-06
17593,,1.2589073357577099e-06
17594,,1.2589069837778553e-06
17595,,1.258906768346779e-06
17596,,1.2589066091012375e-06
17597,,1.2589064729654455e-06
17598,,1.2589055655104978e-06
17599,,1.2589053375055037e-06
17600,,1.2589051730818375e-06
17601,,1.2589050348204848e-06
17602,,1.2589041500580672e-06
17603,,1.258903907821526e-06
17604,,1.2589037375434297e-06
17605,,1.258903596875011e-06
17606,,1.2589027377920256e-06
17607,,1.2589024794497062e-06
17608,,1.2589023025485663e-06
17609,,1.2589021591508509e-06
17610,,1.2589013291305633e-06
17611,,1.258901052565134e-06
17612,,1.2589008681637578e-06
17613,,1.2589007216816475e-06
17614,,1.2588999245460538e-06
17615,,1.2588996273574322e-06
17616,,1.2588994344675406e-06
17617,,1.2588992844950032e-06
17618,,1.2588985245858917e-06
17619,,1.2588982040509293e-06
17620,,1.2588980015567295e-06
17621,,1.2588978476307122e-06
17622,,1.2588971298485667e-06
17623,,1.258896782896379e-06
17624,,1.2588965695318061e-06
17625,,1.2588964111370401e-06
17626,,1.2588962753574175e-06
17627,,1.258895364176925e-06
17628,,1.2588951385132296e-06
17629,,1.2588949750538683e-06
17630,,1.2588948371904458e-06
17631,,1.2588939482125737e-06
17632,,1.258893708623131e-06
17633,,1.2588935394385406e-06
17634,,1.2588933992185714e-06
17635,,1.2588925353637323e-06
17636,,1.2588922800207704e-06
17637,,1.2588921043515188e-06
17638,,1.258891961464844e-06
17639,,1.2588911260448186e-06
17640,,1.2588908528740558e-06
17641,,1.2588906698671653e-06
17642,,1.2588905239583627e-06
17643,,1.2588897207186142e-06
17644,,1.2588894273650439e-06
17645,,1.2588892360588646e-06
17646,,1.2588890867309955e-06
17647,,1.2588883199052453e-06
17648,,1.258888003716788e-06
17649,,1.258887803013906e-06
17650,,1.258887649827059e-06
17651,,1.2588869242080962e-06
17652,,1.2588865821770887e-06
17653,,1.2588863708348526e-06
17654,,1.2588862132702994e-06
17655,,1.2588855342953006e-06
17656,,1.258885163013394e-06
17657,,1.2588849396368591e-06
17658,,1.2588847771241167e-06
17659,,1.2588846396498498e-06
17660,,1.258883746548643e-06
17661,,1.2588835095537716e-06
17662,,1.2588833414334652e-06
17663,,1.2588832016515677e-06
17664,,1.258882333133105e-06
17665,,1.2588820807230224e-06
17666,,1.2588819062617683e-06
17667,,1.2588817638709374e-06
17668,,1.2588809231692423e-06
17669,,1.2588806533133026e-06
17670,,1.258880471672296e-06
17671,,1.2588803263315367e-06
17672,,1.2588795171110025e-06
17673,,1.2588792275127157e-06
17674,,1.258879037747958e-06
17675,,1.2588788890639284e-06
17676,,1.258878115468953e-06
17677,,1.2588778035316525e-06
17678,,1.2588776045755356e-06
17679,,1.2588774521059563e-06
17680,,1.2588767188309107e-06
17681,,1.2588763816078742e-06
17682,,1.2588761722478972e-06
17683,,1.258876015500771e-06
17684,,1.2588753278551502e-06
17685,,1.2588749620172574e-06
17686,,1.2588747408827716e-06
17687,,1.2588745792889671e-06
17688,,1.2588744421950524e-06
17689,,1.258873545064172e-06
17690,,1.2588733106024722e-06
17691,,1.2588731435268028e-06
17692,,1.2588730041773715e-06
17693,,1.2588721310920165e-06
17694,,1.2588718815520725e-06
17695,,1.2588717082701292e-06
17696,,35.30949017506218
17697,,77404.64375185178
17698,,35.09857827504449
17699,,495.0090996642039
17700,,34.7457261539465
17701,,10.610403452101796
17702,,10.47660860938593
17703,,2.1935980743988175
17704,,38.07256918423451
17705,,2.1677128975883955
17706,,1.4577084690884876
17707,,10.038649827726909
17708,,1.4493748875995593
17709,,1.345925705900233
17710,,1.3293401946306505
17711,,1.2144633579321589
17712,,1.1774025379082542
17713,,1.0287540374524848
17714,,6.6188241063091375
17715,,1.0180435649881365
17716,,0.9211633109464372
17717,,0.8483638461251911
17718,,0.7216336566167091
17719,,0.7183683234829041
17720,,0.7182747209580038
17721,,0.7182720297992309
17722,,0.7182719524193224
17723,,0.7182719501943822
17724,,0.7182719501304067
17725,,0.718271950128569
17726,,0.7182719501285169
17727,,0.7182719501285166
17728,,0.2959407094616327
17729,,3.422473314115858
17730,,0.2707386974196455
17731,,0.1773193544710267
17732,,0.09906698853850698
17733,,0.05643180463722697
17734,,0.05404612740369788
17735,,0.053078785641098615
17736,,0.05263412252537547
17737,,0.05243847622849844
17738,,0.05235466869393569
17739,,0.05231917007337649
17740,,0.05230420220638982
17741,,0.05229790286495715
17742,,0.05229525380105757
17743,,0.05229414015188757
17744,,0.052293672044932994
17745,,0.05229347529395361
17746,,0.05229339259914514
17747,,0.0522933578427093
17748,,0.05229334323472495
17749,,0.05229333709505824
17750,,0.05229333451458973
17751,,0.05229333343003281
17752,,0.05229333297419775
17753,,0.05229333278261366
17754,,0.05229333270209368
17755,,0.05229333266825013
17756,,0.05229333265402556
17757,,0.05229333264804716
17758,,0.05229333264553449
17759,,731.0884677879593
17760,,0.05060296944845255
17761,,0.04825537716786418
17762,,0.04459583999525446
17763,,0.04217590181936869
17764,,0.03639930074970215
17765,,0.03173908162469009
17766,,0.029168449211912154
17767,,0.08508024427058446
17768,,0.026199568788649003
17769,,0.023725209327306252
17770,,0.05784662863466185
17771,,0.02282116686072897
17772,,0.021755446769999617
17773,,0.021350706160739325
17774,,0.020460202264019647
17775,,0.019548006545525194
17776,,0.018651434709545438
17777,,0.019458817388776768
17778,,0.014073864142068888
17779,,0.012568188990720245
17780,,0.011634537099864162
17781,,0.011320714683456285
17782,,0.011160675947923025
17783,,0.010767902846435225
17784,,0.010387874677406036
17785,,0.009700474476151896
17786,,0.009130658722906176
17787,,0.007986247828764774
17788,,0.00766720484364616
17789,,0.0074510511518437374
17790,,0.007125382804813101
17791,,0.00615740676163362
17792,,0.005225079520591333
17793,,0.00512085027961046
17794,,0.004508406998543241
17795,,0.004341059258048343
17796,,0.004206406696446791
17797,,0.0039840574530461016
17798,,0.0036540773436142472
17799,,0.003125446751388679
17800,,0.002588973102774248
17801,,0.0023799768047922457
17802,,0.002255593804313016
17803,,0.0021953278331653704
17804,,0.0021041033059328793
17805,,0.0018963668466689995
17806,,0.0015202622513163066
17807,,0.0010666450695482768
17808,,0.0006924714871729898
17809,,0.0002885968209797172
17810,,0.00019800717900661863
17811,,0.00018290160758868053
17812,,0.00017877733544401997
17813,,0.00017610384250752226
17814,,0.00017378869120840984
17815,,0.00017102394623386624
17816,,0.00016720314080152812
17817,,0.0001650991983873819
17818,,0.00016368347364599192
17819,,0.0001622337938571784
17820,,0.00016027564480924314
17821,,0.00015715783949246545
17822,,0.00015512556817577923
17823,,0.00015432230684147408
17824,,0.00015377417823572094
17825,,0.0001530979776945453
17826,,0.00015185563886774484
17827,,0.0001495618265551199
17828,,0.0001457199349230837
17829,,0.00014044226099210527
17830,,0.00013604807148525307
17831,,0.0001320790517710239
17832,,0.00012860130379091373
17833,,0.00012445847543668582
17834,,0.00011997480228212675
17835,,0.00011843772192374194
17836,,0.00011798955810174089
17837,,0.000117773639318175
17838,,0.00011749396160699953
17839,,0.00011649910855998267
17840,,0.00011444755830438717
17841,,0.0001101702028666975
17842,,0.00010270313570976046
17843,,9.302922995165081e-05
17844,,8.573359443681852e-05
17845,,8.290089025260432e-05
17846,,8.197413548993786e-05
17847,,8.162126455449235e-05
17848,,8.119692409018918e-05
17849,,8.001059989953482e-05
17850,,7.745763356334996e-05
17851,,7.196927355700089e-05
17852,,6.121562983502028e-05
17853,,4.344108581618785e-05
17854,,2.251710066349062e-05
17855,,1.0811936750295631e-05
17856,,6.21005338030012e-06
17857,,3.3550700241655932e-06
17858,,3.194788202797924e-06
17859,,3.183132792895646e-06
17860,,3.1768116724375944e-06
17861,,3.173025840422366e-06
17862,,3.170615983268977e-06
17863,,3.166534075109014e-06
17864,,3.15972049151454e-06
17865,,3.1431209534650047e-06
17866,,3.1069502729942635e-06
17867,,3.0307515819158373e-06
17868,,2.889252890142213e-06
17869,,2.683891374631914e-06
17870,,2.499157926161419e-06
17871,,2.3992303194414683e-06
17872,,2.3685650331330652e-06
17873,,2.3580418056882846e-06
17874,,2.35742812322504e-06
17875,,2.357169062381863e-06
17876,,2.356965380416855e-06
17877,,2.3552974828841e-06
17878,,2.344268076398678e-06
17879,,2.328818237700971e-06
17880,,2.3113915377029066e-06
17881,,2.311101274763132e-06
17882,,2.301810695650163e-06
17883,,2.2921977576490505e-06
17884,,2.2887332186043087e-06
17885,,2.2883669215738057e-06
17886,,2.288332378970608e-06
17887,,2.288326723003314e-06
17888,,2.2883227606638343e-06
17889,,2.2882947424415557e-06
17890,,2.288285760418842e-06
17891,,2.2882814337204177e-06
17892,,2.2882775849756292e-06
17893,,2.288245991005227e-06
17894,,2.288240287919502e-06
17895,,2.2882362511932864e-06
17896,,2.2882106831207148e-06
17897,,2.288199794957158e-06
17898,,2.2881950244653228e-06
17899,,2.2881911068840475e-06
17900,,2.2881617663370297e-06
17901,,2.2881541825204526e-06
17902,,2.288149840570191e-06
17903,,2.2881459815600726e-06
17904,,2.288114781901878e-06
17905,,2.2881088221715057e-06
17906,,2.2881046976053983e-06
17907,,2.28808083943763e-06
17908,,2.2880687167539302e-06
17909,,2.2880635944321253e-06
17910,,2.2880595780020785e-06
17911,,2.288032016758332e-06
17912,,2.288023141200888e-06
17913,,2.2880184405761183e-06
17914,,2.2880144729284162e-06
17915,,2.287985059687055e-06
17916,,2.2879778352847036e-06
17917,,2.287973330050437e-06
17918,,2.2879693779391293e-06
17919,,2.2879391247946785e-06
17920,,2.2879326832163977e-06
17921,,2.287928247008618e-06
17922,,2.287907217575647e-06
17923,,2.2878937658693034e-06
17924,,2.2878876244205423e-06
17925,,2.28788318343795e-06
17926,,2.287860925235861e-06
17927,,2.2878487485149153e-06
17928,,2.2878426279998467e-06
17929,,2.287838135597263e-06
17930,,2.28781591331055e-06
17931,,2.287803952310885e-06
17932,,2.2877976791596806e-06
17933,,2.2877931020917317e-06
17934,,2.2877717123326284e-06
17935,,2.287759318646568e-06
17936,,2.2877527720276668e-06
17937,,2.2877480828757993e-06
17938,,2.2877280906223614e-06
17939,,2.287714822970419e-06
17940,,2.2877079058277866e-06
17941,,2.2877030787616644e-06
17942,,2.2876989561577173e-06
17943,,2.287670460088918e-06
17944,,2.2876630829012658e-06
17945,,2.287658091130152e-06
17946,,2.2876539108293766e-06
17947,,2.287626236501675e-06
17948,,2.2876183077379533e-06
17949,,2.2876131218494364e-06
17950,,2.287608873997289e-06
17951,,2.287582166501775e-06
17952,,2.2875735864737333e-06
17953,,2.287568173208009e-06
17954,,2.287563846461737e-06
17955,,2.2875382703489977e-06
17956,,2.2875289267663054e-06
17957,,2.2875232479531144e-06
17958,,2.2875188292004717e-06
17959,,2.2874945735414745e-06
17960,,2.287484337810073e-06
17961,,2.2874783493074135e-06
17962,,2.287473823324586e-06
17963,,2.287451106830382e-06
17964,,2.287439830438521e-06
17965,,2.287433481057204e-06
17966,,2.287428830158249e-06
17967,,2.287407906572194e-06
17968,,2.2873954173451758e-06
17969,,2.2873886476173963e-06
17970,,2.2873838512258743e-06
17971,,2.287379736469733e-06
17972,,2.2873511133458104e-06
17973,,2.287343854120148e-06
17974,,2.287338888305628e-06
17975,,2.287334715039343e-06
17976,,2.2873069357197226e-06
17977,,2.2872991065624778e-06
17978,,2.287293943477779e-06
17979,,2.2872897020607774e-06
17980,,2.2872629045747985e-06
17981,,2.28725441189414e-06
17982,,2.2872490191514884e-06
17983,,2.2872446983700874e-06
17984,,2.2872190433354043e-06
17985,,2.2872097782507395e-06
17986,,2.2872041181380264e-06
17987,,2.287199704936784e-06
17988,,2.28717537926794e-06
17989,,2.287165215059654e-06
17990,,2.2871592437071806e-06
17991,,2.287154722890388e-06
17992,,2.2871319441088534e-06
17993,,2.2871207333235393e-06
17994,,2.2871143996680366e-06
17995,,2.2871097535583533e-06
17996,,2.287088774792211e-06
17997,,2.2870763458299836e-06
17998,,2.2870695904530933e-06
17999,,2.2870647984616263e-06
18000,,2.287060686078586e-06
18001,,2.2870320674708083e-06
18002,,2.287024821209744e-06
18003,,2.287019859392487e-06
18004,,2.2870156883763956e-06
18005,,2.2869879155765404e-06
18006,,2.286980097947485e-06
18007,,2.2869749384358076e-06
18008,,2.2869706991300924e-06
18009,,2.286943910320105e-06
18010,,2.2869354276530047e-06
18011,,2.28693003799829e-06
18012,,2.2869257191737e-06
18013,,2.2869000751767233e-06
18014,,2.286890818457654e-06
18015,,2.2868851609013985e-06
18016,,2.2868807494756734e-06
18017,,2.286856437465076e-06
18018,,2.28684627980918e-06
18019,,2.286840310422983e-06
18020,,2.286835791184261e-06
18021,,2.2868130289891516e-06
18022,,2.2868018227447176e-06
18023,,2.286795490383027e-06
18024,,2.2867908456123083e-06
18025,,2.286769886770077e-06
18026,,2.2867574600676154e-06
18027,,2.286750705210472e-06
18028,,2.2867459142955543e-06
18029,,2.286741803474054e-06
18030,,2.2867132067069683e-06
18031,,2.286705960073126e-06
18032,,2.286700999022523e-06
18033,,2.286696829462963e-06
18034,,2.286669080012135e-06
18035,,2.286661260986208e-06
18036,,2.2866561018855877e-06
18037,,2.286651863910433e-06
18038,,2.286625100205586e-06
18039,,2.2866166149540295e-06
18040,,2.286611225293637e-06
18041,,2.2866069076509855e-06
18042,,2.286581290809134e-06
18043,,2.2865720301177247e-06
18044,,2.2865663720762053e-06
18045,,2.2865619616689072e-06
18046,,2.2865376791873214e-06
18047,,2.286527515955947e-06
18048,,2.2865215455166865e-06
18049,,2.286517027097501e-06
18050,,2.286494297221309e-06
18051,,2.286483083511716e-06
18052,,2.286476749437146e-06
18053,,2.286472105253219e-06
18054,,2.2864511819764497e-06
18055,,2.2864387456167582e-06
18056,,2.2864319882801932e-06
18057,,2.286427197689002e-06
18058,,2.286423088237134e-06
18059,,2.2863945172322134e-06
18060,,2.2863872672274316e-06
18061,,2.286382306185319e-06
18062,,2.2863781378831195e-06
18063,,2.286350415743733e-06
18064,,2.2863425923048357e-06
18065,,2.2863374328342833e-06
18066,,2.2863331959927818e-06
18067,,2.2863064614167754e-06
18068,,2.286297970518872e-06
18069,,2.286292580070322e-06
18070,,2.2862882634095962e-06
18071,,2.2862626777940287e-06
18072,,2.286253410029807e-06
18073,,2.286247750705955e-06
18074,,2.286243341101674e-06
18075,,2.2862190923178873e-06
18076,,2.2862089203473724e-06
18077,,2.2862029480382833e-06
18078,,2.2861984302181028e-06
18079,,2.286175736912595e-06
18080,,2.2861645125182353e-06
18081,,2.286158175901074e-06
18082,,2.2861535320796616e-06
18083,,2.2861326487268443e-06
18084,,2.2861201994125132e-06
18085,,2.2861134387346e-06
18086,,2.2861086482314078e-06
18087,,2.286104540085566e-06
18088,,2.2860759960134722e-06
18089,,2.286068741742049e-06
18090,,2.286063780470032e-06
18091,,2.2860596133615505e-06
18092,,2.2860319197459866e-06
18093,,2.2860240909503758e-06
18094,,2.2860189308796366e-06
18095,,2.2860146951026674e-06
18096,,2.2859879908959987e-06
18097,,2.285979493394258e-06
18098,,2.2859741019009654e-06
18099,,2.2859697861535324e-06
18100,,2.285944233072284e-06
18101,,2.2859349572482646e-06
18102,,2.2859292963670033e-06
18103,,2.285924887497591e-06
18104,,2.2859006737667412e-06
18105,,2.285890492022955e-06
18106,,2.285884517566921e-06
18107,,2.2858800002706557e-06
18108,,2.2858573449561764e-06
18109,,2.2858461087988895e-06
18110,,2.2858397693361572e-06
18111,,2.285835125802798e-06
18112,,2.285814283863923e-06
18113,,2.285801820468893e-06
18114,,2.285795056141527e-06
18115,,2.2857902656450244e-06
18116,,2.285786158782327e-06
18117,,2.2857576420369625e-06
18118,,2.2857503831855344e-06
18119,,2.2857454215877586e-06
18120,,2.2857412556459916e-06
18121,,2.2857135909757963e-06
18122,,2.2857057565080064e-06
18123,,2.2857005957358676e-06
18124,,2.285696360994451e-06
18125,,2.2856696876004674e-06
18126,,2.2856611831546156e-06
18127,,2.285655790519805e-06
18128,,2.2856514756547427e-06
18129,,2.2856259555722385e-06
18130,,2.2856166713104556e-06
18131,,2.285611008773835e-06
18132,,2.2856066006099963e-06
18133,,2.2855824224248965e-06
18134,,2.2855722305195285e-06
18135,,2.285566253809531e-06
18136,,2.285561737013716e-06
18137,,2.2855391202041887e-06
18138,,2.285527871879207e-06
18139,,2.285521529458445e-06
18140,,2.285516886189823e-06
18141,,2.285496086207966e-06
18142,,2.2854836083024537e-06
18143,,2.285476840207529e-06
18144,,2.285472049684498e-06
18145,,2.2854679440889606e-06
18146,,2.285439454822926e-06
18147,,2.28543219126034e-06
18148,,2.285427229308502e-06
18149,,2.2854230645201633e-06
18150,,2.285395428938354e-06
18151,,2.2853875886659323e-06
18152,,2.285382427153631e-06
18153,,2.2853781934287598e-06
18154,,2.2853515510203854e-06
18155,,2.285343039481063e-06
18156,,2.2853376456633806e-06
18157,,2.285333331661277e-06
18158,,2.2853078447657593e-06
18159,,2.2852985519214692e-06
18160,,2.2852928876858105e-06
18161,,2.2852884802090017e-06
18162,,2.2852643377610943e-06
18163,,2.2852541355371588e-06
18164,,2.2852481565220513e-06
18165,,2.2852436402029737e-06
18166,,2.2852210621152724e-06
18167,,2.2852098014439952e-06
18168,,2.285203456027058e-06
18169,,2.285198812987191e-06
18170,,2.285178055191346e-06
18171,,2.2851655625916436e-06
18172,,2.285158790682329e-06
18173,,2.2851540001127267e-06
18174,,2.285149895776659e-06
18175,,2.2851214340377895e-06
18176,,2.2851141657085396e-06
18177,,2.285109203377502e-06
18178,,2.285105039741676e-06
18179,,2.285077433315603e-06
18180,,2.285069587160833e-06
18181,,2.28506442489764e-06
18182,,2.2850601921887867e-06
18183,,2.28503358082491e-06
18184,,2.2850250621257207e-06
18185,,2.285019667099904e-06
18186,,2.2850153539649084e-06
18187,,2.284989900315982e-06
18188,,2.2849805988144936e-06
18189,,2.2849749328533356e-06
18190,,2.2849705260595174e-06
18191,,2.284946419431935e-06
18192,,2.284936206808516e-06
18193,,2.28493022546664e-06
18194,,2.284925709619041e-06
18195,,2.2849031703354795e-06
18196,,2.2848918972404892e-06
18197,,2.284885548794413e-06
18198,,2.2848809059789355e-06
18199,,2.2848601904705405e-06
18200,,2.2848476830791425e-06
18201,,2.2848409073245525e-06
18202,,2.2848361166968534e-06
18203,,2.284832013617205e-06
18204,,2.2848035794196177e-06
18205,,2.2847963062878053e-06
18206,,2.2847913435770147e-06
18207,,2.2847871810842926e-06
18208,,2.284759603828414e-06
18209,,2.2847517517675543e-06
18210,,2.2847465887324657e-06
18211,,2.2847423570334537e-06
18212,,2.2847157767408904e-06
18213,,2.284707250845127e-06
18214,,2.2847018546091497e-06
18215,,2.2846975423231233e-06
18216,,2.284672121957519e-06
18217,,2.2846628117532226e-06
18218,,2.2846571440632326e-06
18219,,2.2846527379380203e-06
18220,,2.284628667163128e-06
18221,,2.2846184440958465e-06
18222,,2.284612460414395e-06
18223,,2.284607945027699e-06
18224,,2.2845854445955652e-06
18225,,2.2845741590278175e-06
18226,,2.284567807529278e-06
18227,,2.2845631649369793e-06
18228,,2.284542491766196e-06
18229,,2.2845299695294816e-06
18230,,2.2845231899030816e-06
18231,,2.2845183992093406e-06
18232,,2.284514297389665e-06
18233,,2.284485890737411e-06
18234,,2.284478612783422e-06
18235,,2.2844736496763583e-06
18236,,2.2844694883176803e-06
18237,,2.2844419402462954e-06
18238,,2.2844340822532364e-06
18239,,2.2844289184342714e-06
18240,,2.284424687739152e-06
18241,,2.2843981385307694e-06
18242,,2.284389605413282e-06
18243,,2.2843842079423437e-06
18244,,2.2843798965097944e-06
18245,,2.2843545094400956e-06
18246,,2.2843451905173255e-06
18247,,2.2843395210708014e-06
18248,,2.284335115611131e-06
18249,,2.2843110807198504e-06
18250,,2.284300847166716e-06
18251,,2.284294861129233e-06
18252,,2.284290346199275e-06
18253,,2.2842678846522944e-06
18254,,2.2842565865591376e-06
18255,,2.284250232003746e-06
18256,,2.2842455896198326e-06
18257,,2.2842249588300806e-06
18258,,2.284212421702956e-06
18259,,2.284205638196644e-06
18260,,2.284200847429331e-06
18261,,2.2841967468552e-06
18262,,2.284168367748146e-06
18263,,2.2841610849490415e-06
18264,,2.284156121439471e-06
18265,,2.2841519612168817e-06
18266,,2.284124442330405e-06
18267,,2.2841165783811624e-06
18268,,2.284111413772849e-06
18269,,2.284107184077706e-06
18270,,2.284080665967538e-06
18271,,2.284072125592476e-06
18272,,2.2840667268917115e-06
18273,,2.2840624163009045e-06
18274,,2.284037062538697e-06
18275,,2.284027734855046e-06
18276,,2.2840220636550815e-06
18277,,2.284017658857192e-06
18278,,2.2839936598601108e-06
18279,,2.283983415798098e-06
18280,,2.2839774273899007e-06
18281,,2.2839729129198177e-06
18282,,2.2839504902694317e-06
18283,,2.2839391796254955e-06
18284,,2.2839328219900775e-06
18285,,2.2839281798137324e-06
18286,,2.283907591421699e-06
18287,,2.283895039372284e-06
18288,,2.283888251965584e-06
18289,,2.2838834611228857e-06
18290,,2.283879361792365e-06
18291,,2.2838510102254084e-06
18292,,2.283843722577243e-06
18293,,2.283838758652231e-06
18294,,2.2838345995564425e-06
18295,,2.2838071098474708e-06
18296,,2.283799239935119e-06
18297,,2.283794074531677e-06
18298,,2.2837898458306653e-06
18299,,2.283763358810704e-06
18300,,2.283754811164749e-06
18301,,2.283749411215619e-06
18302,,2.2837451014609374e-06
18303,,2.2837197810260597e-06
18304,,2.2837104445613495e-06
18305,,2.2837047715847525e-06
18306,,2.283700367443167e-06
18307,,2.2836764043493573e-06
18308,,2.2836661497567364e-06
18309,,2.283660158968393e-06
18310,,2.2836556449434358e-06
18311,,2.2836332612138825e-06
18312,,2.2836219379882506e-06
18313,,2.2836155772645865e-06
18314,,2.283610935292684e-06
18315,,2.283590389331022e-06
18316,,2.2835778223135465e-06
18317,,2.283571030995115e-06
18318,,2.2835662400601186e-06
18319,,2.2835621419728985e-06
18320,,2.2835338179489577e-06
18321,,2.283526525423761e-06
18322,,2.283521561081833e-06
18323,,2.2835174031140106e-06
18324,,2.283489942585955e-06
18325,,2.2834820666852524e-06
18326,,2.2834769004709595e-06
18327,,2.283472672758762e-06
18328,,2.283446216833517e-06
18329,,2.2834376619042595e-06
18330,,2.2834322606979875e-06
18331,,2.2834279517760493e-06
18332,,2.2834026646630777e-06
18333,,2.2833933193931085e-06
18334,,2.283387644637452e-06
18335,,2.2833832411553582e-06
18336,,2.283359313979278e-06
18337,,2.2833490488156142e-06
18338,,2.2833430556420017e-06
18339,,2.283338542053216e-06
18340,,2.2833161972596156e-06
18341,,2.2833048614260203e-06
18342,,2.2832984975969594e-06
18343,,2.2832938558220193e-06
18344,,2.283273352313442e-06
18345,,2.2832607702983e-06
18346,,2.2832539750506753e-06
18347,,2.283249184029218e-06
18348,,2.2832450871751742e-06
18349,,2.2832167906827066e-06
18350,,2.2832094932678175e-06
18351,,2.2832045285031015e-06
18352,,2.2832003716521025e-06
18353,,2.283172940308661e-06
18354,,2.283165058392754e-06
18355,,2.2831598913704044e-06
18356,,2.2831556646458534e-06
18357,,2.2831292398171713e-06
18358,,2.283120677574152e-06
18359,,2.2831152751029486e-06
18360,,2.283110967016879e-06
18361,,2.2830857132349114e-06
18362,,2.283076359137874e-06
18363,,2.2830706825900008e-06
18364,,2.2830662797572487e-06
18365,,2.2830423885108727e-06
18366,,2.283032112755503e-06
18367,,2.2830261171781266e-06
18368,,2.2830216040237013e-06
18369,,2.2829992981916613e-06
18370,,2.282987949701224e-06
18371,,2.28298158277222e-06
18372,,2.282976941179734e-06
18373,,2.282956480152892e-06
18374,,2.282943883097427e-06
18375,,2.2829370839103357e-06
18376,,2.282932292788446e-06
18377,,2.282928197169822e-06
18378,,2.2828999282052386e-06
18379,,2.2828926258885583e-06
18380,,2.282887660690211e-06
18381,,2.2828835049555778e-06
18382,,2.2828561027931515e-06
18383,,2.2828482148470657e-06
18384,,2.282843047004687e-06
18385,,2.282838821263334e-06
18386,,2.282812427532499e-06
18387,,2.2828038579649004e-06
18388,,2.2827984542198094e-06
18389,,2.282794146949653e-06
18390,,2.282768926507878e-06
18391,,2.282759563560483e-06
18392,,2.282753885211234e-06
18393,,2.2827494830190407e-06
18394,,2.282725627721063e-06
18395,,2.2827153413474087e-06
18396,,2.282709343355033e-06
18397,,2.2827048306343943e-06
18398,,2.282682563777547e-06
18399,,2.2826712026082375e-06
18400,,2.2826648325487957e-06
18401,,2.2826601911392762e-06
18402,,2.282639772615889e-06
18403,,2.2826271604937887e-06
18404,,2.2826203573466796e-06
18405,,2.2826155661258355e-06
18406,,2.282611471731535e-06
18407,,2.2825832302928577e-06
18408,,2.2825759230542533e-06
18409,,2.282570957416877e-06
18410,,2.2825668027932235e-06
18411,,2.282539429810035e-06
18412,,2.282531535822866e-06
18413,,2.282526367148815e-06
18414,,2.28252214238372e-06
18415,,2.2824957797600763e-06
18416,,2.2824872028381125e-06
18417,,2.2824817978068617e-06
18418,,2.282477491359533e-06
18419,,2.2824523042613613e-06
18420,,2.28244293244327e-06
18421,,2.282437252283763e-06
18422,,2.2824328507263057e-06
18423,,2.2824090313833813e-06
18424,,2.282398734365274e-06
18425,,2.282392733948992e-06
18426,,2.2823882216497635e-06
18427,,2.282365993789097e-06
18428,,2.2823546199151308e-06
18429,,2.282348246716074e-06
18430,,2.2823436054843036e-06
18431,,2.2823232294868703e-06
18432,,2.282310602256924e-06
18433,,2.28230379514115e-06
18434,,2.2822990038076595e-06
18435,,2.282294910635735e-06
18436,,2.282266696719797e-06
18437,,2.2822593845410217e-06
18438,,2.2822544184606896e-06
18439,,2.2822502649440713e-06
18440,,2.2822229211394622e-06
18441,,2.282215021086181e-06
18442,,2.2822098515749903e-06
18443,,2.282205627781872e-06
18444,,2.2821792962701385e-06
18445,,2.2821707119703555e-06
18446,,2.282165305648871e-06
18447,,2.2821610000194444e-06
18448,,2.2821358462757752e-06
18449,,2.282126465553579e-06
18450,,2.2821207835796804e-06
18451,,2.282116382656369e-06
18452,,2.282092599276293e-06
18453,,2.282082291586338e-06
18454,,2.282076288735385e-06
18455,,2.282071776852581e-06
18456,,2.2820495880009087e-06
18457,,2.2820382013881252e-06
18458,,2.2820318250401863e-06
18459,,2.2820271839776873e-06
18460,,2.2820068505372594e-06
18461,,2.2819942081632687e-06
18462,,2.2819873970658406e-06
18463,,2.2819826056133415e-06
18464,,2.2819785136588233e-06
18465,,2.2819503272602333e-06
18466,,2.28194301013344e-06
18467,,2.281938043594073e-06
18468,,2.281933891179468e-06
18469,,2.28190657655183e-06
18470,,2.2818986704192912e-06
18471,,2.281893500066698e-06
18472,,2.2818892772400996e-06
18473,,2.2818629768340688e-06
18474,,2.281854385140862e-06
18475,,2.2818489775218418e-06
18476,,2.281844672700705e-06
18477,,2.2818195523206216e-06
18478,,2.2818101626769027e-06
18479,,2.2818044788711584e-06
18480,,2.281800078574296e-06
18481,,2.281776331174733e-06
18482,,2.2817660127811836e-06
18483,,2.2817600074858774e-06
18484,,2.281755496015123e-06
18485,,4.207428505520815
18486,,89409.99323895221
18487,,4.152751642909951
18488,,709.9468819847124
18489,,4.084362994507187
18490,,3.048733014495547
18491,,1.4594775758479805
18492,,2.770404804195985
18493,,1.4451112040829857
18494,,1.3750510760819228
18495,,1.4118681860558202
18496,,1.3055286499507202
18497,,1.4925300712506218
18498,,1.2663656518378312
18499,,1.1226599209433517
18500,,1.05144604769519
18501,,0.7010328256704327
18502,,0.930260705242062
18503,,0.6945133512764597
18504,,0.6714218777659458
18505,,0.5533584029437189
18506,,0.45579213894805537
18507,,0.3814849379573762
18508,,0.36106784854295776
18509,,0.24978583768512042
18510,,0.42021319783996547
18511,,0.23324255178743195
18512,,0.20992077062860895
18513,,0.24442142088331473
18514,,0.18555776291583304
18515,,0.22006625440298316
18516,,0.16358334770091448
18517,,0.14188504120957168
18518,,0.12136716514877391
18519,,0.2216154680649482
18520,,0.1142922133634473
18521,,0.10664211199353568
18522,,0.15359386340522554
18523,,0.10172460094981493
18524,,0.12111979727213759
18525,,0.09511790153556837
18526,,0.08800253509519215
18527,,0.08421555880213036
18528,,0.0837265691132324
18529,,0.08361740583297061
18530,,0.08359031438953156
18531,,0.08358341712552027
18532,,0.08358164976423409
18533,,0.08358119614546508
18534,,0.08358107966832727
18535,,0.0835810497568678
18536,,0.08358104207535787
18537,,0.08358104010266648
18538,,0.08358103959606027
18539,,0.08358103946595787
18540,,0.08358103943254677
18541,,0.08358103942396451
18542,,0.08358103942176248
18543,,0.08358103942119478
18544,,0.08358103942105112
18545,,0.0835810394210133
18546,,0.08358103942100378
18547,,0.08358103942100131
18548,,0.08358103942100073
18549,,0.08358103942100047
18550,,0.0835810394210002
18551,,0.0835810394210002
18552,,25.86261565434759
18553,,0.08172116794329731
18554,,0.29162589206484213
18555,,0.0802238913871647
18556,,0.08255617888472429
18557,,0.07806476371738208
18558,,0.07686815219107011
18559,,0.0906510340942804
18560,,0.0738447034235087
18561,,0.07093476984865049
18562,,0.0664668264010909
18563,,0.06446141978515363
18564,,0.05477586335473796
18565,,0.0879630437494661
18566,,0.052562166239901634
18567,,0.05296151199526174
18568,,0.04849325795773241
18569,,0.04574628517834083
18570,,0.034343636502706304
18571,,0.021986256070808955
18572,,0.0184807942333392
18573,,0.015668338336306487
18574,,0.014930979179295478
18575,,0.013657904593382569
18576,,0.011392475324777255
18577,,0.01556710823477467
18578,,0.010674439317303393
18579,,0.009374580561746799
18580,,0.008693805696828724
18581,,0.007861394244327998
18582,,0.007012058215239006
18583,,0.0058533061133733705
18584,,0.004518725934500334
18585,,0.003672689659938309
18586,,0.003152892968651493
18587,,0.0026024070049913564
18588,,0.0020918508733365213
18589,,0.0016282261119841888
18590,,0.0014115529985226402
18591,,0.0013130181980779679
18592,,0.0011801663540789193
18593,,0.0010032908164698407
18594,,0.0008357299453157882
18595,,0.0007990004439564268
18596,,0.0007838743546372238
18597,,0.000778254453686414
18598,,0.0007756179547145411
18599,,0.0007716867019209669
18600,,0.0007640799474523193
18601,,0.0007493773544580664
18602,,0.0007239562604033008
18603,,0.00067783617112959
18604,,0.0005655914500881468
18605,,0.0005121495430193392
18606,,0.00033902728063524095
18607,,0.00023787014974720313
18608,,0.00020096513664207713
18609,,0.0001922844764991176
18610,,0.00018892658633995777
18611,,0.00018593444103353577
18612,,0.0001827207774548355
18613,,0.0001786240832480107
18614,,0.0001724197373629907
18615,,0.00016618482525204652
18616,,0.0001589348443349476
18617,,0.00014830927971151679
18618,,0.00013913054017738097
18619,,0.00013350573431040056
18620,,0.00012978434552723207
18621,,0.000127402483926708
18622,,0.00012408837195108856
18623,,0.00011813818979659133
18624,,0.00011354930368935767
18625,,0.00011138518374508626
18626,,0.00011034714490888001
18627,,0.00010899381091304532
18628,,0.00010631850321866024
18629,,0.00010381424935280587
18630,,0.00010306133728876409
18631,,0.00010292240390875162
18632,,0.00010284412579241345
18633,,0.00010265614405146488
18634,,0.00010233108438055627
18635,,0.00010164506454584283
18636,,0.00010018925276680155
18637,,9.715960971483553e-05
18638,,9.129292688971345e-05
18639,,8.168229336905909e-05
18640,,7.028306569984733e-05
18641,,6.316301184674742e-05
18642,,5.9875455428703185e-05
18643,,5.817728828881629e-05
18644,,5.7930670654528375e-05
18645,,5.764754550504483e-05
18646,,5.696670172220631e-05
18647,,5.5555907590579235e-05
18648,,5.300644605192837e-05
18649,,4.938036742861713e-05
18650,,4.6870659868652616e-05
18651,,4.507688817110041e-05
18652,,4.432956357721796e-05
18653,,4.401035347841109e-05
18654,,4.3858307395119564e-05
18655,,4.3699867769247026e-05
18656,,4.337700114190111e-05
18657,,4.2662470444328654e-05
18658,,4.115778177688481e-05
18659,,3.8230175599512034e-05
18660,,3.3580023434190264e-05
18661,,2.8456623930239424e-05
18662,,2.541826580601856e-05
18663,,2.4327365712433823e-05
18664,,2.4124370561396802e-05
18665,,2.4079209472498494e-05
18666,,2.40748196405982e-05
18667,,2.4072058105963098e-05
18668,,2.406693960285505e-05
18669,,2.4056727224669618e-05
18670,,2.4034662423783534e-05
18671,,2.3985820868371945e-05
18672,,2.3876775180216403e-05
18673,,2.3634386610355283e-05
18674,,2.3108571783474127e-05
18675,,2.2037705243690506e-05
18676,,2.0140849309926295e-05
18677,,1.7585143249055784e-05
18678,,7.477919583767978e-05
18679,,1.7491630278492086e-05
18680,,1.5374067633914835e-05
18681,,1.4430525904870165e-05
18682,,1.4221054187479295e-05
18683,,1.419392990675725e-05
18684,,1.4190007554120112e-05
18685,,1.4186090735128596e-05
18686,,1.4171566069711476e-05
18687,,1.4136894311177791e-05
18688,,1.4056925657913934e-05
18689,,1.387540409840333e-05
18690,,1.347536737875932e-05
18691,,1.2652117015664558e-05
18692,,1.1188178334071623e-05
18693,,9.226536139190479e-06
18694,,2.5211292567642875e-05
18695,,9.073265019704842e-06
18696,,7.540895179254501e-06
18697,,6.83653069596329e-06
18698,,6.690631831173572e-06
18699,,6.673117519549162e-06
18700,,6.671674959229524e-06
18701,,6.6714037873971285e-06
18702,,6.670964814989451e-06
18703,,6.669451593940935e-06
18704,,6.6662854309711875e-06
18705,,6.658166528239106e-06
18706,,6.639815694435502e-06
18707,,6.597282089562609e-06
18708,,6.500516019830002e-06
18709,,6.285984493737378e-06
18710,,5.838473397203611e-06
18711,,5.020147732002854e-06
18712,,3.8688190291474655e-06
18713,,3.399249977681928e-06
18714,,2.6867563135997087e-06
18715,,2.2406073565106565e-06
18716,,2.1813458251720805e-06
18717,,2.1746444157787695e-06
18718,,2.1741041866970694e-06
18719,,2.174070965151165e-06
18720,,2.174069172835795e-06
18721,,2.1740689296150204e-06
18722,,2.1740687837306684e-06
18723,,2.17406789984232e-06
18724,,2.174067450487239e-06
18725,,2.1740672830272415e-06
18726,,2.1740671428270155e-06
18727,,2.1740660341872336e-06
18728,,2.1740657900520784e-06
18729,,2.174065640584779e-06
18730,,2.174064847569502e-06
18731,,2.1740643257059386e-06
18732,,2.1740641420412846e-06
18733,,2.1740639993821356e-06
18734,,2.1740629678434226e-06
18735,,2.1740626573521675e-06
18736,,2.1740624983469517e-06
18737,,2.1740623586758613e-06
18738,,2.174061224768009e-06
18739,,2.174061004462366e-06
18740,,2.174060856492447e-06
18741,,2.174059988476614e-06
18742,,2.1740595377731998e-06
18743,,2.17405935830356e-06
18744,,2.1740592154563153e-06
18745,,2.1740581748186054e-06
18746,,2.174057875540061e-06
18747,,2.174057715179206e-06
18748,,2.1740575748030356e-06
18749,,2.174056452447331e-06
18750,,2.174056224526474e-06
18751,,2.174056073451937e-06
18752,,2.1740552608633866e-06
18753,,2.174054771654848e-06
18754,,2.174054578719233e-06
18755,,2.1740544323862084e-06
18756,,2.174053467383716e-06
18757,,2.174053110256014e-06
18758,,2.174052935404292e-06
18759,,2.1740527916575894e-06
18760,,2.1740517462634477e-06
18761,,2.1740514582048053e-06
18762,,2.174051293328682e-06
18763,,2.174051151093386e-06
18764,,2.174050060279001e-06
18765,,2.174049810863584e-06
18766,,2.1740496519167663e-06
18767,,2.1740495106381e-06
18768,,2.1740483921933595e-06
18769,,2.174048166041311e-06
18770,,2.1740480108745693e-06
18771,,2.174047230402036e-06
18772,,2.1740467337851456e-06
18773,,2.1740465226617477e-06
18774,,2.1740463700619996e-06
18775,,2.1740455177223485e-06
18776,,2.17404508098992e-06
18777,,2.1740448801766327e-06
18778,,2.1740447293931014e-06
18779,,2.1740438269579987e-06
18780,,2.174043431701863e-06
18781,,2.174043238277586e-06
18782,,2.1740430888356004e-06
18783,,2.174042150041095e-06
18784,,2.1740417847648994e-06
18785,,2.1740415967911486e-06
18786,,2.1740414483518857e-06
18787,,2.1740404824928588e-06
18788,,2.1740401394915433e-06
18789,,2.174039955622662e-06
18790,,2.1740398079255147e-06
18791,,2.1740388216399156e-06
18792,,2.1740384954613185e-06
18793,,2.174038314683759e-06
18794,,2.1740381675526097e-06
18795,,2.174037165807654e-06
18796,,2.1740368523960647e-06
18797,,2.174036673942862e-06
18798,,2.1740365272166015e-06
18799,,2.1740355138669355e-06
18800,,2.1740352100954423e-06
18801,,2.174035033357171e-06
18802,,2.1740348869130604e-06
18803,,2.174033865039485e-06
18804,,2.174033568422324e-06
18805,,2.1740333928958007e-06
18806,,2.174033246640322e-06
18807,,2.1740322187450003e-06
18808,,2.1740319272723572e-06
18809,,2.174031752546242e-06
18810,,2.174031606386214e-06
18811,,2.174030574570344e-06
18812,,2.1740302865663646e-06
18813,,2.1740301122925807e-06
18814,,2.1740299661602022e-06
18815,,2.1740289321877463e-06
18816,,2.1740286462408392e-06
18817,,2.1740284721252887e-06
18818,,2.174028325953406e-06
18819,,2.17402729135214e-06
18820,,2.174027006256422e-06
18821,,2.1740268320295786e-06
18822,,2.1740266857607283e-06
18823,,2.174025651875914e-06
18824,,2.174025366569867e-06
18825,,2.174025192004346e-06
18826,,2.1740250455874868e-06
18827,,2.1740240135996697e-06
18828,,2.174023727152082e-06
18829,,2.1740235520461092e-06
18830,,2.1740234054300547e-06
18831,,2.1740223764158874e-06
18832,,2.1740220879831724e-06
18833,,2.1740219121443197e-06
18834,,2.1740217652823977e-06
18835,,2.174020740224173e-06
18836,,2.174020449048029e-06
18837,,2.1740202722914985e-06
18838,,2.174020125156161e-06
18839,,2.1740191049592806e-06
18840,,2.174018810327625e-06
18841,,2.1740186324948478e-06
18842,,2.1740184850385983e-06
18843,,2.174017470565154e-06
18844,,2.174017171817834e-06
18845,,2.174016992748968e-06
18846,,2.174016844939999e-06
18847,,2.174015837000155e-06
18848,,2.1740155335095536e-06
18849,,2.174015353056107e-06
18850,,2.1740152048477287e-06
18851,,2.174014204231093e-06
18852,,2.174013895396019e-06
18853,,2.1740137134181365e-06
18854,,2.174013564773712e-06
18855,,2.174012572242115e-06
18856,,2.1740122574849206e-06
18857,,2.174012073824692e-06
18858,,2.174011924715605e-06
18859,,2.1740109410190773e-06
18860,,2.174010619758296e-06
18861,,2.1740104342794576e-06
18862,,2.1740102846610884e-06
18863,,2.1740093105636182e-06
18864,,2.1740089822298564e-06
18865,,2.1740087947856538e-06
18866,,2.1740086446305464e-06
18867,,2.174007680868853e-06
18868,,2.174007344895487e-06
18869,,2.17400715534802e-06
18870,,2.174007004610098e-06
18871,,2.1740060519433625e-06
18872,,2.1740057077609053e-06
18873,,2.174005515954454e-06
18874,,2.1740053646032173e-06
18875,,2.1740044238007954e-06
18876,,2.17400407083414e-06
18877,,2.1740038766289833e-06
18878,,2.174003724619976e-06
18879,,2.1740027964572354e-06
18880,,2.174002434111486e-06
18881,,2.1740022373452233e-06
18882,,2.1740020846477365e-06
18883,,2.1740011699336706e-06
18884,,2.1740007976099985e-06
18885,,2.1740005981298024e-06
18886,,2.1740004446849157e-06
18887,,2.173999544245057e-06
18888,,2.173999161329268e-06
18889,,2.173998958969664e-06
18890,,2.1739988047489162e-06
18891,,2.173997919439144e-06
18892,,2.173997525276039e-06
18893,,2.1739973198703484e-06
18894,,2.1739971648254664e-06
18895,,2.1739962955385267e-06
18896,,2.1739958894699018e-06
18897,,2.173995680833586e-06
18898,,2.1739955249184668e-06
18899,,2.1739946725761277e-06
18900,,2.1739942539121326e-06
18901,,2.173994041873267e-06
18902,,2.1739938850313877e-06
18903,,2.1739930505933862e-06
18904,,2.1739926186222537e-06
18905,,2.1739924029791904e-06
18906,,2.1739922451696624e-06
18907,,2.173991429639216e-06
18908,,2.173990983600574e-06
18909,,2.173990764159365e-06
18910,,2.173990605326113e-06
18911,,2.1739898097576443e-06
18912,,2.17398934886854e-06
18913,,2.1739891254215434e-06
18914,,2.173988965499345e-06
18915,,2.1739881910005094e-06
18916,,2.173987714443289e-06
18917,,2.173987486760863e-06
18918,,2.173987325701501e-06
18919,,2.173986573421089e-06
18920,,2.173986080331218e-06
18921,,2.173985848186463e-06
18922,,2.1739856859263312e-06
18923,,2.1739849570762616e-06
18924,,2.173984446553769e-06
18925,,2.1739842097099217e-06
18926,,2.1739840461774193e-06
18927,,2.1739833420362375e-06
18928,,2.1739828131275776e-06
18929,,2.1739825713258504e-06
18930,,2.173982406453596e-06
18931,,2.1739822622107436e-06
18932,,2.1739811800681563e-06
18933,,2.1739809330378967e-06
18934,,2.1739807667574285e-06
18935,,2.1739806221347185e-06
18936,,2.1739795474061518e-06
18937,,2.173979294861337e-06
18938,,2.173979127091738e-06
18939,,2.1739789820666637e-06
18940,,2.173977915146182e-06
18941,,2.1739776567919446e-06
18942,,2.1739774874593117e-06
18943,,2.173977342004773e-06
18944,,2.173976283319834e-06
18945,,2.1739760188431547e-06
18946,,2.1739758478570885e-06
18947,,2.173975701961485e-06
18948,,2.173974651945828e-06
18949,,2.1739743810112532e-06
18950,,2.173974208289858e-06
18951,,2.1739740619262645e-06
18952,,2.1739730210536567e-06
18953,,2.1739727433154645e-06
18954,,2.1739725687543416e-06
18955,,2.173972421897116e-06
18956,,2.1739713906636614e-06
18957,,2.173971105762044e-06
18958,,2.1739709292588962e-06
18959,,2.1739707818833423e-06
18960,,2.1739697608142865e-06
18961,,2.173969468344057e-06
18962,,2.1739692898097107e-06
18963,,2.1739691418735608e-06
18964,,2.1739681315236425e-06
18965,,2.173967831085821e-06
18966,,2.1739676504005674e-06
18967,,2.1739675018836163e-06
18968,,2.17396650282979e-06
18969,,2.1739661939881558e-06
18970,,2.1739660110345216e-06
18971,,2.1739658619062456e-06
18972,,2.173964874758323e-06
18973,,2.1739645570597344e-06
18974,,2.173964371712574e-06
18975,,2.1739642219444498e-06
18976,,2.1739632473516525e-06
18977,,2.1739629203088253e-06
18978,,2.1739627324412103e-06
18979,,2.1739625819906414e-06
18980,,2.1739616206426324e-06
18981,,2.173961283750678e-06
18982,,2.173961093226414e-06
18983,,2.1739609420582634e-06
18984,,2.1739599946719544e-06
18985,,2.173959647389059e-06
18986,,2.1739594540615458e-06
18987,,2.173959302135873e-06
18988,,2.173958369478504e-06
18989,,2.173958011248109e-06
18990,,2.1739578149553955e-06
18991,,2.1739576622340066e-06
18992,,2.173956745113755e-06
18993,,2.1739563753261726e-06
18994,,2.173956175914686e-06
18995,,2.1739560223467086e-06
18996,,2.1739551216147164e-06
18997,,2.173954739640064e-06
18998,,2.173954536938839e-06
18999,,2.1739543824789067e-06
19000,,2.1739534990299933e-06
19001,,2.1739531042002187e-06
19002,,2.173952898029291e-06
19003,,2.173952742634195e-06
19004,,2.173951877420141e-06
19005,,2.173951469026209e-06
19006,,2.173951259190875e-06
19007,,2.1739511028054027e-06
19008,,2.173950256832024e-06
19009,,2.173949834132932e-06
19010,,2.173949620426454e-06
19011,,2.17394946300131e-06
19012,,2.1739486373280675e-06
19013,,2.173948199533147e-06
19014,,2.17394798175044e-06
19015,,2.1739478232194137e-06
19016,,2.1739470189628826e-06
19017,,2.1739465652419116e-06
19018,,2.173946343153833e-06
19019,,2.173946183457481e-06
19020,,2.1739454018078533e-06
19021,,2.1739449312779667e-06
19022,,2.1739447046464564e-06
19023,,2.1739445437268783e-06
19024,,2.1739437859320513e-06
19025,,2.1739432976600325e-06
19026,,2.1739430662387767e-06
19027,,2.1739429040184203e-06
19028,,2.1739421714000946e-06
19029,,2.173941664410159e-06
19030,,2.173941427926525e-06
19031,,2.173941264338413e-06
19032,,2.1739405582960147e-06
19033,,2.17394003155072e-06
19034,,2.173939789720475e-06
19035,,2.1739396246894825e-06
19036,,2.1739394803615007e-06
19037,,2.1739383990939268e-06
19038,,2.1739381516297297e-06
19039,,2.1739379850752026e-06
19040,,2.1739378403380497e-06
19041,,2.1739367670742608e-06
19042,,2.173936513652857e-06
19043,,2.1739363454887127e-06
19044,,2.1739362003130537e-06
19045,,2.1739351355091394e-06
19046,,2.17393487580188e-06
19047,,2.173934705939414e-06
19048,,2.173934560303653e-06
19049,,2.1739335044270525e-06
19050,,2.1739332380819624e-06
19051,,2.1739330664249123e-06
19052,,2.1739329203028092e-06
19053,,2.17393187385763e-06
19054,,2.1739316005010593e-06
19055,,2.173931426943687e-06
19056,,2.173931280311245e-06
19057,,2.173930243822595e-06
19058,,2.1739299630733937e-06
19059,,2.1739297875122874e-06
19060,,2.1739296403394065e-06
19061,,2.173928614362488e-06
19062,,2.1739283257980586e-06
19063,,2.173928148121917e-06
19064,,2.1739280003743924e-06
19065,,2.1739269855032333e-06
19066,,2.1739266886849967e-06
19067,,2.1739265087767564e-06
19068,,2.1739263604218596e-06
19069,,2.1739253572825355e-06
19070,,2.1739250517484595e-06
19071,,2.1739248694773848e-06
19072,,2.1739247204871697e-06
19073,,2.173923729738354e-06
19074,,2.1739234149893824e-06
19075,,2.1739232302327446e-06
19076,,2.1739230805664354e-06
19077,,2.1739221029039866e-06
19078,,2.1739217784317683e-06
19079,,2.173921591036496e-06
19080,,2.1739214406629434e-06
19081,,2.173920476826084e-06
19082,,2.1739201420727555e-06
19083,,2.17391995189962e-06
19084,,2.173919800769457e-06
19085,,2.1739188515394473e-06
19086,,2.1739185059344655e-06
19087,,2.1739183128207508e-06
19088,,2.173918160895275e-06
19089,,2.1739172271000087e-06
19090,,2.173916870024939e-06
19091,,2.1739166738083416e-06
19092,,2.173916521042188e-06
19093,,2.173915603550117e-06
19094,,2.173915234359367e-06
19095,,2.173915034858865e-06
19096,,2.173914881206817e-06
19097,,2.173913980943824e-06
19098,,2.173913598949171e-06
19099,,2.173913395981117e-06
19100,,2.173913241389365e-06
19101,,2.1739123593304637e-06
19102,,2.1739119638112983e-06
19103,,2.173911757181741e-06
19104,,2.1739116015918555e-06
19105,,2.173910738775254e-06
19106,,2.1739103289569438e-06
19107,,2.173910118457679e-06
19108,,2.1739099618220417e-06
19109,,2.1739091193283373e-06
19110,,2.1739086944091076e-06
19111,,2.173908479810361e-06
19112,,2.1739083220711423e-06
19113,,2.1739075010676306e-06
19114,,2.173907060175823e-06
19115,,2.173906841262754e-06
19116,,2.1739066823483753e-06
19117,,2.173905884045472e-06
19118,,2.1739054262883318e-06
19119,,2.1739052027996335e-06
19120,,2.173905042651711e-06
19121,,2.1739042683480686e-06
19122,,2.1739037927559064e-06
19123,,2.173903564437454e-06
19124,,2.1739034029796422e-06
19125,,2.1739026540427825e-06
19126,,2.173902159604151e-06
19127,,2.1739019261828787e-06
19128,,2.173901763338048e-06
19129,,2.173901041211705e-06
19130,,2.1739005268528144e-06
19131,,2.1739002880277855e-06
19132,,2.1739001237257723e-06
19133,,2.1738999795710985e-06
19134,,2.1738988945275597e-06
19135,,2.173898650000811e-06
19136,,2.173898484148667e-06
19137,,2.1738983395750677e-06
19138,,2.1738972626503448e-06
19139,,2.173897012089132e-06
19140,,2.173896844603643e-06
19141,,2.173896699588788e-06
19142,,2.1738956312453075e-06
19143,,2.173895374311652e-06
19144,,2.1738952050949248e-06
19145,,2.173895059610593e-06
19146,,2.173894000344779e-06
19147,,2.173893736666322e-06
19148,,2.1738935656204795e-06
19149,,2.1738934196428895e-06
19150,,2.1738923699775893e-06
19151,,2.1738920991689906e-06
19152,,2.173891926192995e-06
19153,,2.173891779689504e-06
19154,,2.173890740162597e-06
19155,,2.1738904618227804e-06
19156,,2.1738902868062663e-06
19157,,2.173890139750803e-06
19158,,2.1738891109493543e-06
19159,,2.1738888246427872e-06
19160,,2.1738886474648716e-06
19161,,2.173888499820591e-06
19162,,2.1738874823680817e-06
19163,,2.1738871876298764e-06
19164,,2.1738870081712154e-06
19165,,2.173886859905839e-06
19166,,2.173885854452765e-06
19167,,2.173885550803044e-06
19168,,2.1738853689224086e-06
19169,,2.17388522000552e-06
19170,,2.173884227235095e-06
19171,,2.1738839141667045e-06
19172,,2.173883729735346e-06
19173,,2.1738835801197702e-06
19174,,2.1738826007607856e-06
19175,,2.1738822777285682e-06
19176,,2.173882090594063e-06
19177,,2.1738819402529763e-06
19178,,2.173880975079248e-06
19179,,2.1738806415085218e-06
19180,,2.1738804515191444e-06
19181,,2.1738803004060673e-06
19182,,2.173879350232432e-06
19183,,2.1738790055169184e-06
19184,,2.1738788125061757e-06
19185,,2.1738786605711324e-06
19186,,2.173877726261972e-06
19187,,2.173877369764055e-06
19188,,2.173877173556184e-06
19189,,2.1738770207580247e-06
19190,,2.173876103232351e-06
19191,,2.173875734264578e-06
19192,,2.1738755346769255e-06
19193,,2.173875380958249e-06
19194,,2.173874481185422e-06
19195,,2.173874099036421e-06
19196,,2.1738738958758404e-06
19197,,2.1738737411873137e-06
19198,,2.173872860186753e-06
19199,,2.173872464092852e-06
19200,,2.173872257146383e-06
19201,,2.173872101436126e-06
19202,,2.1738712402909075e-06
19203,,2.173870829450193e-06
19204,,2.1738706185051344e-06
19205,,2.1738704617055877e-06
19206,,2.1738696215645194e-06
19207,,2.173869195126619e-06
19208,,2.1738689799469175e-06
19209,,2.17386882200298e-06
19210,,2.1738680040824994e-06
19211,,2.1738675611384776e-06
19212,,2.173867341486961e-06
19213,,2.173867182325751e-06
19214,,2.1738663879068002e-06
19215,,2.1738659275099166e-06
19216,,2.1738657031202273e-06
19217,,2.173865542675066e-06
19218,,2.173864773119993e-06
19219,,2.1738642942517855e-06
19220,,2.173864064857006e-06
19221,,2.1738639030552046e-06
19222,,2.1738631597988545e-06
19223,,2.173862661400356e-06
19224,,2.173862426705013e-06
19225,,2.173862263468372e-06
19226,,2.1738615480332248e-06
19227,,2.1738610289704204e-06
19228,,2.1738607886678627e-06
19229,,2.173860623904243e-06
19230,,2.173860479614795e-06
19231,,2.1738593969839416e-06
19232,,2.173859150750901e-06
19233,,2.1738589843797498e-06
19234,,2.173858839654968e-06
19235,,2.173857765472841e-06
19236,,2.1738575129662906e-06
19237,,2.1738573448954484e-06
19238,,2.1738571997038597e-06
19239,,2.17385613446596e-06
19240,,2.173855875319439e-06
19241,,2.173855705443845e-06
19242,,2.173855559763602e-06
19243,,2.1738545039817255e-06
19244,,2.1738542378135027e-06
19245,,2.173854066033644e-06
19246,,2.173853919839675e-06
19247,,2.1738528740661245e-06
19248,,2.1738526004647586e-06
19249,,2.173852426665538e-06
19250,,2.1738522799288596e-06
19251,,2.1738512447379574e-06
19252,,2.173850963273341e-06
19253,,2.1738507873405288e-06
19254,,2.1738506400220255e-06
19255,,2.173849616040366e-06
19256,,2.173849326257477e-06
19257,,2.1738491480702807e-06
19258,,2.173849000136627e-06
19259,,2.173847988009844e-06
19260,,2.1738476894201427e-06
19261,,2.1738475088429937e-06
19262,,2.173847360264666e-06
19263,,2.1738463606840713e-06
19264,,2.173846052777062e-06
19265,,2.173845869669273e-06
19266,,2.1738457204043033e-06
19267,,2.1738447340969265e-06
19268,,2.1738444163343493e-06
19269,,2.173844230556128e-06
19270,,2.173844080566006e-06
19271,,2.173843108303023e-06
19272,,2.1738427801123644e-06
19273,,2.173842591497315e-06
19274,,2.173842440739369e-06
19275,,2.1738414833447298e-06
19276,,2.1738411441134093e-06
19277,,2.173840952508238e-06
19278,,2.1738408009349906e-06
19279,,2.173839859266064e-06
19280,,2.1738395083534016e-06
19281,,2.1738393135816868e-06
19282,,2.1738391611447803e-06
19283,,2.1738382361218208e-06
19284,,2.17383787285195e-06
19285,,2.1738376747209863e-06
19286,,2.1738375213760664e-06
19287,,2.173836613971068e-06
19288,,2.1738362376198806e-06
19289,,2.1738360359381722e-06
19290,,2.1738358816309378e-06
19291,,2.1738349928682458e-06
19292,,2.173834602669786e-06
19293,,2.1738343972333466e-06
19294,,2.173834241907481e-06
19295,,2.1738333728676503e-06
19296,,2.1738329680252187e-06
19297,,2.173832758612087e-06
19298,,2.1738326022063946e-06
19299,,2.173831754043234e-06
19300,,2.1738313336999583e-06
19301,,2.1738311200742e-06
19302,,2.17383096252721e-06
19303,,2.173830136467051e-06
19304,,2.1738296997104185e-06
19305,,2.173829481635023e-06
19306,,2.173829322875984e-06
19307,,2.1738285202010555e-06
19308,,2.1738280660803743e-06
19309,,2.1738278432915857e-06
19310,,2.1738276832536224e-06
19311,,2.1738269053281032e-06
19312,,2.173826432834187e-06
19313,,2.1738262050527167e-06
19314,,2.173826043661838e-06
19315,,2.1738252919257543e-06
19316,,2.173824799980975e-06
19317,,2.1738245669237244e-06
19318,,23.4236859276779
19319,,78035.25724410452
19320,,23.25950122962992
19321,,539.8523210672769
19322,,23.013095070749454
19323,,5.839870237351797
19324,,1516.824291762525
19325,,5.768005250076642
19326,,7.527132800948546
19327,,5.2067256989015895
19328,,4.057221262606325
19329,,3.910662285407983
19330,,3.190496876637571
19331,,33.82091820663931
19332,,3.1452527360670053
19333,,2.3324258334978345
19334,,6.268725725164475
19335,,2.3134185392005655
19336,,2.185728809326336
19337,,1.9887386499412
19338,,1.819913667834395
19339,,8.859418523189285
19340,,1.734394548707722
19341,,1.3467163206849035
19342,,1.102295806740266
19343,,1.2742307336694925
19344,,1.0303146795911549
19345,,0.6820821651919946
19346,,0.5200870193764688
19347,,0.5136966855995716
19348,,0.5133444706332176
19349,,0.5133247393352626
19350,,0.5133236329763644
19351,,0.5133235709382716
19352,,0.5133235674595338
19353,,0.513323567264468
19354,,0.513323567253531
19355,,0.5133235672529183
19356,,0.5133235672528823
19357,,0.5133235672528809
19358,,0.5133235672528808
19359,,0.5133235672528808
19360,,0.35588523337653377
19361,,0.26247385641184967
19362,,0.16120186319429322
19363,,0.158733122537071
19364,,0.1585006102654331
19365,,0.15847661676317246
19366,,0.15847411797186164
19367,,0.15847385748812656
19368,,0.15847383033158866
19369,,0.15847382750037456
19370,,0.15847382720520528
19371,,0.15847382717443254
19372,,0.15847382717122296
19373,,0.15847382717089029
19374,,0.1584738271708549
19375,,0.15847382717085112
19376,,0.1584738271708511
19377,,0.1584738271708511
19378,,0.13520615954175144
19379,,0.12004080046793553
19380,,8.31284278241734
19381,,0.11842995775587269
19382,,0.11508532257876342
19383,,0.11738109360647885
19384,,0.1133147435551247
19385,,0.10549311167591072
19386,,0.10123109575133422
19387,,0.09524009220600314
19388,,0.09464619150002344
19389,,0.09456117734295098
19390,,0.0945484148281545
19391,,0.09454648533467437
19392,,0.09454619331480639
19393,,0.09454614911184228
19394,,0.09454614242068837
19395,,0.09454614140782207
19396,,0.09454614125449995
19397,,0.09454614123129086
19398,,0.09454614122777848
19399,,0.09454614122724786
19400,,0.09454614122716577
19401,,0.0945461412271527
19402,,0.09454614122715087
19403,,0.09454614122715096
19404,,7.110054419360776
19405,,0.09048836584412849
19406,,0.11651180253271498
19407,,0.08490456649344837
19408,,0.2188827200424471
19409,,0.08192349101820369
19410,,0.07687845712626999
19411,,0.07186116171237691
19412,,0.058747311115834304
19413,,0.053652568562929596
19414,,0.0742723424783843
19415,,0.04893187867371981
19416,,0.046151911624299415
19417,,0.04311998018214031
19418,,0.061582320825327885
19419,,0.04169562871384937
19420,,0.0403400943944042
19421,,0.03771730987774776
19422,,0.03405420703861182
19423,,0.029296970695383926
19424,,0.02230036009511092
19425,,0.016849239804291788
19426,,0.012086282850573312
19427,,0.010380421913777456
19428,,0.008764837046157738
19429,,0.007736987910827325
19430,,0.006391036694539172
19431,,0.005758833118000115
19432,,0.005545766665814825
19433,,0.005471942946800249
19434,,0.005388217638538392
19435,,0.005192804026979267
19436,,0.004865755277067917
19437,,0.004401523755946316
19438,,0.0039046047602736135
19439,,0.0036557961638331075
19440,,0.003564446883789519
19441,,0.0035055929847116547
19442,,0.003414001272225093
19443,,0.0032102229855235664
19444,,0.002859644009634722
19445,,0.0029022374305113546
19446,,0.0027428941267610874
19447,,0.0025705922997001367
19448,,0.0025210660800901482
19449,,0.0025041448493711245
19450,,0.002490931610514974
19451,,0.002463455560797865
19452,,0.002391627309380557
19453,,0.0023078843016687
19454,,0.0021636901063796393
19455,,0.0019434366881957332
19456,,0.0016722359870352038
19457,,0.0013419715708472297
19458,,0.0009135385095558891
19459,,0.0006809246577958076
19460,,0.0005528830373432062
19461,,0.0005255421378268524
19462,,0.0005206965081385764
19463,,0.0005170587998634643
19464,,0.0005124286318377124
19465,,0.0005087905291567556
19466,,0.0005044220787914806
19467,,0.0004988211339282287
19468,,0.0004923077074535508
19469,,0.0004859517518234091
19470,,0.00047941340700005154
19471,,0.00047236692182175814
19472,,0.00046561855670415505
19473,,0.0004581008363763
19474,,0.0004466711335073898
19475,,0.00042919230539892566
19476,,0.00040623349192929026
19477,,0.0003814785700466882
19478,,0.0003669074768977988
19479,,0.0003580308433079758
19480,,0.00035604057739929907
19481,,0.00035410490493666325
19482,,0.00035009519722249753
19483,,0.00034228620002160797
19484,,0.000327456376302847
19485,,0.00034850660814280705
19486,,0.00032261500656071193
19487,,0.00031131528971370766
19488,,0.0003064612785587406
19489,,0.00030470878723492877
19490,,0.00030381840088768104
19491,,0.0003023519716458647
19492,,0.0002990934000681677
19493,,0.0002919406178426367
19494,,0.00027712667293499206
19495,,0.00025009898032013163
19496,,0.00021110674598346954
19497,,0.00017287912959204342
19498,,0.00015480523871663524
19499,,0.00014490826482025087
19500,,0.0001440175418677388
19501,,0.0001438690737529205
19502,,0.00014377424764580672
19503,,0.0001436787464971506
19504,,0.0001435783762010471
19505,,0.00014343363266884032
19506,,0.00014316762873689038
19507,,0.00014263961424295225
19508,,0.00014166225949581066
19509,,0.0001401810732242976
19510,,0.00014489005026012002
19511,,0.00013985556577468284
19512,,0.00013864502519934344
19513,,0.00013804540362158057
19514,,0.00013787501815174622
19515,,0.00013780002379997408
19516,,0.00013769005582597084
19517,,0.0001374303130573847
19518,,0.00013682227566220374
19519,,0.00013542486261040602
19520,,0.00013227548592176238
19521,,0.00012547340344971908
19522,,0.00011207397301225254
19523,,9.0242598379232e-05
19524,,6.505945779938534e-05
19525,,4.833705539749339e-05
19526,,4.2236620942467766e-05
19527,,4.117799851216602e-05
19528,,4.1005053701505493e-05
19529,,4.097083576301708e-05
19530,,4.0935398892424964e-05
19531,,4.081468720565307e-05
19532,,4.0520257868012254e-05
19533,,3.988117840589878e-05
19534,,3.8350795808595804e-05
19535,,3.519885787804638e-05
19536,,2.896091045624848e-05
19537,,1.9911586424335134e-05
19538,,2.08987637221698e-05
19539,,1.645353064627629e-05
19540,,9.547217362911975e-06
19541,,6.001340681959156e-06
19542,,5.356105141635279e-06
19543,,5.284270591177452e-06
19544,,5.272593331104672e-06
19545,,5.264429036943782e-06
19546,,5.25178533050801e-06
19547,,5.215173323721272e-06
19548,,5.133879862737526e-06
19549,,4.954152914561473e-06
19550,,4.622021299971335e-06
19551,,4.127353051120028e-06
19552,,3.816578006944271e-06
19553,,3.4990206701298206e-06
19554,,3.3154590152651886e-06
19555,,3.2934993248386935e-06
19556,,3.291418703483114e-06
19557,,3.2912550304881085e-06
19558,,3.2912368536794654e-06
19559,,3.2912319081960463e-06
19560,,3.29122754027693e-06
19561,,3.2911899128823675e-06
19562,,3.2909803430063496e-06
19563,,3.2905893931854196e-06
19564,,3.28747966150377e-06
19565,,3.269772676334062e-06
19566,,3.223799797133731e-06
19567,,3.1304871063708212e-06
19568,,2.958249026716844e-06
19569,,2.7128693985759227e-06
19570,,2.4860334868019066e-06
19571,,2.371758021807621e-06
19572,,2.3426168332185898e-06
19573,,2.33864202781518e-06
19574,,2.338306743185841e-06
19575,,2.3382860547926697e-06
19576,,2.338284929782677e-06
19577,,2.3382847702736367e-06
19578,,2.3382846737137048e-06
19579,,2.3382841126853963e-06
19580,,2.338283816948153e-06
19581,,2.33828370245739e-06
19582,,2.3382836088421705e-06
19583,,2.3382829188167327e-06
19584,,2.33828274267151e-06
19585,,2.3382826372595166e-06
19586,,2.338282544223392e-06
19587,,2.3382818222548566e-06
19588,,2.338281676140238e-06
19589,,2.3382815728847727e-06
19590,,2.338281037720751e-06
19591,,2.338280750375996e-06
19592,,2.338280612466316e-06
19593,,2.338280508942243e-06
19594,,2.3382799444786153e-06
19595,,2.3382796884770063e-06
19596,,2.3382795502580798e-06
19597,,2.338279445283863e-06
19598,,2.3382788865529804e-06
19599,,2.3382786317255686e-06
19600,,2.338278489027301e-06
19601,,2.338278381868197e-06
19602,,2.3382778467831866e-06
19603,,2.3382775783397397e-06
19604,,2.338277428637262e-06
19605,,2.3382773187124007e-06
19606,,2.3382768186280517e-06
19607,,2.338276527765571e-06
19608,,2.338276369080449e-06
19609,,2.3382762558336613e-06
19610,,2.3382761584611974e-06
19611,,2.3382754799794757e-06
19612,,2.3382753104490157e-06
19613,,2.3382751932752843e-06
19614,,2.338275094494242e-06
19615,,2.338274435246361e-06
19616,,2.33827425286787e-06
19617,,2.338274131082897e-06
19618,,2.338274030660455e-06
19619,,2.338273393964657e-06
19620,,2.338273196497386e-06
19621,,2.3382730693235862e-06
19622,,2.338272966977752e-06
19623,,2.3382723566606897e-06
19624,,2.3382721415359514e-06
19625,,2.3382720080620047e-06
19626,,2.3382719034732678e-06
19627,,2.338271323980425e-06
19628,,2.338271088207044e-06
19629,,2.338270947382161e-06
19630,,2.3382708401748355e-06
19631,,2.3382702966621845e-06
19632,,2.3382700367779996e-06
19633,,2.338269887378103e-06
19634,,2.338269777114514e-06
19635,,2.3382692756022423e-06
19636,,2.3382689875803548e-06
19637,,2.338268828161127e-06
19638,,2.3382687143424676e-06
19639,,2.3382686167001187e-06
19640,,2.3382679409636477e-06
19641,,2.338267769866991e-06
19642,,2.3382676518888533e-06
19643,,2.338267552771171e-06
19644,,2.338266897363232e-06
19645,,2.338266712639921e-06
19646,,2.3382665898232364e-06
19647,,2.338266488981389e-06
19648,,2.338265857273729e-06
19649,,2.3382656566598845e-06
19650,,2.3382655281945813e-06
19651,,2.3382654253487772e-06
19652,,2.3382648212844395e-06
19653,,2.33826460214454e-06
19654,,2.338264467088973e-06
19655,,2.3382643619025216e-06
19656,,2.338263790081406e-06
19657,,2.338263549329746e-06
19658,,2.3382634065875145e-06
19659,,2.338263298669686e-06
19660,,2.3382627644421416e-06
19661,,2.338262498489206e-06
19662,,2.33826234678882e-06
19663,,2.3382622356841803e-06
19664,,2.3382617453041515e-06
19665,,2.338261449955307e-06
19666,,2.338261287814052e-06
19667,,2.338261172998246e-06
19668,,2.3382610749931755e-06
19669,,2.338260404121033e-06
19670,,2.3382602297928798e-06
19671,,2.3382601106439814e-06
19672,,2.338260011106542e-06
19673,,2.3382593614248467e-06
19674,,2.338259172895246e-06
19675,,2.338259048694043e-06
19676,,2.3382589473607907e-06
19677,,2.3382583223943924e-06
19678,,2.338258117295464e-06
19679,,2.338257987207546e-06
19680,,2.338257883777656e-06
19681,,2.338257287632192e-06
19682,,2.33825706321319e-06
19683,,2.3382569262580748e-06
19684,,2.3382568203844583e-06
19685,,2.3382562578496987e-06
19686,,2.3382560109015205e-06
19687,,2.3382558659356025e-06
19688,,2.33825575721905e-06
19689,,2.3382552338757523e-06
19690,,2.338254960656043e-06
19691,,2.3382548063543248e-06
19692,,2.338254694318713e-06
19693,,2.3382542166665307e-06
19694,,2.3382539128184005e-06
19695,,2.3382537476258885e-06
19696,,2.3382536317171046e-06
19697,,2.3382535333305678e-06
19698,,2.3382528677876038e-06
19699,,2.3382526898961773e-06
19700,,2.3382525694715067e-06
19701,,2.338252469476984e-06
19702,,2.3382518260267447e-06
19703,,2.338251633329255e-06
19704,,2.3382515076381344e-06
19705,,2.33825140577902e-06
19706,,2.338250788084298e-06
19707,,2.338250578122729e-06
19708,,2.3382504462928067e-06
19709,,2.338250342244526e-06
19710,,2.3382497545934603e-06
19711,,2.338249524489254e-06
19712,,2.338249385511402e-06
19713,,2.338249278919285e-06
19714,,2.3382487262978658e-06
19715,,2.3382484727115534e-06
19716,,2.33824832538368e-06
19717,,2.3382482158223817e-06
19718,,2.3382477040494834e-06
19719,,2.3382474230798787e-06
19720,,2.338247266017954e-06
19721,,2.3382471529982366e-06
19722,,2.3382470556341685e-06
19723,,2.3382463759606752e-06
19724,,2.3382462075471e-06
19725,,2.338246090490969e-06
19726,,2.3382459916942854e-06
19727,,2.338245331770477e-06
19728,,2.3382451501156484e-06
19729,,2.3382450283565994e-06
19730,,2.3382449278870954e-06
19731,,2.338244290990242e-06
19732,,2.338244093901516e-06
19733,,2.3382439666550567e-06
19734,,2.338243864229043e-06
19735,,2.338243254188322e-06
19736,,2.338243039100438e-06
19737,,2.3382429054518476e-06
19738,,2.3382428007575555e-06
19739,,2.3382422220284175e-06
19740,,2.3382419859508784e-06
19741,,2.3382418448396503e-06
19742,,2.338241737487766e-06
19743,,2.3382411952756516e-06
19744,,2.338240934718576e-06
19745,,2.338240784908624e-06
19746,,2.338240674468935e-06
19747,,2.3382401748377767e-06
19748,,2.338239885735502e-06
19749,,2.338239725777752e-06
19750,,2.3382396117244915e-06
19751,,2.338239513997266e-06
19752,,2.338238839368586e-06
19753,,2.3382386675758737e-06
19754,,2.3382385493206404e-06
19755,,2.338238450098458e-06
19756,,2.3382377960494724e-06
19757,,2.3382376104572815e-06
19758,,2.338237487300526e-06
19759,,2.338237386331281e-06
19760,,2.338236756291612e-06
19761,,2.338236554607741e-06
19762,,2.338236425724508e-06
19763,,2.3382363227282228e-06
19764,,2.33823572067547e-06
19765,,2.3382355002290423e-06
19766,,2.3382353646815865e-06
19767,,2.3382352593048124e-06
19768,,2.3382346898984837e-06
19769,,2.338234447573304e-06
19770,,2.338234304246208e-06
19771,,2.3382341961028555e-06
19772,,2.3382336647673492e-06
19773,,2.3382333969235784e-06
19774,,2.3382332445203067e-06
19775,,2.338233133160715e-06
19776,,2.3382326462067226e-06
19777,,2.338232348607276e-06
19778,,2.338232185631185e-06
19779,,2.338232070505958e-06
19780,,2.3382319723960606e-06
19781,,2.338231303021412e-06
19782,,2.3382311277086234e-06
19783,,2.3382310082008266e-06
19784,,2.338230908534361e-06
19785,,2.338230260617483e-06
19786,,2.338230070917724e-06
19787,,2.338229946297978e-06
19788,,2.3382298448118635e-06
19789,,2.338229221919817e-06
19790,,2.3382290154496227e-06
19791,,2.33822888486415e-06
19792,,2.3382287812534793e-06
19793,,2.338228187544611e-06
19794,,2.338227961512921e-06
19795,,2.3382278239769883e-06
19796,,2.338227717898807e-06
19797,,2.3382271582138665e-06
19798,,2.3382269093736775e-06
19799,,2.33822676372829e-06
19800,,2.338226654763241e-06
19801,,2.3382261347619824e-06
19802,,2.3382258593207847e-06
19803,,2.338225704220216e-06
19804,,2.338225591896001e-06
19805,,2.338225494779003e-06
19806,,2.3382248117083705e-06
19807,,2.338224645577652e-06
19808,,2.3382245293338587e-06
19809,,2.3382244308281774e-06
19810,,2.3382237669395124e-06
19811,,2.338223587947877e-06
19812,,2.3382234671365807e-06
19813,,2.338223367002728e-06
19814,,2.338222725480297e-06
19815,,2.3382225315018196e-06
19816,,2.338222405359841e-06
19817,,2.3382223033255538e-06
19818,,2.338221687891689e-06
19819,,2.3382214764245264e-06
19820,,2.3382213440640927e-06
19821,,2.3382212398288903e-06
19822,,2.338220654809583e-06
19823,,2.33822042295221e-06
19824,,2.338220283346383e-06
19825,,2.3382201765268043e-06
19826,,2.3382196269868647e-06
19827,,2.3382193713482152e-06
19828,,2.338219223285199e-06
19829,,2.3382191134690844e-06
19830,,2.3382186052834324e-06
19831,,2.3382183219256653e-06
19832,,2.3382181640053792e-06
19833,,2.3382180506817086e-06
19834,,2.338217953213307e-06
19835,,2.3382172750410595e-06
19836,,2.3382171056268925e-06
19837,,2.338216988215575e-06
19838,,2.338216889296574e-06
19839,,2.3382162311212286e-06
19840,,2.3382160483023875e-06
19841,,2.338215926124206e-06
19842,,2.3382158255093184e-06
19843,,2.3382151906555757e-06
19844,,2.338214992205969e-06
19845,,2.3382148644744897e-06
19846,,2.3382147618842194e-06
19847,,2.3382141542191285e-06
19848,,2.338213937542698e-06
19849,,2.33821380332994e-06
19850,,2.3382136984337476e-06
19851,,2.3382131224826164e-06
19852,,2.338212884555231e-06
19853,,2.3382127427818476e-06
19854,,2.3382126352017058e-06
19855,,2.338212096223655e-06
19856,,2.338211833507908e-06
19857,,2.3382116829280357e-06
19858,,2.3382115722135814e-06
19859,,2.338211076362019e-06
19860,,2.338210784735857e-06
19861,,2.3382106238802244e-06
19862,,2.3382105095142233e-06
19863,,2.338210411671962e-06
19864,,2.3382097386127626e-06
19865,,2.3382095657756533e-06
19866,,2.3382094471489084e-06
19867,,2.3382093477919403e-06
19868,,2.3382086955823362e-06
19869,,2.3382085087680855e-06
19870,,2.338208385171026e-06
19871,,2.3382082840525113e-06
19872,,2.338207656146105e-06
19873,,2.3382074530420918e-06
19874,,2.3382073236545836e-06
19875,,2.338207220477886e-06
19876,,2.3382066209167346e-06
19877,,2.338206398808908e-06
19878,,2.3382062626672692e-06
19879,,2.3382061570888687e-06
19880,,2.3382055905836176e-06
19881,,2.3382053463202306e-06
19882,,2.338205202295814e-06
19883,,2.338205093916366e-06
19884,,2.3382045659620887e-06
19885,,2.3382042958616937e-06
19886,,2.3382041426540415e-06
19887,,2.338204031007254e-06
19888,,2.3382035480040963e-06
19889,,2.338203247768436e-06
19890,,2.3382030838503306e-06
19891,,2.338202968393206e-06
19892,,2.3382028701691397e-06
19893,,2.3382022024383244e-06
19894,,2.3382020260312698e-06
19895,,2.338201906133436e-06
19896,,2.3382018063264206e-06
19897,,2.3382011603296126e-06
19898,,2.3382009693518803e-06
19899,,2.3382008442789424e-06
19900,,2.33820074263148e-06
19901,,2.33820012197059e-06
19902,,2.3381999140105886e-06
19903,,2.338199782897671e-06
19904,,2.3381996791014073e-06
19905,,2.3381990879951084e-06
19906,,2.338198860228898e-06
19907,,2.338198722071136e-06
19908,,2.3381986157759424e-06
19909,,2.338198059122681e-06
19910,,2.3381978082573777e-06
19911,,2.3381976618955635e-06
19912,,2.3381975526789676e-06
19913,,2.338197036208091e-06
19914,,2.3381967584034145e-06
19915,,2.3381966024651885e-06
19916,,2.3381964898473355e-06
19917,,2.3381963926228165e-06
19918,,2.338195711023416e-06
19919,,2.3381955439197032e-06
19920,,2.3381954273261906e-06
19921,,2.3381953286947507e-06
19922,,2.3381946665167136e-06
19923,,2.3381944863903996e-06
19924,,2.33819436517296e-06
19925,,2.338194264896901e-06
19926,,2.338193625370988e-06
19927,,2.3381934300609957e-06
19928,,2.338193303441708e-06
19929,,2.3381932012478606e-06
19930,,2.338192588139187e-06
19931,,2.338192375117501e-06
19932,,2.3381922422073913e-06
19933,,2.338192137775917e-06
19934,,2.3381915554663313e-06
19935,,2.3381913218007723e-06
19936,,2.3381911815506667e-06
19937,,2.3381910745068543e-06
19938,,2.338190528122184e-06
19939,,2.3381902703761754e-06
19940,,2.338190121568357e-06
19941,,2.3381900114782803e-06
19942,,2.338189506985887e-06
19943,,2.3381892211626457e-06
19944,,2.3381890623650537e-06
19945,,2.338188948736556e-06
19946,,2.3381888511523175e-06
19947,,2.3381881745165114e-06
19948,,2.3381880040815473e-06
19949,,2.3381878863085955e-06
19950,,2.3381877872588246e-06
19951,,2.338187130876918e-06
19952,,2.3381869468656984e-06
19953,,2.3381868242657405e-06
19954,,2.338186723502253e-06
19955,,2.3381860907292226e-06
19956,,2.3381858908951895e-06
19957,,2.3381857626688894e-06
19958,,2.3381856598993106e-06
19959,,2.3381850546610856e-06
19960,,2.338184836368173e-06
19961,,2.3381847015846393e-06
19962,,2.338184596484938e-06
19963,,2.3381840233590637e-06
19964,,2.338183783539373e-06
19965,,2.338183641102039e-06
19966,,2.3381835332852284e-06
19967,,2.338182997602709e-06
19968,,2.338182732682733e-06
19969,,2.3381825813196598e-06
19970,,2.3381824703282524e-06
19971,,2.3381819783128745e-06
19972,,2.3381816841213925e-06
19973,,2.3381815223602694e-06
19974,,2.338181407667299e-06
19975,,2.33818130971233e-06
19976,,2.3381806382532685e-06
19977,,2.3381804643468856e-06
19978,,2.338180345343544e-06
19979,,2.3381802458560442e-06
19980,,2.3381795955075266e-06
19981,,2.3381794074520143e-06
19982,,2.3381792834219484e-06
19983,,2.3381791821445923e-06
19984,,2.3381785564073217e-06
19985,,2.3381783518555425e-06
19986,,2.338178221956009e-06
19987,,2.338178118591514e-06
19988,,2.338177521558577e-06
19989,,2.3381772977686947e-06
19990,,2.338177161024316e-06
19991,,2.3381770552330906e-06
19992,,2.338176491681126e-06
19993,,2.3381762454498935e-06
19994,,2.3381761007316455e-06
19995,,2.338175992096026e-06
19996,,2.33817546757986e-06
19997,,2.338175195180778e-06
19998,,2.3381750411616028e-06
19999,,2.338174929220765e-06
20000,,2.3381744504111407e-06
20001,,2.3381741560340594e-06
20002,,2.3381739941983876e-06
20003,,2.3381738794881554e-06
20004,,2.3381737815224978e-06
20005,,2.3381731101842123e-06
20006,,2.338172936202159e-06
20007,,2.338172817171093e-06
20008,,2.338172717674106e-06
20009,,2.3381720674588847e-06
20010,,2.338171879317948e-06
20011,,2.3381717552543962e-06
20012,,2.3381716539601846e-06
20013,,2.3381710283895626e-06
20014,,2.3381708237279266e-06
20015,,2.3381706937923674e-06
20016,,2.338170590420471e-06
20017,,2.338169993573926e-06
20018,,2.3381697696607114e-06
20019,,2.3381696328746313e-06
20020,,2.338169527063358e-06
20021,,2.338168963722537e-06
20022,,2.3381687173477433e-06
20023,,2.3381685725842904e-06
20024,,2.338168463931917e-06
20025,,2.338167939661591e-06
20026,,2.3381676670998872e-06
20027,,2.338167513023717e-06
20028,,2.3381674010645343e-06
20029,,2.338166922381738e-06
20030,,2.338166621926478e-06
20031,,2.3381664579366504e-06
20032,,2.3381663424541897e-06
20033,,2.3381662442156e-06
20034,,2.338165576637009e-06
20035,,2.3381654001398424e-06
20036,,2.3381652802090343e-06
20037,,2.3381651803907865e-06
20038,,2.33816453456481e-06
20039,,2.338164343489938e-06
20040,,2.3381642183762723e-06
20041,,2.3381641167168518e-06
20042,,2.3381634962541866e-06
20043,,2.3381632881695084e-06
20044,,2.3381631570166455e-06
20045,,2.3381630532084167e-06
20046,,2.3381624623251928e-06
20047,,2.338162234414938e-06
20048,,2.3381620962113157e-06
20049,,2.338161989895378e-06
20050,,2.3381614335074393e-06
20051,,2.338161182476772e-06
20052,,2.338161036053517e-06
20053,,2.3381609268200933e-06
20054,,2.3381604106554346e-06
20055,,2.338160132658801e-06
20056,,2.338159976650306e-06
20057,,2.3381598640082594e-06
20058,,2.3381597667759807e-06
20059,,2.3381590853118615e-06
20060,,2.3381589181180927e-06
20061,,2.338158801508148e-06
20062,,2.3381587028623336e-06
20063,,2.3381580408433066e-06
20064,,2.3381578606216116e-06
20065,,2.3381577393661177e-06
20066,,2.338157639081739e-06
20067,,2.338156999736358e-06
20068,,2.3381568043153808e-06
20069,,2.33815667765767e-06
20070,,2.33815657545269e-06
20071,,2.3381559625496346e-06
20072,,2.338155749404114e-06
20073,,2.338155616446339e-06
20074,,2.3381555119992113e-06
20075,,2.338154929930034e-06
20076,,2.338154696116586e-06
20077,,2.338154555811837e-06
20078,,2.33815444875116e-06
20079,,2.338153902643623e-06
20080,,2.338153644720016e-06
20081,,2.338153495846749e-06
20082,,2.338153385739783e-06
20083,,2.338152881564472e-06
20084,,2.3381525955345472e-06
20085,,2.338152436669101e-06
20086,,2.3381523230122403e-06
20087,,2.3381522254220877e-06
20088,,2.3381515489259293e-06
20089,,2.3381513784074507e-06
20090,,2.338151260605331e-06
20091,,2.338151161545341e-06
20092,,2.338150505323259e-06
20093,,2.3381503212168807e-06
20094,,2.3381501985877717e-06
20095,,2.3381500978074575e-06
20096,,2.3381494652213804e-06
20097,,2.338149265272597e-06
20098,,2.3381491370027274e-06
20099,,2.3381490342259552e-06
20100,,2.3381484292046757e-06
20101,,2.338148210780273e-06
20102,,2.3381480759410495e-06
20103,,2.3381479708255813e-06
20104,,2.338147397948093e-06
20105,,2.3381471579756367e-06
20106,,2.338147015480341e-06
20107,,2.3381469076454363e-06
20108,,2.3381463722464465e-06
20109,,2.338146107148858e-06
20110,,2.3381459557239888e-06
20111,,2.3381458447108203e-06
20112,,2.3381453530275097e-06
20113,,2.3381450586265544e-06
20114,,2.338144896781345e-06
20115,,2.338144782062819e-06
20116,,2.3381446841039254e-06
20117,,2.3381440127881185e-06
20118,,2.338143838802781e-06
20119,,2.3381437197630018e-06
20120,,2.3381436202612114e-06
20121,,2.338142970079481e-06
20122,,2.3381427819283115e-06
20123,,2.3381426578604882e-06
20124,,2.3381425565695804e-06
20125,,2.3381419310239412e-06
20126,,2.3381417263548836e-06
20127,,2.338141596410551e-06
20128,,2.338141493036288e-06
20129,,2.338140896228949e-06
20130,,2.3381406722945996e-06
20131,,2.3381405355080655e-06
20132,,2.338140429695236e-06
20133,,2.3381398663968206e-06
20134,,2.338139620004805e-06
20135,,2.3381394752287347e-06
20136,,2.3381393665801307e-06
20137,,2.338138842352267e-06
20138,,2.338138569771665e-06
20139,,2.3381384156854417e-06
20140,,2.3381383037237365e-06
20141,,2.338137825122559e-06
20142,,2.338137526333424e-06
20143,,2.3381373629327704e-06
20144,,2.3381372476602234e-06
20145,,2.338137149496608e-06
20146,,2.338136480899178e-06
20147,,2.338136305091216e-06
20148,,2.3381361854138615e-06
20149,,2.338136085684465e-06
20150,,2.338135438667873e-06
20151,,2.3381352483910527e-06
20152,,2.3381351235696675e-06
20153,,2.3381350220094515e-06
20154,,2.338134400162124e-06
20155,,2.3381341930146684e-06
20156,,2.3381340621966097e-06
20157,,2.3381339585081705e-06
20158,,2.3381333660022525e-06
20159,,2.338133139191489e-06
20160,,2.338133001375323e-06
20161,,2.338132895199494e-06
20162,,2.3381323369191147e-06
20163,,2.338132087163658e-06
20164,,2.3381319411939555e-06
20165,,2.3381318321177926e-06
20166,,2.3381313137490483e-06
20167,,2.3381310372415153e-06
20168,,2.3381308817601822e-06
20169,,2.3381307693059816e-06
20170,,2.338130672147382e-06
20171,,2.3381299897691516e-06
20172,,2.3381298232009564e-06
20173,,2.338129706804688e-06
20174,,24.598143701077838
20175,,83192.70139542392
20176,,24.430383811373467
20177,,549.0278634507246
20178,,24.165994979601404
20179,,5.732883930783644
20180,,5.65139515084106
20181,,2.6177396160614603
20182,,3.633734890882199
20183,,2.5304484180408924
20184,,2.307753522553949
20185,,2.2749342914694615
20186,,2.1519857053310356
20187,,4.839656247877484
20188,,2.1350280628016374
20189,,2.040246182623884
20190,,1.8971243158396942
20191,,1.7524619496916858
20192,,13.400801383087366
20193,,1.7302113388770275
20194,,1.5872535462950432
20195,,1.516807185046053
20196,,1.5157869581636243
20197,,1.5157702750965185
20198,,1.5157700017639772
20199,,1.5157699972856105
20200,,1.5157699972122247
20201,,1.5157699972110292
20202,,1.515769997211012
20203,,1.5157699972110115
20204,,1.5157699972110115
20205,,1.4467782623077154
20206,,1.4455971151321356
20207,,1.4455752813350735
20208,,1.4455748771701213
20209,,1.4455748696884383
20210,,1.4455748695499466
20211,,1.445574869547382
20212,,1.4455748695473358
20213,,1.4455748695473347
20214,,1.4455748695473347
20215,,1.3762363993275066
20216,,1.3749047665976888
20217,,1.3748776811769972
20218,,1.3748771296249462
20219,,1.374877118393182
20220,,1.3748771181644657
20221,,1.3748771181598034
20222,,1.374877118159707
20223,,1.374877118159703
20224,,1.374877118159703
20225,,1.305393766661603
20226,,1.3039740699433002
20227,,1.3039433178277646
20228,,1.3039426508766097
20229,,1.3039426364113968
20230,,1.3039426360976771
20231,,1.3039426360908621
20232,,1.3039426360907111
20233,,1.3039426360907105
20234,,1.3039426360907098
20235,,1.3039426360907098
20236,,1.236219905440149
20237,,1.2347886311723415
20238,,1.2347556531694284
20239,,1.2347548918523836
20240,,1.2347548742761436
20241,,1.23475487387036
20242,,1.234754873860994
20243,,1.2347548738607772
20244,,1.2347548738607732
20245,,1.2347548738607728
20246,,1.2347548738607728
20247,,4.972332500872559
20248,,1.1480226916922696
20249,,0.8516103601102953
20250,,0.5276737913181291
20251,,0.39298289436406536
20252,,0.26467018619896826
20253,,1.9636230377689707
20254,,0.25542962226834104
20255,,0.22980788023211857
20256,,0.1952910413667849
20257,,0.14426932913732818
20258,,0.12369702775135981
20259,,0.10360785860163
20260,,4.659345261919942
20261,,0.10206044655561093
20262,,0.12213319739793048
20263,,0.09973086055198144
20264,,0.09843386399400295
20265,,0.28777186103810937
20266,,0.09768431756370254
20267,,0.09539188249903961
20268,,0.09066902989633978
20269,,0.08692170315447448
20270,,0.08013508571592833
20271,,0.05755250374235835
20272,,0.05233715561584749
20273,,0.04686579260963233
20274,,0.0418381827299298
20275,,0.03856693729308745
20276,,0.03469421044863807
20277,,0.029166702693165573
20278,,0.024538142801700785
20279,,0.021761170662828008
20280,,0.019950178913330282
20281,,0.018743708229200306
20282,,0.01729974507226396
20283,,0.014854215503058345
20284,,0.012325915075404748
20285,,0.010068478359219462
20286,,0.008924550299149396
20287,,0.008377582225447091
20288,,0.008159220142774716
20289,,0.007761715682043358
20290,,0.006722870261329109
20291,,0.005379479978377104
20292,,0.003829887880987081
20293,,0.0031478149234271126
20294,,0.003019450098074438
20295,,0.002869969290502247
20296,,0.002647152837097438
20297,,0.002215405463871624
20298,,0.0017778950052831294
20299,,0.0015613165217482961
20300,,0.0014971819900105505
20301,,0.0014834303160033658
20302,,0.0014769775720944384
20303,,0.0014656515148142577
20304,,0.0014496872303123762
20305,,0.0014207323151927606
20306,,0.0013674330170106916
20307,,0.0012574321051165502
20308,,0.0010533910043735736
20309,,0.0007649233345260761
20310,,0.0005445109660064746
20311,,0.000448046941198898
20312,,0.0004180336335706083
20313,,0.00040468990338797284
20314,,0.00039916797310693143
20315,,0.00039178511947035236
20316,,0.00038853186843866154
20317,,0.00038772796716891005
20318,,0.00038715494417708175
20319,,0.0003863065556079234
20320,,0.00038424735001414445
20321,,0.00038119255926622207
20322,,0.0003770123949897341
20323,,0.00037194206700159806
20324,,0.0003655966103662978
20325,,0.00036122764284962313
20326,,0.0003549511844327044
20327,,0.0003487882937764241
20328,,0.0003380968811379763
20329,,0.0003160615868126059
20330,,0.00028772238646594846
20331,,0.00025461901622412673
20332,,0.00023035585884941377
20333,,0.0002142707479108716
20334,,0.00020732206698623757
20335,,0.0002051612065338389
20336,,0.00020361213287089583
20337,,0.00020184365858437649
20338,,0.00019971458349054836
20339,,0.0001949972248694282
20340,,0.00018621011606018327
20341,,0.00017120223687781756
20342,,0.00015238271580974075
20343,,0.00014566300655736682
20344,,0.00013626984082341977
20345,,0.00013239128670147063
20346,,0.00013080981009856222
20347,,0.00012856378632994535
20348,,0.00012517472407293757
20349,,0.00011810346543354993
20350,,0.00010672759569214016
20351,,9.321732100386607e-05
20352,,0.00012486894545503193
20353,,9.094242191862547e-05
20354,,8.36170176009055e-05
20355,,8.115042505239883e-05
20356,,8.064782828434828e-05
20357,,8.045107940519606e-05
20358,,8.01027366968248e-05
20359,,7.930662736153578e-05
20360,,7.741507505323556e-05
20361,,7.336711786288496e-05
20362,,6.525952201840242e-05
20363,,5.189900115339901e-05
20364,,3.621226176457159e-05
20365,,3.387814529441285e-05
20366,,2.4783068772300835e-05
20367,,2.238808383428033e-05
20368,,2.184836127851045e-05
20369,,2.1649133481755172e-05
20370,,2.1594364276664585e-05
20371,,2.1584894714982043e-05
20372,,2.158087256321822e-05
20373,,2.157711907674975e-05
20374,,2.1570074552268816e-05
20375,,2.155200309766315e-05
20376,,2.151798893912103e-05
20377,,2.142931640985877e-05
20378,,2.1233029384097828e-05
20379,,2.0799803863062573e-05
20380,,1.9920640171013228e-05
20381,,1.839863388204419e-05
20382,,1.64540427449965e-05
20383,,1.814132438757641e-05
20384,,1.6066316662953416e-05
20385,,1.4777759955042491e-05
20386,,1.414947217939294e-05
20387,,1.402200340153746e-05
20388,,1.3977909542438802e-05
20389,,1.392687714380772e-05
20390,,1.381488691306044e-05
20391,,1.3556915837705847e-05
20392,,1.2988039164749343e-05
20393,,1.1796254905097864e-05
20394,,9.611925250865326e-06
20395,,6.514720423697762e-06
20396,,3.5934083386714398e-06
20397,,2.2947020514315575e-06
20398,,1.977970236398267e-06
20399,,1.928941308126323e-06
20400,,1.9249301601003955e-06
20401,,1.92468631586479e-06
20402,,1.9246709845550054e-06
20403,,1.92466783218739e-06
20404,,1.9246651927448574e-06
20405,,1.9246429605172264e-06
20406,,1.9246391382024058e-06
20407,,1.92463645746125e-06
20408,,1.9246165340373404e-06
20409,,1.9246105886143213e-06
20410,,1.9246077394798687e-06
20411,,1.9246051065161635e-06
20412,,1.924583444096698e-06
20413,,1.924579181434436e-06
20414,,1.92457639389751e-06
20415,,1.9245737623747567e-06
20416,,1.924553127924635e-06
20417,,1.9245479797018422e-06
20418,,1.9245450708797523e-06
20419,,1.9245424239356807e-06
20420,,1.9245249738749438e-06
20421,,1.924517044168757e-06
20422,,1.9245137850828355e-06
20423,,1.9245110935489187e-06
20424,,1.9245084721925062e-06
20425,,1.9244868050624745e-06
20426,,1.9244825980326367e-06
20427,,1.9244797800838286e-06
20428,,1.924477141750361e-06
20429,,1.9244587308582637e-06
20430,,1.9244517234344905e-06
20431,,1.9244485149268143e-06
20432,,1.9244458214530557e-06
20433,,1.9244431991789593e-06
20434,,1.92442192974141e-06
20435,,1.9244174126456693e-06
20436,,1.9244145284577577e-06
20437,,1.92441187836291e-06
20438,,1.9243960612688175e-06
20439,,1.9243869009690714e-06
20440,,1.924383327243696e-06
20441,,1.924380574426136e-06
20442,,1.924377943169478e-06
20443,,1.9243585975178478e-06
20444,,1.9243524625322318e-06
20445,,1.9243493244350583e-06
20446,,1.9243466353132686e-06
20447,,1.9243440136963405e-06
20448,,1.9243228679695097e-06
20449,,1.924318269970448e-06
20450,,1.9243153601557996e-06
20451,,1.9243127053652217e-06
20452,,1.924298115355976e-06
20453,,1.9242879530820235e-06
20454,,1.9242841999791022e-06
20455,,1.9242814175398537e-06
20456,,1.924278782230132e-06
20457,,1.924260451151331e-06
20458,,1.924253470190988e-06
20459,,1.9242501981130072e-06
20460,,1.9242474887342785e-06
20461,,1.9242448647615998e-06
20462,,1.9242243804430733e-06
20463,,1.924219230780503e-06
20464,,1.924216236571483e-06
20465,,1.9242135696053915e-06
20466,,1.9242015709221577e-06
20467,,1.924189220245615e-06
20468,,1.9241851327717266e-06
20469,,1.9241823000355994e-06
20470,,1.924179657851161e-06
20471,,1.924162870062506e-06
20472,,1.924154587924297e-06
20473,,1.924151118401502e-06
20474,,1.924148379763922e-06
20475,,1.924145752148659e-06
20476,,1.924126177394013e-06
20477,,1.9241202639716233e-06
20478,,1.9241171544249625e-06
20479,,1.9241144707277797e-06
20480,,1.9241118517308626e-06
20481,,1.9240906547274396e-06
20482,,1.9240861212476397e-06
20483,,1.924083221544429e-06
20484,,1.924080569995321e-06
20485,,1.9240658128141676e-06
20486,,1.924055815165809e-06
20487,,1.9240520858386194e-06
20488,,1.9240493085428976e-06
20489,,1.9240466758609113e-06
20490,,1.924028288628922e-06
20491,,1.9240213753278507e-06
20492,,1.924018114715068e-06
20493,,1.9240154088745947e-06
20494,,1.9240127873202293e-06
20495,,1.9239922860334856e-06
20496,,1.9239871701589393e-06
20497,,1.9239841828019294e-06
20498,,1.9239815187477677e-06
20499,,1.9239694068725747e-06
20500,,1.923957171830377e-06
20501,,1.923953103489652e-06
20502,,1.9239502755079287e-06
20503,,1.9239476359266646e-06
20504,,1.9239307938198632e-06
20505,,1.923922577063563e-06
20506,,1.9239191192857846e-06
20507,,1.923916384307846e-06
20508,,1.923913759129073e-06
20509,,1.923894161804109e-06
20510,,1.9238882867468264e-06
20511,,1.923885184893331e-06
20512,,1.923882504244127e-06
20513,,1.9238798875949135e-06
20514,,1.9238586859392997e-06
20515,,1.9238541755897863e-06
20516,,1.923851281280657e-06
20517,,1.923848632430769e-06
20518,,1.923833800910049e-06
20519,,1.9238238855555255e-06
20520,,1.9238201706051743e-06
20521,,1.923817397370416e-06
20522,,1.9238147671852546e-06
20523,,1.9237963450351234e-06
20524,,1.9237894805533828e-06
20525,,1.923786229231949e-06
20526,,1.9237835266897015e-06
20527,,1.9237809075085785e-06
20528,,1.9237603942206447e-06
20529,,1.9237553077032346e-06
20530,,1.9237523266876114e-06
20531,,1.9237496654716656e-06
20532,,1.923737450923357e-06
20533,,1.9237253221992976e-06
20534,,1.923721271888207e-06
20535,,1.923718448527593e-06
20536,,1.9237158115262033e-06
20537,,1.9236989179213555e-06
20538,,1.9236907640360483e-06
20539,,1.9236873176887085e-06
20540,,1.923684586326511e-06
20541,,1.9236819635749577e-06
20542,,1.9236623445597622e-06
20543,,1.9236565070666198e-06
20544,,1.9236534127984174e-06
20545,,1.9236507351829765e-06
20546,,1.9236481208697217e-06
20547,,1.923626914894323e-06
20548,,1.9236224273562682e-06
20549,,1.9236195383904297e-06
20550,,1.923616892238164e-06
20551,,1.9236019875493964e-06
20552,,1.9235921534383615e-06
20553,,1.92358845270552e-06
20554,,1.923585683508915e-06
20555,,1.9235830558172667e-06
20556,,1.923564599346593e-06
20557,,1.923557783130207e-06
20558,,1.9235545410177405e-06
20559,,1.9235518417484656e-06
20560,,1.9235492249488604e-06
20561,,1.9235286999713244e-06
20562,,1.923523642504861e-06
20563,,1.923520667779436e-06
20564,,1.923518009396688e-06
20565,,1.923505693468369e-06
20566,,1.9234936699325732e-06
20567,,1.923489637470995e-06
20568,,1.923486818696775e-06
20569,,1.9234841842710447e-06
20570,,1.9234672398914164e-06
20571,,1.9234591482243497e-06
20572,,1.9234557132026476e-06
20573,,1.9234529854385826e-06
20574,,1.923450365111396e-06
20575,,1.9234307248115987e-06
20576,,1.9234249244940657e-06
20577,,1.923421837748501e-06
20578,,1.923419163151923e-06
20579,,1.9234165511710847e-06
20580,,1.923395341095388e-06
20581,,1.9233908761523796e-06
20582,,1.923387992488839e-06
20583,,1.9233853490149592e-06
20584,,1.9233703721317985e-06
20585,,1.9233606184132167e-06
20586,,1.923356931757477e-06
20587,,1.9233541665811714e-06
20588,,1.923351541369412e-06
20589,,1.9233330511259873e-06
20590,,1.9233262826793904e-06
20591,,1.923323049692369e-06
20592,,1.9233203536869017e-06
20593,,1.923317739254979e-06
20594,,1.923297202892946e-06
20595,,1.9232921741806912e-06
20596,,1.923289205695724e-06
20597,,1.9232865501384255e-06
20598,,1.9232741340989426e-06
20599,,1.9232622146284233e-06
20600,,1.9232581998464586e-06
20601,,1.9232553856318007e-06
20602,,1.9232527537742172e-06
20603,,1.923235759346352e-06
20604,,1.9232277292473084e-06
20605,,1.923224305444169e-06
20606,,1.9232215812582166e-06
20607,,1.9232189633463504e-06
20608,,1.923199302172502e-06
20609,,1.9231935386526115e-06
20610,,1.9231904593661087e-06
20611,,1.923187787778794e-06
20612,,1.9231851781297933e-06
20613,,1.923163964170938e-06
20614,,1.923159521586966e-06
20615,,1.9231566431969606e-06
20616,,1.9231540023888896e-06
20617,,1.9231389542622557e-06
20618,,1.923129280089502e-06
20619,,1.923125607390296e-06
20620,,1.923122846197414e-06
20621,,1.9231202234656395e-06
20622,,1.923101699987736e-06
20623,,1.9230949788127028e-06
20624,,1.92309175487547e-06
20625,,1.9230890621182684e-06
20626,,1.9230864500507123e-06
20627,,1.9230659025937176e-06
20628,,1.923060902351465e-06
20629,,1.9230579400637042e-06
20630,,1.9230552873094342e-06
20631,,1.923042772416865e-06
20632,,1.9230309559178434e-06
20633,,1.9230269586441167e-06
20634,,1.9230241489556907e-06
20635,,1.9230215196538293e-06
20636,,1.9230044758956555e-06
20637,,1.922996506717861e-06
20638,,1.922993094038219e-06
20639,,1.9229903734101013e-06
20640,,1.9229877579080418e-06
20641,,1.922968076254889e-06
20642,,1.9229623491574784e-06
20643,,1.9229592772719387e-06
20644,,1.922956608676219e-06
20645,,1.9229540013467244e-06
20646,,1.9229327837296078e-06
20647,,1.9229283632877887e-06
20648,,1.922925490123796e-06
20649,,1.922922851981368e-06
20650,,1.9229077335593863e-06
20651,,1.9228981380896166e-06
20652,,1.9228944792101055e-06
20653,,1.9228917219846015e-06
20654,,1.9228891017190196e-06
20655,,1.9228705455433158e-06
20656,,1.9228638711545307e-06
20657,,1.922860656187494e-06
20658,,1.922857966660121e-06
20659,,1.922855356948475e-06
20660,,1.9228347986998947e-06
20661,,1.922829826637897e-06
20662,,1.9228268704928994e-06
20663,,1.922824220545448e-06
20664,,1.92281160803245e-06
20665,,1.9227998934096963e-06
20666,,1.9227959134790775e-06
20667,,1.922793108289491e-06
20668,,1.9227904815387868e-06
20669,,1.9227733891539922e-06
20670,,1.9227654802597106e-06
20671,,1.9227620786005217e-06
20672,,1.9227593615108065e-06
20673,,1.922756748411673e-06
20674,,1.922737046681607e-06
20675,,1.9227313556327173e-06
20676,,1.922728291088784e-06
20677,,1.9227256254643696e-06
20678,,1.9227230204558214e-06
20679,,1.922701799393018e-06
20680,,1.9226974008753447e-06
20681,,1.922694532905812e-06
20682,,1.9226918974185054e-06
20683,,1.9226767096213477e-06
20684,,1.922667192030696e-06
20685,,1.9226635468459237e-06
20686,,1.922660793563785e-06
20687,,1.922658175760295e-06
20688,,1.9226395874110987e-06
20689,,1.922632959317485e-06
20690,,1.9226297532507394e-06
20691,,1.9226270669350187e-06
20692,,1.922624459573966e-06
20693,,1.922603890824278e-06
20694,,1.9225989466589173e-06
20695,,1.9225959966150966e-06
20696,,1.9225933494537923e-06
20697,,1.9225806405548795e-06
20698,,1.9225690267324405e-06
20699,,1.922565063967092e-06
20700,,1.922562263253005e-06
20701,,1.922559639041771e-06
20702,,1.922542498728435e-06
20703,,1.9225346494927885e-06
20704,,1.9225312587570623e-06
20705,,1.922528545188562e-06
20706,,1.9225259344881206e-06
20707,,1.922506213066853e-06
20708,,1.9225005576943434e-06
20709,,1.9224975004258078e-06
20710,,1.922494837773579e-06
20711,,1.9224922350792113e-06
20712,,1.922471010776016e-06
20713,,1.9224666339677654e-06
20714,,1.9224637711582133e-06
20715,,1.9224611383108485e-06
20716,,1.922445882070887e-06
20717,,1.9224364415375673e-06
20718,,1.9224328099149234e-06
20719,,1.9224300605540694e-06
20720,,1.922427445207753e-06
20721,,1.922408825203049e-06
20722,,1.9224022429311487e-06
20723,,1.9223990456818973e-06
20724,,1.922396362568713e-06
20725,,1.9223937575508e-06
20726,,1.9223731785904653e-06
20727,,1.9223682620360665e-06
20728,,1.9223653180426593e-06
20729,,1.922362673663272e-06
20730,,1.922349869582581e-06
20731,,1.922338355500244e-06
20732,,1.9223344097432176e-06
20733,,1.9223316134663065e-06
20734,,1.9223289917889574e-06
20735,,1.922311804238745e-06
20736,,1.922304014038868e-06
20737,,1.9223006341253335e-06
20738,,1.9222979240569747e-06
20739,,1.922295315746389e-06
20740,,1.9222755750229294e-06
20741,,1.9222699549682614e-06
20742,,1.9222669049242887e-06
20743,,1.9222642452202785e-06
20744,,1.9222616448332504e-06
20745,,1.9222404175063643e-06
20746,,1.9222360621908435e-06
20747,,1.922233204495802e-06
20748,,1.9222305742866962e-06
20749,,1.9222152505064144e-06
20750,,1.9222058862288073e-06
20751,,1.922202268041529e-06
20752,,1.9221995225815798e-06
20753,,1.9221969096841884e-06
20754,,1.922178258541309e-06
20755,,1.9221717216145785e-06
20756,,1.922168533105545e-06
20757,,1.9221658531728965e-06
20758,,1.922163250499517e-06
20759,,1.9221426616101655e-06
20760,,1.9221377723912517e-06
20761,,1.922134834410686e-06
20762,,1.9221321927947385e-06
20763,,1.9221192947367913e-06
20764,,1.9221078793299995e-06
20765,,1.9221039504186807e-06
20766,,1.9221011585574057e-06
20767,,1.9220985394049496e-06
20768,,1.922081305301719e-06
20769,,1.922073573516027e-06
20770,,1.922070204330807e-06
20771,,1.922067497748348e-06
20772,,1.922064891814481e-06
20773,,1.922045132175527e-06
20774,,1.922039547072435e-06
20775,,1.9220365041878226e-06
20776,,1.9220338474302047e-06
20777,,1.9220312493428494e-06
20778,,1.92201001920124e-06
20779,,1.922005685158406e-06
20780,,1.9220028325564923e-06
20781,,1.922000204967879e-06
20782,,1.921984814556074e-06
20783,,1.92197552572349e-06
20784,,1.921971920848734e-06
20785,,1.921969179266398e-06
20786,,1.92196656880347e-06
20787,,1.9219478870348935e-06
20788,,1.921941394983113e-06
20789,,1.921938215149161e-06
20790,,1.921935538385211e-06
20791,,1.9219329380444493e-06
20792,,1.9219123395045e-06
20793,,1.921907477343171e-06
20794,,1.9219045453291753e-06
20795,,1.9219019064675077e-06
20796,,1.921888915616226e-06
20797,,1.921877597852511e-06
20798,,1.921873685620983e-06
20799,,1.921870898141265e-06
20800,,1.921868281509393e-06
20801,,1.9218510015301073e-06
20802,,1.9218433275478204e-06
20803,,1.921839968994718e-06
20804,,1.921837265876727e-06
20805,,1.9218346623225947e-06
20806,,1.92181488414237e-06
20807,,1.9218093336318923e-06
20808,,1.9218062978568156e-06
20809,,1.921803644031897e-06
20810,,1.9218010482356483e-06
20811,,1.9217798154717496e-06
20812,,1.9217755025017046e-06
20813,,1.921772654953343e-06
20814,,1.921770029982474e-06
20815,,1.921754573824529e-06
20816,,1.9217453596482335e-06
20817,,1.921741767962728e-06
20818,,1.9217390302253905e-06
20819,,1.9217364222042022e-06
20820,,1.9217177103099944e-06
20821,,1.921711262672557e-06
20822,,1.921708091428122e-06
20823,,1.921705417820801e-06
20824,,1.921702819811277e-06
20825,,1.9216822118950636e-06
20826,,1.9216773765332524e-06
20827,,1.921674450422886e-06
20828,,1.921671814315837e-06
20829,,1.9216587318467315e-06
20830,,1.9216475106876782e-06
20831,,1.9216436149770796e-06
20832,,1.9216408318508644e-06
20833,,1.9216382177272684e-06
20834,,1.92162089253595e-06
20835,,1.9216132757598613e-06
20836,,1.9216099277385645e-06
20837,,1.921607228067558e-06
20838,,1.9216046268926673e-06
20839,,1.921584830538262e-06
20840,,1.92157931427225e-06
20841,,1.921576285543709e-06
20842,,1.9215736346371532e-06
20843,,1.921571041128493e-06
20844,,1.921549805955188e-06
20845,,1.92154551384477e-06
20846,,1.9215426713088774e-06
20847,,1.9215400489483027e-06
20848,,1.92152452793424e-06
20849,,1.921515387623427e-06
20850,,1.9215118090034314e-06
20851,,1.921509075095885e-06
20852,,1.9215064695047006e-06
20853,,1.921487727982171e-06
20854,,1.9214813242970275e-06
20855,,1.921478161576504e-06
20856,,1.921475491107783e-06
20857,,1.9214728954188957e-06
20858,,1.921452278403826e-06
20859,,1.921447469562835e-06
20860,,1.9214445493296657e-06
20861,,1.921441915957726e-06
20862,,1.9214287430310998e-06
20863,,1.921417617452946e-06
20864,,1.921413738106249e-06
20865,,1.921410959308984e-06
20866,,1.921408347688255e-06
20867,,1.921390977941026e-06
20868,,1.9213834177724587e-06
20869,,1.9213800801997936e-06
20870,,1.9213773839576056e-06
20871,,1.9213747851445757e-06
20872,,1.9213549709907912e-06
20873,,1.9213494886156562e-06
20874,,1.9213464668793366e-06
20875,,1.9213438188739017e-06
20876,,1.921341227652241e-06
20877,,1.9213199902623083e-06
20878,,1.921315718814165e-06
20879,,1.921312881256318e-06
20880,,1.9213102614986076e-06
20881,,1.921294676493022e-06
20882,,1.921285609272803e-06
20883,,1.921282043595376e-06
20884,,1.9212793135008277e-06
20885,,1.921276710326645e-06
20886,,1.9212579396674367e-06
20887,,1.9212515794860228e-06
20888,,1.9212484252126376e-06
20889,,1.9212457578680756e-06
20890,,1.9212431644971857e-06
20891,,1.921222538659126e-06
20892,,1.921217756069236e-06
20893,,1.921214841667962e-06
20894,,1.921212211021707e-06
20895,,1.9211989487803794e-06
20896,,1.9211879177779456e-06
20897,,1.9211840546303453e-06
20898,,1.9211812801389864e-06
20899,,1.9211786710091125e-06
20900,,1.9211612573751215e-06
20901,,1.9211537532200322e-06
20902,,1.921150425989804e-06
20903,,1.9211477331614055e-06
20904,,1.9211451367027802e-06
20905,,1.9211253051155314e-06
20906,,1.9211198562896757e-06
20907,,1.9211168414908214e-06
20908,,1.9211141963812656e-06
20909,,1.92111160743774e-06
20910,,1.9210903680298252e-06
20911,,1.9210861170324605e-06
20912,,1.921083284421738e-06
20913,,1.921080667249122e-06
20914,,1.921065019116347e-06
20915,,1.921056024225056e-06
20916,,1.921052471373223e-06
20917,,1.9210497450619438e-06
20918,,1.9210471443027773e-06
20919,,1.9210283449996406e-06
20920,,1.92102202786298e-06
20921,,1.9210188819660878e-06
20922,,1.921016217732797e-06
20923,,1.9210136266695313e-06
20924,,1.9209929922752284e-06
20925,,1.9209882356779937e-06
20926,,1.9209853270612055e-06
20927,,1.9209826991311575e-06
20928,,1.9209693487131493e-06
20929,,1.9209584112818688e-06
20930,,1.9209545641878777e-06
20931,,1.920951793972145e-06
20932,,1.9209491873288147e-06
20933,,1.920931730437351e-06
20934,,1.92092428171937e-06
20935,,1.9209209647437584e-06
20936,,1.9209182753092403e-06
20937,,1.9209156812061756e-06
20938,,1.9208958325417252e-06
20939,,1.9208904169229987e-06
20940,,1.920887408996544e-06
20941,,1.9208847667681607e-06
20942,,1.9208821800996118e-06
20943,,1.920860938870819e-06
20944,,1.920856708128179e-06
20945,,1.920853880430609e-06
20946,,1.9208512658374672e-06
20947,,1.9208355554269946e-06
20948,,1.920826632102125e-06
20949,,1.9208230919546276e-06
20950,,1.9208203694067283e-06
20951,,1.920817771056737e-06
20952,,1.920798943581137e-06
20953,,1.9207926690534e-06
20954,,1.920789531464656e-06
20955,,1.920786870326083e-06
20956,,1.9207842815709285e-06
20957,,1.9207636388786158e-06
20958,,1.9207589080129654e-06
20959,,1.9207560051377706e-06
20960,,1.920753379912978e-06
20961,,1.920739942435461e-06
20962,,1.9207290976010187e-06
20963,,1.9207252663960104e-06
20964,,1.920722500429671e-06
20965,,1.920719896266502e-06
20966,,1.9207023967625748e-06
20967,,1.920695002892078e-06
20968,,1.920691696084754e-06
20969,,1.920689010030098e-06
20970,,1.9206864182678925e-06
20971,,1.920666552888391e-06
20972,,1.9206611701347245e-06
20973,,1.9206581690346477e-06
20974,,1.9206555296759505e-06
20975,,1.9206529452771504e-06
20976,,1.920631702412857e-06
20977,,1.9206274917230627e-06
20978,,1.9206246689020147e-06
20979,,1.920622056885505e-06
20980,,1.9206062850421794e-06
20981,,1.9205974325334134e-06
20982,,1.9205939049691656e-06
20983,,1.9205911861675773e-06
20984,,1.9205885902155337e-06
20985,,1.920569735052431e-06
20986,,1.920563502688685e-06
20987,,1.9205603733347356e-06
20988,,1.9205577152788876e-06
20989,,1.9205551288224243e-06
20990,,1.9205344781006313e-06
20991,,1.920529772705251e-06
20992,,1.920526875530155e-06
20993,,1.9205242530002938e-06
20994,,1.920510729578178e-06
20995,,1.9204999763484647e-06
20996,,1.920496160888758e-06
20997,,1.9204933991427995e-06
20998,,1.920490797448913e-06
20999,,1.9204732559620055e-06
21000,,1.9204659163765422e-06
21001,,20.275726707554615
21002,,120778.1166756286
21003,,20.12798112683825
21004,,891.4949050383011
21005,,19.924442358853668
21006,,3.4695202101853746
21007,,74.82539130930358
21008,,3.4350952176096863
21009,,2.5435292231489433
21010,,2.510993857048821
21011,,2.0583450875275693
21012,,2.0550192796993936
21013,,2.054968782909349
21014,,2.0549680091108122
21015,,2.0549679972516572
21016,,2.054967997069911
21017,,2.054967997067134
21018,,2.0549679970670947
21019,,2.0549679970670938
21020,,2.0549679970670938
21021,,1.7448443663298
21022,,1.7402734998403884
21023,,1.7401375402443766
21024,,1.740133427602097
21025,,1.7401333031358468
21026,,1.7401332993688994
21027,,1.7401332992549032
21028,,1.7401332992514456
21029,,1.740133299251351
21030,,1.7401332992513403
21031,,1.7401332992513403
21032,,1.3888310587824548
21033,,1.1776863330340333
21034,,0.7868220063722262
21035,,0.7049975572547762
21036,,0.5642874496571784
21037,,1.3978844924836595
21038,,0.5574134208234637
21039,,0.5230796532822091
21040,,1.8851284001893491
21041,,0.5188784780872544
21042,,0.5012908317270112
21043,,0.4746354296652067
21044,,0.33262258628593694
21045,,0.15881583966170681
21046,,0.09468979849349118
21047,,0.21133492026386577
21048,,0.08608811194101286
21049,,0.26425163245995964
21050,,0.07896957866014949
21051,,0.07276969628334395
21052,,0.08602657279701831
21053,,0.06942501032233252
21054,,0.06572714346148124
21055,,0.05588963959088833
21056,,0.05262783538423674
21057,,0.04355021894309937
21058,,0.6141001072581431
21059,,0.041925676180624455
21060,,0.03976366007480832
21061,,0.03710228920802932
21062,,0.03647055233180479
21063,,0.12898796953237152
21064,,0.034847345347573604
21065,,0.03228739958169802
21066,,0.02879329763498564
21067,,0.024764226478086303
21068,,0.01716319094388446
21069,,0.022423298739089124
21070,,0.01587369524269086
21071,,0.013150399791815806
21072,,0.012057466785404019
21073,,0.011420938396108596
21074,,0.010967391364500744
21075,,0.010004602759351399
21076,,0.008986319975762854
21077,,0.008547959648806685
21078,,0.008391518865661998
21079,,0.008262442182215689
21080,,0.008060706347107371
21081,,0.007729627288877741
21082,,0.007171592998031228
21083,,0.006329797439750384
21084,,0.005876108342206535
21085,,0.005407162010519625
21086,,0.005113047079415646
21087,,0.00482046659567158
21088,,0.004361881953737393
21089,,0.003867515927140254
21090,,0.003571846132142618
21091,,0.0034327991581098033
21092,,0.0033196121646049963
21093,,0.0031428334224042434
21094,,0.0028968308329284874
21095,,0.002571615581460745
21096,,0.0022603768650002495
21097,,0.0020102504260357183
21098,,0.0018849504524470484
21099,,0.001635869380210228
21100,,0.0013655947862441834
21101,,0.0009996859024598765
21102,,0.0006801528154051707
21103,,0.0005297367464735129
21104,,0.0004345157547844705
21105,,0.0003705852220953654
21106,,0.000309033327967432
21107,,0.00024513078671749907
21108,,0.00022601029776931483
21109,,0.00022309879920891232
21110,,0.00022228979569220342
21111,,0.00022140492261639701
21112,,0.0002198030084483651
21113,,0.0002166788920341597
21114,,0.00021064515944537213
21115,,0.0001986137383505686
21116,,0.00018478871919789923
21117,,0.00017427587812763944
21118,,0.00016501419205935123
21119,,0.0001625849517610978
21120,,0.00015976667117909734
21121,,0.00015273339404631565
21122,,0.00014020257202225874
21123,,0.0001216706764984583
21124,,0.00010538128025870955
21125,,9.820400693806226e-05
21126,,9.60454355046311e-05
21127,,9.57290599184893e-05
21128,,9.558923863356314e-05
21129,,9.533910764572116e-05
21130,,9.482215685195142e-05
21131,,9.408818860566787e-05
21132,,9.293724310777398e-05
21133,,9.05792288768759e-05
21134,,8.589617268619437e-05
21135,,7.977912202760507e-05
21136,,7.38771142869926e-05
21137,,6.875868047840758e-05
21138,,6.674621120305934e-05
21139,,6.596992527355674e-05
21140,,6.57607499211225e-05
21141,,6.555305743771847e-05
21142,,6.511789205960333e-05
21143,,6.424766236257256e-05
21144,,6.245560405646553e-05
21145,,5.8965979351665156e-05
21146,,5.2875269270947266e-05
21147,,4.413254699396862e-05
21148,,4.706650637671118e-05
21149,,4.091109211951796e-05
21150,,3.4513932161207333e-05
21151,,3.1830953889744325e-05
21152,,3.127826557258674e-05
21153,,3.118322675576719e-05
21154,,3.114291568979715e-05
21155,,3.110097641686484e-05
21156,,3.1053636094419246e-05
21157,,3.096880361301988e-05
21158,,3.077325067763105e-05
21159,,3.0297611278201625e-05
21160,,2.925169464888201e-05
21161,,2.714460808057085e-05
21162,,2.3579369803946887e-05
21163,,1.771573768917092e-05
21164,,1.1858395814237329e-05
21165,,8.921396050538612e-06
21166,,8.076790100489107e-06
21167,,7.98759443003874e-06
21168,,7.981057395751533e-06
21169,,7.97974539334269e-06
21170,,7.977078783940672e-06
21171,,7.969659359748109e-06
21172,,7.949174540840627e-06
21173,,7.905516280391568e-06
21174,,7.809160216690003e-06
21175,,7.620816884127647e-06
21176,,7.313514475472131e-06
21177,,6.962565452199969e-06
21178,,6.725602310304973e-06
21179,,6.635311894191459e-06
21180,,6.619019291466636e-06
21181,,6.616922102070053e-06
21182,,6.6160018351661005e-06
21183,,6.6131195153632425e-06
21184,,6.605584954731098e-06
21185,,6.587406846968008e-06
21186,,6.5467115450927215e-06
21187,,6.4553157397906835e-06
21188,,6.2611192595139565e-06
21189,,5.880950565994676e-06
21190,,5.301625201575677e-06
21191,,4.691030640536228e-06
21192,,4.310754032512586e-06
21193,,4.149026082891699e-06
21194,,4.126458184936025e-06
21195,,4.124267128762102e-06
21196,,4.1240355054991855e-06
21197,,4.124020112185803e-06
21198,,4.124014055739811e-06
21199,,4.12400878392081e-06
21200,,4.1239664550169455e-06
21201,,4.123958155035918e-06
21202,,4.123952475650038e-06
21203,,4.123920576034606e-06
21204,,4.1239037860340545e-06
21205,,4.1238964889151534e-06
21206,,4.123890917031734e-06
21207,,4.123855554672911e-06
21208,,4.123841780772522e-06
21209,,4.123834876119031e-06
21210,,4.123829368434383e-06
21211,,4.123792205127762e-06
21212,,4.123779935015889e-06
21213,,4.1237732891282546e-06
21214,,4.123767827740938e-06
21215,,4.123729394576686e-06
21216,,4.123718175815905e-06
21217,,4.123711721055707e-06
21218,,4.1237062940837124e-06
21219,,4.123666908139311e-06
21220,,4.12365647906865e-06
21221,,4.123650168564686e-06
21222,,4.123644766947254e-06
21223,,4.123604656995611e-06
21224,,4.123594831666402e-06
21225,,4.123588629599704e-06
21226,,4.123583246026856e-06
21227,,4.123542589467085e-06
21228,,4.12353322529765e-06
21229,,4.123527102845357e-06
21230,,4.1235217311342875e-06
21231,,4.123480671774279e-06
21232,,4.123471654479361e-06
21233,,4.1234655874434186e-06
21234,,4.123439309916967e-06
21235,,4.123418881150754e-06
21236,,4.123410115492626e-06
21237,,4.123404082873415e-06
21238,,4.123376516999761e-06
21239,,4.123357201949544e-06
21240,,4.123348605972565e-06
21241,,4.123342588872526e-06
21242,,4.123314147230292e-06
21243,,4.1232956235034585e-06
21244,,4.123287124458791e-06
21245,,4.123281105351468e-06
21246,,4.12325215403616e-06
21247,,4.123234139027558e-06
21248,,4.12322567033897e-06
21249,,4.123219632436236e-06
21250,,4.123190506912935e-06
21251,,4.123172744676453e-06
21252,,4.123164243601749e-06
21253,,4.123158170396061e-06
21254,,4.123129186090239e-06
21255,,4.123111439206126e-06
21256,,4.123102844891901e-06
21257,,4.123096719669406e-06
21258,,4.123068182447613e-06
21259,,4.123050223533759e-06
21260,,4.123041475366053e-06
21261,,4.123035280825488e-06
21262,,4.12300749438153e-06
21263,,4.1229891006617725e-06
21264,,4.122980136767725e-06
21265,,4.122973854621174e-06
21266,,4.122968368558204e-06
21267,,4.122928075515737e-06
21268,,4.122918831355487e-06
21269,,4.122912441965207e-06
21270,,4.122906916772198e-06
21271,,4.1228671549584805e-06
21272,,4.122857562003711e-06
21273,,4.122851043978542e-06
21274,,4.122845472677198e-06
21275,,4.122806347897767e-06
21276,,4.122796332182064e-06
21277,,4.122789661951213e-06
21278,,4.122784036765118e-06
21279,,4.122745665278647e-06
21280,,4.1227351460580045e-06
21281,,4.1227282974311245e-06
21282,,4.1227226095944245e-06
21283,,4.122685120405029e-06
21284,,4.122674008541893e-06
21285,,4.122666952219763e-06
21286,,4.122661191818013e-06
21287,,4.122624728988487e-06
21288,,4.12261292539725e-06
21289,,4.122605628391702e-06
21290,,4.122599784207544e-06
21291,,4.122564509599487e-06
21292,,4.1225519033100164e-06
21293,,4.12254432838705e-06
21294,,4.122538387620201e-06
21295,,4.122504483814245e-06
21296,,4.122490950066889e-06
21297,,4.122483054999034e-06
21298,,4.122477003097435e-06
21299,,4.1224446768010666e-06
21300,,4.122430074679079e-06
21301,,4.1224218114792124e-06
21302,,4.122415631793383e-06
21303,,4.122385117625223e-06
21304,,4.122369287544579e-06
21305,,4.122360601561746e-06
21306,,4.12235427507485e-06
21307,,4.122325839955743e-06
21308,,4.122308600679831e-06
21309,,4.122299429577895e-06
21310,,4.1222929345072324e-06
21311,,4.122287341242393e-06
21312,,4.122248027920336e-06
21313,,4.122238300493893e-06
21314,,4.1222316118884746e-06
21315,,4.122225950707411e-06
21316,,4.122187585248315e-06
21317,,4.1221772200754554e-06
21318,,4.1221703093216894e-06
21319,,4.122164570025166e-06
21320,,4.122127291049479e-06
21321,,4.122116194944043e-06
21322,,4.1221090291897425e-06
21323,,4.122103200082751e-06
21324,,4.122067166509439e-06
21325,,4.122055232738938e-06
21326,,4.122047774294559e-06
21327,,4.122041841896234e-06
21328,,4.122007236037235e-06
21329,,4.121994342286944e-06
21330,,4.121986547835601e-06
21331,,4.121980496642282e-06
21332,,4.1219475277532025e-06
21333,,4.121933533733082e-06
21334,,4.121925353506891e-06
21335,,4.121919165676929e-06
21336,,4.121888074040347e-06
21337,,4.121872818808468e-06
21338,,4.121864195606337e-06
21339,,4.121857850585871e-06
21340,,4.121828912225974e-06
21341,,4.121812211043792e-06
21342,,4.121803079059529e-06
21343,,4.121796553165584e-06
21344,,4.1217909362561515e-06
21345,,4.121751726031529e-06
21346,,4.121742009572067e-06
21347,,4.121735275523768e-06
21348,,4.121729583885272e-06
21349,,4.121691381786025e-06
21350,,4.121680993744152e-06
21351,,4.121674020083349e-06
21352,,4.121668242274404e-06
21353,,4.121631199073741e-06
21354,,4.12162003917585e-06
21355,,4.121612789673112e-06
21356,,4.12160691246623e-06
21357,,4.121571201889683e-06
21358,,4.121559154671661e-06
21359,,4.121551587513845e-06
21360,,4.12154559565516e-06
21361,,4.121511417900759e-06
21362,,4.121498350394358e-06
21363,,4.121490417370703e-06
21364,,4.1214842932364145e-06
21365,,4.121451879101092e-06
21366,,4.121437638097517e-06
21367,,4.121429283596021e-06
21368,,4.121423006843344e-06
21369,,4.121392622390457e-06
21370,,4.121377031369157e-06
21371,,4.121368191200107e-06
21372,,4.121361738323799e-06
21373,,4.121333690421308e-06
21374,,4.1213165459081625e-06
21375,,4.121307146014836e-06
21376,,4.12130048985358e-06
21377,,4.121294816136545e-06
21378,,4.12125619988317e-06
21379,,4.121246154769063e-06
21380,,4.121239263926611e-06
21381,,4.121233504365135e-06
21382,,4.121196014300172e-06
21383,,4.121185225248048e-06
21384,,4.121178063454307e-06
21385,,4.121172204641209e-06
21386,,4.121136013441111e-06
21387,,4.121124366471037e-06
21388,,4.1211168918005315e-06
21389,,4.121110918217097e-06
21390,,4.121076225422119e-06
21391,,4.1210635888873296e-06
21392,,4.1210557528533465e-06
21393,,4.121049646551139e-06
21394,,4.121016682745136e-06
21395,,4.121002904573793e-06
21396,,4.120994651125389e-06
21397,,4.1209883913363804e-06
21398,,4.1209574230372e-06
21399,,4.120942327530843e-06
21400,,4.1209335918574246e-06
21401,,4.120927154524509e-06
21402,,4.120898489833615e-06
21403,,4.120881873967659e-06
21404,,4.120872581072558e-06
21405,,4.120865938381893e-06
21406,,4.1208602626686316e-06
21407,,4.120821562637786e-06
21408,,4.120811625822155e-06
21409,,4.120804745559479e-06
21410,,4.120798981868222e-06
21411,,4.120761415302097e-06
21412,,4.120750734217012e-06
21413,,4.120743579080266e-06
21414,,4.120737713511225e-06
21415,,4.120701457129888e-06
21416,,4.120689915685475e-06
21417,,4.120682442495649e-06
21418,,4.120676458915802e-06
21419,,4.1206417172863315e-06
21420,,4.1206291811537905e-06
21421,,4.120621339903436e-06
21422,,4.120615219625777e-06
21423,,4.120582229576146e-06
21424,,4.120568543270224e-06
21425,,4.120560276062448e-06
21426,,4.120553997441219e-06
21427,,4.120523033140677e-06
21428,,4.120508016719483e-06
21429,,4.120499256474307e-06
21430,,4.120492794429299e-06
21431,,4.1204641733699596e-06
21432,,4.120447618510532e-06
21433,,4.120438287540334e-06
21434,,4.120431612994564e-06
21435,,4.1204259209984456e-06
21436,,4.12038736835173e-06
21437,,4.120377376669167e-06
21438,,4.120370455939034e-06
21439,,4.12036467202731e-06
21440,,4.120327289113763e-06
21441,,4.120316532461448e-06
21442,,4.1203093264958255e-06
21443,,4.120303436003261e-06
21444,,4.120267407299263e-06
21445,,4.12025576488896e-06
21446,,4.120248228419018e-06
21447,,4.1202422143487395e-06
21448,,4.120207753649718e-06
21449,,4.120195085520913e-06
21450,,4.1201871660769955e-06
21451,,4.1201810087024144e-06
21452,,4.12014836379036e-06
21453,,4.1201345077609275e-06
21454,,4.120126144517711e-06
21455,,4.120119820980675e-06
21456,,4.120089279052514e-06
21457,,4.120074047182819e-06
21458,,4.12006516961464e-06
21459,,4.12005865338732e-06
21460,,4.1200305473656865e-06
21461,,4.120013721836377e-06
21462,,4.1200042481837e-06
21463,,4.119997508515273e-06
21464,,4.119991789524969e-06
21465,,4.119953552656881e-06
21466,,4.119943388125104e-06
21467,,4.119936389323485e-06
21468,,4.119930573072935e-06
21469,,4.11989356393681e-06
21470,,4.119882598594637e-06
21471,,4.119875299293159e-06
21472,,4.119869370173193e-06
21473,,4.119833783866806e-06
21474,,4.1198218902372585e-06
21475,,4.11981424244194e-06
21476,,4.1198081823498e-06
21477,,4.119774245129602e-06
21478,,4.1197612753958364e-06
21479,,4.119753223434602e-06
21480,,4.119747011367041e-06
21481,,4.119714985668596e-06
21482,,4.119700768405385e-06
21483,,4.119692247676798e-06
21484,,4.119685859274426e-06
21485,,4.119656049497758e-06
21486,,4.119640385873441e-06
21487,,4.119631321466155e-06
21488,,4.119624728440778e-06
21489,,4.119619063408865e-06
21490,,4.119580147103524e-06
21491,,4.119570452085722e-06
21492,,4.11956362163609e-06
21493,,4.119557867217576e-06
21494,,4.119520074480016e-06
21495,,4.119509648009289e-06
21496,,4.119502542068493e-06
21497,,4.119496683863067e-06
21498,,4.119460193984361e-06
21499,,4.1194489190615175e-06
21500,,4.119441493442543e-06
21501,,4.119435514761751e-06
21502,,4.119400535771113e-06
21503,,4.1193882766563965e-06
21504,,4.119380480085281e-06
21505,,4.1193743615436515e-06
21506,,4.119341134844916e-06
21507,,4.119327734016916e-06
21508,,4.11931950699962e-06
21509,,4.119313226105343e-06
21510,,4.119282031818611e-06
21511,,4.119267306525059e-06
21512,,4.119258580021607e-06
21513,,4.119252110654055e-06
21514,,4.119223273840091e-06
21515,,4.119207012018086e-06
21516,,4.119197705888588e-06
21517,,4.1191910177517945e-06
21518,,4.119185316643174e-06
21519,,4.119146871206608e-06
21520,,4.11913689244931e-06
21521,,4.119129950357662e-06
21522,,4.119124153420613e-06
21523,,4.119086908117981e-06
21524,,4.1190761488074515e-06
21525,,4.119068911932996e-06
21526,,4.119063003698152e-06
21527,,4.119027150668553e-06
21528,,4.119015485528951e-06
21529,,4.119007906474204e-06
21530,,4.119001869000224e-06
21531,,4.118967631255125e-06
21532,,4.118954914881354e-06
21533,,4.118946938630882e-06
21534,,4.118940751093711e-06
21535,,4.118908387466695e-06
21536,,4.118894451109279e-06
21537,,4.118886013800481e-06
21538,,4.118879652011988e-06
21539,,4.118849462977277e-06
21540,,4.118834110758426e-06
21541,,4.118825138252755e-06
21542,,4.118818574141756e-06
21543,,4.118812920214841e-06
21544,,4.1187739130136575e-06
21545,,4.118764319258096e-06
21546,,4.1187575202333046e-06
21547,,4.118751777559637e-06
21548,,4.118713880181155e-06
21549,,4.118703565273904e-06
21550,,4.118696493486441e-06
21551,,4.118690647733377e-06
21552,,4.1186540381253986e-06
21553,,4.118642886100003e-06
21554,,4.118635497635971e-06
21555,,4.118629532148782e-06
21556,,4.118594416898856e-06
21557,,4.118582293127496e-06
21558,,4.118574536988575e-06
21559,,4.118568432439362e-06
21560,,4.11853505138176e-06
21561,,4.118521799572652e-06
21562,,4.1185136165575195e-06
21563,,4.118507350514629e-06
21564,,4.11847598208255e-06
21565,,4.118461420805946e-06
21566,,4.118452742162017e-06
21567,,4.118446288571873e-06
21568,,4.118417256023249e-06
21569,,4.118401174636098e-06
21570,,4.118391920563225e-06
21571,,4.118385249177965e-06
21572,,4.118379555463445e-06
21573,,4.1183410817728e-06
21574,,4.118331159618986e-06
21575,,4.118324235310028e-06
21576,,4.11831844594601e-06
21577,,4.1182811662467616e-06
21578,,4.118270468426776e-06
21579,,4.118263250431328e-06
21580,,4.118257349953614e-06
21581,,4.118221455955924e-06
21582,,4.118209857577204e-06
21583,,4.118202298541647e-06
21584,,4.1181962690004e-06
21585,,4.118161983311217e-06
21586,,4.118149339361669e-06
21587,,4.1181413843077955e-06
21588,,4.1181352048626715e-06
21589,,4.1181027859313295e-06
21590,,4.118088928038578e-06
21591,,4.118080513146619e-06
21592,,4.118074159588686e-06
21593,,4.1180439075004435e-06
21594,,4.118028640184085e-06
21595,,4.1180196913379955e-06
21596,,4.118013135560231e-06
21597,,4.1180074865547105e-06
21598,,4.117968495032881e-06
21599,,4.117958926179687e-06
21600,,4.117952135552138e-06
21601,,4.117946397695653e-06
21602,,4.117908514929869e-06
21603,,4.117898226140659e-06
21604,,4.117891162775728e-06
21605,,4.117885321697661e-06
21606,,4.117848725797125e-06
21607,,4.117837601065045e-06
21608,,4.117830220958735e-06
21609,,4.117824259973391e-06
21610,,4.117789157768884e-06
21611,,4.117777062379553e-06
21612,,4.117769314438005e-06
21613,,4.1177632141679755e-06
21614,,4.117729845829485e-06
21615,,4.117716623357834e-06
21616,,4.1177084482569175e-06
21617,,4.117702186195562e-06
21618,,4.11767083056544e-06
21619,,4.11765629939307e-06
21620,,4.117647628246907e-06
21621,,4.117641178264441e-06
21622,,4.117612159167808e-06
21623,,4.11759610838762e-06
21624,,4.117586861213179e-06
21625,,4.117580192955161e-06
21626,,4.1175745025254385e-06
21627,,4.117536071107191e-06
21628,,4.117526155016741e-06
21629,,4.117519233264357e-06
21630,,4.117513446873645e-06
21631,,4.117476211686231e-06
21632,,4.117465518817431e-06
21633,,4.117458302649178e-06
21634,,4.117452404791465e-06
21635,,4.117416558133366e-06
21636,,4.117404963254514e-06
21637,,4.117397405155408e-06
21638,,4.117391377796593e-06
21639,,4.117357142983568e-06
21640,,4.117344500658643e-06
21641,,4.11733654546564e-06
21642,,4.117330367671083e-06
21643,,4.117298004011266e-06
21644,,4.11728414537098e-06
21645,,4.117275729014643e-06
21646,,4.1172693764765994e-06
21647,,4.117239185086189e-06
21648,,4.117223914034341e-06
21649,,4.117214962117818e-06
21650,,4.117208406611552e-06
21651,,4.117202760080633e-06
21652,,4.1171638259776544e-06
21653,,4.117154252110231e-06
21654,,4.117147460866862e-06
21655,,4.117141725091909e-06
21656,,4.117103903642481e-06
21657,,4.117093607506264e-06
21658,,4.117086542462544e-06
21659,,4.117080703013765e-06
21660,,4.117044173097543e-06
21661,,4.117033038202635e-06
21662,,4.117025655150909e-06
21663,,4.117019695252689e-06
21664,,4.116984664608169e-06
21665,,4.116972555682911e-06
21666,,4.116964803294427e-06
21667,,4.116958703468258e-06
21668,,4.11692541331873e-06
21669,,4.116912173287036e-06
21670,,4.1169039919576395e-06
21671,,4.116897729594026e-06
21672,,4.1168664600588445e-06
21673,,4.116851906492167e-06
21674,,4.116843227012696e-06
21675,,4.116836775844882e-06
21676,,4.116807852207086e-06
21677,,4.116791773293581e-06
21678,,4.116782515282787e-06
21679,,4.11677584481073e-06
21680,,4.116770156043157e-06
21681,,4.116731794573657e-06
21682,,4.116721864707511e-06
21683,,4.116714939509675e-06
21684,,4.116709154294607e-06
21685,,4.116671994601764e-06
21686,,4.1166612844778e-06
21687,,4.1166540634319595e-06
21688,,4.116648166151185e-06
21689,,4.116612401526981e-06
21690,,4.116600785289143e-06
21691,,4.11659322062159e-06
21692,,4.116587193166315e-06
21693,,4.116553048058301e-06
21694,,4.116540379549898e-06
21695,,4.116532415805603e-06
21696,,4.116526237116735e-06
21697,,4.116493972198535e-06
21698,,4.1164800816772295e-06
21699,,4.116471654444298e-06
21700,,4.116465300090829e-06
21701,,4.116435218049613e-06
21702,,4.116419908412046e-06
21703,,4.11641094289602e-06
21704,,4.11640438448316e-06
21705,,4.116398739451767e-06
21706,,4.116359879195361e-06
21707,,4.116350288536153e-06
21708,,4.116343493106676e-06
21709,,4.116337758331417e-06
21710,,4.116300016600501e-06
21711,,4.116289699930879e-06
21712,,4.116282629194719e-06
21713,,4.116276790171432e-06
21714,,4.116240346844721e-06
21715,,4.116229187025096e-06
21716,,4.116221796546681e-06
21717,,4.1162158363855405e-06
21718,,4.116180900361957e-06
21719,,4.116168761382895e-06
21720,,4.11616099953129e-06
21721,,4.11615489864926e-06
21722,,4.1161217125195135e-06
21723,,4.116108436411851e-06
21724,,4.116100243247691e-06
21725,,4.116093978885995e-06
21726,,4.116062824364566e-06
21727,,4.116048227697774e-06
21728,,4.116039533604431e-06
21729,,4.11603307935035e-06
21730,,4.11600428358655e-06
21731,,4.1159881533362956e-06
21732,,4.115978877470752e-06
21733,,4.115972202645852e-06
21734,,4.115966514885919e-06
21735,,4.115928234335676e-06
21736,,4.115918282824187e-06
21737,,4.115911351793041e-06
21738,,4.115905567013454e-06
21739,,4.115868495096496e-06
21740,,4.115857758912508e-06
21741,,4.115850530313736e-06
21742,,4.115844632812342e-06
21743,,4.115808963963899e-06
21744,,4.115797316504654e-06
21745,,4.115789742277991e-06
21746,,4.115783713813524e-06
21747,,4.1157496738369485e-06
21748,,4.1157369680862065e-06
21749,,4.11572899243959e-06
21750,,4.1157228118438135e-06
21751,,4.115690662933185e-06
21752,,4.115676728159174e-06
21753,,4.115668286293617e-06
21754,,4.115661928971861e-06
21755,,4.115631975637005e-06
21756,,4.11561661356538e-06
21757,,4.115607630238944e-06
21758,,4.115601067629993e-06
21759,,4.115595423710882e-06
21760,,4.11555664386124e-06
21761,,4.115547031691669e-06
21762,,4.115540230632545e-06
21763,,4.1155344964308344e-06
21764,,4.115496841772394e-06
21765,,4.115486499272364e-06
21766,,4.115479421253739e-06
21767,,4.115473582147229e-06
21768,,4.115437233663482e-06
21769,,4.115426042993073e-06
21770,,4.11541864329972e-06
21771,,4.11541268230969e-06
21772,,4.1153778501686234e-06
21773,,4.115365674487332e-06
21774,,4.115357901168782e-06
21775,,4.115351798588886e-06
21776,,4.115318726868117e-06
21777,,4.115305407254078e-06
21778,,4.115297199987878e-06
21779,,4.115290932931777e-06
21780,,4.115259905070428e-06
21781,,4.1152452569635e-06
21782,,4.115236545711242e-06
21783,,4.115230087589732e-06
21784,,4.1152014327434545e-06
21785,,4.115185241822772e-06
21786,,4.115175945254722e-06
21787,,4.115169265198891e-06
21788,,4.115163578179363e-06
21789,,4.115125382982364e-06
21790,,4.115115406633413e-06
21791,,4.115108468793604e-06
21792,,4.115102684145699e-06
21793,,4.11506570499139e-06
21794,,4.115054939169672e-06
21795,,4.115047701915138e-06
21796,,10.722031894594664
21797,,87514.84938078915
21798,,10.617828767378377
21799,,709.3523592410104
21800,,10.488390443997249
21801,,2.5966170652839944
21802,,3.279879468038857
21803,,2.573885254279038
21804,,2.4956322411624874
21805,,7.322490940515777
21806,,2.483801952544097
21807,,2.387792407583727
21808,,2.295255445786235
21809,,2.1541472909577926
21810,,2.152160946368288
21811,,1.2568557743571194
21812,,1.0530063187756922
21813,,0.9170425632470275
21814,,6.395597728833791
21815,,0.9124039238082203
21816,,0.8790090984600883
21817,,0.8462211238294663
21818,,0.844966234447116
21819,,0.8448943897401795
21820,,0.8448901923269948
21821,,0.8448899468114204
21822,,0.8448899324497136
21823,,0.8448899316096035
21824,,0.8448899315604621
21825,,0.8448899315575851
21826,,0.8448899315574183
21827,,0.8448899315574047
21828,,0.8448899315574048
21829,,1954.8764962299524
21830,,0.8381218098061454
21831,,19.12035114412406
21832,,0.8318991075585458
21833,,0.807936330575896
21834,,0.7995329488830226
21835,,0.7892544655947593
21836,,0.7827856288782791
21837,,0.7234592381608821
21838,,0.7207420066296994
21839,,0.720610362166326
21840,,0.7206039670915554
21841,,0.720603656388651
21842,,0.7206036412931409
21843,,0.7206036405597237
21844,,0.7206036405240885
21845,,0.72060364052236
21846,,0.7206036405222764
21847,,0.7206036405222731
21848,,0.7206036405222728
21849,,0.7206036405222728
21850,,0.22346187103987156
21851,,1.9120249705987582
21852,,0.19318172287826293
21853,,0.4650468428024103
21854,,0.15107180773850568
21855,,0.13225988782451378
21856,,1.3398186697008652
21857,,0.12179665081338209
21858,,0.12293951286365823
21859,,0.1138091785005162
21860,,0.10608493811652034
21861,,0.0946073785122982
21862,,0.08363189347668294
21863,,0.07122366958147461
21864,,0.06454355837384945
21865,,0.052244427220402345
21866,,0.05149697951724806
21867,,0.9882223736533198
21868,,0.050342563020885606
21869,,0.05050535315454261
21870,,0.04842818031524576
21871,,0.0477833567630202
21872,,0.04509092194600459
21873,,0.04284599567266778
21874,,0.039661922304188205
21875,,0.03491602705674992
21876,,0.02961458944474046
21877,,0.028253057331600627
21878,,0.02738268120253653
21879,,0.02612392349949343
21880,,0.023888569063734287
21881,,0.020817068993043877
21882,,0.017044594468072057
21883,,0.014183179367879025
21884,,0.012516918619759863
21885,,0.011480722705563743
21886,,0.010141411380495248
21887,,0.008333874297811598
21888,,0.006586864995318856
21889,,0.005907041166965981
21890,,0.005765239726808204
21891,,0.005725288566774573
21892,,0.0056841659875981046
21893,,0.005587665254543611
21894,,0.005405860194417857
21895,,0.005119941024872381
21896,,0.004663672910295366
21897,,0.004575194017738839
21898,,0.004331656029782033
21899,,0.0042794626983603985
21900,,0.004259701383905289
21901,,0.004239524786640248
21902,,0.004207451977614009
21903,,0.004152584075938323
21904,,0.004075265569380828
21905,,0.003908919390086969
21906,,0.0035436081320786316
21907,,0.0032052886529581734
21908,,0.0026724691959125685
21909,,0.002424349199633771
21910,,0.0021150053750230197
21911,,0.0018752523866576477
21912,,0.0017846272370351526
21913,,0.0017489483832277952
21914,,0.0017410282012362208
21915,,0.0017355629708722617
21916,,0.0017278271188157425
21917,,0.0017191651674878271
21918,,0.0017078830512044253
21919,,0.0016955561281376537
21920,,0.0016832766147481788
21921,,0.001669789736121757
21922,,0.0016513329977484587
21923,,0.0016185153689042262
21924,,0.0015600226475258544
21925,,0.001460275704507148
21926,,0.0013158851258020666
21927,,0.0011372110349506972
21928,,0.0010347567987535997
21929,,0.0009745125264556189
21930,,0.0009414122050990166
21931,,0.0009298315250561869
21932,,0.0009135487013111714
21933,,0.0008917686975805658
21934,,0.000866585701685161
21935,,0.0008292342421070643
21936,,0.0007978581381301887
21937,,0.0007826771263600476
21938,,0.00077512050560349
21939,,0.0007651027007232734
21940,,0.0007608408513276178
21941,,0.0007574839806916812
21942,,0.0007531704203009402
21943,,0.0007471590996735919
21944,,0.0007325307448828821
21945,,0.0007017363697104734
21946,,0.0006405448702020754
21947,,0.0005393936503403981
21948,,0.000419306350825617
21949,,0.0003404314328349049
21950,,0.00030804860260434647
21951,,0.00030192682065838483
21952,,0.00029877996018690334
21953,,0.00029792201353645386
21954,,0.00029608993364916246
21955,,0.0002907636931956989
21956,,0.0002808471278766682
21957,,0.00026483665086935956
21958,,0.00024616533063431947
21959,,0.00023388383477648337
21960,,0.0002293891053560472
21961,,0.0002282956026565083
21962,,0.00022778744805360845
21963,,0.00022659898391824755
21964,,0.00022272680931356305
21965,,0.0002144788846791169
21966,,0.00019692906434066516
21967,,0.000163711063754617
21968,,0.00012643229651389465
21969,,7.852431824516099e-05
21970,,3.50040233135177e-05
21971,,2.1159490260592823e-05
21972,,1.96390343094472e-05
21973,,1.9524145655491135e-05
21974,,1.9516685271764007e-05
21975,,1.9514569719828605e-05
21976,,1.950821977265687e-05
21977,,1.9493726723032576e-05
21978,,1.9460895768519476e-05
21979,,1.9387921938841034e-05
21980,,1.923343151426925e-05
21981,,1.894170512407545e-05
21982,,1.8504280413499615e-05
21983,,1.8059953650835906e-05
21984,,1.781649546477042e-05
21985,,1.7748789375868165e-05
21986,,1.7737603831293655e-05
21987,,1.7736279644256334e-05
21988,,1.7735544537076497e-05
21989,,1.7732427655167994e-05
21990,,1.772547461947547e-05
21991,,1.7709567819073447e-05
21992,,1.767257491684148e-05
21993,,1.7586683354626124e-05
21994,,1.7396104070223157e-05
21995,,1.6983617907999066e-05
21996,,1.621643719854355e-05
21997,,1.5086524678214416e-05
21998,,1.4034262515110357e-05
21999,,1.319137776255428e-05
22000,,1.3000034728128533e-05
22001,,1.2973166688742913e-05
22002,,1.2970535001291616e-05
22003,,1.2969725583028474e-05
22004,,1.2967386422854686e-05
22005,,1.2961308339016996e-05
22006,,1.2947552307095303e-05
22007,,1.2915844806323962e-05
22008,,1.284256254256996e-05
22009,,1.267467864903932e-05
22010,,1.229206134097959e-05
22011,,1.1476117665574243e-05
22012,,9.890477195012788e-06
22013,,7.432954699382475e-06
22014,,5.090954403117485e-06
22015,,3.532224747303061e-06
22016,,2.781959670559523e-06
22017,,2.6815360175833878e-06
22018,,2.672709008573431e-06
22019,,2.6721408086056243e-06
22020,,2.67210808029843e-06
22021,,2.6721056709406524e-06
22022,,2.672105018790057e-06
22023,,2.6721045890555376e-06
22024,,2.6721042153552833e-06
22025,,2.6721014955749963e-06
22026,,2.6721008695148888e-06
22027,,2.6721004330377764e-06
22028,,2.672100056112945e-06
22029,,2.672097375118821e-06
22030,,2.6720967249521775e-06
22031,,2.6720962779555825e-06
22032,,2.6720958971606238e-06
22033,,2.672093268187136e-06
22034,,2.6720925833180173e-06
22035,,2.672092123788008e-06
22036,,2.672091738538974e-06
22037,,2.6720891706615265e-06
22038,,2.672088444573712e-06
22039,,2.6720879706177055e-06
22040,,2.6720875802779056e-06
22041,,2.672085082474294e-06
22042,,2.6720843089876616e-06
22043,,2.6720838185699123e-06
22044,,2.6720834224327314e-06
22045,,2.672081004420867e-06
22046,,2.6720801769389147e-06
22047,,2.672079667795216e-06
22048,,2.6720792650581864e-06
22049,,2.672076937672245e-06
22050,,2.6720760488930693e-06
22051,,2.6720755184779914e-06
22052,,2.6720751082229184e-06
22053,,2.672072883684583e-06
22054,,2.6720719253934916e-06
22055,,2.6720713708141853e-06
22056,,2.672070951993729e-06
22057,,2.6720688441454773e-06
22058,,2.6720678070667064e-06
22059,,2.6720672250390493e-06
22060,,2.6720667964806345e-06
22061,,2.672064821024712e-06
22062,,2.672063694643456e-06
22063,,2.672063081415285e-06
22064,,2.6720626417646083e-06
22065,,2.6720622620012256e-06
22066,,2.6720595889347307e-06
22067,,2.6720589402629613e-06
22068,,2.6720584879638444e-06
22069,,2.6720581036101767e-06
22070,,2.6720554909017973e-06
22071,,2.672054801923413e-06
22072,,2.672054335213177e-06
22073,,2.672053945626919e-06
22074,,2.6720514016166366e-06
22075,,2.6720506668015504e-06
22076,,2.6720501836674095e-06
22077,,2.6720497880956272e-06
22078,,2.6720473223159987e-06
22079,,2.6720465353643567e-06
22080,,2.672046033495983e-06
22081,,2.672045631084693e-06
22082,,2.672043254423434e-06
22083,,2.672042408134529e-06
22084,,2.672041884901641e-06
22085,,2.6720414746848904e-06
22086,,2.6720391995559022e-06
22087,,2.6720382857250592e-06
22088,,2.67203773811545e-06
22089,,2.672037318956638e-06
22090,,2.6720351595769194e-06
22091,,2.6720341688291824e-06
22092,,2.6720335933983064e-06
22093,,2.672033164022945e-06
22094,,2.6720311366021365e-06
22095,,2.6720300582466267e-06
22096,,2.6720294510541582e-06
22097,,2.672029009993498e-06
22098,,2.6720286285672487e-06
22099,,2.672025954893937e-06
22100,,2.6720253114292475e-06
22101,,2.672024856995827e-06
22102,,2.672024470583605e-06
22103,,2.6720218598226378e-06
22104,,2.6720211749253568e-06
22105,,2.672020705186429e-06
22106,,2.6720203130507744e-06
22107,,2.6720177742320704e-06
22108,,2.6720170419957527e-06
22109,,2.6720165547394357e-06
22110,,2.67201615604742e-06
22111,,2.672013699517569e-06
22112,,2.6720129131737143e-06
22113,,2.6720124058614816e-06
22114,,2.6720119996436354e-06
22115,,2.6720096372569294e-06
22116,,2.6720087890550474e-06
22117,,2.672008258775188e-06
22118,,2.6720078439339955e-06
22119,,2.6720055892831346e-06
22120,,2.6720046703505e-06
22121,,2.6720041137587878e-06
22122,,2.6720036890244802e-06
22123,,2.6720015576825477e-06
22124,,2.6720005578479924e-06
22125,,2.6719999711113535e-06
22126,,2.6719995350279835e-06
22127,,2.671997544852911e-06
22128,,2.671996452463549e-06
22129,,2.6719958311876434e-06
22130,,2.6719953820743055e-06
22131,,2.671994996758298e-06
22132,,2.6719923552576373e-06
22133,,2.671991694396171e-06
22134,,2.671991230340425e-06
22135,,2.6719908393272786e-06
22136,,2.6719882674451454e-06
22137,,2.6719875612002315e-06
22138,,2.6719870799875848e-06
22139,,2.6719866824380915e-06
22140,,2.6719841904204397e-06
22141,,2.671983432139865e-06
22142,,2.67198293122856e-06
22143,,2.671982526168763e-06
22144,,2.6719801257812945e-06
22145,,2.6719793078286163e-06
22146,,2.6719787843086763e-06
22147,,2.6719783706150875e-06
22148,,2.671976075380339e-06
22149,,2.671975188984847e-06
22150,,2.671974639498745e-06
22151,,2.671974215879077e-06
22152,,2.6719720413372416e-06
22153,,2.671971076419004e-06
22154,,2.6719704971111007e-06
22155,,2.671970062087372e-06
22156,,2.6719680260908695e-06
22157,,2.671966971081978e-06
22158,,2.6719663575180265e-06
22159,,2.671965909382956e-06
22160,,2.6719655238412655e-06
22161,,2.671962874047229e-06
22162,,2.6719622211403577e-06
22163,,2.6719617579214097e-06
22164,,2.671961366578833e-06
22165,,2.6719587865743766e-06
22166,,2.671958088450296e-06
22167,,2.6719576079017077e-06
22168,,2.6719572098772776e-06
22169,,2.671954710086449e-06
22170,,2.671953960016358e-06
22171,,2.671953459540679e-06
22172,,2.671953053824035e-06
22173,,2.6719506462467817e-06
22174,,2.6719498364788346e-06
22175,,2.671949313069935e-06
22176,,2.6719488985151103e-06
22177,,2.671946596952691e-06
22178,,2.6719457185713794e-06
22179,,2.671945168798581e-06
22180,,2.671944744059397e-06
22181,,2.671942564402528e-06
22182,,2.671941607144045e-06
22183,,2.6719410270447518e-06
22184,,2.671940590586735e-06
22185,,2.67193855110503e-06
22186,,2.671937503185878e-06
22187,,2.671936888191837e-06
22188,,2.6719364382502233e-06
22189,,2.6719360516396897e-06
22190,,2.6719334078139414e-06
22191,,2.6719327526818014e-06
22192,,2.6719322872210816e-06
22193,,2.6719318945860465e-06
22194,,2.67192932233571e-06
22195,,2.6719286210164483e-06
22196,,2.6719281376916834e-06
22197,,2.671927738128217e-06
22198,,2.671925248240238e-06
22199,,2.6719244937875158e-06
22200,,2.671923989889539e-06
22201,,2.6719235823427718e-06
22202,,2.6719211872624448e-06
22203,,2.671920371652597e-06
22204,,2.671919844084653e-06
22205,,2.671919427342057e-06
22206,,2.6719171413781697e-06
22207,,2.671916255398553e-06
22208,,2.6719157005699405e-06
22209,,2.6719152732360067e-06
22210,,2.6719131128769352e-06
22211,,2.6719121459116413e-06
22212,,2.6719115597021644e-06
22213,,2.671911120169977e-06
22214,,2.6719091043979693e-06
22215,,2.6719080442245863e-06
22216,,2.6719074218694475e-06
22217,,2.6719069682950496e-06
22218,,2.6719065800360153e-06
22219,,2.6719039515175907e-06
22220,,2.6719032875422882e-06
22221,,2.6719028177900163e-06
22222,,2.6719024232295186e-06
22223,,2.6718998691428013e-06
22224,,2.671899157256369e-06
22225,,2.6718986688687505e-06
22226,,2.671898267043805e-06
22227,,2.671895798689655e-06
22228,,2.671895031623892e-06
22229,,2.6718945217645393e-06
22230,,2.6718941115766136e-06
22231,,2.6718917419634045e-06
22232,,2.6718909113488136e-06
22233,,2.671890376758383e-06
22234,,2.671889956928962e-06
22235,,2.6718877010521183e-06
22236,,2.671886797244457e-06
22237,,2.671886234165458e-06
22238,,2.6718858032329057e-06
22239,,2.6718836783590688e-06
22240,,2.671882690257687e-06
22241,,2.671882094360071e-06
22242,,2.671881650623992e-06
22243,,2.6718796766566442e-06
22244,,2.671878591465804e-06
22245,,2.671877957758023e-06
22246,,2.671877499278674e-06
22247,,2.6718771089691833e-06
22248,,2.671874502122353e-06
22249,,2.6718738248551523e-06
22250,,2.671873349381713e-06
22251,,2.671872952429911e-06
22252,,2.6718704236574705e-06
22253,,2.671869696199077e-06
22254,,2.6718692011522336e-06
22255,,2.6718687965495225e-06
22256,,2.6718663577318873e-06
22257,,2.6718655724563337e-06
22258,,2.6718650548402773e-06
22259,,2.67186464143218e-06
22260,,2.6718623062663076e-06
22261,,2.671861454363419e-06
22262,,2.6718609107448766e-06
22263,,2.671860487179838e-06
22264,,2.6718582714505124e-06
22265,,2.671857342787811e-06
22266,,2.6718567692060886e-06
22267,,2.6718563339312683e-06
22268,,2.671854255823908e-06
22269,,2.6718532387239305e-06
22270,,2.6718526306045826e-06
22271,,2.6718521818372792e-06
22272,,2.6718502623188075e-06
22273,,2.671849143295076e-06
22274,,2.671848495392992e-06
22275,,2.6718480310739725e-06
22276,,2.671847638390263e-06
22277,,2.6718450578496103e-06
22278,,2.671844364080869e-06
22279,,2.6718438818406106e-06
22280,,2.67184348214933e-06
22281,,2.6718409838966116e-06
22282,,2.6718402372789226e-06
22283,,2.6718397343720714e-06
22284,,2.6718393266035564e-06
22285,,2.6718369231816316e-06
22286,,2.6718361156512987e-06
22287,,2.6718355889393027e-06
22288,,2.6718351718590356e-06
22289,,2.6718328777384485e-06
22290,,2.6718320000102648e-06
22291,,2.6718314458545347e-06
22292,,2.6718310180300405e-06
22293,,2.6718288498902557e-06
22294,,2.6718278912523434e-06
22295,,2.67182730546246e-06
22296,,2.6718268652677055e-06
22297,,2.671824842319749e-06
22298,,2.6718237904453425e-06
22299,,2.6718231681918468e-06
22300,,2.6718227137298892e-06
22301,,2.671822324854657e-06
22302,,2.6718196987801238e-06
22303,,2.671819034501257e-06
22304,,2.6718185635954215e-06
22305,,2.6718181682882773e-06
22306,,2.6718156176663373e-06
22307,,2.671814904942256e-06
22308,,2.6718144150900865e-06
22309,,2.6718140123616682e-06
22310,,2.6718115487109244e-06
22311,,2.67181078015992e-06
22312,,2.671810268447447e-06
22313,,2.6718098571684957e-06
22314,,2.6718074937756623e-06
22315,,2.671806660854078e-06
22316,,2.6718061239666e-06
22317,,2.671805702825716e-06
22318,,2.6718034549956182e-06
22319,,2.671802547892179e-06
22320,,2.671801981964461e-06
22321,,2.6718015494591486e-06
22322,,2.6717994348402735e-06
22323,,2.6717984422161434e-06
22324,,2.6717978428232283e-06
22325,,2.6717973972153532e-06
22326,,2.6717954361469945e-06
22327,,2.6717943449517197e-06
22328,,2.671793706980413e-06
22329,,2.671793246265363e-06
22330,,2.6717928549206762e-06
22331,,2.671790257381578e-06
22332,,2.6717895749391707e-06
22333,,2.671789096816641e-06
22334,,2.6717886986516723e-06
22335,,2.671786180989561e-06
22336,,2.6717854472768974e-06
22337,,2.671784949080117e-06
22338,,2.6717845430547534e-06
22339,,2.6717821174771678e-06
22340,,2.6717813246590103e-06
22341,,2.6717808033270482e-06
22342,,2.671780388244295e-06
22343,,2.6717780688164153e-06
22344,,2.6717772078716524e-06
22345,,2.671776659859266e-06
22346,,2.6717762343272566e-06
22347,,2.6717740372729857e-06
22348,,2.6717730977852628e-06
22349,,2.671772519024643e-06
22350,,2.6717720814441958e-06
22351,,2.671770025456356e-06
22352,,2.6717689954380468e-06
22353,,2.671768381220124e-06
22354,,2.6717679297582114e-06
22355,,2.6717675420208016e-06
22356,,2.6717649020023496e-06
22357,,2.6717642469139635e-06
22358,,2.6717637794436034e-06
22359,,2.671763385432575e-06
22360,,2.671760818840243e-06
22361,,2.6717601166335948e-06
22362,,2.6717596307105538e-06
22363,,2.6717592294680202e-06
22364,,2.6717567475247398e-06
22365,,2.6717559910024205e-06
22366,,2.6717554838009026e-06
22367,,2.6717550742276107e-06
22368,,2.6717526898645574e-06
22369,,2.6717518707229677e-06
22370,,2.671751338995852e-06
22371,,2.6717509198159578e-06
22372,,2.67174864795225e-06
22373,,2.671747756613962e-06
22374,,2.6717471966117643e-06
22375,,2.6717467663551696e-06
22376,,2.6717446241835193e-06
22377,,2.671743649618149e-06
22378,,2.671743057014889e-06
22379,,2.671742613989323e-06
22380,,2.6717406213315783e-06
22381,,2.6717395508248516e-06
22382,,2.6717389206392942e-06
22383,,2.67173846289129e-06
22384,,2.6717380726794155e-06
22385,,2.671735461480885e-06
22386,,2.671734787970108e-06
22387,,2.671734313246607e-06
22388,,2.6717339163847837e-06
22389,,2.6717313830361147e-06
22390,,2.6717306595726317e-06
22391,,2.6717301652784585e-06
22392,,2.6717297607528773e-06
22393,,2.671727317151488e-06
22394,,2.6717265360966247e-06
22395,,2.6717260192514043e-06
22396,,2.6717256058869043e-06
22397,,2.6717232657499335e-06
22398,,2.6717224183070426e-06
22399,,2.671721875445153e-06
22400,,2.671721451898776e-06
22401,,2.671719231044847e-06
22402,,2.6717183070616595e-06
22403,,2.6717177342115434e-06
22404,,2.6717172989110225e-06
22405,,2.671715215586243e-06
22406,,2.6717142033568653e-06
22407,,2.6717135959397323e-06
22408,,2.671713147091837e-06
22409,,2.6717112223169365e-06
22410,,2.671710108352734e-06
22411,,2.671709461078467e-06
22412,,2.6717089966192838e-06
22413,,2.671708603770476e-06
22414,,2.6717060233697613e-06
22415,,2.6717053301485724e-06
22416,,2.6717048476832486e-06
22417,,2.6717044477811837e-06
22418,,2.67170194995077e-06
22419,,2.671701203752497e-06
22420,,2.671700700532904e-06
22421,,2.6717002925015663e-06
22422,,2.6716978898573143e-06
22423,,2.671697082580134e-06
22424,,2.6716965554310035e-06
22425,,2.671696138026683e-06
22426,,2.671693845120375e-06
22427,,2.6716929674339326e-06
22428,,2.6716924126931476e-06
22429,,2.671691984478777e-06
22430,,2.6716898180944098e-06
22431,,2.671688859229725e-06
22432,,2.671688272683679e-06
22433,,2.6716878320051933e-06
22434,,2.671685811492394e-06
22435,,2.671684759023028e-06
22436,,2.6716841358137788e-06
22437,,2.671683680768016e-06
22438,,2.67168329161098e-06
22439,,2.6716806680558355e-06
22440,,2.6716800025576203e-06
22441,,2.6716795309493666e-06
22442,,2.6716791352986558e-06
22443,,2.671676587712738e-06
22444,,2.6716758734772444e-06
22445,,2.671675382767579e-06
22446,,2.6716749796405133e-06
22447,,2.6716725196370515e-06
22448,,2.6716717492026036e-06
22449,,2.671671236479057e-06
22450,,2.671670824721732e-06
22451,,2.671668465692412e-06
22452,,2.6716676304806957e-06
22453,,2.6716670923660493e-06
22454,,2.6716666706606664e-06
22455,,2.6716644280544997e-06
22456,,2.6716635181396306e-06
22457,,2.6716629507575954e-06
22458,,2.6716625175885562e-06
22459,,2.671660409195696e-06
22460,,2.6716594131692184e-06
22461,,2.671658812041387e-06
22462,,2.6716583656481837e-06
22463,,2.671656411998755e-06
22464,,2.6716553166843546e-06
22465,,2.671654676657965e-06
22466,,2.671654215016216e-06
22467,,2.6716538232783626e-06
22468,,2.6716512299896244e-06
22469,,2.6716505451115083e-06
22470,,2.6716500658988e-06
22471,,2.6716496672705582e-06
22472,,2.671647154581447e-06
22473,,2.671646417989415e-06
22474,,2.6716459185156426e-06
22475,,2.671645511953112e-06
22476,,2.671643092177393e-06
22477,,2.6716422959718604e-06
22478,,2.671641773137987e-06
22479,,2.6716413574208487e-06
22480,,2.671639044781053e-06
22481,,2.6716381798364773e-06
22482,,2.67163763006593e-06
22483,,2.671637203797661e-06
22484,,2.671635014669215e-06
22485,,2.671634070477476e-06
22486,,2.6716334896576044e-06
22487,,2.6716330512208784e-06
22488,,2.6716310044819132e-06
22489,,2.6716299689333704e-06
22490,,2.6716293523123033e-06
22491,,2.6716288998489022e-06
22492,,2.6716285117019016e-06
22493,,2.671625876401669e-06
22494,,2.6716252185032313e-06
22495,,2.671624749864617e-06
22496,,2.6716243553830756e-06
22497,,2.671621794251232e-06
22498,,2.6716210887700154e-06
22499,,2.6716206014807933e-06
22500,,2.671620199691609e-06
22501,,2.671617724077968e-06
22502,,2.6716169637265812e-06
22503,,2.671616454944385e-06
22504,,2.6716160447289508e-06
22505,,2.6716136677036067e-06
22506,,2.6716128441008943e-06
22507,,2.6716123105293163e-06
22508,,2.6716118906066045e-06
22509,,2.671609627241888e-06
22510,,2.671608730714222e-06
22511,,2.6716081685654105e-06
22512,,2.6716077374454427e-06
22513,,2.671605605122723e-06
22514,,2.671604624518305e-06
22515,,2.6716040294232286e-06
22516,,2.6716035853922217e-06
22517,,2.671601604158959e-06
22518,,2.6716005266122815e-06
22519,,2.671599893532509e-06
22520,,2.67159943461591e-06
22521,,2.6715990439457474e-06
22522,,2.671596438268628e-06
22523,,2.671595761394369e-06
22524,,2.671595285313782e-06
22525,,2.671594887920078e-06
22526,,2.671592360936393e-06
22527,,2.6715916335755458e-06
22528,,2.671591137715063e-06
22529,,2.6715907325661283e-06
22530,,2.671588296312293e-06
22531,,2.6715875107396743e-06
22532,,2.6715869920692206e-06
22533,,2.6715865779810622e-06
22534,,2.6715842463377017e-06
22535,,2.6715833936437905e-06
22536,,2.6715828486767836e-06
22537,,2.6715824242879664e-06
22538,,2.6715802132433895e-06
22539,,2.6715792831749406e-06
22540,,2.671578707881894e-06
22541,,2.6715782716115523e-06
22542,,2.671576199611443e-06
22543,,2.671575180333987e-06
22544,,2.671574570084511e-06
22545,,2.6715741201117335e-06
22546,,2.671573732948396e-06
22547,,2.6715710862848736e-06
22548,,2.6715704357335513e-06
22549,,2.671569969966252e-06
22550,,2.671569576616949e-06
22551,,2.6715670023914253e-06
22552,,2.671566305364498e-06
22553,,2.6715658213930487e-06
22554,,2.6715654209022945e-06
22555,,2.671562930172793e-06
22556,,2.6715621795784067e-06
22557,,2.671561674612894e-06
22558,,2.6715612659012765e-06
22559,,2.671558871443166e-06
22560,,2.6715580590783285e-06
22561,,2.671557529908316e-06
22562,,2.6715571117132483e-06
22563,,2.6715548282441763e-06
22564,,2.6715539446755403e-06
22565,,2.671553387603107e-06
22566,,2.6715529584677e-06
22567,,2.671550802963835e-06
22568,,2.6715498372916165e-06
22569,,2.6715492480434364e-06
22570,,2.6715488063083056e-06
22571,,2.6715467983368056e-06
22572,,2.6715457380042223e-06
22573,,2.6715451116650784e-06
22574,,2.6715446553989903e-06
22575,,2.671544265765497e-06
22576,,2.6715416480534267e-06
22577,,2.671540978955677e-06
22578,,2.671540505925435e-06
22579,,2.6715401097245247e-06
22580,,2.6715375688641503e-06
22581,,2.671536850454575e-06
22582,,2.6715363581073336e-06
22583,,2.671535954342194e-06
22584,,2.6715335020792784e-06
22585,,2.67153272682733e-06
22586,,2.6715322122056195e-06
22587,,2.6715317997076943e-06
22588,,2.671529449592821e-06
22589,,2.671528608806923e-06
22590,,2.671528068501436e-06
22591,,2.6715276459369963e-06
22592,,2.6715254135992524e-06
22593,,2.671524497249137e-06
22594,,2.6715239273316137e-06
22595,,2.671523493173878e-06
22596,,2.6715213966072738e-06
22597,,2.671520393142866e-06
22598,,2.67151978908942e-06
22599,,2.671519341553847e-06
22600,,2.6715174015338036e-06
22601,,2.67151629763218e-06
22602,,2.671515654218851e-06
22603,,2.67151519125602e-06
22604,,2.671514799012936e-06
22605,,2.6715122120196406e-06
22606,,2.6715115232332777e-06
22607,,2.6715110424881614e-06
22608,,2.671510643274815e-06
22609,,2.6715081378279827e-06
22610,,2.6715073967256196e-06
22611,,2.6715068954851863e-06
22612,,2.671506488229961e-06
22613,,2.6715040767999537e-06
22614,,2.6715032753789285e-06
22615,,2.671502750497843e-06
22616,,2.671502333988605e-06
22617,,2.6715000309432377e-06
22618,,2.6714991599829536e-06
22619,,43.06533363718156
22620,,173269.21783524269
22621,,42.85232728266547
22622,,1115.5216292757561
22623,,42.509809916637025
22624,,8.739219188458636
22625,,8.645567789092386
22626,,5.400940966516286
22627,,5.182868991582367
22628,,3.0478975032128512
22629,,175.191256631266
22630,,3.0361145901184345
22631,,3.6210885637869206
22632,,3.0049683079815424
22633,,2.907209444390968
22634,,2.517906750643665
22635,,2.2484569873541096
22636,,2.2452549735446925
22637,,2.2452131808024642
22638,,2.2452126346701795
22639,,2.2452126275334163
22640,,2.245212627440153
22641,,2.2452126274389292
22642,,2.2452126274389173
22643,,2.2452126274389177
22644,,5.202977794743912
22645,,2.1163635586462957
22646,,1.6703670318471275
22647,,1.3888944369778957
22648,,0.5616794288135563
22649,,20.37977217784988
22650,,0.5440999159348948
22651,,0.4798141019823168
22652,,0.3708660786146535
22653,,0.36462340093586143
22654,,0.3639364031676665
22655,,43.82799292006746
22656,,0.3372492673615322
22657,,0.2339394708909516
22658,,0.22010426736387081
22659,,0.2017092648417144
22660,,0.2007437858122487
22661,,0.2006612136735714
22662,,0.200653896227747
22663,,0.20065324574502877
22664,,0.20065318790454637
22665,,0.20065318276128377
22666,,0.20065318230393686
22667,,0.20065318226326834
22668,,0.20065318225965145
22669,,0.20065318225932943
22670,,0.20065318225930157
22671,,0.2006531822592991
22672,,0.20065318225929865
22673,,0.20065318225929865
22674,,1818.0950125388258
22675,,0.19623968567805686
22676,,17.534076899643395
22677,,0.19247304777571023
22678,,0.17875837475041526
22679,,0.17491887111569687
22680,,0.1690702550347325
22681,,0.16718448014214882
22682,,0.1603026127223762
22683,,0.11117485039835479
22684,,0.9409946427888807
22685,,0.09616028201140017
22686,,0.08063915436147749
22687,,0.0929455882558142
22688,,0.0783756237123197
22689,,0.07545995211196052
22690,,0.07094667692175471
22691,,0.08548352173529827
22692,,0.06363007239140218
22693,,0.0605132906439087
22694,,0.04203064900807741
22695,,0.031821552134215975
22696,,0.02392385119590415
22697,,0.021701486383577013
22698,,0.019832990592489292
22699,,0.018205574113835943
22700,,0.01591219565415997
22701,,0.013611005316326932
22702,,0.012288580683716067
22703,,0.011603890248806818
22704,,0.010715479130696485
22705,,0.009542960470530652
22706,,0.008135724730906084
22707,,0.007394635996010336
22708,,0.007058113410720668
22709,,0.0067951029088458735
22710,,0.006308271953594187
22711,,0.005702863541685987
22712,,0.004888341628095544
22713,,0.004040994240677638
22714,,0.0036661965366796175
22715,,0.0035245528236428876
22716,,0.0034294862895743548
22717,,0.0032053508664835594
22718,,0.002664197420822785
22719,,0.0023737084327877436
22720,,0.002219465022145834
22721,,0.0021184786512182165
22722,,0.0020500084764001718
22723,,0.001979986721606988
22724,,0.0018952461067002165
22725,,0.0017624710795583584
22726,,0.001468254628278801
22727,,0.0010758166474982645
22728,,0.0007426724403544789
22729,,0.00041622799043693247
22730,,0.00028438405266351384
22731,,0.00021735193061386682
22732,,0.00020863695743665922
22733,,0.00020678976524859846
22734,,0.00020538744017682272
22735,,0.00020447247923021153
22736,,0.00020238595607948703
22737,,0.0001992222831729115
22738,,0.00019413000599763442
22739,,0.00018526787918079452
22740,,0.0001729592453473951
22741,,0.00016298360788590343
22742,,0.00015749730703706153
22743,,0.00015319671880304552
22744,,0.00014894974509737797
22745,,0.00013980112377656498
22746,,0.0001237543412502678
22747,,0.0001012229397607618
22748,,8.896547274156109e-05
22749,,8.363251561818571e-05
22750,,8.20254623547183e-05
22751,,8.097238779697384e-05
22752,,8.044169802883657e-05
22753,,8.022353038663014e-05
22754,,7.99946594071785e-05
22755,,7.966812695582196e-05
22756,,7.9028864460348e-05
22757,,7.778390637507254e-05
22758,,7.562466675417597e-05
22759,,7.261359504797651e-05
22760,,6.960752025884353e-05
22761,,6.797988010262186e-05
22762,,6.668576503190423e-05
22763,,6.647919862880687e-05
22764,,6.629767642105932e-05
22765,,6.594925513809438e-05
22766,,6.517465729527151e-05
22767,,6.34421974773803e-05
22768,,5.9698295346811965e-05
22769,,5.222889322733942e-05
22770,,3.955449493744131e-05
22771,,2.3391714407665357e-05
22772,,3.663920148826694e-05
22773,,2.028751362836342e-05
22774,,1.0727773500266881e-05
22775,,6.039388665480808e-06
22776,,5.393582173373062e-06
22777,,5.323570706429996e-06
22778,,5.3173596520372846e-06
22779,,5.31615381495313e-06
22780,,5.314716135819244e-06
22781,,5.311839975051855e-06
22782,,5.30646253227596e-06
22783,,5.295334560670252e-06
22784,,5.26676197702383e-06
22785,,5.198028568080188e-06
22786,,5.055584429629265e-06
22787,,4.792482220609442e-06
22788,,4.431167073865286e-06
22789,,4.101068883890162e-06
22790,,3.921581768270987e-06
22791,,3.853537884783256e-06
22792,,3.846973888652892e-06
22793,,3.8463630015281565e-06
22794,,3.845902781030162e-06
22795,,3.844586273200113e-06
22796,,3.841869204265447e-06
22797,,3.83559811531922e-06
22798,,3.822655171640811e-06
22799,,3.800233664795138e-06
22800,,3.7715833314474835e-06
22801,,3.7492015068840603e-06
22802,,3.7373316327771033e-06
22803,,3.735048858264522e-06
22804,,3.734733084485115e-06
22805,,3.7345056366789106e-06
22806,,3.734319170429295e-06
22807,,3.732754652609672e-06
22808,,3.717380255285967e-06
22809,,3.686053513720125e-06
22810,,3.6242216485935847e-06
22811,,3.525015692799448e-06
22812,,3.4135995178069933e-06
22813,,3.3422002832630353e-06
22814,,3.318235402037226e-06
22815,,3.3135147077322322e-06
22816,,3.3129331239529418e-06
22817,,3.312881386791705e-06
22818,,3.3128765750201013e-06
22819,,3.312874820768231e-06
22820,,3.312873538033929e-06
22821,,3.3128668998710124e-06
22822,,3.3128636920295687e-06
22823,,3.312861951574501e-06
22824,,3.312860644047625e-06
22825,,3.3128541351805284e-06
22826,,3.312850917421723e-06
22827,,3.3128490967914185e-06
22828,,3.3128477539883496e-06
22829,,3.312841659035295e-06
22830,,3.31283818691928e-06
22831,,3.312836253861867e-06
22832,,3.3128348680645525e-06
22833,,3.3128336797321526e-06
22834,,3.312825494076458e-06
22835,,3.3128234234531023e-06
22836,,3.3128219867661326e-06
22837,,3.31282077984665e-06
22838,,3.3128128408608856e-06
22839,,3.3128106071053666e-06
22840,,3.3128091107512315e-06
22841,,3.3128078821133994e-06
22842,,3.3128002320777477e-06
22843,,3.3127978068994496e-06
22844,,3.3127962408008296e-06
22845,,3.3127949868133995e-06
22846,,3.312787674319118e-06
22847,,3.312785025359982e-06
22848,,3.312783377859731e-06
22849,,3.31278209429623e-06
22850,,3.312775175669026e-06
22851,,3.312772265498776e-06
22852,,3.3127705230282564e-06
22853,,3.3127692049523106e-06
22854,,3.3127627457674683e-06
22855,,3.3127595308332333e-06
22856,,3.312757677585568e-06
22857,,3.3127563192604024e-06
22858,,3.3127503958873085e-06
22859,,3.3127468254867763e-06
22860,,3.3127448430311617e-06
22861,,3.3127434377654535e-06
22862,,3.3127422422842907e-06
22863,,3.31273415426521e-06
22864,,3.3127320211216615e-06
22865,,3.3127305610907e-06
22866,,3.312729345731492e-06
22867,,3.312721522778017e-06
22868,,3.3127192138905766e-06
22869,,3.312717689993659e-06
22870,,3.3127164514377086e-06
22871,,3.312708937572767e-06
22872,,3.312706423709411e-06
22873,,3.3127048253347102e-06
22874,,3.3127035597217855e-06
22875,,3.3126964062731782e-06
22876,,3.312693653358464e-06
22877,,3.3126919681083306e-06
22878,,3.3126906709372385e-06
22879,,3.312683937787612e-06
22880,,3.312680906075692e-06
22881,,3.312679119504247e-06
22882,,3.3126777855276345e-06
22883,,3.3126715424874886e-06
22884,,3.3126681856337612e-06
22885,,3.3126662808941137e-06
22886,,3.312664903980814e-06
22887,,3.312663718928497e-06
22888,,3.312655496435283e-06
22889,,3.3126534538701126e-06
22890,,3.312652026877601e-06
22891,,3.3126508236405133e-06
22892,,3.3126428435967728e-06
22893,,3.3126406403007347e-06
22894,,3.312639154901888e-06
22895,,3.3126379304528653e-06
22896,,3.3126302331217412e-06
22897,,3.312627842362057e-06
22898,,3.3126262888445286e-06
22899,,3.3126250396549955e-06
22900,,3.312617671974684e-06
22901,,3.312615062593986e-06
22902,,3.3126134296233753e-06
22903,,3.3126121515825715e-06
22904,,3.3126051683146536e-06
22905,,3.31260230394758e-06
22906,,3.312600578322794e-06
22907,,3.3125992666082395e-06
22908,,3.3125927316061197e-06
22909,,3.3125895698822983e-06
22910,,3.3125877361812577e-06
22911,,3.3125863852113605e-06
22912,,3.312580372953836e-06
22913,,3.312576864413713e-06
22914,,3.312574904675064e-06
22915,,3.312573507902888e-06
22916,,3.3125723157729937e-06
22917,,3.3125641922466466e-06
22918,,3.312562085504512e-06
22919,,3.312560635321039e-06
22920,,3.312559423796216e-06
22921,,3.3125515588447105e-06
22922,,3.31254928065994e-06
22923,,3.3125477681796016e-06
22924,,3.3125465340264377e-06
22925,,3.312538970589679e-06
22926,,3.312536492461181e-06
22927,,3.3125349073206097e-06
22928,,3.312533646776103e-06
22929,,3.31252643493994e-06
22930,,3.312523723615619e-06
22931,,3.31252205373354e-06
22932,,3.3125207624048985e-06
22933,,3.3125139605535427e-06
22934,,3.3125109772848936e-06
22935,,3.31250920856144e-06
22936,,3.3125078813283457e-06
22937,,3.312501557585512e-06
22938,,3.3124982571348167e-06
22939,,3.312496373149947e-06
22940,,3.3124950040312476e-06
22941,,3.3124938220711888e-06
22942,,3.3124855674702146e-06
22943,,3.312483549046312e-06
22944,,3.312482131085468e-06
22945,,3.312480931380866e-06
22946,,3.312472913289686e-06
22947,,3.3124707380727538e-06
22948,,3.312469263140561e-06
22949,,3.3124680427519835e-06
22950,,3.3124603004312287e-06
22951,,3.3124579423598096e-06
22952,,3.312456400983306e-06
22953,,3.3124551564589186e-06
22954,,3.3124477357200126e-06
22955,,3.312445164376317e-06
22956,,3.312443545496313e-06
22957,,3.3124422728239126e-06
22958,,3.3124352270694163e-06
22959,,3.3124324070117155e-06
22960,,3.3124306977410587e-06
22961,,3.312429392237175e-06
22962,,3.312422783766653e-06
22963,,3.3124196736301425e-06
22964,,3.312417858940315e-06
22965,,3.3124165151321872e-06
22966,,3.312410416580891e-06
22967,,3.312406968156707e-06
22968,,3.312405030514222e-06
22969,,3.3124036420350135e-06
22970,,3.312402453180511e-06
22971,,3.312394295172398e-06
22972,,3.3123922141339165e-06
22973,,3.3123907735595624e-06
22974,,3.312389565776781e-06
22975,,3.3123816600045628e-06
22976,,3.3123794117417457e-06
22977,,3.312377910393947e-06
22978,,3.312376680541499e-06
22979,,3.3123690688970615e-06
22980,,3.312366625588125e-06
22981,,3.3123650533649386e-06
22982,,3.3123637977768454e-06
22983,,3.3123565291016783e-06
22984,,3.312353858327686e-06
22985,,3.312352203441667e-06
22986,,3.312350917817388e-06
22987,,3.3123440490938932e-06
22988,,3.3123411130321826e-06
22989,,3.3123393617343894e-06
22990,,3.3123380410890577e-06
22991,,3.312331638737814e-06
22992,,3.312328393287495e-06
22993,,3.312326529543918e-06
22994,,3.3123251680482053e-06
22995,,3.3123193095770155e-06
22996,,3.3123157032869234e-06
22997,,3.312313708410447e-06
22998,,3.3123122992659136e-06
22999,,3.3123111030269405e-06
23000,,3.3123030479137336e-06
23001,,3.3123009000899506e-06
23002,,3.312299435375268e-06
23003,,3.312298218953136e-06
23004,,3.3122904328622372e-06
23005,,3.3122881066664975e-06
23006,,3.31228657712591e-06
23007,,3.3122853371688464e-06
23008,,3.3122778647708747e-06
23009,,3.312275330541196e-06
23010,,3.312273725403932e-06
23011,,3.3122724579885094e-06
23012,,3.3122653513827672e-06
23013,,3.3122625745331242e-06
23014,,3.3122608812297085e-06
23015,,3.31225958178571e-06
23016,,3.3122529017353277e-06
23017,,3.312249841938851e-06
23018,,3.312248045798407e-06
23019,,3.3122467089915226e-06
23020,,3.3122405263680757e-06
23021,,3.3122371365690565e-06
23022,,3.312235220494515e-06
23023,,3.3122338401175624e-06
23024,,3.312232654460094e-06
23025,,3.3122244629011146e-06
23026,,3.312222406956316e-06
23027,,3.312220975749866e-06
23028,,3.3122197716372683e-06
23029,,3.3122118261398216e-06
23030,,3.3122096070612854e-06
23031,,3.312208116581762e-06
23032,,3.312206890934683e-06
23033,,3.3121992323559148e-06
23034,,3.312196823023076e-06
23035,,3.3121952634096972e-06
23036,,3.3121940126542234e-06
23037,,3.3121866886404177e-06
23038,,3.3121840574186307e-06
23039,,3.312182417172847e-06
23040,,3.3121811371205013e-06
23041,,3.3121742032424055e-06
23042,,3.31217131325036e-06
23043,,3.3121695789575176e-06
23044,,3.3121682647471045e-06
23045,,3.3121617858155843e-06
23046,,3.312158594019932e-06
23047,,3.312156750037838e-06
23048,,3.312155395985924e-06
23049,,3.312149447574958e-06
23050,,3.312145903809064e-06
23051,,3.312143931908839e-06
23052,,3.3121425313726587e-06
23053,,3.312141338527416e-06
23054,,3.3121332473835205e-06
23055,,3.3121311262891343e-06
23056,,3.312129671548708e-06
23057,,3.3121284590110703e-06
23058,,3.3121206302964566e-06
23059,,3.3121183352105645e-06
23060,,3.312116817237444e-06
23061,,3.3121155817414767e-06
23062,,3.3121080590328354e-06
23063,,3.3121055610176477e-06
23064,,3.3121039693025626e-06
23065,,3.3121027070154264e-06
23066,,3.312095541140317e-06
23067,,3.3120928064605216e-06
23068,,3.312091128739785e-06
23069,,3.312089835208357e-06
23070,,3.312083085435514e-06
23071,,3.312080074734849e-06
23072,,3.3120782967024203e-06
23073,,3.3120769667343828e-06
23074,,3.312070702181574e-06
23075,,3.312067369591636e-06
23076,,3.3120654745667293e-06
23077,,3.312064102090917e-06
23078,,3.312062919569832e-06
23079,,3.312054695373021e-06
23080,,3.3120526639082768e-06
23081,,3.3120512418531795e-06
23082,,3.3120500413315206e-06
23083,,3.3120420571633806e-06
23084,,3.3120398665709805e-06
23085,,3.3120383866948757e-06
23086,,3.3120371651723037e-06
23087,,3.3120294608887696e-06
23088,,3.3120270847141053e-06
23089,,3.312025537399125e-06
23090,,3.3120242913784953e-06
23091,,3.3120169134586383e-06
23092,,3.312014320842791e-06
23093,,3.312012694874136e-06
23094,,3.312011420283659e-06
23095,,3.3120044229465055e-06
23096,,3.3120015778865232e-06
23097,,3.3119998601841116e-06
23098,,3.3119985522637945e-06
23099,,3.3119919987187047e-06
23100,,3.3119888592695523e-06
23101,,3.3119870345740427e-06
23102,,3.311985687787447e-06
23103,,3.3119796517672583e-06
23104,,3.3119761689734786e-06
23105,,3.311974219489607e-06
23106,,3.311972827365646e-06
23107,,3.311971637832165e-06
23108,,3.3119635116311976e-06
23109,,3.3119614166231816e-06
23110,,3.311959971617767e-06
23111,,3.311958762883935e-06
23112,,3.311950892683705e-06
23113,,3.3119486279501477e-06
23114,,3.3119471212622153e-06
23115,,3.3119458901287683e-06
23116,,3.311938318430901e-06
23117,,3.3119358557557475e-06
23118,,3.3119342771308066e-06
23119,,3.3119330198679754e-06
23120,,3.311925796261461e-06
23121,,3.3119231027160433e-06
23122,,3.3119214402010054e-06
23123,,3.3119201524678547e-06
23124,,3.3119133347519466e-06
23125,,3.3119103719674912e-06
23126,,3.311908611606665e-06
23127,,3.3119072883231284e-06
23128,,3.311900943943086e-06
23129,,3.3118976671484155e-06
23130,,3.311895792667505e-06
23131,,3.311894427921489e-06
23132,,3.3118932484593007e-06
23133,,3.3118849925107293e-06
23134,,3.3118829849382746e-06
23135,,3.311881571833759e-06
23136,,3.3118803748062917e-06
23137,,3.3118723530089743e-06
23138,,3.3118701902072864e-06
23139,,3.3118687207032665e-06
23140,,3.311867503199262e-06
23141,,3.311859754420597e-06
23142,,3.3118574105930335e-06
23143,,3.3118558753023744e-06
23144,,3.3118546338958827e-06
23145,,3.311847203493332e-06
23146,,3.3118446485277705e-06
23147,,3.311843036505574e-06
23148,,3.311841767236168e-06
23149,,3.3118347080706416e-06
23150,,3.3118319068786774e-06
23151,,3.311830205368846e-06
23152,,3.31182890359506e-06
23153,,3.311822277344054e-06
23154,,3.311819188973977e-06
23155,,3.311817383097433e-06
23156,,3.311816043407518e-06
23157,,3.311809921985581e-06
23158,,3.3118064987013715e-06
23159,,3.3118045711128785e-06
23160,,3.311803187191411e-06
23161,,3.3118020008984147e-06
23162,,3.3117938405940715e-06
23163,,3.3117917710357762e-06
23164,,3.31179033554126e-06
23165,,3.3117891305187373e-06
23166,,3.3117812199359015e-06
23167,,3.311778984818462e-06
23168,,3.31177748916184e-06
23169,,3.311776262285827e-06
23170,,3.3117686428967514e-06
23171,,3.3117662146879206e-06
23172,,3.311764648854956e-06
23173,,3.3117633964998155e-06
23174,,3.3117561166615707e-06
23175,,3.311753463257658e-06
23176,,3.3117518155928286e-06
23177,,3.3117505335047103e-06
23178,,3.311743649611543e-06
23179,,3.311740733571138e-06
23180,,3.311738990463086e-06
23181,,3.311737673699478e-06
23182,,3.311731251530956e-06
23183,,3.3117280291890915e-06
23184,,3.311726174761878e-06
23185,,3.3117248175595603e-06
23186,,3.311718933825394e-06
23187,,3.311715354259217e-06
23188,,3.3117133700055506e-06
23189,,3.3117119656241977e-06
23190,,3.3117107720329357e-06
23191,,3.3117027136115624e-06
23192,,3.311700577936905e-06
23193,,3.3116991185348517e-06
23194,,3.311697904970974e-06
23195,,3.311690112878005e-06
23196,,3.3116878006158736e-06
23197,,3.31168627704621e-06
23198,,3.3116850401669328e-06
23199,,3.311677558646026e-06
23200,,3.3116750404316044e-06
23201,,3.3116734420165138e-06
23202,,3.31167217795878e-06
23203,,3.3116650585777087e-06
23204,,3.3116623001636904e-06
23205,,3.31166061445785e-06
23206,,3.3116593186941363e-06
23207,,3.3116526216019803e-06
23208,,3.3116495830682515e-06
23209,,3.311647795568076e-06
23210,,3.311646462807861e-06
23211,,3.3116402581803455e-06
23212,,3.311636892939328e-06
23213,,3.3116349867019517e-06
23214,,3.3116336108063063e-06
23215,,3.3116324276811807e-06
23216,,3.3116242341918104e-06
23217,,3.3116221894811745e-06
23218,,3.311620763268496e-06
23219,,3.3116195618767586e-06
23220,,3.3116116119900024e-06
23221,,3.3116094057784604e-06
23222,,3.311607920878059e-06
23223,,3.311606698172032e-06
23224,,3.311599032334349e-06
23225,,3.3115966377690866e-06
23226,,3.3115950844254165e-06
23227,,3.3115938368651072e-06
23228,,3.311586502254419e-06
23229,,3.31158388801805e-06
23230,,3.3115822548472002e-06
23231,,3.3115809782874898e-06
23232,,3.311574029915189e-06
23233,,3.311571159485332e-06
23234,,3.3115694332149344e-06
23235,,3.3115681228308016e-06
23236,,3.311561624864445e-06
23237,,3.311558455650403e-06
23238,,3.3115566207876186e-06
23239,,3.3115552709494485e-06
23240,,3.3115492982113596e-06
23241,,3.3115457805501865e-06
23242,,3.311543819040362e-06
23243,,3.3115424231858448e-06
23244,,3.311541232953784e-06
23245,,3.3115331388934187e-06
23246,,3.3115310296880434e-06
23247,,3.311529580167169e-06
23248,,3.3115283704420934e-06
23249,,3.311520536188675e-06
23250,,3.311518254727254e-06
23251,,3.311516742605675e-06
23252,,3.3115155101521726e-06
23253,,3.311507978848826e-06
23254,,3.3115054964824263e-06
23255,,3.3115039113663353e-06
23256,,3.3115026523827355e-06
23257,,3.3114954743471313e-06
23258,,3.3114927576854295e-06
23259,,3.311491087414293e-06
23260,,3.3114897975087467e-06
23261,,3.311483031423756e-06
23262,,3.3114800414980646e-06
23263,,3.311478271926312e-06
23264,,3.311476945943456e-06
23265,,3.311470660227695e-06
23266,,3.3114673516251385e-06
23267,,3.3114654662288334e-06
23268,,3.31146409816641e-06
23269,,3.3114629181466133e-06
23270,,3.311454692375777e-06
23271,,3.3114526718992965e-06
23272,,3.3114512547529623e-06
23273,,3.31145005691513e-06
23274,,3.3114420687744603e-06
23275,,3.311439890762986e-06
23276,,3.3114384163754107e-06
23277,,3.311437197747263e-06
23278,,3.311429486695259e-06
23279,,3.3114271249505157e-06
23280,,3.3114255837902706e-06
23281,,3.311424340913186e-06
23282,,3.3114169529690703e-06
23283,,3.3114143769478996e-06
23284,,3.3114127579253807e-06
23285,,3.311411486761429e-06
23286,,3.311404475594612e-06
23287,,3.3114016496566196e-06
23288,,3.31139993981413e-06
23289,,3.3113986356604426e-06
23290,,3.3113920638516246e-06
23291,,3.3113889464654832e-06
23292,,3.3113871306992273e-06
23293,,3.3113857880589347e-06
23294,,3.3113797286071383e-06
23295,,3.311376271312046e-06
23296,,3.3113743320040935e-06
23297,,3.3113729444825393e-06
23298,,3.3113717575351072e-06
23299,,3.3113636287890836e-06
23300,,3.3113615454087306e-06
23301,,3.311360105540101e-06
23302,,3.311358899572385e-06
23303,,3.3113510242755377e-06
23304,,3.311348772864111e-06
23305,,3.3113472719337454e-06
23306,,3.311346043787854e-06
23307,,3.3113384640137335e-06
23308,,3.3113360166375077e-06
23309,,3.3113344444899835e-06
23310,,3.3113331904876804e-06
23311,,3.3113259553224178e-06
23312,,3.3113232793827905e-06
23313,,3.311321624181088e-06
23314,,3.311320340006508e-06
23315,,3.3113135066813495e-06
23316,,3.311310564203909e-06
23317,,3.311308812125311e-06
23318,,3.311307492755752e-06
23319,,3.311301128038158e-06
23320,,3.3112978746863077e-06
23321,,3.311296009635608e-06
23322,,3.3112946492127877e-06
23323,,3.3112888309650203e-06
23324,,3.311285217117584e-06
23325,,3.311283221044327e-06
23326,,3.3112818130236597e-06
23327,,3.311280618759139e-06
23328,,3.3112725920804195e-06
23329,,3.311270442459634e-06
23330,,3.3112689786412466e-06
23331,,3.311267764118289e-06
23332,,3.311260007516018e-06
23333,,3.3112576788133523e-06
23334,,3.3112561499288813e-06
23335,,3.311254911764614e-06
23336,,3.3112474701019554e-06
23337,,3.3112449325464007e-06
23338,,3.3112433277527636e-06
23339,,3.3112420620258587e-06
23340,,3.311234987602835e-06
23341,,3.311232206467139e-06
23342,,3.311230513160283e-06
23343,,3.311229215273609e-06
23344,,3.3112225690999653e-06
23345,,3.3112195038896936e-06
23346,,3.311217707337152e-06
23347,,3.311216371941785e-06
23348,,3.31121022515299e-06
23349,,3.3112068286423643e-06
23350,,3.3112049116840006e-06
23351,,3.311203532546821e-06
23352,,3.311202348893936e-06
23353,,3.311194185224155e-06
23354,,3.3111921278375365e-06
23355,,3.3111906976654856e-06
23356,,3.3111894954873115e-06
23357,,3.31118157884578e-06
23358,,3.311179357687479e-06
23359,,3.3111778680011786e-06
23360,,3.3111766442185728e-06
23361,,3.3111690156196297e-06
23362,,3.3111666034477313e-06
23363,,3.3111650443583458e-06
23364,,3.3111637953574007e-06
23365,,3.311156502654947e-06
23366,,3.3111538677210133e-06
23367,,3.3111522276757004e-06
23368,,3.3111509492676853e-06
23369,,3.311144048246772e-06
23370,,3.3111411535017946e-06
23371,,3.3111394190413156e-06
23372,,3.311138106329969e-06
23373,,3.3111316620494386e-06
23374,,3.3111284643238176e-06
23375,,3.311126619743539e-06
23376,,3.3111252670263823e-06
23377,,3.311119355375901e-06
23378,,3.311115804272185e-06
23379,,3.311113831265779e-06
23380,,3.3111124318855224e-06
23381,,3.311111241015708e-06
23382,,3.311103178132815e-06
23383,,3.3111010553505358e-06
23384,,3.311099601546195e-06
23385,,3.311098390909367e-06
23386,,3.3110905915002837e-06
23387,,3.311088294025187e-06
23388,,3.3110867767383652e-06
23389,,3.3110855430521752e-06
23390,,3.311078050856114e-06
23391,,3.3110755496503333e-06
23392,,3.3110739583338027e-06
23393,,3.3110726977519924e-06
23394,,3.3110655637957303e-06
23395,,3.311062824984496e-06
23396,,3.311061147319241e-06
23397,,3.311059855378537e-06
23398,,3.3110531391599858e-06
23399,,3.311050123249316e-06
23400,,3.3110483448737773e-06
23401,,3.3110470163460566e-06
23402,,3.3110407872764474e-06
23403,,3.3110374481837456e-06
23404,,3.3110355523589357e-06
23405,,3.3110341811539545e-06
23406,,3.3110330006391245e-06
23407,,3.311024804167369e-06
23408,,3.3110227713621865e-06
23409,,3.311021350386764e-06
23410,,3.3110201518051625e-06
23411,,3.3110121963048517e-06
23412,,3.3110100037421916e-06
23413,,3.3110085247101475e-06
23414,,3.311007305048598e-06
23415,,3.310999630535594e-06
23416,,71.80527179869617
23417,,81884.41667265641
23418,,71.48505982255884
23419,,483.44066213179775
23420,,70.85248118348501
23421,,31.897291727999026
23422,,31.612851782829477
23423,,12.05474635546552
23424,,935.3946981038678
23425,,11.952035268180957
23426,,5.348313198163778
23427,,3.946730444864794
23428,,3.3634198309527035
23429,,2.48042278070737
23430,,1.6787538829889437
23431,,1.6725614358494085
23432,,1.67249503347867
23433,,1.672494317122697
23434,,1.6724943093940712
23435,,1.6724943093106848
23436,,1.672494309309783
23437,,1.672494309309776
23438,,1.6724943093097757
23439,,1.6724943093097757
23440,,1.102314724501358
23441,,1.0956426651754432
23442,,1.0954986902531474
23443,,1.0954955480523194
23444,,1.09549547945802
23445,,1.0954954779605945
23446,,1.095495477927902
23447,,1.0954954779271902
23448,,1.0954954779271764
23449,,1.0954954779271764
23450,,0.6663176787765219
23451,,0.790916802451979
23452,,0.5737986850177206
23453,,0.5373217463439601
23454,,0.505256062000022
23455,,0.4949312165917741
23456,,65.73186229333317
23457,,0.48917981030633395
23458,,0.46163611687905615
23459,,0.4511911090233276
23460,,0.41979524529984735
23461,,0.4032699187234516
23462,,0.351112726086095
23463,,0.34900262357187073
23464,,0.3488506939176501
23465,,0.3488393682281379
23466,,0.34883852178829755
23467,,0.3488384585164684
23468,,0.348838453786799
23469,,0.3488384534332485
23470,,0.34883845340682107
23471,,0.34883845340484465
23472,,0.3488384534046977
23473,,0.34883845340468506
23474,,0.3488384534046848
23475,,0.3488384534046839
23476,,0.3488384534046839
23477,,0.2874748105955437
23478,,0.10973054776639804
23479,,0.08784285062190736
23480,,0.08335050603837665
23481,,0.08334025504109872
23482,,0.08034842071104105
23483,,0.08474178821794084
23484,,0.07822445135788272
23485,,0.07523330468098967
23486,,0.06571881899500519
23487,,0.059325023357326236
23488,,0.05407256428024066
23489,,0.1012474327863637
23490,,0.05167105212549596
23491,,0.057562224491348075
23492,,0.04795814812301781
23493,,0.0447887640371026
23494,,0.04256849980122087
23495,,0.04041182179586194
23496,,0.03710908586258269
23497,,0.03529565693624211
23498,,0.032025291467613674
23499,,0.024685903101775427
23500,,0.019095832064819792
23501,,0.02384598493476802
23502,,0.01781366335500799
23503,,0.0147579590067972
23504,,0.01282811547850188
23505,,0.010859454400340042
23506,,0.009713422991574837
23507,,0.008769049062903789
23508,,0.007799766271061222
23509,,0.007420390702844147
23510,,0.007074065095128048
23511,,0.006692005068134925
23512,,0.006259336212080902
23513,,0.005932142887743082
23514,,0.005790831881908127
23515,,0.005707164490850676
23516,,0.0056084022804463235
23517,,0.005477246036366065
23518,,0.005252368463910616
23519,,0.004769926791387896
23520,,0.004172535220907595
23521,,0.0037474060729088326
23522,,0.0035493958889358207
23523,,0.0034795469946483208
23524,,0.0034163080123021995
23525,,0.003257622124094317
23526,,0.002971650531543672
23527,,0.002546299401827506
23528,,0.002001585657451587
23529,,0.0012559196907151577
23530,,0.0007229544302972508
23531,,0.0005456881751902245
23532,,0.0005117453801904864
23533,,0.0004990431191071825
23534,,0.00048441867969990906
23535,,0.00046644994747304915
23536,,0.0004476780982161698
23537,,0.00042215935614337545
23538,,0.00038233523137544976
23539,,0.00033553485885259887
23540,,0.0002824687283896368
23541,,0.0002374973691451318
23542,,0.00017319251711922853
23543,,0.00013454317008204127
23544,,0.00011715816782606262
23545,,0.00010065741486078793
23546,,8.61699222285313e-05
23547,,7.370249907174494e-05
23548,,5.950792049511359e-05
23549,,5.4509045690880735e-05
23550,,5.3480043908426235e-05
23551,,5.3340037470887295e-05
23552,,5.326485938243703e-05
23553,,5.3169680213999715e-05
23554,,5.293767174815501e-05
23555,,5.2469296738204865e-05
23556,,5.166994280872959e-05
23557,,5.066806028365501e-05
23558,,5.0528558312136155e-05
23559,,4.974296082403729e-05
23560,,4.948766598727518e-05
23561,,4.9386927335594725e-05
23562,,4.9290022206243955e-05
23563,,4.9082292068720956e-05
23564,,4.8646933847114846e-05
23565,,4.7721968650079194e-05
23566,,4.587759070526087e-05
23567,,4.2656845383522516e-05
23568,,3.799375495892698e-05
23569,,4.0441769866845e-05
23570,,3.6649873213644385e-05
23571,,3.343977381220446e-05
23572,,3.167614492020513e-05
23573,,3.137173300785961e-05
23574,,3.132659159581006e-05
23575,,3.1315485051172324e-05
23576,,3.1303930637571856e-05
23577,,3.1283206280445984e-05
23578,,3.1244563447983794e-05
23579,,3.115822953161215e-05
23580,,3.096241664879152e-05
23581,,3.052885580889475e-05
23582,,2.9625020390699764e-05
23583,,2.797083315472371e-05
23584,,2.5646504916721496e-05
23585,,2.8533600426811968e-05
23586,,2.518371956498287e-05
23587,,2.3295551966154562e-05
23588,,2.2420327184184753e-05
23589,,2.2233149804297302e-05
23590,,2.2206341592106906e-05
23591,,2.2196246677425247e-05
23592,,2.2171969515754793e-05
23593,,2.2119199855564982e-05
23594,,2.1983029927949207e-05
23595,,2.1685196102253464e-05
23596,,2.100996940298408e-05
23597,,1.9601959634104796e-05
23598,,1.6978175031767003e-05
23599,,1.3242099923199724e-05
23600,,9.776100827647475e-06
23601,,7.717956616725147e-06
23602,,7.201850235282536e-06
23603,,7.1303208493669295e-06
23604,,7.123651333256077e-06
23605,,7.122058945664727e-06
23606,,7.117855921639825e-06
23607,,7.10420481776234e-06
23608,,7.073510050956294e-06
23609,,7.005023168390604e-06
23610,,6.8712335322520715e-06
23611,,6.663261311774078e-06
23612,,6.416569991788277e-06
23613,,6.267638375434017e-06
23614,,6.132050741303653e-06
23615,,6.120812157199429e-06
23616,,6.119902877624029e-06
23617,,6.119760474021376e-06
23618,,6.119682824220394e-06
23619,,6.119640366045571e-06
23620,,6.1193503676510036e-06
23621,,6.1185519641821485e-06
23622,,6.114463578535341e-06
23623,,6.106451660803869e-06
23624,,6.087744442816471e-06
23625,,6.0454213558594016e-06
23626,,5.951620328127774e-06
23627,,5.756212475853662e-06
23628,,5.399572833334358e-06
23629,,4.8989773460172225e-06
23630,,4.552262926521981e-06
23631,,4.331508681996558e-06
23632,,4.1852480656066056e-06
23633,,4.175242907825037e-06
23634,,4.174584620581707e-06
23635,,4.174543690154548e-06
23636,,4.174540747499241e-06
23637,,4.174539614983009e-06
23638,,4.174538629897121e-06
23639,,4.1745306134700165e-06
23640,,4.174529077835166e-06
23641,,4.174528034648521e-06
23642,,4.174521780879924e-06
23643,,4.174518741733848e-06
23644,,4.1745174717734385e-06
23645,,4.174516459257496e-06
23646,,4.17450920064359e-06
23647,,4.174507037788464e-06
23648,,4.174505881656721e-06
23649,,4.1745048858971665e-06
23650,,4.174497118218327e-06
23651,,4.174495389685673e-06
23652,,4.174494299149825e-06
23653,,4.174489254089955e-06
23654,,4.174485241072441e-06
23655,,4.174483770773333e-06
23656,,4.174482721056057e-06
23657,,4.174476470447768e-06
23658,,4.174473477198131e-06
23659,,4.174472169060976e-06
23660,,4.1744711456549626e-06
23661,,4.1744641291109505e-06
23662,,4.174461780974237e-06
23663,,4.174460577961017e-06
23664,,4.174459571982877e-06
23665,,4.174452054572379e-06
23666,,4.174450126755335e-06
23667,,4.174448993634147e-06
23668,,4.174447999447767e-06
23669,,4.174440146708702e-06
23670,,4.1744384994158815e-06
23671,,4.174437413730023e-06
23672,,4.1744320730279165e-06
23673,,4.1744283459723794e-06
23674,,4.174426889711579e-06
23675,,4.174425836802023e-06
23676,,4.174419573353309e-06
23677,,4.17441661581456e-06
23678,,4.174415291828576e-06
23679,,4.174414261899491e-06
23680,,4.1744073564550915e-06
23681,,4.174404933092724e-06
23682,,4.1744037020358256e-06
23683,,4.174402688409755e-06
23684,,4.1743953302761234e-06
23685,,4.174393282820017e-06
23686,,4.174392117834709e-06
23687,,4.174391115914057e-06
23688,,4.174383434788143e-06
23689,,4.174381655058679e-06
23690,,4.174380537566763e-06
23691,,4.17437954413554e-06
23692,,4.174371630139316e-06
23693,,4.174370043126048e-06
23694,,4.174368960104189e-06
23695,,4.1743633841324865e-06
23696,,4.1743598894141244e-06
23697,,4.174358442441099e-06
23698,,4.174357384662769e-06
23699,,4.174351119889468e-06
23700,,4.174348194137639e-06
23701,,4.174346849839206e-06
23702,,4.174345810690797e-06
23703,,4.174339039658045e-06
23704,,4.174336531553727e-06
23705,,4.174335263115695e-06
23706,,4.174334237818082e-06
23707,,4.174327091835795e-06
23708,,4.174324892695215e-06
23709,,4.174323680707702e-06
23710,,4.174322665745754e-06
23711,,4.174315240192628e-06
23712,,4.174313271245326e-06
23713,,4.174312101496563e-06
23714,,4.1743110942913054e-06
23715,,4.174303459175762e-06
23716,,4.174301662733452e-06
23717,,4.174300524699965e-06
23718,,4.1742995233239825e-06
23719,,4.174291730557575e-06
23720,,4.17429006391154e-06
23721,,4.174288949753141e-06
23722,,4.174283844958351e-06
23723,,4.174280041257323e-06
23724,,4.174278472460388e-06
23725,,4.174277376216655e-06
23726,,4.174271784359937e-06
23727,,4.1742683818174245e-06
23728,,4.174266886690863e-06
23729,,4.1742658037976074e-06
23730,,4.174259845075192e-06
23731,,4.174256745353684e-06
23732,,4.17425530535111e-06
23733,,4.174254232266813e-06
23734,,4.17424799908589e-06
23735,,4.174245126803617e-06
23736,,4.174243727519316e-06
23737,,4.174242661463641e-06
23738,,4.1742362258263825e-06
23739,,4.174233522427565e-06
23740,,4.17423215252563e-06
23741,,4.1742310912531544e-06
23742,,4.174224510041928e-06
23743,,4.174221929440725e-06
23744,,4.174220579849251e-06
23745,,4.174219521542205e-06
23746,,4.1742128404194725e-06
23747,,4.174210345754981e-06
23748,,4.174209009102944e-06
23749,,4.174207952267432e-06
23750,,4.174201208419157e-06
23751,,4.174198769808817e-06
23752,,4.174197440006551e-06
23753,,4.174196383372187e-06
23754,,4.1741896076434756e-06
23755,,4.174187200406053e-06
23756,,4.174185872339864e-06
23757,,4.174184814817606e-06
23758,,4.1741780332420964e-06
23759,,4.174175636661593e-06
23760,,4.174174305936337e-06
23761,,4.1741732465703474e-06
23762,,4.174166481527379e-06
23763,,4.174164077893396e-06
23764,,4.174162740676218e-06
23765,,4.174161678609787e-06
23766,,4.174154949733909e-06
23767,,4.174152523603644e-06
23768,,4.174151176467181e-06
23769,,4.17415011092039e-06
23770,,4.1741434357813545e-06
23771,,4.174140973414328e-06
23772,,4.174139613240326e-06
23773,,4.174138543503623e-06
23774,,4.174131938114906e-06
23775,,4.174129427062378e-06
23776,,4.174128050969226e-06
23777,,4.174126976335737e-06
23778,,4.174120455619674e-06
23779,,4.174117884372086e-06
23780,,4.174116489620851e-06
23781,,4.174115409427355e-06
23782,,4.1741089875278236e-06
23783,,4.174106345219904e-06
23784,,4.174104929176873e-06
23785,,4.174103842769623e-06
23786,,4.174097533353336e-06
23787,,4.174094809561529e-06
23788,,4.174093369646281e-06
23789,,4.174092276382961e-06
23790,,4.174086092833843e-06
23791,,4.174083277382622e-06
23792,,4.174081811040547e-06
23793,,4.174080710254977e-06
23794,,4.174074665915524e-06
23795,,4.174071748727242e-06
23796,,4.1740702533695545e-06
23797,,4.174069144397169e-06
23798,,4.174063252694733e-06
23799,,4.1740602236598495e-06
23800,,4.174058696681299e-06
23801,,4.174057578823427e-06
23802,,4.174051853440471e-06
23803,,4.174048702301404e-06
23804,,4.174047140992266e-06
23805,,4.1740460135483676e-06
23806,,4.174040468544553e-06
23807,,4.1740371847687565e-06
23808,,4.174035586361555e-06
23809,,4.174034448579768e-06
23810,,4.174029098510796e-06
23811,,4.1740256712434735e-06
23812,,4.1740240328282704e-06
23813,,4.174022883930796e-06
23814,,4.174017743980806e-06
23815,,4.174014161903361e-06
23816,,4.174012480453544e-06
23817,,4.174011319626405e-06
23818,,4.174010301540573e-06
23819,,4.174002656981089e-06
23820,,4.174000929296227e-06
23821,,4.173999755665144e-06
23822,,4.173998734053109e-06
23823,,4.1739911567011915e-06
23824,,4.173989379432751e-06
23825,,4.173988192093239e-06
23826,,4.173987166686956e-06
23827,,4.173979661344982e-06
23828,,4.1739778309400605e-06
23829,,4.173976628916714e-06
23830,,4.173975599460412e-06
23831,,4.173968171214162e-06
23832,,4.173966283895948e-06
23833,,4.173965066151901e-06
23834,,4.173964032365599e-06
23835,,4.17395668659996e-06
23836,,4.173954738391661e-06
23837,,4.173953503840511e-06
23838,,4.1739524654212126e-06
23839,,4.1739452078758695e-06
23840,,4.17394319451518e-06
23841,,4.173941941999674e-06
23842,,4.173940898625653e-06
23843,,4.173933735405465e-06
23844,,4.173931652384525e-06
23845,,4.173930380666808e-06
23846,,4.173929331995208e-06
23847,,4.173922269591358e-06
23848,,4.173920112109723e-06
23849,,4.173918819856441e-06
23850,,4.173917765534712e-06
23851,,4.173910810875902e-06
23852,,4.173908573803365e-06
23853,,4.173907259611715e-06
23854,,4.173906199249575e-06
23855,,4.173899359703748e-06
23856,,4.173897037598429e-06
23857,,4.173895699980266e-06
23858,,4.173894633158025e-06
23859,,4.173887916585862e-06
23860,,4.173885503626157e-06
23861,,4.1738841409814906e-06
23862,,4.1738830672614e-06
23863,,4.173876482066136e-06
23864,,4.173873972045748e-06
23865,,4.173872582659792e-06
23866,,4.1738715015797236e-06
23867,,4.173865056697962e-06
23868,,4.173862443015732e-06
23869,,4.173861025065342e-06
23870,,4.173859936119931e-06
23871,,4.17385364111617e-06
23872,,4.1738509166901915e-06
23873,,4.173849468239636e-06
23874,,4.1738483708957675e-06
23875,,4.173842235951296e-06
23876,,4.173839393261143e-06
23877,,4.173837912237085e-06
23878,,4.1738368059180916e-06
23879,,4.173830841911448e-06
23880,,4.17382787292459e-06
23881,,4.173826357105935e-06
23882,,4.173825241206197e-06
23883,,4.173819459746098e-06
23884,,4.1738163558688744e-06
23885,,4.173814802907182e-06
23886,,4.173813676778657e-06
23887,,4.173808090256688e-06
23888,,4.173804842333468e-06
23889,,4.173803249685268e-06
23890,,4.17380211264324e-06
23891,,4.173796734299668e-06
23892,,4.173793332539544e-06
23893,,4.1737916975392225e-06
23894,,4.173790548822585e-06
23895,,4.173785392772277e-06
23896,,4.173781826747742e-06
23897,,4.1737801465014235e-06
23898,,4.173778985334025e-06
23899,,4.173777967042211e-06
23900,,4.1737703252193066e-06
23901,,4.17376859667445e-06
23902,,4.1737674221965976e-06
23903,,4.173766400241273e-06
23904,,4.173758828251453e-06
23905,,4.1737570481167286e-06
23906,,4.173755859443301e-06
23907,,4.173754833576631e-06
23908,,4.173747336140747e-06
23909,,4.17374550092517e-06
23910,,4.173744297078133e-06
23911,,4.173743267039924e-06
23912,,4.173735849206093e-06
23913,,4.173733955180669e-06
23914,,4.173732735141358e-06
23915,,4.173731700646761e-06
23916,,4.173724367820584e-06
23917,,4.1737224109918215e-06
23918,,4.173721173650541e-06
23919,,4.173720134396905e-06
23920,,4.173712892331047e-06
23921,,4.1737108684420025e-06
23922,,4.173709612645839e-06
23923,,4.173708568304542e-06
23924,,4.173701423150629e-06
23925,,4.173699327661513e-06
23926,,4.173698052141691e-06
23927,,4.173697002373637e-06
23928,,4.1736899607022695e-06
23929,,4.1736877887502515e-06
23930,,4.17368649217832e-06
23931,,4.173685436616974e-06
23932,,4.173678505430373e-06
23933,,4.173676251843962e-06
23934,,4.1736749327955804e-06
23935,,4.173673871048767e-06
23936,,4.173667057831706e-06
23937,,4.1736647170740715e-06
23938,,4.173663374023831e-06
23939,,4.173662305655639e-06
23940,,4.173655618416179e-06
23941,,4.17365318457149e-06
23942,,4.173651815894908e-06
23943,,4.173650740480792e-06
23944,,4.173644187736041e-06
23945,,4.173641654516312e-06
23946,,4.173640258463849e-06
23947,,4.173639175511992e-06
23948,,4.173632766376327e-06
23949,,4.173630127039752e-06
23950,,4.173628701767745e-06
23951,,4.1736276107763524e-06
23952,,4.173621354975509e-06
23953,,4.173618602331625e-06
23954,,4.1736171458588245e-06
23955,,4.173616046277162e-06
23956,,4.173609954202667e-06
23957,,4.1736070805744395e-06
23958,,4.1736055907873505e-06
23959,,4.173604482031338e-06
23960,,4.173598564774072e-06
23961,,4.173595561956394e-06
23962,,4.173594036603005e-06
23963,,4.1735929180522646e-06
23964,,4.173587187452559e-06
23965,,4.173584046707365e-06
23966,,4.173582483365336e-06
23967,,4.173581354358971e-06
23968,,4.173575823062689e-06
23969,,4.173572535036366e-06
23970,,4.173570931140178e-06
23971,,4.1735697909697266e-06
23972,,4.173564472469867e-06
23973,,4.173561027190521e-06
23974,,4.173559379992062e-06
23975,,4.173558227898297e-06
23976,,4.173553136610862e-06
23977,,4.173549523423679e-06
23978,,4.173547829993475e-06
23979,,4.173546665164706e-06
23980,,4.173545645891704e-06
23981,,4.173538024013589e-06
23982,,4.173536281211995e-06
23983,,4.1735351027967925e-06
23984,,4.173534079778169e-06
23985,,4.173526529258116e-06
23986,,4.173524733737033e-06
23987,,4.173523540807896e-06
23988,,4.173522513798641e-06
23989,,4.173515039452517e-06
23990,,4.173513187658752e-06
23991,,4.1735119792272e-06
23992,,4.173510947947278e-06
23993,,4.173503554942611e-06
23994,,4.173501643046927e-06
23995,,4.173500418077199e-06
23996,,4.1734993822440535e-06
23997,,4.173492076084492e-06
23998,,4.173490100026263e-06
23999,,4.173488857378143e-06
24000,,4.1734878166909474e-06
24001,,4.1734806032599425e-06
24002,,4.173478558683963e-06
24003,,4.173477297174081e-06
24004,,4.1734762512906054e-06
24005,,4.173469136867339e-06
24006,,4.173467019144213e-06
24007,,4.173465737484528e-06
24008,,4.1734646860627295e-06
24009,,4.173457677358652e-06
24010,,4.173455481512005e-06
24011,,4.173454178348792e-06
24012,,4.173453120999151e-06
24013,,4.173446225173072e-06
24014,,4.173443945931538e-06
24015,,4.173442619802235e-06
24016,,4.17344155613527e-06
24017,,4.173434780819107e-06
24018,,4.173432412524164e-06
24019,,4.173431061882607e-06
24020,,4.173429991454958e-06
24021,,4.173423344813953e-06
24022,,4.173420881442419e-06
24023,,4.1734195046168655e-06
24024,,4.1734184269865e-06
24025,,4.173411917745703e-06
24026,,4.173409352840059e-06
24027,,4.173407948059406e-06
24028,,4.173406862735337e-06
24029,,4.1734005001859325e-06
24030,,4.1733978268862515e-06
24031,,4.173396392255921e-06
24032,,4.173395298712044e-06
24033,,4.173389092791349e-06
24034,,4.173386303755241e-06
24035,,4.173384837255589e-06
24036,,4.173383734936139e-06
24037,,4.173377696254012e-06
24038,,4.173374783633712e-06
24039,,4.1733732831040515e-06
24040,,4.173372171416509e-06
24041,,4.1733663112941525e-06
24042,,4.17336326673102e-06
24043,,4.173361729865587e-06
24044,,4.173360608172181e-06
24045,,4.173354938704641e-06
24046,,4.17335175325233e-06
24047,,4.173350177587947e-06
24048,,4.173349045222095e-06
24049,,4.173343579323746e-06
24050,,4.17334024342959e-06
24051,,4.173338626350645e-06
24052,,4.173337482571549e-06
24053,,4.17333223402814e-06
24054,,4.173328737517058e-06
24055,,4.173327076209835e-06
24056,,4.173325920252742e-06
24057,,4.173320903783907e-06
24058,,4.173317235769342e-06
24059,,4.173315527234279e-06
24060,,4.173314358276096e-06
24061,,4.173313337908469e-06
24062,,4.173305738471174e-06
24063,,4.173303979505223e-06
24064,,4.173302796670165e-06
24065,,4.173301772480314e-06
24066,,4.17329424591308e-06
24067,,4.1732924331135375e-06
24068,,4.173291235450054e-06
24069,,4.17329020717903e-06
24070,,4.1732827584243955e-06
24071,,4.173280888140019e-06
24072,,4.173279674648991e-06
24073,,4.173278642013997e-06
24074,,4.173271276335001e-06
24075,,4.1732693446774986e-06
24076,,4.173268114288306e-06
24077,,4.1732670770057414e-06
24078,,4.17325980002907e-06
24079,,4.1732578028254696e-06
24080,,4.1732565543904255e-06
24081,,4.173255512140895e-06
24082,,4.173248329869846e-06
24083,,4.173246262696575e-06
24084,,4.173244994988145e-06
24085,,4.1732439474362884e-06
24086,,4.173236866286509e-06
24087,,4.173234724399181e-06
24088,,4.173233436118837e-06
24089,,4.173232382905207e-06
24090,,4.173225409719518e-06
24091,,4.173223188054552e-06
24092,,4.173221877818086e-06
24093,,4.173220818550395e-06
24094,,4.173213960647204e-06
24095,,4.173211653796202e-06
24096,,4.17321032010237e-06
24097,,4.173209254380979e-06
24098,,4.173202519561719e-06
24099,,4.173200121764153e-06
24100,,4.173198763030574e-06
24101,,4.173197690415297e-06
24102,,4.173191087013106e-06
24103,,4.173188592110235e-06
24104,,4.173187206628912e-06
24105,,4.173186126655936e-06
24106,,4.173179663573468e-06
24107,,4.1731770649904694e-06
24108,,4.1731756509596465e-06
24109,,4.173174563119585e-06
24110,,4.173168249863056e-06
24111,,4.173165540559546e-06
24112,,4.17316409605003e-06
24113,,4.173162999819362e-06
24114,,4.1731568465231806e-06
24115,,4.173154019017058e-06
24116,,4.173152541955259e-06
24117,,4.173151436766987e-06
24118,,4.173145454275114e-06
24119,,4.1731425005542555e-06
24120,,4.173140988736271e-06
24121,,4.1731398739761225e-06
24122,,4.1731340738498715e-06
24123,,4.173130985360301e-06
24124,,4.173129436435941e-06
24125,,4.17312831147077e-06
24126,,4.173122706053377e-06
24127,,4.1731194736831614e-06
24128,,4.1731178851356535e-06
24129,,4.173116749250524e-06
24130,,4.173111351739819e-06
24131,,4.173107965736158e-06
24132,,4.173106334880464e-06
24133,,4.173105187351671e-06
24134,,4.173100011821473e-06
24135,,4.1730964617725725e-06
24136,,4.173094785749662e-06
24137,,4.173093625782795e-06
24138,,4.173092607924981e-06
24139,,4.173084962062637e-06
24140,,4.173083237812847e-06
24141,,4.173082064566765e-06
24142,,4.173081043054373e-06
24143,,4.173073466896237e-06
24144,,4.173071691152519e-06
24145,,4.173070503727074e-06
24146,,4.1730694783125055e-06
24147,,4.173061976576665e-06
24148,,4.173060145843507e-06
24149,,4.173058943280696e-06
24150,,4.173057913699102e-06
24151,,4.17305049142982e-06
24152,,4.173048601988272e-06
24153,,4.1730473832600045e-06
24154,,4.173046349228731e-06
24155,,4.173039011799712e-06
24156,,4.173037059672996e-06
24157,,4.173035823683089e-06
24158,,4.173034784902165e-06
24159,,4.173027538068776e-06
24160,,4.173025519007217e-06
24161,,4.173024264586303e-06
24162,,4.173023220729747e-06
24163,,4.173016070619987e-06
24164,,4.173013980088261e-06
24165,,4.1730127059978975e-06
24166,,4.173011656722715e-06
24167,,4.173004609876568e-06
24168,,4.173002443054024e-06
24169,,4.173001147949858e-06
24170,,4.173000092886608e-06
24171,,4.172993156311863e-06
24172,,4.172990908010003e-06
24173,,4.172989590468788e-06
24174,,4.172988529239727e-06
24175,,4.172981710388962e-06
24176,,4.172979375096469e-06
24177,,4.172978033606225e-06
24178,,4.172976965770892e-06
24179,,4.1729702726294914e-06
24180,,4.172967844453854e-06
24181,,4.1729664773831875e-06
24182,,4.172965402516618e-06
24183,,4.172958843586586e-06
24184,,4.172956316229765e-06
24185,,4.17295492185904e-06
24186,,4.1729538394696845e-06
24187,,4.172947423845782e-06
24188,,4.172944790595805e-06
24189,,4.1729433670655576e-06
24190,,4.172942276651809e-06
24191,,4.172936014033624e-06
24192,,4.1729332677214366e-06
24193,,4.172931813054448e-06
24194,,4.172930714070621e-06
24195,,4.172924614822239e-06
24196,,4.172921747789029e-06
24197,,4.172920259878098e-06
24198,,4.172919151741104e-06
24199,,4.172913226923724e-06
24200,,4.172910230997828e-06
24201,,4.172908707596016e-06
24202,,4.172907589684998e-06
24203,,4.1729018511095836e-06
24204,,4.172898717556028e-06
24205,,4.172897156252303e-06
24206,,4.1728960279101915e-06
24207,,4.172890488190116e-06
24208,,4.172887207685474e-06
24209,,4.1728856059211065e-06
24210,,4.172884466438836e-06
24211,,4.172879139040414e-06
24212,,4.1728757016261676e-06
24213,,4.1728740566578534e-06
24214,,4.172872905281529e-06
24215,,4.172867804594451e-06
24216,,4.17286419964372e-06
24217,,4.172862508545644e-06
24218,,4.1728613444694204e-06
24219,,4.17286032551082e-06
24220,,4.172852702014261e-06
24221,,4.172850961657807e-06
24222,,4.17284978401017e-06
24223,,4.172848761324638e-06
24224,,4.172841209008065e-06
24225,,4.17283941606223e-06
24226,,4.172838223940711e-06
24227,,4.172837197271497e-06
24228,,4.172829720954184e-06
24229,,4.172827871850946e-06
24230,,4.172826664269116e-06
24231,,4.17282563334105e-06
24232,,4.172818238180617e-06
24233,,4.172816329122736e-06
24234,,48.75034468770092
24235,,58991.52432495907
24236,,48.51296279481821
24237,,370.2739941875313
24238,,48.08090425347119
24239,,23.940217676550432
24240,,23.76264793329688
24241,,12.914972351743126
24242,,53.966147944217504
24243,,12.80152226499405
24244,,9.865534565465126
24245,,23.971784397992753
24246,,9.755687834994308
24247,,8.27249821204866
24248,,8.226477796800804
24249,,7.4669128790868005
24250,,11.465690086363937
24251,,7.406654985763626
24252,,6.99513058212378
24253,,5.743960441268538
24254,,4.247107079936851
24255,,1.872798712417873
24256,,1.6235192922180248
24257,,0.8412016478050297
24258,,13.433583554289262
24259,,0.8332557920049466
24260,,0.7250300732521521
24261,,0.6686189680713778
24262,,0.6458358543281294
24263,,0.5876851843765841
24264,,0.5289164156294582
24265,,0.45695291188165205
24266,,4.0153894557168055
24267,,0.4481682691154556
24268,,0.3918353744006677
24269,,0.3456929964456511
24270,,0.1937178839496296
24271,,0.0962950220292944
24272,,0.12043282411783762
24273,,0.08962232281011796
24274,,14.117068757733303
24275,,0.08684387815080585
24276,,0.08194672218902244
24277,,0.07868483664805345
24278,,0.07020865425029553
24279,,0.0651869746753019
24280,,0.056645141567781776
24281,,0.049324941538780954
24282,,0.04160842189567784
24283,,0.0556263589261662
24284,,0.037961428242563655
24285,,0.03536927011761304
24286,,0.032059786105225904
24287,,0.029158996756209254
24288,,0.028128207040072368
24289,,0.02687499987812712
24290,,0.026238388084646895
24291,,0.025309883797311
24292,,0.023539944508923397
24293,,0.02167966821381764
24294,,0.02027410432046693
24295,,0.019604198756857007
24296,,0.019296510241208133
24297,,0.019041907779771626
24298,,0.018643897361354467
24299,,0.017998987582357722
24300,,0.016772316679588915
24301,,0.01550986288048135
24302,,0.014574580678288575
24303,,0.014096341452121193
24304,,0.013829389825328232
24305,,0.013474851705451648
24306,,0.012758583057737704
24307,,0.011561938829099375
24308,,0.009995505592681751
24309,,0.009037493050669984
24310,,0.008530800450539947
24311,,0.008287599261880335
24312,,0.00821931703634768
24313,,0.008116414409845523
24314,,0.007920034518104056
24315,,0.0075693898701550515
24316,,0.006959787974769263
24317,,0.006376524719523851
24318,,0.005746067793641225
24319,,0.004883890482794917
24320,,0.00421639640930233
24321,,0.0031906060807841545
24322,,0.0019782372510929406
24323,,0.0013961869435972728
24324,,0.0012402193852837017
24325,,0.0012108993891163284
24326,,0.0012025065641876641
24327,,0.0011912418873653177
24328,,0.0011754140833676184
24329,,0.0011610792224767289
24330,,0.0011508935097396423
24331,,0.001140621602277191
24332,,0.0011324930632828918
24333,,0.001127557985500097
24334,,0.0011220328691408865
24335,,0.0011132615601872268
24336,,0.0010973381485047586
24337,,0.0010567736252848035
24338,,0.0009446050746059667
24339,,0.0007713357902560078
24340,,0.0007653375229136859
24341,,0.0006841054663902336
24342,,0.0005079252639250362
24343,,0.000404258071074023
24344,,0.00037362436598456256
24345,,0.0003667231724585743
24346,,0.00035977986461126817
24347,,0.0003405467085069883
24348,,0.00031158565657362193
24349,,0.00029495283544015636
24350,,0.00028818038540221857
24351,,0.0002845825331769799
24352,,0.00028044960196685283
24353,,0.0002727248718800934
24354,,0.00026166779414957747
24355,,0.0002468443718482962
24356,,0.000228606972982065
24357,,0.00020150980387213823
24358,,0.0001608363470654195
24359,,0.00013315948389348622
24360,,0.0001234195308781663
24361,,0.00012101669554115242
24362,,0.00011940558608326093
24363,,0.00011587210740453595
24364,,0.00010762852464102956
24365,,9.01556009631842e-05
24366,,6.398211115046637e-05
24367,,3.7614509513954854e-05
24368,,2.5743653028989015e-05
24369,,2.074204279606275e-05
24370,,1.9517766493312858e-05
24371,,1.940535193125619e-05
24372,,1.9386733509525306e-05
24373,,1.9357506459338573e-05
24374,,1.9245429951949494e-05
24375,,1.902537536271633e-05
24376,,1.8503329467278765e-05
24377,,1.740532268568691e-05
24378,,1.5277511143984126e-05
24379,,1.1966459032857696e-05
24380,,8.580359070431082e-06
24381,,6.548857420796682e-06
24382,,5.718636097550316e-06
24383,,5.6035766261357715e-06
24384,,5.592645105811074e-06
24385,,5.591288549497002e-06
24386,,5.590459858191862e-06
24387,,5.58748040514932e-06
24388,,5.571677213560676e-06
24389,,5.541045923365371e-06
24390,,5.471596486587553e-06
24391,,5.358216917404469e-06
24392,,5.063693932242415e-06
24393,,4.719302663994966e-06
24394,,4.4463346550954565e-06
24395,,4.330971254705766e-06
24396,,4.305416984193483e-06
24397,,4.300315026720826e-06
24398,,4.2993779436159285e-06
24399,,4.298835675182429e-06
24400,,4.2974055798202715e-06
24401,,4.2941734512331685e-06
24402,,4.286775870449412e-06
24403,,4.270077328746499e-06
24404,,4.233235809241469e-06
24405,,4.155802311700143e-06
24406,,4.007122164882786e-06
24407,,3.7604555519519346e-06
24408,,3.4405029899788496e-06
24409,,3.3770280894504413e-06
24410,,3.1784798064590465e-06
24411,,3.1187528018691798e-06
24412,,3.108872782937512e-06
24413,,3.1078511963286686e-06
24414,,3.1077783028599138e-06
24415,,3.1077737983549794e-06
24416,,3.107772879202309e-06
24417,,3.1077722106185046e-06
24418,,3.10776740742819e-06
24419,,3.1077659088009274e-06
24420,,3.1077651762687263e-06
24421,,3.1077645249428847e-06
24422,,3.1077591465854628e-06
24423,,3.1077581755712912e-06
24424,,3.1077574935276795e-06
24425,,3.1077531161066655e-06
24426,,3.1077512716874347e-06
24427,,3.1077504764097688e-06
24428,,3.1077498146880855e-06
24429,,3.1077447243849434e-06
24430,,3.1077435109255673e-06
24431,,3.1077427905422005e-06
24432,,3.107739494314222e-06
24433,,3.1077367340612523e-06
24434,,3.1077357983309294e-06
24435,,3.107735110807628e-06
24436,,3.107730647930112e-06
24437,,3.1077289208539335e-06
24438,,3.107728108085382e-06
24439,,3.1077274340851803e-06
24440,,3.107722456979447e-06
24441,,3.107721190205939e-06
24442,,3.107720428643721e-06
24443,,3.107719758978933e-06
24444,,3.107714572401845e-06
24445,,3.10771349922377e-06
24446,,3.107712754751056e-06
24447,,3.1077090186733025e-06
24448,,3.107706834498356e-06
24449,,3.1077058282927666e-06
24450,,3.107705084043697e-06
24451,,3.107701093448471e-06
24452,,3.1076991701414114e-06
24453,,3.107698168595633e-06
24454,,3.107697415520327e-06
24455,,3.107693439145511e-06
24456,,3.1076915463224527e-06
24457,,3.1076905163285728e-06
24458,,3.107689748813075e-06
24459,,3.107685932329909e-06
24460,,3.1076839487560833e-06
24461,,3.1076828700857856e-06
24462,,3.1076820838612803e-06
24463,,3.1076785192676535e-06
24464,,3.1076763720030757e-06
24465,,3.1076752296147216e-06
24466,,3.107674420795926e-06
24467,,3.107673724041842e-06
24468,,3.107668814897055e-06
24469,,3.1076675952480237e-06
24470,,3.10766675980374e-06
24471,,3.1076660539862097e-06
24472,,3.107661278492971e-06
24473,,3.1076599676889385e-06
24474,,3.107659101172164e-06
24475,,3.107658384817791e-06
24476,,3.1076537651067403e-06
24477,,3.1076523478709108e-06
24478,,3.1076514452365215e-06
24479,,3.1076507166457168e-06
24480,,3.1076462779507735e-06
24481,,3.10764473697012e-06
24482,,3.1076437924060775e-06
24483,,3.107643049625386e-06
24484,,3.107638820969377e-06
24485,,3.1076371363414353e-06
24486,,3.1076361431470395e-06
24487,,3.1076353838978497e-06
24488,,3.1076313988733366e-06
24489,,3.107629547604871e-06
24490,,3.10762849800416e-06
24491,,3.1076277196572814e-06
24492,,3.107624017147688e-06
24493,,3.107621972625945e-06
24494,,3.10762085760797e-06
24495,,3.1076200571239606e-06
24496,,3.10761936310924e-06
24497,,3.107614413577271e-06
24498,,3.1076132226987615e-06
24499,,3.107612396537914e-06
24500,,3.1076116938284423e-06
24501,,3.107606872960615e-06
24502,,3.107605594128032e-06
24503,,3.1076047381943713e-06
24504,,3.1076040254039058e-06
24505,,3.1075993537199384e-06
24506,,3.1075979728922924e-06
24507,,3.107597082416864e-06
24508,,3.1075963579443637e-06
24509,,3.1075918592276832e-06
24510,,3.1075903601316063e-06
24511,,3.1075894296094383e-06
24512,,3.1075886915764397e-06
24513,,3.107584393417527e-06
24514,,3.1075827571740104e-06
24515,,3.107581780225373e-06
24516,,3.1075810264560892e-06
24517,,3.107576960841833e-06
24518,,3.107575165574677e-06
24519,,3.10757413476583e-06
24520,,3.1075733627744395e-06
24521,,3.1075695667859157e-06
24522,,3.107567587107768e-06
24523,,3.1075664938583387e-06
24524,,3.107565700718416e-06
24525,,3.1075622173663106e-06
24526,,3.107560023860742e-06
24527,,3.1075588582019904e-06
24528,,3.1075580405265165e-06
24529,,3.107557340719634e-06
24530,,3.107552478236148e-06
24531,,3.107551228607567e-06
24532,,3.107550382491418e-06
24533,,3.107549673050185e-06
24534,,3.1075449530280912e-06
24535,,3.1075436060296367e-06
24536,,3.1075427269269582e-06
24537,,3.1075420063061355e-06
24538,,3.107537451458888e-06
24539,,3.1075359915494488e-06
24540,,3.1075350741987748e-06
24541,,3.107534340623855e-06
24542,,3.1075299772998883e-06
24543,,3.1075283864562557e-06
24544,,3.1075274247442144e-06
24545,,3.107526676137459e-06
24546,,3.1075225348929295e-06
24547,,3.1075207922122156e-06
24548,,3.1075197790689203e-06
24549,,3.107519013029099e-06
24550,,3.107515129286839e-06
24551,,3.107513210541926e-06
24552,,3.107512137743298e-06
24553,,3.107511351483969e-06
24554,,3.107507766328491e-06
24555,,3.1075056434233976e-06
24556,,3.1075045014372274e-06
24557,,3.1075036917398624e-06
24558,,3.107502994645907e-06
24559,,3.10749809315058e-06
24560,,3.107496870947043e-06
24561,,3.1074960340552034e-06
24562,,3.107495327746363e-06
24563,,3.1074905623985436e-06
24564,,3.1074892471636895e-06
24565,,3.107488378744515e-06
24566,,3.107487661742811e-06
24567,,3.1074830542632198e-06
24568,,3.107481631149337e-06
24569,,3.1074807261531534e-06
24570,,3.107479996757205e-06
24571,,3.107475572328638e-06
24572,,3.107474024112576e-06
24573,,3.107473076709996e-06
24574,,3.1074723329288486e-06
24575,,3.1074681207622893e-06
24576,,3.1074664274652064e-06
24577,,3.107465430873365e-06
24578,,3.107464670420436e-06
24579,,3.107460704384844e-06
24580,,3.1074588428495528e-06
24581,,3.10745778922319e-06
24582,,3.1074570094204465e-06
24583,,3.1074533287924357e-06
24584,,3.1074512721562375e-06
24585,,3.1074501523827974e-06
24586,,3.1074493501506247e-06
24587,,3.107448655605983e-06
24588,,3.1074437176014215e-06
24589,,3.1074425211122662e-06
24590,,3.1074416928606665e-06
24591,,3.107440989490913e-06
24592,,3.107436181725881e-06
24593,,3.107434896277829e-06
24594,,3.1074340378492393e-06
24595,,3.1074333242439915e-06
24596,,3.107428667498407e-06
24597,,3.1074272788761215e-06
24598,,3.1074263854557406e-06
24599,,3.1074256599716765e-06
24600,,3.1074211783479807e-06
24601,,3.1074196700874702e-06
24602,,3.1074187360810974e-06
24603,,3.1074179968239455e-06
24604,,3.107413718263342e-06
24605,,3.1074120712557556e-06
24606,,3.1074110901691663e-06
24607,,3.1074103349419304e-06
24608,,3.1074062918659397e-06
24609,,3.1074044839516033e-06
24610,,3.107403448272443e-06
24611,,3.107402674517552e-06
24612,,3.1073989045072875e-06
24613,,3.1073969099917674e-06
24614,,3.1073958110002916e-06
24615,,3.107395015756584e-06
24616,,3.10739156240604e-06
24617,,3.1073893514833302e-06
24618,,3.1073881790749024e-06
24619,,3.107387358901911e-06
24620,,3.10738665827374e-06
24621,,3.1073818108872373e-06
24622,,3.1073805533142884e-06
24623,,3.1073797042362398e-06
24624,,3.107378993796554e-06
24625,,3.1073742910276528e-06
24626,,3.10737293469726e-06
24627,,3.1073720520884874e-06
24628,,3.1073713302644946e-06
24629,,3.1073667952077586e-06
24630,,3.1073653243372437e-06
24631,,3.1073644028436596e-06
24632,,3.1073636678131386e-06
24633,,3.107359327232429e-06
24634,,3.1073577235238367e-06
24635,,3.107356756936895e-06
24636,,3.1073560065857673e-06
24637,,3.1073518915379703e-06
24638,,3.1073501337812167e-06
24639,,3.107349114881942e-06
24640,,3.107348346760823e-06
24641,,3.1073444932484896e-06
24642,,3.1073425568352402e-06
24643,,3.10734147726942e-06
24644,,3.1073406885385208e-06
24645,,3.107337138336699e-06
24646,,3.107334994719936e-06
24647,,3.1073338447864077e-06
24648,,3.107333032156768e-06
24649,,3.107332334091999e-06
24650,,3.1073274497860023e-06
24651,,3.1073262182491157e-06
24652,,3.107325377891682e-06
24653,,3.1073246703975107e-06
24654,,3.107319924743332e-06
24655,,3.1073185985564856e-06
24656,,3.1073177260439187e-06
24657,,3.1073170076235906e-06
24658,,3.107312422760975e-06
24659,,3.107310986809229e-06
24660,,3.1073100769832e-06
24661,,3.1073093458897215e-06
24662,,3.1073049474973516e-06
24663,,3.1073033842327556e-06
24664,,3.1073024311453398e-06
24665,,3.107301685341901e-06
24666,,3.1072975032018728e-06
24667,,3.1072957922813368e-06
24668,,3.107294789012387e-06
24669,,3.1072940261437974e-06
24670,,3.1072900948073293e-06
24671,,3.107288212631959e-06
24672,,3.107287151157793e-06
24673,,3.107286368504376e-06
24674,,3.1072827280146595e-06
24675,,3.107280647228563e-06
24676,,3.10727951824805e-06
24677,,3.1072787126316182e-06
24678,,3.107278016943922e-06
24679,,3.1072730983166225e-06
24680,,3.1072718910434597e-06
24681,,3.107271058792772e-06
24682,,3.1072703540471015e-06
24683,,3.107265568530685e-06
24684,,3.107264270432098e-06
24685,,3.10726340729772e-06
24686,,3.10726269204032e-06
24687,,3.1072580608915282e-06
24688,,3.107256657457345e-06
24689,,3.107255758496026e-06
24690,,3.107255031049701e-06
24691,,3.1072505789203872e-06
24692,,3.1072490533167e-06
24693,,3.107248112795058e-06
24694,,3.1072473712019658e-06
24695,,3.107243126707914e-06
24696,,3.1072414593952483e-06
24697,,3.1072404706588287e-06
24698,,3.1072397126642137e-06
24699,,3.107235708976034e-06
24700,,3.107233877301902e-06
24701,,3.1072328326534836e-06
24702,,3.1072320556282977e-06
24703,,3.107228331224327e-06
24704,,3.107226308918384e-06
24705,,3.107225199408404e-06
24706,,3.107224400297613e-06
24707,,3.1072237068144513e-06
24708,,3.1072187564042384e-06
24709,,3.1072175716680604e-06
24710,,3.1072167469458796e-06
24711,,3.1072160447448857e-06
24712,,3.1072112222909286e-06
24713,,3.107209950283817e-06
24714,,3.107209095848902e-06
24715,,3.1072083835225775e-06
24716,,3.1072037094818714e-06
24717,,3.1072023362566634e-06
24718,,3.1072014473533787e-06
24719,,3.1072007232864926e-06
24720,,3.107196221372662e-06
24721,,3.1071947307305988e-06
24722,,3.1071938018493156e-06
24723,,3.1071930641609315e-06
24724,,3.1071887618867968e-06
24725,,3.1071871350694102e-06
24726,,3.107186159799238e-06
24727,,3.107185406306347e-06
24728,,3.1071813355897855e-06
24729,,3.1071795508004417e-06
24730,,3.1071785217338596e-06
24731,,3.107177749908543e-06
24732,,3.107173947757104e-06
24733,,3.1071719797388408e-06
24734,,3.1071708882613697e-06
24735,,3.1071700951647353e-06
24736,,3.1071666045330942e-06
24737,,3.1071644239728435e-06
24738,,3.1071632601020385e-06
24739,,3.107162442331206e-06
24740,,3.1071617424677134e-06
24741,,3.1071568859318543e-06
24742,,3.1071556380821595e-06
24743,,3.1071547916735704e-06
24744,,3.1071540820593933e-06
24745,,3.1071493684313073e-06
24746,,3.1071480231621286e-06
24747,,3.1071471435449614e-06
24748,,3.1071464225970794e-06
24749,,3.107141874726996e-06
24750,,3.1071404164533265e-06
24751,,3.107139498310649e-06
24752,,3.10713876421933e-06
24753,,3.1071344086149266e-06
24754,,3.1071328192590295e-06
24755,,3.1071318564172686e-06
24756,,3.1071311070729843e-06
24757,,3.107126974486985e-06
24758,,3.107125233066779e-06
24759,,3.1071242183775453e-06
24760,,3.107123451341169e-06
24761,,3.1071195774301132e-06
24762,,3.10711765962584e-06
24763,,3.1071165847773983e-06
24764,,3.1071157972099683e-06
24765,,3.107112223368995e-06
24766,,3.1071101009506637e-06
24767,,3.1071089563200054e-06
24768,,3.107108144938271e-06
24769,,3.1071074472317934e-06
24770,,3.107102559383105e-06
24771,,3.107101333799382e-06
24772,,3.1071004947816536e-06
24773,,3.107099787641272e-06
24774,,3.107095037644932e-06
24775,,3.107093718144827e-06
24776,,3.107092847071345e-06
24777,,3.1070921289742777e-06
24778,,3.107087538889361e-06
24779,,3.1070861104419412e-06
24780,,3.1070852021665883e-06
24781,,3.107084471365479e-06
24782,,3.1070800667696075e-06
24783,,3.1070785119291138e-06
24784,,3.107077560501227e-06
24785,,3.10707681495265e-06
24786,,3.1070726255271014e-06
24787,,3.1070709240589796e-06
24788,,3.107069922570246e-06
24789,,3.107069159909472e-06
24790,,3.1070652200929876e-06
24791,,3.1070633485295895e-06
24792,,3.1070622889457143e-06
24793,,3.10706150643838e-06
24794,,3.107057856168503e-06
24795,,3.107055787274237e-06
24796,,3.107054660304085e-06
24797,,3.1070538547625253e-06
24798,,3.107053159022439e-06
24799,,3.107048242572279e-06
24800,,3.1070470374156415e-06
24801,,3.1070462051481764e-06
24802,,3.1070455002667683e-06
24803,,3.107040717050989e-06
24804,,3.1070394211859972e-06
24805,,3.1070385579087135e-06
24806,,3.107037842421984e-06
24807,,3.1070332137595994e-06
24808,,3.107031812657483e-06
24809,,3.1070309134027797e-06
24810,,3.107030185593815e-06
24811,,3.107025736236859e-06
24812,,3.1070242130356805e-06
24813,,3.1070232720298607e-06
24814,,3.107022529944271e-06
24815,,3.107018288592289e-06
24816,,3.1070166237406083e-06
24817,,3.1070156342948456e-06
24818,,3.107014875626102e-06
24819,,3.1070108755937754e-06
24820,,3.107009046397446e-06
24821,,3.107008000742641e-06
24822,,3.10700722284324e-06
24823,,3.1070035027559094e-06
24824,,3.107001482895666e-06
24825,,3.107000372034451e-06
24826,,3.1069995718037977e-06
24827,,3.1069988778443844e-06
24828,,3.1069939354392444e-06
24829,,3.1069927489127775e-06
24830,,3.1069919227768476e-06
24831,,3.1069912199408487e-06
24832,,3.1069864065751537e-06
24833,,3.106985132254114e-06
24834,,3.1069842760553115e-06
24835,,3.106983562922611e-06
24836,,3.1069788992642767e-06
24837,,3.106977523084213e-06
24838,,3.106976632006646e-06
24839,,3.1069759069124113e-06
24840,,3.106971416934753e-06
24841,,3.1069699225678327e-06
24842,,3.1069689910131853e-06
24843,,3.106968252045739e-06
24844,,3.1069639635728834e-06
24845,,3.106962332075034e-06
24846,,3.106961353552255e-06
24847,,3.106960598482212e-06
24848,,3.1069565438138505e-06
24849,,3.1069547531977654e-06
24850,,3.1069537201710887e-06
24851,,3.1069529464111547e-06
24852,,3.106949163001323e-06
24853,,3.1069471877673606e-06
24854,,3.10694609149726e-06
24855,,3.1069452960470178e-06
24856,,3.1069418273737546e-06
24857,,3.106939637931007e-06
24858,,3.1069384682684616e-06
24859,,3.1069376476568005e-06
24860,,3.1069369466525426e-06
24861,,3.1069321061598504e-06
24862,,3.106930851342783e-06
24863,,3.1069300015149263e-06
24864,,3.1069292904855333e-06
24865,,3.1069245953317885e-06
24866,,3.1069232416959483e-06
24867,,3.1069223579686202e-06
24868,,3.106921635297832e-06
24869,,3.1069171087862262e-06
24870,,3.1069156404858914e-06
24871,,3.1069147174182845e-06
24872,,3.106913981241769e-06
24873,,3.1069096503951353e-06
24874,,3.1069080490339408e-06
24875,,3.1069070803188356e-06
24876,,3.1069063284587797e-06
24877,,3.1069022246575537e-06
24878,,3.1069004688945175e-06
24879,,3.1068994472054386e-06
24880,,3.1068986771457486e-06
24881,,3.106894836784784e-06
24882,,3.1068929018605027e-06
24883,,3.106891818685705e-06
24884,,3.106891027503258e-06
24885,,3.1068874928355165e-06
24886,,3.1068853500097683e-06
24887,,3.1068841954790126e-06
24888,,3.106883379776597e-06
24889,,3.1068826804005425e-06
24890,,3.1068778157612577e-06
24891,,3.106876578421207e-06
24892,,3.106875734265996e-06
24893,,3.106875025100316e-06
24894,,3.106870301912744e-06
24895,,3.1068689684797746e-06
24896,,3.1068680912999304e-06
24897,,3.1068673707672753e-06
24898,,3.1068628117242184e-06
24899,,3.106861366774137e-06
24900,,3.1068604512595144e-06
24901,,3.106859717544883e-06
24902,,3.1068553489738627e-06
24903,,3.106853774600231e-06
24904,,3.106852814603091e-06
24905,,3.106852065569376e-06
24906,,3.1068479180391533e-06
24907,,3.1068461934731355e-06
24908,,3.1068451818348496e-06
24909,,3.1068444150361716e-06
24910,,3.1068405240098223e-06
24911,,3.106838625144297e-06
24912,,3.1068375535823464e-06
24913,,3.1068367661483606e-06
24914,,3.1068331727927234e-06
24915,,3.1068310716470423e-06
24916,,3.106829930528531e-06
24917,,3.106829119141011e-06
24918,,3.106828421182455e-06
24919,,3.1068235353418134e-06
24920,,3.1068223134930316e-06
24921,,3.106821474312408e-06
24922,,3.1068207667697672e-06
24923,,3.1068160189701877e-06
24924,,3.106814703421393e-06
24925,,3.1068138319798616e-06
24926,,3.1068131133165486e-06
24927,,3.106808525711039e-06
24928,,3.1068071014239674e-06
24929,,3.1068061925256607e-06
24930,,3.1068054609418163e-06
24931,,3.1068010592657724e-06
24932,,3.106799508754728e-06
24933,,3.106798556384699e-06
24934,,3.1067978098067053e-06
24935,,3.106793623909356e-06
24936,,3.1067919269090533e-06
24937,,3.1067909240702772e-06
24938,,3.1067901600876933e-06
24939,,3.106786224622543e-06
24940,,3.1067843575969007e-06
24941,,3.106783296188834e-06
24942,,3.1067825119909013e-06
24943,,3.1067788671824252e-06
24944,,3.1067768028213475e-06
24945,,3.106775673409699e-06
24946,,3.1067748657567496e-06
24947,,3.1067741689989783e-06
24948,,3.106769264882033e-06
24949,,3.1067680565455182e-06
24950,,3.1067672216524263e-06
24951,,3.1067665154897598e-06
24952,,3.1067617464747522e-06
24953,,3.106760446523136e-06
24954,,3.1067595800155837e-06
24955,,3.1067588629270116e-06
24956,,3.1067542507190834e-06
24957,,3.106752844419355e-06
24958,,3.106751941210271e-06
24959,,3.106751211434766e-06
24960,,3.1067467812338976e-06
24961,,3.1067452514953205e-06
24962,,3.1067443056700504e-06
24963,,3.106743561171381e-06
24964,,3.106739342223048e-06
24965,,3.10673766920244e-06
24966,,3.1067366739033973e-06
24967,,3.1067359122968737e-06
24968,,3.1067319385687677e-06
24969,,3.1067300992171723e-06
24970,,3.1067290464920338e-06
24971,,3.106728265028821e-06
24972,,3.106724575934241e-06
24973,,3.106722543507965e-06
24974,,3.106721424121435e-06
24975,,3.1067206196040753e-06
24976,,3.106719923850238e-06
24977,,3.1067150043689557e-06
24978,,3.106713807575778e-06
24979,,3.106712976282159e-06
24980,,3.1067122712593695e-06
24981,,3.1067074844165707e-06
24982,,3.1067061977675437e-06
24983,,3.106705335401199e-06
24984,,3.106704619614575e-06
24985,,3.1066999867290446e-06
24986,,3.1066985957699554e-06
24987,,3.1066976973140784e-06
24988,,3.106696969027137e-06
24989,,3.106692514863309e-06
24990,,3.106691002814771e-06
24991,,3.1066900624566477e-06
24992,,3.106689319652943e-06
24993,,3.10668507297188e-06
24994,,3.1066834203382684e-06
24995,,3.1066824313304235e-06
24996,,3.106681671667615e-06
24997,,3.1066776658375153e-06
24998,,3.1066758500001564e-06
24999,,3.1066748045104186e-06
25000,,3.106674025267511e-06
25001,,3.1066702990514723e-06
25002,,3.106668293730161e-06
25003,,3.1066671826721583e-06
25004,,3.1066663806919538e-06
25005,,3.1066656857280635e-06
25006,,3.10666075378936e-06
25007,,3.106659566587827e-06
25008,,3.1066587382122917e-06
25009,,3.106658034080052e-06
25010,,3.106653232784271e-06
25011,,3.106651957169177e-06
25012,,3.1066510981393527e-06
25013,,25.69236790330874
25014,,42498.445167453436
25015,,25.55452166068327
25016,,306.6678957920852
25017,,25.348291137302304
25018,,15.930048044297441
25019,,49.62450156121925
25020,,15.806784352726611
25021,,13.745835210520006
25022,,10.353151337353863
25023,,8.21446825048013
25024,,22.93806011576314
25025,,7.90870670922508
25026,,5.661688716284615
25027,,2.153590856187157
25028,,2.431482725296456
25029,,2.0509798246214044
25030,,1.9078809123111733
25031,,2.1941531304912374
25032,,1.8062260902772937
25033,,1.6792908877446533
25034,,3.4554014628271594
25035,,1.6548353723617533
25036,,1.519826400920261
25037,,6.862982747397734
25038,,1.5091466493783094
25039,,1.4234742277770274
25040,,1.3781560726894428
25041,,1.2531410537647878
25042,,0.9501026532321366
25043,,0.4612340219512811
25044,,5.588895182170988
25045,,0.44991481105532927
25046,,0.370056858942454
25047,,0.3855900938378144
25048,,0.36105600326162607
25049,,0.4047373031585257
25050,,0.3540685858257226
25051,,0.350937257144758
25052,,1.1925102793536482
25053,,0.3480779027509575
25054,,0.33976598227172183
25055,,0.33349561059123994
25056,,0.3504046410095564
25057,,0.3300165310535131
25058,,0.3233400452272825
25059,,0.31822782446027353
25060,,0.395810351318293
25061,,0.3161242057098649
25062,,0.31354488698638716
25063,,0.3130123449087117
25064,,0.3069861172673925
25065,,0.44210565808962177
25066,,0.3050586747856221
25067,,0.30158085448472144
25068,,0.3039027538826802
25069,,0.2998327268863107
25070,,0.29576000249059137
25071,,0.2798011237252888
25072,,0.23401258195130428
25073,,0.1754465651837838
25074,,0.11401929027327357
25075,,0.09310369554074022
25076,,0.08115113759019693
25077,,0.06713632345805781
25078,,0.05483182066834877
25079,,0.03711266602223432
25080,,0.0322618377905851
25081,,0.030602710955049
25082,,0.02918324307366352
25083,,0.026546178011697247
25084,,0.022894657946308707
25085,,0.018268490462528965
25086,,0.014979086192147262
25087,,0.013528638000959084
25088,,0.012918843090787271
25089,,0.012308368942812089
25090,,0.011369241071022483
25091,,0.00991570961796243
25092,,0.007807183808213633
25093,,0.005862350936202866
25094,,0.004858525825823728
25095,,0.004255823602849998
25096,,0.0038095574386294204
25097,,0.003381888682258096
25098,,0.0030632533621884847
25099,,0.0028429258825696455
25100,,0.002528380585354841
25101,,0.002026668153952412
25102,,0.0013574799497300162
25103,,0.0009932540785701051
25104,,0.0009259159010937264
25105,,0.0009169222101499731
25106,,0.0009145238438894581
25107,,0.0009114237889886497
25108,,0.0009045112328361538
25109,,0.0008908100855624176
25110,,0.0008648870884001184
25111,,0.0008353625296411336
25112,,0.0008208945897738572
25113,,0.0008020620253549124
25114,,0.0007880624243657146
25115,,0.0007597495861531468
25116,,0.0007068687898656447
25117,,0.0006334338172686691
25118,,0.000526643897286357
25119,,0.00039967521149489554
25120,,0.0003098710318791112
25121,,0.00027655400829463173
25122,,0.0002687132450773815
25123,,0.0002664204938128983
25124,,0.00026483141264396765
25125,,0.00026236075811162524
25126,,0.0002587787488281573
25127,,0.00025465136309935977
25128,,0.00025072231655616766
25129,,0.0002474342727553928
25130,,0.0002455648044768332
25131,,0.00024457976005372805
25132,,0.00024365728570801038
25133,,0.0002423024649285477
25134,,0.00023865069713291498
25135,,0.00023282901001510375
25136,,0.00022880264626376075
25137,,0.00022634429218515702
25138,,0.00022456341166887555
25139,,0.00022135407032076066
25140,,0.00021581932138879325
25141,,0.0002018061846124965
25142,,0.0001731071124783197
25143,,0.00013658677562319204
25144,,0.00010694856163909712
25145,,9.129525362343927e-05
25146,,8.784335522922506e-05
25147,,8.711338719039467e-05
25148,,8.631542804518978e-05
25149,,8.371662526502415e-05
25150,,8.02048085882598e-05
25151,,7.584857834759285e-05
25152,,6.820688410376136e-05
25153,,6.572087475861773e-05
25154,,6.518174677021387e-05
25155,,6.498192614670918e-05
25156,,6.479932931644538e-05
25157,,6.425443587254769e-05
25158,,6.299202507848453e-05
25159,,6.0380829209236324e-05
25160,,5.578680608937331e-05
25161,,4.986071469707178e-05
25162,,4.5135825113341754e-05
25163,,4.3086811557009793e-05
25164,,4.25318368482919e-05
25165,,4.23593818395174e-05
25166,,4.2158077020998844e-05
25167,,4.1572322030344524e-05
25168,,4.0151523759997696e-05
25169,,3.712665882743976e-05
25170,,3.156774411345363e-05
25171,,2.376476204157538e-05
25172,,1.7296407763716488e-05
25173,,1.4229400697383226e-05
25174,,1.3212512716720646e-05
25175,,1.309745477556686e-05
25176,,1.3086112503485038e-05
25177,,1.3082226871794967e-05
25178,,1.3075797248341444e-05
25179,,1.3052445596869829e-05
25180,,1.2972398849564284e-05
25181,,1.2819460678575452e-05
25182,,1.2470769892569897e-05
25183,,1.1816563340362189e-05
25184,,1.0804285402412126e-05
25185,,9.831457092768874e-06
25186,,9.238953526533248e-06
25187,,8.9198503171803e-06
25188,,8.877956389011424e-06
25189,,8.869187658858294e-06
25190,,8.859725158138941e-06
25191,,8.850982918760705e-06
25192,,8.837378664253203e-06
25193,,8.804832597739333e-06
25194,,8.728468991087485e-06
25195,,8.557606917771063e-06
25196,,8.184773399567208e-06
25197,,7.441638706853416e-06
25198,,6.202317601361364e-06
25199,,4.722656009613087e-06
25200,,3.940924477287668e-06
25201,,3.5012067112704245e-06
25202,,3.281813567325033e-06
25203,,3.2478399706402557e-06
25204,,3.239777000706832e-06
25205,,3.239442470472268e-06
25206,,3.2394202088877213e-06
25207,,3.2394163337621574e-06
25208,,3.2394137877797955e-06
25209,,3.2393998714525095e-06
25210,,3.239392638951729e-06
25211,,3.2393893173038535e-06
25212,,3.2393867766759032e-06
25213,,3.2393718988938474e-06
25214,,3.2393656761644153e-06
25215,,3.2393623318623817e-06
25216,,3.2393597695594584e-06
25217,,3.239345174851773e-06
25218,,3.2393387848529183e-06
25219,,3.2393353554690175e-06
25220,,3.2393327655236246e-06
25221,,3.239318636503048e-06
25222,,3.239311920365905e-06
25223,,3.239308386185257e-06
25224,,3.2393057644989276e-06
25225,,3.2392921900134978e-06
25226,,3.239285078296172e-06
25227,,3.239281423913398e-06
25228,,3.239278766555927e-06
25229,,3.239265824254363e-06
25230,,3.239258258429184e-06
25231,,3.2392544688622804e-06
25232,,3.239251771785409e-06
25233,,3.2392395385863254e-06
25234,,3.2392314615516145e-06
25235,,3.239227521399266e-06
25236,,3.239224780316067e-06
25237,,3.2392223871951537e-06
25238,,3.2392046890153802e-06
25239,,3.2392005820039815e-06
25240,,3.239197792298931e-06
25241,,3.2391953851125854e-06
25242,,3.2391779425946193e-06
25243,,3.239173651233252e-06
25244,,3.239170807911341e-06
25245,,3.2391683852034165e-06
25246,,3.2391512244288608e-06
25247,,3.239146729754268e-06
25248,,3.239143827341424e-06
25249,,3.2391413875408135e-06
25250,,3.239124536977103e-06
25251,,3.2391198182882696e-06
25252,,3.239116850804107e-06
25253,,3.2391143921785403e-06
25254,,3.239097883023285e-06
25255,,3.2390929176627805e-06
25256,,3.2390898785458085e-06
25257,,3.239087399186782e-06
25258,,3.239071265681864e-06
25259,,3.239066028796605e-06
25260,,3.2390629108285723e-06
25261,,3.2390604086491186e-06
25262,,3.2390446883924504e-06
25263,,3.2390391526838774e-06
25264,,3.2390359479593367e-06
25265,,3.2390334206498093e-06
25266,,3.239018154968373e-06
25267,,3.2390122904505522e-06
25268,,3.2390089902459034e-06
25269,,3.239006435282284e-06
25270,,3.238991669631388e-06
25271,,3.238985443317521e-06
25272,,3.2389820380410134e-06
25273,,3.238979452644389e-06
25274,,3.238965237010412e-06
25275,,3.2389586126323563e-06
25276,,3.238955091760814e-06
25277,,3.2389524728559897e-06
25278,,3.2389388622245787e-06
25279,,3.2389317998777077e-06
25280,,3.238928151815137e-06
25281,,3.2389254960387032e-06
25282,,3.2389125508877236e-06
25283,,3.2389050067017488e-06
25284,,3.238901218695679e-06
25285,,3.2388985223335014e-06
25286,,3.238886309198807e-06
25287,,3.238878234885691e-06
25288,,3.238874292908506e-06
25289,,3.2388715518975363e-06
25290,,3.238869159927125e-06
25291,,3.238851486423929e-06
25292,,3.2388473750373447e-06
25293,,3.238844584888124e-06
25294,,3.238842178730357e-06
25295,,3.2388247634919283e-06
25296,,3.2388204657192477e-06
25297,,3.2388176214924595e-06
25298,,3.238815199717051e-06
25299,,3.2387980684828935e-06
25300,,3.2387935656416563e-06
25301,,3.2387906619154416e-06
25302,,3.2387882229349483e-06
25303,,3.238771404032442e-06
25304,,3.2387666755785084e-06
25305,,3.2387637063746673e-06
25306,,3.2387612484628297e-06
25307,,3.23874477304388e-06
25308,,3.2387397963674623e-06
25309,,3.2387367551181078e-06
25310,,3.238734276361413e-06
25311,,3.2387181787110017e-06
25312,,3.2387129289417934e-06
25313,,3.2387098084214036e-06
25314,,3.2387073067139866e-06
25315,,3.238691624539373e-06
25316,,3.2386860743141714e-06
25317,,3.2386828665684196e-06
25318,,3.238680339603402e-06
25319,,3.2386651143980876e-06
25320,,3.2386592336174314e-06
25321,,3.2386559298895118e-06
25322,,3.2386533751333462e-06
25323,,3.238638652525066e-06
25324,,3.238632408069411e-06
25325,,3.238628998747376e-06
25326,,3.238626413395445e-06
25327,,3.238612243614158e-06
25328,,3.2386055990491473e-06
25329,,3.238602073535326e-06
25330,,3.2385994545110177e-06
25331,,3.238585892788143e-06
25332,,3.2385788080357084e-06
25333,,3.238575154689855e-06
25334,,3.23857249860264e-06
25335,,3.238559605719365e-06
25336,,3.2385520366852224e-06
25337,,3.2385482426861834e-06
25338,,3.238545545815005e-06
25339,,3.2385333886240604e-06
25340,,3.238525286793144e-06
25341,,3.2385213380421853e-06
25342,,3.2385185962990294e-06
25343,,3.2385162053479266e-06
25344,,3.238498560363276e-06
25345,,3.238494441353797e-06
25346,,3.238491650219345e-06
25347,,3.238489245003281e-06
25348,,3.2384718595773373e-06
25349,,3.2384675532417037e-06
25350,,3.2384647077546043e-06
25351,,3.23846228684393e-06
25352,,3.2384451868398895e-06
25353,,3.2384406744097837e-06
25354,,3.2384377691268143e-06
25355,,3.238435330925819e-06
25356,,3.2384185448111833e-06
25357,,3.238413805635343e-06
25358,,3.2384108345419574e-06
25359,,3.2384083773141908e-06
25360,,3.2383919364042483e-06
25361,,3.2383869477507426e-06
25362,,3.238383904258107e-06
25363,,3.238381426075024e-06
25364,,3.2383653648195505e-06
25365,,3.238360101705435e-06
25366,,3.2383569785346686e-06
25367,,3.238354477296555e-06
25368,,3.2383388335948095e-06
25369,,3.238333268514867e-06
25370,,3.2383300576759218e-06
25371,,3.2383275310515636e-06
25372,,3.2383123466066663e-06
25373,,3.238306449306409e-06
25374,,3.238303142011301e-06
25375,,3.238300587448006e-06
25376,,3.2382859081274947e-06
25377,,3.238279645323708e-06
25378,,3.238276231899543e-06
25379,,3.2382736465839673e-06
25380,,3.2382595228504595e-06
25381,,3.238252857931932e-06
25382,,3.2382493277344734e-06
25383,,3.2382467085747417e-06
25384,,3.2382331959483347e-06
25385,,3.2382260886279237e-06
25386,,3.238222429956836e-06
25387,,3.2382197735575415e-06
25388,,3.2382069331095716e-06
25389,,3.2381993390794792e-06
25390,,3.2381955390453482e-06
25391,,3.2381928416575046e-06
25392,,3.238180740594898e-06
25393,,3.2381726110903878e-06
25394,,3.2381686555284318e-06
25395,,3.2381659130324304e-06
25396,,3.2381635230937586e-06
25397,,3.238145906663925e-06
25398,,3.238141779985647e-06
25399,,3.2381389878552496e-06
25400,,3.238136583582559e-06
25401,,3.2381192280018786e-06
25402,,3.2381149130619945e-06
25403,,3.238112066303603e-06
25404,,3.2381096462543153e-06
25405,,3.2380925775244638e-06
25406,,3.2380880554534412e-06
25407,,3.2380851485919662e-06
25408,,3.2380827111696315e-06
25409,,3.2380659578967335e-06
25410,,3.2380612079376044e-06
25411,,3.2380582349418607e-06
25412,,3.238055778393441e-06
25413,,3.2380393720452763e-06
25414,,3.2380343713634136e-06
25415,,3.2380313255982142e-06
25416,,3.238028847990986e-06
25417,,3.2380128232000677e-06
25418,,3.2380075466699575e-06
25419,,3.2380044208311647e-06
25420,,3.238001920038657e-06
25421,,3.2379863148954615e-06
25422,,3.237980734886958e-06
25423,,3.2379775209453302e-06
25424,,3.237974994649908e-06
25425,,3.237959851044606e-06
25426,,3.237953937149151e-06
25427,,3.2379506262683536e-06
25428,,3.2379480718830195e-06
25429,,3.237933435933917e-06
25430,,3.2379271547090652e-06
25431,,3.2379237371530177e-06
25432,,3.2379211518726927e-06
25433,,3.23790707428753e-06
25434,,3.2379003889283626e-06
25435,,3.2378968540157148e-06
25436,,3.2378942347208877e-06
25437,,3.2378807713009912e-06
25438,,3.2378736413186232e-06
25439,,3.2378699772867996e-06
25440,,3.237867320554328e-06
25441,,3.2378545326884855e-06
25442,,3.2378469135440437e-06
25443,,3.237843107439257e-06
25444,,3.237840409512376e-06
25445,,3.2378283647255923e-06
25446,,3.237820207433736e-06
25447,,3.2378162450228323e-06
25448,,3.237813501766177e-06
25449,,3.237811112832783e-06
25450,,3.2377935249971826e-06
25451,,3.2377893906094834e-06
25452,,3.2377865974689286e-06
25453,,3.2377841941264914e-06
25454,,3.2377668684396358e-06
25455,,3.2377625448447076e-06
25456,,3.2377596968016926e-06
25457,,3.2377572776016315e-06
25458,,3.23774024020198e-06
25459,,3.2377357084328002e-06
25460,,3.2377327999895463e-06
25461,,3.237730363323378e-06
25462,,3.2377136429544377e-06
25463,,3.2377088821586215e-06
25464,,3.237705907241055e-06
25465,,3.237703451357176e-06
25466,,3.2376870796425454e-06
25467,,3.2376820668646532e-06
25468,,3.237679018809427e-06
25469,,3.237676541765505e-06
25470,,3.2376605535128965e-06
25471,,3.2376552635036707e-06
25472,,3.2376521349793333e-06
25473,,3.237649634636007e-06
25474,,3.2376340681238655e-06
25475,,3.237628473111191e-06
25476,,3.237625256032013e-06
25477,,3.2376227300541083e-06
25478,,3.2376076273947343e-06
25479,,3.2376016968222093e-06
25480,,3.2375983823196224e-06
25481,,3.2375958281120818e-06
25482,,3.2375812356393146e-06
25483,,3.2375749358905327e-06
25484,,3.2375715141882907e-06
25485,,3.2375689289268655e-06
25486,,3.2375548976053028e-06
25487,,3.237548191697547e-06
25488,,3.237544652048836e-06
25489,,3.237542032599362e-06
25490,,3.23752861852101e-06
25491,,3.23752146576174e-06
25492,,3.237517796338797e-06
25493,,3.237515139263917e-06
25494,,3.237502404113286e-06
25495,,3.237494759747018e-06
25496,,3.2374909475434633e-06
25497,,3.2374882490707988e-06
25498,,3.2374762607113563e-06
25499,,3.2374680754952604e-06
25500,,3.2374641061945736e-06
25501,,3.237461362162136e-06
25502,,3.237458974232813e-06
25503,,3.2374414150162496e-06
25504,,3.2374372728844085e-06
25505,,3.2374344787157865e-06
25506,,3.2374320763042775e-06
25507,,3.237414780551452e-06
25508,,3.2374104482562363e-06
25509,,3.2374075989160847e-06
25510,,3.2374051805642187e-06
25511,,3.237388174527051e-06
25512,,3.237383633021182e-06
25513,,3.237380722969083e-06
25514,,3.2373782870634583e-06
25515,,3.237361599645211e-06
25516,,3.2373568279582855e-06
25517,,3.237353851099181e-06
25518,,3.2373513958813108e-06
25519,,3.2373350588539073e-06
25520,,3.2373300339283213e-06
25521,,3.2373269835653984e-06
25522,,3.2373245070756222e-06
25523,,3.237308555426156e-06
25524,,3.2373032518779297e-06
25525,,3.2373001206385967e-06
25526,,3.237297620738659e-06
25527,,3.237282092926978e-06
25528,,3.2372764828487113e-06
25529,,3.2372732626169264e-06
25530,,3.237270736945277e-06
25531,,3.2372556753070102e-06
25532,,3.237249727984052e-06
25533,,3.237246409833187e-06
25534,,3.237243855801192e-06
25535,,3.237229306897123e-06
25536,,3.2372229885449116e-06
25537,,3.2372195626612487e-06
25538,,3.2372169774062694e-06
25539,,3.2372029924628797e-06
25540,,3.2371962659218094e-06
25541,,3.2371927214975966e-06
25542,,3.237190101885092e-06
25543,,3.23717673725796e-06
25544,,3.2371695616288145e-06
25545,,3.2371658867814428e-06
25546,,3.2371632293643856e-06
25547,,3.237150547059495e-06
25548,,3.2371428773514516e-06
25549,,3.2371390590104607e-06
25550,,3.237136359980456e-06
25551,,3.237124428196716e-06
25552,,3.237116214941103e-06
25553,,3.2371122387140755e-06
25554,,3.2371094938902332e-06
25555,,3.2371071069572726e-06
25556,,3.2370895764095084e-06
25557,,3.237085426479713e-06
25558,,3.237082631274446e-06
25559,,3.237080229781904e-06
25560,,3.2370629640017095e-06
25561,,3.237058622964883e-06
25562,,3.237055772306662e-06
25563,,3.2370533547990183e-06
25564,,3.237036380179897e-06
25565,,3.2370318288789656e-06
25566,,3.237028917204211e-06
25567,,3.2370264820567057e-06
25568,,3.2370098276384632e-06
25569,,3.2370050450055494e-06
25570,,3.2370020661988907e-06
25571,,3.2369996116320717e-06
25572,,3.2369833093624386e-06
25573,,3.236978272210525e-06
25574,,3.236975219531848e-06
25575,,3.2369727435923894e-06
25576,,3.2369568286064326e-06
25577,,3.236951511446063e-06
25578,,3.236948377480205e-06
25579,,3.236945878012621e-06
25580,,3.236930388986756e-06
25581,,3.2369247637653616e-06
25582,,3.2369215403575653e-06
25583,,3.2369190149866367e-06
25584,,3.2369039944583344e-06
25585,,3.2368980303003784e-06
25586,,3.236894708484289e-06
25587,,3.2368921546091645e-06
25588,,3.236877649374527e-06
25589,,3.2368713123370196e-06
25590,,3.23686788224134e-06
25591,,3.2368652969913117e-06
25592,,3.2368513585273244e-06
25593,,3.2368446112514174e-06
25594,,3.2368410620266626e-06
25595,,3.2368384422460385e-06
25596,,3.236825127200977e-06
25597,,3.236817928584358e-06
25598,,3.236814248286234e-06
25599,,3.2368115905053343e-06
25600,,3.2367989611856845e-06
25601,,3.236791266027605e-06
25602,,3.2367874415092444e-06
25603,,3.23678474191417e-06
25604,,3.2367728668676545e-06
25605,,3.2367646254267856e-06
25606,,3.236760642241121e-06
25607,,3.236757896620772e-06
25608,,3.236755510679015e-06
25609,,3.2367380088199326e-06
25610,,3.2367338510638586e-06
25611,,3.2367310548041194e-06
25612,,3.2367286542319645e-06
25613,,3.2367114184647877e-06
25614,,3.2367070686383716e-06
25615,,3.2367042166511946e-06
25616,,3.236701799978998e-06
25617,,3.2366848568166507e-06
25618,,3.2366802956779585e-06
25619,,3.2366773823706944e-06
25620,,3.2366749479684993e-06
25621,,3.2366583266088067e-06
25622,,3.236653532973257e-06
25623,,3.236650552192482e-06
25624,,3.2366480982739066e-06
25625,,3.2366318308109457e-06
25626,,3.236626781394406e-06
25627,,3.236623726365836e-06
25628,,3.236621250967847e-06
25629,,3.2366053727256024e-06
25630,,3.236600041891287e-06
25631,,3.236596905174955e-06
25632,,3.2365944061295273e-06
25633,,3.236578955963315e-06
25634,,3.2365733155231055e-06
25635,,3.2365700889188236e-06
25636,,3.2365675638413187e-06
25637,,3.236552584508607e-06
25638,,3.2365466034423316e-06
25639,,3.236543277941278e-06
25640,,3.2365407242093545e-06
25641,,3.236526262740654e-06
25642,,3.2365199069227817e-06
25643,,3.236516472596863e-06
25644,,3.2365138873410213e-06
25645,,3.2364999954700698e-06
25646,,3.236493227361083e-06
25647,,3.236489673312852e-06
25648,,3.236487053348774e-06
25649,,3.236473788001696e-06
25650,,3.2364665663034054e-06
25651,,3.2364628805185886e-06
25652,,3.236460222371509e-06
25653,,3.2364476461681346e-06
25654,,3.2364399254399188e-06
25655,,3.236436094713151e-06
25656,,3.236433394540528e-06
25657,,3.2364215763706717e-06
25658,,3.236413306634658e-06
25659,,3.2364093164467107e-06
25660,,3.236406570018702e-06
25661,,3.236404185059017e-06
25662,,3.2363867119349785e-06
25663,,3.236382546302096e-06
25664,,3.2363797489733296e-06
25665,,3.236377349316269e-06
25666,,3.236360143603957e-06
25667,,3.2363557849462435e-06
25668,,3.2363529316068e-06
25669,,3.2363505157670377e-06
25670,,3.23633360411968e-06
25671,,3.2363290330869196e-06
25672,,3.2363261181196285e-06
25673,,3.236323684465089e-06
25674,,3.236307096210821e-06
25675,,3.2363022915204257e-06
25676,,3.236299308751856e-06
25677,,3.2362968554798323e-06
25678,,3.2362806228891716e-06
25679,,3.236275561132237e-06
25680,,3.2362725037438065e-06
25681,,3.2362700288820878e-06
25682,,3.23625418744847e-06
25683,,3.236248842876605e-06
25684,,3.2362457033829338e-06
25685,,3.236243204757308e-06
25686,,3.2362277935301117e-06
25687,,3.2362221378008148e-06
25688,,3.2362189079741676e-06
25689,,3.2362163831830017e-06
25690,,3.236201445138481e-06
25691,,3.2361954470806563e-06
25692,,3.2361921178558295e-06
25693,,3.2361895642733124e-06
25694,,3.236175146665618e-06
25695,,3.23616877198091e-06
25696,,3.2361653334028505e-06
25697,,3.236162748124432e-06
25698,,3.2361489029545964e-06
25699,,3.2361421139299075e-06
25700,,3.236138555014408e-06
25701,,3.2361359348581595e-06
25702,,3.2361227193436906e-06
25703,,3.2361154744493534e-06
25704,,3.2361117831464045e-06
25705,,3.2361091246105637e-06
25706,,3.236096601669558e-06
25707,,3.2360888552566922e-06
25708,,3.236085018290826e-06
25709,,3.2360823175177637e-06
25710,,3.2360705563965136e-06
25711,,3.2360622582274787e-06
25712,,3.236058261002187e-06
25713,,3.2360555137415364e-06
25714,,3.2360531297607655e-06
25715,,3.2360356854148583e-06
25716,,3.2360315118621856e-06
25717,,3.2360287134562156e-06
25718,,3.2360263147076265e-06
25719,,3.236009139088249e-06
25720,,3.236004771546292e-06
25721,,3.236001916851846e-06
25722,,3.235999501837468e-06
25723,,3.2359826217461826e-06
25724,,3.2359780407682025e-06
25725,,3.235975124139661e-06
25726,,3.2359726912135935e-06
25727,,3.2359561361248985e-06
25728,,3.235951320326596e-06
25729,,3.2359483355477558e-06
25730,,3.235945882910245e-06
25731,,3.2359296852518773e-06
25732,,3.2359246111006574e-06
25733,,3.2359215513332623e-06
25734,,3.2359190770012026e-06
25735,,3.235903272439582e-06
25736,,3.2358979140615696e-06
25737,,3.2358947717794677e-06
25738,,3.2358922735604593e-06
25739,,3.23587690135083e-06
25740,,3.235871230264178e-06
25741,,3.2358679971931024e-06
25742,,3.235865472674658e-06
25743,,3.23585057600554e-06
25744,,3.2358445608765456e-06
25745,,3.2358412279140703e-06
25746,,3.2358386744632075e-06
25747,,3.2358243008172712e-06
25748,,3.2358179071844095e-06
25749,,3.2358144643105743e-06
25750,,3.235811879011006e-06
25751,,3.2357980806547584e-06
25752,,3.2357912706099403e-06
25753,,3.235787706802751e-06
25754,,3.2357850864480473e-06
25755,,3.2357719208745516e-06
25756,,3.235764652689522e-06
25757,,3.235760955834154e-06
25758,,3.2357582969082564e-06
25759,,3.235745827362562e-06
25760,,3.2357380551549036e-06
25761,,3.2357342119062498e-06
25762,,3.2357315105295145e-06
25763,,3.235719806589733e-06
25764,,3.235711479867494e-06
25765,,3.235707475566763e-06
25766,,3.2357047274754253e-06
25767,,3.2357023444713673e-06
25768,,3.2356849289226736e-06
25769,,3.2356807474160875e-06
25770,,3.235677947912469e-06
25771,,3.235675550064866e-06
25772,,3.2356584045825334e-06
25773,,3.23565402811616e-06
25774,,3.235651172045849e-06
25775,,3.2356487578466977e-06
25776,,3.2356319093631057e-06
25777,,3.235627318390282e-06
25778,,3.2356244000784924e-06
25779,,3.2356219678855066e-06
25780,,3.2356054460120898e-06
25781,,3.2356006190482303e-06
25782,,3.2355976322445976e-06
25783,,3.2355951802411497e-06
25784,,3.235579017580432e-06
25785,,3.235573930970135e-06
25786,,3.2355708688001338e-06
25787,,3.2355683949880325e-06
25788,,3.2355526273787383e-06
25789,,3.235547255125053e-06
25790,,3.2355441100295038e-06
25791,,3.235541612208805e-06
25792,,3.235526279102772e-06
25793,,3.2355205925767595e-06
25794,,3.2355173562356162e-06
25795,,3.235514831992595e-06
25796,,3.2354999767809226e-06
25797,,3.235493944505902e-06
25798,,3.2354906077762164e-06
25799,,3.2354880544449916e-06
25800,,3.235473724862307e-06
25801,,3.235467312194485e-06
25802,,3.2354638650050287e-06
25803,,3.2354612796681815e-06
25804,,3.2354475282371654e-06
25805,,9.342380302746804
25806,,65375.053185257646
25807,,9.260539482883534
25808,,535.472414310158
25809,,9.159849770974466
25810,,3.950459994902177
25811,,4.092963722312857
25812,,3.8125876559698204
25813,,3.69536255002684
25814,,3.6734826294360294
25815,,49.65425273063807
25816,,3.6632919026631248
25817,,3.567197023315128
25818,,3.435361479202199
25819,,3.923250060720178
25820,,3.425250924609826
25821,,3.3864283668604345
25822,,3.304877922900811
25823,,3.2447013072127473
25824,,3.2438883620812455
25825,,3.24387482529719
25826,,3.243874599144184
25827,,3.24387459536575
25828,,3.2438745953026307
25829,,3.243874595301573
25830,,3.243874595301554
25831,,3.2438745953015538
25832,,3.2438745953015538
25833,,23.21372819875686
25834,,3.2299589593698137
25835,,3.059052455236508
25836,,2.993884401366112
25837,,2.992812794430807
25838,,2.992792829314422
25839,,2.992792456506855
25840,,2.9927924495451586
25841,,2.9927924494151505
25842,,2.992792449412715
25843,,2.992792449412664
25844,,2.992792449412664
25845,,2.925651708324274
25846,,2.924366060780129
25847,,2.9243409066501043
25848,,2.924340414294735
25849,,2.924340404657511
25850,,2.924340404468876
25851,,2.9243404044651893
25852,,2.9243404044651093
25853,,2.9243404044651093
25854,,2.8563816885466
25855,,2.855046963224167
25856,,2.8550203553968316
25857,,2.855019824811272
25858,,2.855019814230819
25859,,2.855019814019842
25860,,2.85501981401563
25861,,2.8550198140155407
25862,,2.8550198140155407
25863,,2.78782239274554
25864,,2.7864813331596627
25865,,2.786454169236463
25866,,2.786453618850879
25867,,2.786453607699097
25868,,2.786453607473142
25869,,2.786453607468564
25870,,2.786453607468463
25871,,2.786453607468462
25872,,2.786453607468462
25873,,2.720185932296192
25874,,2.718842355607376
25875,,2.718814703824414
25876,,2.7188141345560113
25877,,2.718814122836381
25878,,2.7188141225950964
25879,,2.7188141225901266
25880,,2.7188141225900293
25881,,2.718814122590029
25882,,2.7188141225900275
25883,,2.7188141225900275
25884,,2.6534809077813923
25885,,2.6521349350701207
25886,,2.652106783885842
25887,,2.6521061949150986
25888,,2.65210618259275
25889,,2.6521061823349457
25890,,2.652106182329548
25891,,2.6521061823294447
25892,,2.6521061823294434
25893,,2.6521061823294434
25894,,2.587699722202949
25895,,2.5863512273136786
25896,,2.5863225599074364
25897,,2.586321950275565
25898,,2.5863219373112414
25899,,2.58632193703555
25900,,2.5863219370296817
25901,,2.58632193702957
25902,,2.586321937029569
25903,,2.586321937029569
25904,,2.5228359961208433
25905,,2.5214848617317
25906,,2.521455660359346
25907,,2.5214550290359683
25908,,2.5214550153868847
25909,,2.5214550150917914
25910,,2.52145501508541
25911,,2.52145501508527
25912,,2.5214550150852646
25913,,2.5214550150852646
25914,,2.4588831029458524
25915,,2.4575292037392904
25916,,2.4574994497852156
25917,,2.4574987956751473
25918,,2.4574987812951123
25919,,2.457498780978981
25920,,2.457498780972036
25921,,2.4574987809718682
25922,,2.457498780971868
25923,,2.4574987809718656
25924,,2.4574987809718603
25925,,2.4574987809718603
25926,,2.395835091273658
25927,,2.3944783047373908
25928,,2.394447978662922
25929,,2.3944473005956954
25930,,2.3944472854345364
25931,,2.394447285095532
25932,,2.3944472850879506
25933,,2.3944472850877845
25934,,2.394447285087771
25935,,2.394447285087771
25936,,2.333686222236651
25937,,2.3323264232742353
25938,,2.332295504561247
25939,,2.332294801287665
25940,,2.332294785290953
25941,,2.3322947849270874
25942,,2.3322947849188256
25943,,2.332294784918631
25944,,2.332294784918617
25945,,2.332294784918617
25946,,2.2724311803138586
25947,,2.271068243442365
25948,,2.271036710511387
25949,,2.2710359806948874
25950,,2.2710359638034507
25951,,2.2710359634124955
25952,,2.2710359634034507
25953,,2.271035963403245
25954,,2.271035963403241
25955,,2.2710359634032398
25956,,2.2710359634032398
25957,,2.212064936407652
25958,,2.2106987341293745
25959,,2.2106665642708063
25960,,2.21066580648091
25961,,2.2106657886303385
25962,,2.21066578820984
25963,,2.2106657881999463
25964,,2.210665788199703
25965,,2.2106657881997003
25966,,2.2106657881997003
25967,,2.1525827989703044
25968,,2.1512132020874906
25969,,2.151180371369097
25970,,2.151179584072199
25971,,2.1511795651922516
25972,,2.1511795647394973
25973,,2.151179564728637
25974,,2.151179564728388
25975,,2.1511795647283765
25976,,2.1511795647283765
25977,,2.0939803586305095
25978,,2.0926072354568364
25979,,2.092573718635996
25980,,2.0925729001863496
25981,,2.0925728802003656
25982,,2.0925728797123244
25983,,2.092572879700407
25984,,2.0925728797001155
25985,,2.092572879700112
25986,,2.092572879700112
25987,,2.0362534960009553
25988,,2.0348767121409743
25989,,2.034842482557786
25990,,2.0348416311867674
25991,,2.034841610010924
25992,,2.0348416094842245
25993,,2.0348416094711217
25994,,2.0348416094708024
25995,,2.0348416094707886
25996,,2.034841609470787
25997,,2.034841609470787
25998,,1.9793983504424257
25999,,1.9780177681792432
26000,,1.977982797647473
26001,,1.9779819114520996
26002,,1.9779818889946008
26003,,1.9779818884254805
26004,,1.9779818884110687
26005,,1.977981888410699
26006,,1.9779818884106892
26007,,1.9779818884106892
26008,,1.9234113142678824
26009,,1.9220267921237786
26010,,1.9219910508043314
26011,,1.921990127734053
26012,,1.921990103894178
26013,,1.9219901032784688
26014,,1.9219901032625708
26015,,1.9219901032621616
26016,,1.9219901032621538
26017,,1.9219901032621538
26018,,1.8682890099405425
26019,,1.8669004020577875
26020,,1.86686385832454
26021,,1.866862896166804
26022,,1.8668628708339072
26023,,1.866862870166913
26024,,1.866862870149338
26025,,1.8668628701488796
26026,,1.8668628701488739
26027,,1.8668628701488734
26028,,1.8668628701488734
26029,,1.8140282795138023
26030,,1.812635435072707
26031,,1.8125980553600674
26032,,1.8125970517238625
26033,,1.8125970247761232
26034,,1.8125970240525757
26035,,1.8125970240331442
26036,,1.8125970240326295
26037,,1.812597024032621
26038,,1.812597024032621
26039,,1.7606261653266926
26040,,1.7592289278512163
26041,,1.7591906764894059
26042,,1.7591896287870095
26043,,1.7591896000901304
26044,,1.7591895993041087
26045,,1.759189599282579
26046,,1.7591895992819806
26047,,1.7591895992819684
26048,,1.7591895992819682
26049,,1.7591895992819682
26050,,1.708079897716254
26051,,1.7066781043583001
26052,,1.706638943387434
26053,,1.7066378488136693
26054,,1.7066378182192057
26055,,1.7066378173640513
26056,,1.7066378173401553
26057,,1.7066378173394858
26058,,1.706637817339473
26059,,1.7066378173394727
26060,,1.7066378173394727
26061,,1.6563868774379034
26062,,1.6549803581676286
26063,,1.6549402471346275
26064,,1.65493910264363
26065,,1.6549390699873046
26066,,1.654939069055493
26067,,1.6549390690289105
26068,,1.654939069028148
26069,,1.6549390690281316
26070,,1.6549390690281314
26071,,1.6549390690281314
26072,,1.6055446628477112
26073,,1.6041332395873706
26074,,1.604092135316924
26075,,1.6040909375957562
26076,,1.604090902695273
26077,,1.6040909016782976
26078,,1.6040909016486655
26079,,1.6040909016478058
26080,,1.6040909016477793
26081,,1.6040909016477793
26082,,1.555550953306507
26083,,1.5541344389687628
26084,,1.5540922953112084
26085,,1.5540910407500028
26086,,1.5540910034027344
26087,,1.5540910022909342
26088,,1.5540910022578387
26089,,1.55409100225684
26090,,1.5540910022568197
26091,,1.5540910022568195
26092,,1.5540910022568188
26093,,1.5540910022568188
26094,,1.5064035763755115
26095,,1.5049817738148508
26096,,1.5049385413613994
26097,,1.5049372260193454
26098,,1.5049371859995073
26099,,1.5049371847818853
26100,,1.504937184744839
26101,,1.50493718474371
26102,,1.5049371847436683
26103,,1.5049371847436683
26104,,1.4581004718104817
26105,,1.456673172666604
26106,,1.4566287984337938
26107,,1.4566274180005112
26108,,1.4566273750559358
26109,,1.4566273737199467
26110,,1.4566273736783892
26111,,1.456627373677092
26112,,1.456627373677049
26113,,1.4566273736770485
26114,,1.4566273736770485
26115,,1.4106396790677664
26116,,1.4092066624881867
26117,,1.409161089560047
26118,,1.4091596393112271
26119,,1.409159593159593
26120,,1.4091595916908937
26121,,1.4091595916441582
26122,,1.409159591642667
26123,,1.4091595916426247
26124,,1.4091595916426247
26125,,1.364019321577939
26126,,1.362580352811807
26127,,1.3625335199414883
26128,,1.3625319946882635
26129,,1.36253194501272
26130,,1.3625319433948522
26131,,1.3625319433421574
26132,,1.3625319433404475
26133,,1.3625319433403869
26134,,1.3625319433403853
26135,,1.3625319433403853
26136,,1.3182375947928762
26137,,1.3167924236195354
26138,,1.3167442647745837
26139,,1.3167426588050677
26140,,1.3167426052489888
26141,,1.3167426034629965
26142,,1.31674260340343
26143,,1.3167426034014538
26144,,1.316742603401391
26145,,1.3167426034013907
26146,,1.1218490495358695
26147,,1.1153042985543973
26148,,1.1150596747200603
26149,,1.1150504957018004
26150,,1.1150501512272664
26151,,1.1150501382995934
26152,,1.1150501378144315
26153,,1.1150501377962239
26154,,1.1150501377955395
26155,,1.1150501377955147
26156,,1.1150501377955133
26157,,1.1150501377955133
26158,,1.075505309025524
26159,,1.074017954397151
26160,,1.073960666135187
26161,,1.0739584575604306
26162,,1.073958372412553
26163,,1.0739583691298185
26164,,1.0739583690032568
26165,,1.0739583689983812
26166,,1.0739583689981966
26167,,1.073958368998191
26168,,1.073958368998191
26169,,1.0352508086914818
26170,,1.0337550756312568
26171,,1.0336958546990762
26172,,1.033693507704816
26173,,1.0336934146871821
26174,,1.0336934110006468
26175,,1.0336934108545393
26176,,1.0336934108487463
26177,,1.0336934108485178
26178,,1.033693410848512
26179,,1.033693410848511
26180,,1.033693410848511
26181,,0.9958226765965356
26182,,0.9943181280706819
26183,,0.9942568476786343
26184,,0.9942543492065363
26185,,0.9942542473367754
26186,,0.9942542431832508
26187,,0.9942542430138945
26188,,0.9942542430069934
26189,,0.9942542430067075
26190,,0.9942542430066993
26191,,0.9942542430066983
26192,,0.9942542430066983
26193,,0.9572186710104542
26194,,0.9557048162558345
26195,,0.955641338151692
26196,,0.9556386735944082
26197,,0.9556385617419493
26198,,0.9556385570466087
26199,,0.9556385568495093
26200,,0.9556385568412346
26201,,0.9556385568408882
26202,,0.9556385568408737
26203,,0.9556385568408726
26204,,0.9556385568408726
26205,,0.9194373774618126
26206,,0.917913689159339
26207,,0.9178478596389719
26208,,0.917845012344268
26209,,0.9178448891855319
26210,,0.9178448838583343
26211,,0.91784488362791
26212,,0.9178448836179401
26213,,0.9178448836175112
26214,,0.9178448836174936
26215,,0.9178448836174923
26216,,0.9178448836174923
26217,,0.8824765753170308
26218,,0.8809424698556048
26219,,0.8808741199523442
26220,,0.8808710711044556
26221,,0.8808709350989226
26222,,0.8808709290318524
26223,,0.8808709287612098
26224,,0.8808709287491361
26225,,0.8808709287486035
26226,,0.8808709287485768
26227,,0.8808709287485759
26228,,0.8808709287485759
26229,,0.8463345596019716
26230,,0.8447893983747644
26231,,0.8447183391683124
26232,,0.8447150671734365
26233,,0.8447149165023221
26234,,0.844714909564093
26235,,0.8447149092445972
26236,,0.8447149092298917
26237,,0.8447149092292109
26238,,0.8447149092291762
26239,,0.8447149092291758
26240,,0.8447149092291752
26241,,0.8447149092291752
26242,,0.8110089345061889
26243,,0.8094520141689825
26244,,0.8093780366844305
26245,,0.8093745169349673
26246,,0.8093743494593971
26247,,0.8093743414906027
26248,,0.8093743411114355
26249,,0.8093743410933902
26250,,0.8093743410925294
26251,,0.8093743410924895
26252,,0.8093743410924875
26253,,0.8093743410924875
26254,,0.7764977670043927
26255,,0.7749283043626481
26256,,0.7748511725252235
26257,,0.7748473764749726
26258,,0.7748471896389899
26259,,0.7748471804431696
26260,,0.7748471799905693
26261,,0.7748471799682861
26262,,0.7748471799671923
26263,,0.7748471799671379
26264,,0.7748471799671335
26265,,0.7748471799671335
26266,,0.7427982504986148
26267,,0.7412153935503322
26268,,0.741134846139906
26269,,0.7411307411024461
26270,,0.7411305318762508
26271,,0.7411305212123398
26272,,0.7411305206688131
26273,,0.7411305206411142
26274,,0.7411305206396984
26275,,0.7411305206396291
26276,,0.7411305206396185
26277,,0.7411305206396185
26278,,0.7099084497427502
26279,,0.7083112094831155
26280,,0.7082269438172085
26281,,0.7082224910391194
26282,,0.7082222557247649
26283,,0.7082222432891304
26284,,0.7082222426319509
26285,,0.7082222425972159
26286,,0.7082222425953859
26287,,0.7082222425952932
26288,,0.7082222425952825
26289,,0.7082222425952825
26290,,0.6778244271053228
26291,,0.6762118055071042
26292,,0.6761234970667237
26293,,0.6761186528840538
26294,,0.6761183871300241
26295,,0.6761183725505642
26296,,0.6761183717507228
26297,,0.6761183717068416
26298,,0.6761183717044336
26299,,0.6761183717043048
26300,,0.6761183717042935
26301,,0.6761183717042935
26302,,0.6465457230145087
26303,,0.6449163449946046
26304,,0.6448235785577635
26305,,0.6448182872405189
26306,,0.6448179853965118
26307,,0.6448179681776683
26308,,0.6448179671954111
26309,,0.6448179671393751
26310,,0.6448179671361828
26311,,0.6448179671359984
26312,,0.6448179671359928
26313,,0.6448179671359858
26314,,0.6448179671359858
26315,,0.6160636602540804
26316,,0.6144168125295878
26317,,0.6143192460921171
26318,,0.6143134543307344
26319,,0.6143131104783036
26320,,0.6143130900639127
26321,,0.6143130888519145
26322,,0.6143130887799578
26323,,0.6143130887756864
26324,,0.6143130887754301
26325,,0.6143130887754179
26326,,0.614313088775417
26327,,0.614313088775417
26328,,0.586391727365668
26329,,0.5847253275162131
26330,,0.5846222624325118
26331,,0.5846158740212398
26332,,0.5846154779867935
26333,,0.5846154534353744
26334,,0.5846154519133482
26335,,0.5846154518189991
26336,,0.5846154518131444
26337,,0.584615451812783
26338,,0.5846154518127612
26339,,0.5846154518127596
26340,,0.5846154518127595
26341,,0.5846154518127595
26342,,0.5575094927245594
26343,,0.5558342992224651
26344,,0.5557265820806626
26345,,0.5557196382987383
26346,,0.5557191906085076
26347,,0.5557191617440324
26348,,0.5557191598830243
26349,,0.555719159763034
26350,,0.5557191597552927
26351,,0.5557191597547961
26352,,0.55571915975476
26353,,0.5557191597547598
26354,,0.4385882213757187
26355,,0.4316097169465509
26356,,0.43109705980946106
26357,,0.4310588609963663
26358,,0.4310560117560324
26359,,0.43105579921522513
26360,,0.4310557833605226
26361,,0.43105578217782287
26362,,0.43105578208960277
26363,,0.43105578208301437
26364,,0.43105578208252676
26365,,0.4310557820824931
26366,,0.4310557820824861
26367,,0.4310557820824861
26368,,7.784600401543137
26369,,0.3494924529516128
26370,,0.15957831643235534
26371,,0.15407336011284825
26372,,0.11870793751208888
26373,,0.10395878920578307
26374,,0.11472160686643722
26375,,0.10149936627299064
26376,,0.9637848174330301
26377,,0.1005856905714597
26378,,0.09892380578957549
26379,,0.09844487565298363
26380,,0.09539657443331805
26381,,0.09321674874113244
26382,,0.08621712724913741
26383,,0.08018980724897125
26384,,0.07185702158786213
26385,,0.24841810932210945
26386,,0.06813517028101052
26387,,0.06319465053940142
26388,,0.0738129783489927
26389,,0.06083326356794341
26390,,0.05490622556507176
26391,,0.04581064755111109
26392,,0.028998453215283663
26393,,0.02372573870084229
26394,,0.019072464232280734
26395,,0.016865176026014072
26396,,0.015518430800777513
26397,,0.014980930718350103
26398,,0.014589099172119709
26399,,0.014375786123430764
26400,,0.014044661259827548
26401,,0.013555306751194283
26402,,0.012641972774633524
26403,,0.011820714849379221
26404,,0.011977650480300592
26405,,0.011413664998366864
26406,,0.011068151941706557
26407,,0.010902573095647657
26408,,0.01076504026618445
26409,,0.01036973311989512
26410,,0.009780372793601158
26411,,0.009004765329966906
26412,,0.008405985471262268
26413,,0.008047985177560607
26414,,0.00785717517769301
26415,,0.007523474119648766
26416,,0.007118785465598483
26417,,0.0063227222396862945
26418,,0.005526863633746875
26419,,0.004888995028197706
26420,,0.004449337219561787
26421,,0.004144761052579057
26422,,0.003813130162579565
26423,,0.003377347833624913
26424,,0.0030184506126886717
26425,,0.0026608199164425256
26426,,0.0023402266619109257
26427,,0.0019589800105544782
26428,,0.0015108311423991053
26429,,0.001209835928373465
26430,,0.001147988518447178
26431,,0.001125827798697445
26432,,0.0011234211760701436
26433,,0.0011218104911365097
26434,,0.001117926791044985
26435,,0.001110012141485712
26436,,0.001095236156440753
26437,,0.0010658533985421622
26438,,0.0010037043432314769
26439,,0.0008906251643273684
26440,,0.0007337510103392958
26441,,0.0006987229048533631
26442,,0.0005575576949879151
26443,,0.000520167146559292
26444,,0.0005106510710571675
26445,,0.000507196298080146
26446,,0.0005028111439130206
26447,,0.0004964386524077118
26448,,0.0004883684076900199
26449,,0.0004772594627639035
26450,,0.00046778761859800577
26451,,0.00046296932978924884
26452,,0.00045821205510859536
26453,,0.0004525094896523838
26454,,0.00044627358399300214
26455,,0.0004344329540956001
26456,,0.0004140092960012352
26457,,0.0003836632117966286
26458,,0.00034821562903491885
26459,,0.00035077819579387205
26460,,0.00033748250619697193
26461,,0.00032251686860362106
26462,,0.0003160029746804157
26463,,0.00031206143849531073
26464,,0.0003020513028154618
26465,,0.0002839361297931511
26466,,0.0002495157439189427
26467,,0.00020068171962038574
26468,,0.0001566993738887497
26469,,0.0001378785080097117
26470,,0.00013228475824366055
26471,,0.00013141159472890664
26472,,0.00013111363443784878
26473,,0.00013068631086782037
26474,,0.00012949725705186635
26475,,0.0001265027246967944
26476,,0.00012011302835722664
26477,,0.00010691662139805476
26478,,8.427776513771247e-05
26479,,5.570938882365096e-05
26480,,3.293790543088017e-05
26481,,2.3405706056193682e-05
26482,,2.1372733976362145e-05
26483,,2.1108732222785607e-05
26484,,2.1081007208409004e-05
26485,,2.1071679396613944e-05
26486,,2.105538983830438e-05
26487,,2.1008939944774334e-05
26488,,2.088611762235952e-05
26489,,2.0626995849717842e-05
26490,,2.0107595284187526e-05
26491,,1.925978672753115e-05
26492,,1.8776681198293365e-05
26493,,1.796550767499927e-05
26494,,1.741512038837641e-05
26495,,1.7300939701266924e-05
26496,,1.7283911379167606e-05
26497,,1.7282259454022423e-05
26498,,1.7281840349229235e-05
26499,,1.7281408326875922e-05
26500,,1.728053385012992e-05
26501,,1.7278466055563482e-05
26502,,1.7273685766745296e-05
26503,,1.7262595916550448e-05
26504,,1.723696369464718e-05
26505,,1.7178039580961183e-05
26506,,1.7044416930239043e-05
26507,,1.6750721972791793e-05
26508,,1.6148849354003706e-05
26509,,1.508574706577292e-05
26510,,1.367388265889957e-05
26511,,4.768740197474989e-05
26512,,1.3646421158158008e-05
26513,,1.2491663013536806e-05
26514,,1.1971060552226669e-05
26515,,1.1858888861557705e-05
26516,,1.1844713570272285e-05
26517,,1.1842908583541795e-05
26518,,1.1841249426032062e-05
26519,,1.1834127973057756e-05
26520,,1.1817728949265936e-05
26521,,1.1778958469230735e-05
26522,,1.1690016238653724e-05
26523,,1.1488889288046502e-05
26524,,1.1048912493839266e-05
26525,,1.0162661977017922e-05
26526,,8.69045629396176e-06
26527,,6.7603475955303776e-06
26528,,5.206237929386083e-06
26529,,4.273664610222218e-06
26530,,4.112468248300343e-06
26531,,4.095620643952008e-06
26532,,4.094430485685769e-06
26533,,4.094362180982523e-06
26534,,4.094356046938154e-06
26535,,4.09435335865372e-06
26536,,4.094350940505908e-06
26537,,4.094330669306632e-06
26538,,4.094327289473179e-06
26539,,4.094324772552476e-06
26540,,4.094307389586442e-06
26541,,4.094301557601218e-06
26542,,4.094298667314937e-06
26543,,4.0942961964631e-06
26544,,4.094277126947221e-06
26545,,4.094272808161747e-06
26546,,4.094270075596194e-06
26547,,4.094257747971553e-06
26548,,4.094247919275285e-06
26549,,4.0942441578468785e-06
26550,,4.094241494821794e-06
26551,,4.094226867501949e-06
26552,,4.094219048757021e-06
26553,,4.09421554599067e-06
26554,,4.094212918935066e-06
26555,,4.09419716603779e-06
26556,,4.094190316552568e-06
26557,,4.094186951560697e-06
26558,,4.094184345561787e-06
26559,,4.0941679672549155e-06
26560,,4.094161648089457e-06
26561,,4.09415836600235e-06
26562,,4.094155773704265e-06
26563,,4.094139003897725e-06
26564,,4.094133012353045e-06
26565,,4.09412978561843e-06
26566,,4.094127202913804e-06
26567,,4.094110163147155e-06
26568,,4.094104395806881e-06
26569,,4.094101208784333e-06
26570,,4.09409863299189e-06
26571,,4.09408139530721e-06
26572,,4.094075792448136e-06
26573,,4.09407263475868e-06
26574,,4.094070063842316e-06
26575,,4.094052678091329e-06
26576,,4.0940471994786015e-06
26577,,4.094044063184969e-06
26578,,4.09404149543116e-06
26579,,4.094024001092114e-06
26580,,4.0940186156024865e-06
26581,,4.094015493914016e-06
26582,,4.094012927730699e-06
26583,,4.0939953593445805e-06
26584,,4.0939900401758216e-06
26585,,4.093986926863511e-06
26586,,4.0939843607444565e-06
26587,,4.093966750399522e-06
26588,,4.093961472923379e-06
26589,,4.093958362020264e-06
26590,,4.093955794477263e-06
26591,,4.093938173072669e-06
26592,,4.0939329137331716e-06
26593,,4.0939297993868265e-06
26594,,4.093927228928122e-06
26595,,4.093909626889578e-06
26596,,4.093904362626121e-06
26597,,4.093901238987822e-06
26598,,4.093898664123557e-06
26599,,4.093881111823396e-06
26600,,4.093875819701683e-06
26601,,4.093872680893106e-06
26602,,4.093870100075788e-06
26603,,4.0938526281857674e-06
26604,,4.093847285131889e-06
26605,,4.093844125164979e-06
26606,,4.093841536818422e-06
26607,,4.093824176585988e-06
26608,,4.093818759174322e-06
26609,,4.093815571880325e-06
26610,,4.093812974361253e-06
26611,,4.093795757887304e-06
26612,,4.0937902421210525e-06
26613,,4.093787021150302e-06
26614,,4.093784412747153e-06
26615,,4.0937673732382354e-06
26616,,4.093761734385446e-06
26617,,4.093758473094579e-06
26618,,4.093755852018057e-06
26619,,4.093739024046118e-06
26620,,4.093733236409881e-06
26621,,4.093729927866515e-06
26622,,4.093727292216264e-06
26623,,4.0937107120107965e-06
26624,,4.093704748730175e-06
26625,,4.09370138561993e-06
26626,,4.093698733383712e-06
26627,,4.09368243911402e-06
26628,,4.093676271956235e-06
26629,,4.093672846536812e-06
26630,,4.093670175583547e-06
26631,,4.093654207640954e-06
26632,,4.0936478067894085e-06
26633,,4.093644310835501e-06
26634,,4.093641618878192e-06
26635,,4.093626020223513e-06
26636,,4.093619354009908e-06
26637,,4.093615778745856e-06
26638,,4.093613063332906e-06
26639,,4.0935978798072306e-06
26640,,4.093590914504606e-06
26641,,4.093587250526944e-06
26642,,4.093584509022051e-06
26643,,4.093569789736114e-06
26644,,4.093562489262698e-06
26645,,4.0935587264724424e-06
26646,,4.093555956038314e-06
26647,,4.0935417537306566e-06
26648,,4.093534079379304e-06
26649,,4.093530206901916e-06
26650,,4.093527404461249e-06
26651,,4.093513775947824e-06
26652,,4.09350568606042e-06
26653,,4.0935016921670566e-06
26654,,4.093498854407597e-06
26655,,4.093485860978352e-06
26656,,4.093477310662837e-06
26657,,4.093473182661622e-06
26658,,4.0934703059810065e-06
26659,,4.093458013924785e-06
26660,,4.093448954663024e-06
26661,,4.0934446788069e-06
26662,,4.093441759315807e-06
26663,,4.0934392253540445e-06
26664,,4.093420619686701e-06
26665,,4.093416181087523e-06
26666,,4.0934132145423284e-06
26667,,4.093410667011548e-06
26668,,4.093392307554437e-06
26669,,4.093387690011558e-06
26670,,4.093384671804755e-06
26671,,4.093382109392264e-06
26672,,4.093364020218555e-06
26673,,4.093359206161495e-06
26674,,4.093356131280097e-06
26675,,4.093353552548111e-06
26676,,4.093335759871415e-06
26677,,4.093330730158769e-06
26678,,4.093327593141001e-06
26679,,4.093324996528653e-06
26680,,4.093307528865571e-06
26681,,4.09330226269617e-06
26682,,4.0932990575808746e-06
26683,,4.093296441394083e-06
26684,,4.0932793298327055e-06
26685,,4.093273804499497e-06
26686,,4.0932705248240695e-06
26687,,4.093267887208392e-06
26688,,4.093251165620966e-06
26689,,4.093245356419688e-06
26690,,4.093241995101433e-06
26691,,4.093239334036421e-06
26692,,4.0932230393678015e-06
26693,,4.0932169193377985e-06
26694,,4.093213468678651e-06
26695,,4.093210781945828e-06
26696,,4.093194954490237e-06
26697,,4.093188494252434e-06
26698,,4.093184945828224e-06
26699,,4.093182231032289e-06
26700,,4.093166914752987e-06
26701,,4.093160082229741e-06
26702,,4.0931564268795465e-06
26703,,4.0931536813728834e-06
26704,,4.093138924240053e-06
26705,,4.093131684458149e-06
26706,,4.093127912143675e-06
26707,,4.093125133072978e-06
26708,,4.09311098746665e-06
26709,,4.093103302222543e-06
26710,,4.093099402007387e-06
26711,,4.093096586228474e-06
26712,,4.093083109317413e-06
26713,,4.093074936939299e-06
26714,,4.093070896877e-06
26715,,4.093068040964701e-06
26716,,4.093055295183781e-06
26717,,4.093046590136328e-06
26718,,4.093042397183372e-06
26719,,4.093039497411399e-06
26720,,4.093036968328551e-06
26721,,4.093018263507613e-06
26722,,4.093013903421176e-06
26723,,4.093010955692226e-06
26724,,4.093008412862754e-06
26725,,4.092989958897006e-06
26726,,4.092985416114243e-06
26727,,4.092982415975638e-06
26728,,4.092979858120741e-06
26729,,4.092961678301347e-06
26730,,4.092956935842814e-06
26731,,4.0929538784222716e-06
26732,,4.0929513041370575e-06
26733,,4.092933423953412e-06
26734,,4.092928463228632e-06
26735,,4.0929253432024235e-06
26736,,4.092922750969695e-06
26737,,4.092905198235702e-06
26738,,4.092899998978592e-06
26739,,4.092896810528385e-06
26740,,4.092894198677181e-06
26741,,4.092877003773362e-06
26742,,4.092871543830466e-06
26743,,4.092868280605601e-06
26744,,4.0928656473249284e-06
26745,,4.092848843454792e-06
26746,,4.092843098621972e-06
26747,,4.092839753680021e-06
26748,,4.092837096964513e-06
26749,,4.0928207204007175e-06
26750,,4.092814664248754e-06
26751,,4.092811230000483e-06
26752,,4.092808547683154e-06
26753,,4.092792638056532e-06
26754,,4.092786241683496e-06
26755,,4.092782709863863e-06
26756,,4.092779999562572e-06
26757,,4.092764600172648e-06
26758,,4.092757832020566e-06
26759,,4.092754193564284e-06
26760,,4.092751452688285e-06
26761,,4.092736610823815e-06
26762,,4.0927294364198245e-06
26763,,4.092725681443881e-06
26764,,4.092722907162849e-06
26765,,4.092708674516365e-06
26766,,4.092701056179119e-06
26767,,4.092697173868753e-06
26768,,4.092694363068063e-06
26769,,4.092680796118875e-06
26770,,4.092672692687866e-06
26771,,4.092668671247199e-06
26772,,4.092665820556788e-06
26773,,4.0926529809944776e-06
26774,,4.092644347481064e-06
26775,,4.092640174013551e-06
26776,,4.092637279720134e-06
26777,,4.09263475231875e-06
26778,,4.0926160222537544e-06
26779,,4.092611682653336e-06
26780,,4.092608740719332e-06
26781,,4.092606199667724e-06
26782,,4.092587718812205e-06
26783,,4.092583197679839e-06
26784,,4.092580203696003e-06
26785,,4.09257764772769e-06
26786,,4.092559439165808e-06
26787,,4.092554719687792e-06
26788,,4.092551668816637e-06
26789,,4.0925490965406234e-06
26790,,4.092531185501481e-06
26791,,4.092526249279723e-06
26792,,4.092523136259341e-06
26793,,4.092520546159874e-06
26794,,4.092502960202196e-06
26795,,4.092497787156747e-06
26796,,4.092494606219432e-06
26797,,4.0924919966609715e-06
26798,,4.092474765882136e-06
26799,,4.09246933406183e-06
26800,,4.092466078914885e-06
26801,,4.09246344807762e-06
26802,,4.092446605390978e-06
26803,,4.092440890819418e-06
26804,,4.092437554580198e-06
26805,,4.0924349004936855e-06
26806,,4.0924184818504215e-06
26807,,4.092412458315367e-06
26808,,4.092409033472636e-06
26809,,4.092406353982091e-06
26810,,4.092390398661566e-06
26811,,4.092384037530965e-06
26812,,4.092380515864198e-06
26813,,4.092377808616318e-06
26814,,4.092362359534214e-06
26815,,4.092355629527338e-06
26816,,4.092352002064719e-06
26817,,4.092349264489978e-06
26818,,4.0923343685474e-06
26819,,4.092327235473896e-06
26820,,4.092323492419441e-06
26821,,4.092320721700833e-06
26822,,4.092306430129616e-06
26823,,4.092298856648268e-06
26824,,4.092294987280777e-06
26825,,4.092292180339143e-06
26826,,4.0922785491425275e-06
26827,,4.092270494433547e-06
26828,,4.092266487048046e-06
26829,,4.092263640537354e-06
26830,,4.092250730892465e-06
26831,,4.092242150359401e-06
26832,,4.092237992169203e-06
26833,,4.09223510241228e-06
26834,,4.09223257647792e-06
26835,,4.092213826084925e-06
26836,,4.092209503108938e-06
26837,,4.0922065660986555e-06
26838,,4.092204026624872e-06
26839,,4.092185523411933e-06
26840,,4.092181020392635e-06
26841,,4.092178031749059e-06
26842,,4.092175477475764e-06
26843,,4.092157244351726e-06
26844,,4.092152544587791e-06
26845,,4.092149499531185e-06
26846,,4.09214692908699e-06
26847,,4.0921289910564e-06
26848,,4.092124076320053e-06
26849,,4.092120969618058e-06
26850,,4.092118381500692e-06
26851,,4.092100765887088e-06
26852,,4.092095616258986e-06
26853,,4.092092442198145e-06
26854,,4.092089834778251e-06
26855,,4.092072571453021e-06
26856,,4.092067165166633e-06
26857,,4.092063917496072e-06
26858,,4.092061288978986e-06
26859,,4.0920444105598396e-06
26860,,4.092038723834533e-06
26861,,4.092035395738821e-06
26862,,4.0920327441637935e-06
26863,,4.092016286311982e-06
26864,,4.092010293158339e-06
26865,,4.092006877188371e-06
26866,,4.092004200410576e-06
26867,,4.09198820208016e-06
26868,,4.091981874103633e-06
26869,,4.091978362105954e-06
26870,,4.091975657802372e-06
26871,,4.091960161556795e-06
26872,,4.0919534677304285e-06
26873,,4.091949850803839e-06
26874,,4.091947116422521e-06
26875,,4.091932168771872e-06
26876,,4.091925075190896e-06
26877,,4.091921343621382e-06
26878,,4.091918576362954e-06
26879,,4.091904228131451e-06
26880,,4.091896697750953e-06
26881,,4.091892840914661e-06
26882,,4.091890037737123e-06
26883,,4.091876344442464e-06
26884,,4.091868336791414e-06
26885,,4.0918643430721e-06
26886,,4.091861500648399e-06
26887,,4.09184852296911e-06
26888,,4.09183999382364e-06
26889,,4.091835850537492e-06
26890,,4.091832965222263e-06
26891,,4.091830440731419e-06
26892,,4.0918116704907655e-06
26893,,4.091807363778086e-06
26894,,4.091804431599593e-06
26895,,4.091801893680778e-06
26896,,4.091783368599515e-06
26897,,4.091778883313862e-06
26898,,4.091775899929776e-06
26899,,4.091773347334497e-06
26900,,4.09175509010681e-06
26901,,4.091750409705949e-06
26902,,4.0917473703681195e-06
26903,,4.091744801741474e-06
26904,,4.091726837176138e-06
26905,,4.091721943570871e-06
26906,,4.091718843096243e-06
26907,,4.091716256941604e-06
26908,,4.091698612146707e-06
26909,,4.0916934855878325e-06
26910,,4.091690318305766e-06
26911,,4.091687712999375e-06
26912,,4.091670417592117e-06
26913,,4.091665036480921e-06
26914,,4.091661796204209e-06
26915,,4.0916591699696195e-06
26916,,4.091642256306126e-06
26917,,4.091636597071833e-06
26918,,4.09163327703073e-06
26919,,4.091630627931096e-06
26920,,4.0916141313667505e-06
26921,,4.0916081682238224e-06
26922,,4.091604761027142e-06
26923,,4.0916020869403346e-06
26924,,4.091586046118015e-06
26925,,4.091579750905199e-06
26926,,4.091576248469911e-06
26927,,4.091573547087217e-06
26928,,4.091558004216653e-06
26929,,4.091551346167961e-06
26930,,4.0915477396791444e-06
26931,,4.091545008452877e-06
26932,,4.091530009653088e-06
26933,,4.091522955148632e-06
26934,,4.09151923495993e-06
26935,,4.091516471130237e-06
26936,,4.0915020668144436e-06
26937,,4.091494579107147e-06
26938,,4.091490734677215e-06
26939,,4.09148793523081e-06
26940,,4.091474180462733e-06
26941,,4.091466219418457e-06
26942,,4.091462239239466e-06
26943,,4.091459400857127e-06
26944,,4.091446355812758e-06
26945,,4.091437877567819e-06
26946,,4.091433749050727e-06
26947,,4.091430868142186e-06
26948,,4.0914283450801015e-06
26949,,4.091409555197685e-06
26950,,4.091405264591324e-06
26951,,4.0914023372164786e-06
26952,,4.091399800838922e-06
26953,,4.0913812540854075e-06
26954,,4.09137678638024e-06
26955,,4.0913738082134745e-06
26956,,4.091371257284231e-06
26957,,4.091352976186369e-06
26958,,4.0913483149757005e-06
26959,,4.0913452813169635e-06
26960,,4.091342714484854e-06
26961,,4.0913247236338366e-06
26962,,4.091319850986313e-06
26963,,4.091316756689011e-06
26964,,4.091314172466297e-06
26965,,4.091296498759245e-06
26966,,4.091291395068471e-06
26967,,4.0912882345184515e-06
26968,,4.091285631310019e-06
26969,,4.091268304113808e-06
26970,,4.091262947967959e-06
26971,,4.091259715020924e-06
26972,,4.09125709106659e-06
26973,,4.091240142459257e-06
26974,,4.091234510482748e-06
26975,,4.0912311984297055e-06
26976,,4.091228551793379e-06
26977,,4.091212016855689e-06
26978,,4.091206083476581e-06
26979,,4.091202684981976e-06
26980,,4.091200013565497e-06
26981,,4.091183930610273e-06
26982,,4.091177667902596e-06
26983,,4.091174174965175e-06
26984,,4.091171476468012e-06
26985,,4.091155887362645e-06
26986,,4.091149264805894e-06
26987,,4.091145668665424e-06
26988,,4.091142940581051e-06
26989,,4.091127891072682e-06
26990,,4.091120875320643e-06
26991,,4.091117166420696e-06
26992,,4.091114406003417e-06
26993,,4.091099946074925e-06
26994,,4.0910925006931465e-06
26995,,4.091088668576151e-06
26996,,4.091085872827006e-06
26997,,4.091072057094219e-06
26998,,4.0910641422793365e-06
26999,,4.091060175529196e-06
27000,,4.091057341175021e-06
27001,,4.091044229318481e-06
27002,,4.091035801562369e-06
27003,,4.091031687692852e-06
27004,,4.0910288111569085e-06
27005,,4.091016468381567e-06
27006,,4.091007480163089e-06
27007,,4.091003205551978e-06
27008,,4.091000282926449e-06
27009,,4.090997748078851e-06
27010,,4.09097917985183e-06
27011,,4.090974729600362e-06
27012,,4.090971756604705e-06
27013,,4.090969207324666e-06
27014,,4.090950902561943e-06
27015,,4.090946260396396e-06
27016,,4.090943232364817e-06
27017,,4.090940667314193e-06
27018,,4.090922650414883e-06
27019,,4.090917798545817e-06
27020,,4.09091471037863e-06
27021,,4.090912128093314e-06
27022,,4.090894425714473e-06
27023,,4.090889344713102e-06
27024,,4.090886190836869e-06
27025,,4.090883589716353e-06
27026,,4.0908662309956175e-06
27027,,4.090860899622191e-06
27028,,4.090857673950288e-06
27029,,4.09085505224292e-06
27030,,4.090838069000441e-06
27031,,4.090832464065344e-06
27032,,4.090829159940762e-06
27033,,4.0908265157429745e-06
27034,,4.090809942761001e-06
27035,,4.090804038907407e-06
27036,,4.090800649049138e-06
27037,,4.090797980280453e-06
27038,,4.09078185555873e-06
27039,,4.09077562508907e-06
27040,,4.0907721415651644e-06
27041,,4.0907694459408875e-06
27042,,4.090753810998124e-06
27043,,4.090747223644444e-06
27044,,4.090743637778059e-06
27045,,4.090740912799554e-06
27046,,4.090725813010375e-06
27047,,4.090718835703664e-06
27048,,4.09071513799921e-06
27049,,4.090712380958352e-06
27050,,4.090697865890477e-06
27051,,4.090690462501849e-06
27052,,4.090686642589249e-06
27053,,4.090683850513516e-06
27054,,4.090669974328909e-06
27055,,4.0906621053709426e-06
27056,,4.09065815193251e-06
27057,,4.090655321577429e-06
27058,,4.090642143467691e-06
27059,,4.090633765801933e-06
27060,,4.09062966646585e-06
27061,,4.0906267942717365e-06
27062,,4.090614378907319e-06
27063,,4.090605445386252e-06
27064,,4.090601186635286e-06
27065,,4.090598268725589e-06
27066,,4.090595735403604e-06
27067,,4.090577145889232e-06
27068,,4.090572712948812e-06
27069,,4.090569745086884e-06
27070,,4.090567197451271e-06
27071,,4.090548869226255e-06
27072,,4.090544245954335e-06
27073,,4.09054122350947e-06
27074,,4.0905386602270075e-06
27075,,4.09052061750131e-06
27076,,4.090515786253476e-06
27077,,4.0905127041759385e-06
27078,,4.090510123800734e-06
27079,,4.090492393008616e-06
27080,,4.090487334509806e-06
27081,,4.090484187260709e-06
27082,,4.090481588201367e-06
27083,,4.09046419823278e-06
27084,,4.090458891431124e-06
27085,,4.090455672975153e-06
27086,,4.090453053509705e-06
27087,,4.090436035928653e-06
27088,,4.090430457816631e-06
27089,,4.090427161551065e-06
27090,,4.090424519783293e-06
27091,,4.090407909075946e-06
27092,,4.09040203451163e-06
27093,,4.090398653230716e-06
27094,,4.090395987084252e-06
27095,,4.090379820941635e-06
27096,,4.090373622455733e-06
27097,,4.090370148271853e-06
27098,,4.090367455495552e-06
27099,,4.090351775104235e-06
27100,,4.090345222677415e-06
27101,,4.090341646986757e-06
27102,,4.090338925109947e-06
27103,,4.090323775450111e-06
27104,,4.090316836288801e-06
27105,,4.090313149685889e-06
27106,,4.090310396005109e-06
27107,,4.090295826254735e-06
27108,,4.09028846451714e-06
27109,,4.0902846567206165e-06
27110,,4.090281868292623e-06
27111,,4.090267932157171e-06
27112,,4.0902601086901304e-06
27113,,4.0902561684754335e-06
27114,,4.090253342067031e-06
27115,,4.0902400982589945e-06
27116,,4.0902317702754975e-06
27117,,4.090227685364569e-06
27118,,4.090224817471751e-06
27119,,4.090212330113573e-06
27120,,4.090203450863101e-06
27121,,4.090199207849081e-06
27122,,4.090196294617736e-06
27123,,4.090193762811974e-06
27124,,4.090175152197504e-06
27125,,4.090170736429078e-06
27126,,4.090167773662505e-06
27127,,4.090165227653516e-06
27128,,4.090146876187134e-06
27129,,4.090142271645713e-06
27130,,4.090139254751605e-06
27131,,4.090136693231815e-06
27132,,36.6515275610725
27133,,50643.733852573445
27134,,36.456412470602395
27135,,342.2732190133478
27136,,36.13591093870834
27137,,19.412102037006395
27138,,19.294302379150498
27139,,13.375816309980415
27140,,19.787943470440776
27141,,13.280224382139517
27142,,12.388450425160933
27143,,13.806002988683886
27144,,12.041337743719179
27145,,11.310636250278634
27146,,9.582576348184702
27147,,8.36204558308623
27148,,19.058156717432063
27149,,8.317218745511129
27150,,7.458796229743356
27151,,11.991103064903456
27152,,7.406380761381744
27153,,6.876394800588735
27154,,6.772367328499294
27155,,5.70551547782927
27156,,7.209289966655972
27157,,5.652428793977279
27158,,5.314434027591895
27159,,6.123998995853165
27160,,5.240500458041913
27161,,4.978178160988945
27162,,6.020095639971952
27163,,4.915211286830705
27164,,4.668618068777344
27165,,4.636339515049428
27166,,4.039230981669967
27167,,4.428028239231688
27168,,3.984525329929715
27169,,3.8371144130351817
27170,,3.8929915259893404
27171,,3.642987453311861
27172,,3.7492073658802343
27173,,3.519134518788573
27174,,3.460663756112733
27175,,3.098567804300211
27176,,3.2788644914461944
27177,,3.0486025829980794
27178,,2.9673140061643317
27179,,2.9497917880923317
27180,,2.6576568964574383
27181,,2.991832968834353
27182,,2.626759326786596
27183,,2.559343545518231
27184,,2.314463219781352
27185,,2.1859678935088827
27186,,2.184366083522927
27187,,2.1843446482979267
27188,,2.184344361186869
27189,,2.184344357341153
27190,,2.184344357289639
27191,,2.1843443572889494
27192,,2.18434435728894
27193,,2.18434435728894
27194,,2.0630574971219753
27195,,2.06141808335902
27196,,2.061394194361725
27197,,2.061393845884869
27198,,2.0613938408014456
27199,,2.06139384072729
27200,,2.061393840726206
27201,,2.061393840726192
27202,,2.061393840726192
27203,,1.9476898146950736
27204,,1.9460218809670056
27205,,1.9459953732495001
27206,,1.9459949514483552
27207,,1.9459949447363594
27208,,1.945994944629549
27209,,1.9459949446278495
27210,,1.9459949446278215
27211,,1.9459949446278215
27212,,1.8402616026623664
27213,,1.838565267125477
27214,,1.8385356184786377
27215,,1.8385350995182534
27216,,1.838535090434306
27217,,1.8385350902752966
27218,,1.8385350902725188
27219,,1.8385350902724689
27220,,1.8385350902724682
27221,,1.8385350902724682
27222,,1.7404479434359523
27223,,1.7387208393089169
27224,,1.738687512213011
27225,,1.7386868680046428
27226,,1.7386868555517678
27227,,1.7386868553110457
27228,,1.7386868553063952
27229,,1.7386868553062989
27230,,1.7386868553062949
27231,,1.7386868553062949
27232,,1.648356570795585
27233,,1.646583808278657
27234,,1.64654541883545
27235,,1.6465445857758159
27236,,1.6465445676974202
27237,,1.6465445673050954
27238,,1.6465445672965806
27239,,1.6465445672963988
27240,,1.6465445672963914
27241,,1.6465445672963914
27242,,1.563067362072011
27243,,1.5612487683333065
27244,,1.5612047469019796
27245,,1.5612036786564432
27246,,1.5612036527323145
27247,,1.5612036521031862
27248,,1.5612036520879224
27249,,1.561203652087549
27250,,1.5612036520875423
27251,,1.5612036520875419
27252,,1.5612036520875419
27253,,1.4852842056798614
27254,,1.483360515553089
27255,,1.483305674387807
27256,,1.4833041058468994
27257,,1.4833040609800543
27258,,1.4833040596966718
27259,,1.4833040596599583
27260,,1.4833040596589113
27261,,1.4833040596588796
27262,,1.4833040596588791
27263,,1.4833040596588791
27264,,1.4122515502210473
27265,,1.410403293516885
27266,,1.4103476051768131
27267,,1.4103459200970114
27268,,1.410345869101406
27269,,1.4103458675581184
27270,,1.4103458675114153
27271,,1.4103458675100005
27272,,1.4103458675099605
27273,,1.4103458675099598
27274,,1.410345867509959
27275,,1.410345867509959
27276,,3.4169998622927302
27277,,1.3538123511206275
27278,,1.2020577165210387
27279,,1.176740442996662
27280,,1.1264104645435262
27281,,1.0532855282103348
27282,,0.9470560539202791
27283,,0.9412676645888985
27284,,0.9408274266109131
27285,,0.9407931637305087
27286,,0.9407904923618999
27287,,0.940790284054811
27288,,0.9407902678113375
27289,,0.9407902665446931
27290,,0.9407902664459217
27291,,0.9407902664382195
27292,,0.9407902664376202
27293,,0.9407902664375705
27294,,0.9407902664375687
27295,,0.9407902664375682
27296,,0.9407902664375681
27297,,0.9407902664375681
27298,,7.408651346365921
27299,,0.8741304403234946
27300,,0.7211503680291625
27301,,0.7336757880527136
27302,,0.6921353766999042
27303,,0.6342271134122305
27304,,0.5636880491270805
27305,,0.526677373530112
27306,,0.45395593045225674
27307,,0.34063109737624814
27308,,0.3009156412684842
27309,,0.23937954470506337
27310,,0.20861654434382124
27311,,0.20770500651733678
27312,,0.2076607372568602
27313,,0.20765854124320016
27314,,0.20765843219413554
27315,,0.20765842677872548
27316,,0.20765842650979296
27317,,0.20765842649643723
27318,,0.2076584264957745
27319,,0.2076584264957418
27320,,0.2076584264957401
27321,,0.20765842649573985
27322,,0.20765842649573985
27323,,0.18423769270553486
27324,,0.18289062940341524
27325,,0.18275752651558444
27326,,0.1827437362584534
27327,,0.1827423005479609
27328,,0.18274215099990454
27329,,0.1827421354216964
27330,,0.1827421337989279
27331,,0.18274213362988392
27332,,0.18274213361227618
27333,,0.18274213361044167
27334,,0.18274213361025218
27335,,0.18274213361023037
27336,,0.18274213361022798
27337,,0.18274213361022765
27338,,0.18274213361022765
27339,,0.16273559355600703
27340,,0.16038281711886784
27341,,0.15977083885882185
27342,,0.15958216031517203
27343,,0.15952100924699067
27344,,0.159500871287706
27345,,0.15949420478106255
27346,,0.1594919940701169
27347,,0.15949126054591103
27348,,0.1594910171128859
27349,,0.1594909363202212
27350,,0.15949090950548783
27351,,0.15949090060573315
27352,,0.15949089765191485
27353,,0.15949089667154923
27354,,0.15949089634616606
27355,,0.15949089623816895
27356,,0.15949089620232704
27357,,0.1594908961904303
27358,,0.15949089618648124
27359,,0.1594908961851723
27360,,0.159490896184736
27361,,0.1594908961845928
27362,,0.15949089618454407
27363,,0.15949089618452772
27364,,0.15949089618452408
27365,,0.1431111149275195
27366,,0.13625739852204166
27367,,0.29388863847051894
27368,,0.12254912048896113
27369,,0.11722948736440902
27370,,0.10513195279829443
27371,,0.10428155972370913
27372,,0.10406616829982934
27373,,0.1039958200112314
27374,,0.10397092602641313
27375,,0.10396186569321934
27376,,0.10395853431062409
27377,,0.10395730480002313
27378,,0.10395685039779513
27379,,0.10395668237411244
27380,,0.10395662023249215
27381,,0.10395659724852652
27382,,0.10395658874735504
27383,,0.1039565856029648
27384,,0.10395658443992278
27385,,0.10395658400973583
27386,,0.10395658385062125
27387,,0.10395658379176578
27388,,0.10395658376999774
27389,,0.10395658376194451
27390,,0.10395658375896762
27391,,0.10395658375786593
27392,,0.1039565837574577
27393,,0.10395658375730717
27394,,0.10395658375725196
27395,,0.1039565837572318
27396,,43.503091797046636
27397,,0.10254464665487456
27398,,0.48132411328660335
27399,,0.10149980000427081
27400,,0.09990277587437138
27401,,0.09864661967919092
27402,,0.6283548231064701
27403,,0.09719345399489157
27404,,0.09488986117330256
27405,,0.09199089173234494
27406,,0.08860265214533174
27407,,0.08097489412890888
27408,,0.06695844562671688
27409,,0.037368293079409774
27410,,0.027706511313955164
27411,,0.02630471800917433
27412,,0.0205114994709584
27413,,0.017389207545436266
27414,,0.015824786086648866
27415,,0.015091519260932763
27416,,0.014779846268453682
27417,,0.01461959963090311
27418,,0.014406377132228683
27419,,0.014088511861646965
27420,,0.013781156245198954
27421,,0.013450220799470385
27422,,0.013057542117020914
27423,,0.012653407911560636
27424,,0.011925818780880774
27425,,0.010332809541203811
27426,,0.008492651632340309
27427,,0.0074087078868660585
27428,,0.007073186596601966
27429,,0.006956822300161332
27430,,0.006779677492617617
27431,,0.006304791932612216
27432,,0.005505246830139508
27433,,0.004208612629281593
27434,,0.00257665260575021
27435,,0.001523246501651664
27436,,0.0009831187416163888
27437,,0.0008792883099775658
27438,,0.000836869690771982
27439,,0.000816497088275304
27440,,0.0007823374867149791
27441,,0.0007628176955501428
27442,,0.0007355636321951103
27443,,0.0007295347767720164
27444,,0.0007225324964680605
27445,,0.0007134207619286277
27446,,0.0006997908495706142
27447,,0.0006708465380191597
27448,,0.0006122560095881328
27449,,0.0005309552646317146
27450,,0.00044365085403604487
27451,,0.0003989661081845151
27452,,0.000338629963790284
27453,,0.00033022476629083667
27454,,0.0003257038347180768
27455,,0.00031657658100559737
27456,,0.0003052888831813443
27457,,0.00029907832146769435
27458,,0.00029693871084990255
27459,,0.00029607105268816315
27460,,0.00029510460203832097
27461,,0.00029139557196056415
27462,,0.000284944549588363
27463,,0.0002729665556420015
27464,,0.0002572915771738664
27465,,0.00024381928395940129
27466,,0.00023740179536196126
27467,,0.00023493010828961304
27468,,0.00023391665803449433
27469,,0.00023275096011237542
27470,,0.00023001050241852546
27471,,0.00022397594265728937
27472,,0.00021156524853027317
27473,,0.0001894934111415626
27474,,0.00015975392265341913
27475,,0.00013496517154664583
27476,,0.00012368922042902094
27477,,0.00011765689960410979
27478,,0.00011687609229634365
27479,,0.00011636612327442012
27480,,0.00011507444974167443
27481,,0.00011237212711178171
27482,,0.00010643935146689029
27483,,9.506874741976947e-05
27484,,7.750059547672528e-05
27485,,5.937836267376443e-05
27486,,4.8779023862227056e-05
27487,,4.540671526509016e-05
27488,,4.488482056258542e-05
27489,,4.483217704944962e-05
27490,,4.4819811087693095e-05
27491,,4.47951283046283e-05
27492,,4.469867070241687e-05
27493,,4.439956030679024e-05
27494,,4.3838111584820996e-05
27495,,4.283144952428368e-05
27496,,3.9515492321014356e-05
27497,,3.39915072584361e-05
27498,,2.647825999769576e-05
27499,,2.013517012766395e-05
27500,,1.7273198436171082e-05
27501,,1.6590121949424245e-05
27502,,1.647378279981335e-05
27503,,1.6439568340221012e-05
27504,,1.6383852851430762e-05
27505,,1.6046988622147537e-05
27506,,1.5420339112558717e-05
27507,,1.410393166725596e-05
27508,,1.193603178575522e-05
27509,,9.35355149386503e-06
27510,,7.559271372434381e-06
27511,,6.904164831717473e-06
27512,,6.783197313896158e-06
27513,,6.765366851963464e-06
27514,,6.764095878557011e-06
27515,,6.763932369056981e-06
27516,,6.763725507858577e-06
27517,,6.7635648506689545e-06
27518,,6.762234465217075e-06
27519,,6.750838830832347e-06
27520,,6.723709016532881e-06
27521,,6.661731194718188e-06
27522,,6.521185251685276e-06
27523,,6.212543617283898e-06
27524,,5.581233773170775e-06
27525,,4.472170061861351e-06
27526,,3.0224964217135337e-06
27527,,6.481268697397082e-06
27528,,2.886957421928185e-06
27529,,1.816982065865564e-06
27530,,1.3336324571793007e-06
27531,,1.2399022592386928e-06
27532,,1.2284006125186875e-06
27533,,1.2275420761843288e-06
27534,,1.2274925479275738e-06
27535,,1.2274891474042543e-06
27536,,1.227487895202523e-06
27537,,1.2274867641347178e-06
27538,,1.2274770618440158e-06
27539,,1.2274272916427696e-06
27540,,1.2273406591199563e-06
27541,,1.2266138076474424e-06
27542,,1.2194489094229833e-06
27543,,1.2044555151993216e-06
27544,,1.171371134207118e-06
27545,,1.1010838678355594e-06
27546,,9.60630156063274e-07
27547,,7.166060471848241e-07
27548,,3.9343520602311016e-07
27549,,4.615530164571688e-07
27550,,3.1245026919852604e-07
27551,,1.0605841901131614e-07
27552,,1.695559843345852e-08
27553,,2.2594952168997975e-09
27554,,7.154990695135223e-10
27555,,5.906355059623021e-10
27556,,5.805021314106999e-10
27557,,5.794655491611106e-10
27558,,5.791936950738361e-10
27559,,5.790871102530466e-10
27560,,5.790400089028881e-10
27561,,5.79018050597964e-10
27562,,5.790074748004964e-10
27563,,5.790022682209459e-10
27564,,5.789996659501272e-10
27565,,5.789983517280724e-10
27566,,5.789976832727517e-10
27567,,5.789973416310033e-10
27568,,5.789971664520862e-10
27569,,5.78997076431824e-10
