iter,linear_loss,nonlinear_loss
0,1182.2997565299036,0.16607107498761217
1,293806.1111121802,491755.85014957254
2,1181.572832636804,0.16431179024551895
3,695.3533334426485,4907.082052330717
4,692.1625894069372,0.16278103001937608
5,444.2907824191807,48.39695226056206
6,443.0001182812595,0.1614692057204503
7,276.76006858594167,0.5741479751506263
8,276.15305968966913,0.16027303348428448
9,172.40428677317126,0.15906994442007635
10,172.1243966669401,0.15665466673452938
11,115.81295390799532,0.5391640160941173
12,143.03179374571013,0.155425430981541
13,115.16317429315316,0.15305169222217788
14,102.85556784244436,0.1513811604940826
15,102.59892685166257,0.14287536942728105
16,94.48145137947517,0.12615620472798014
17,1511.5451784017457,0.11286006295639742
18,94.39388820426473,0.08765125466477655
19,82.41269356476458,0.11051910588943259
20,76.27948005593305,0.08076535406877079
21,76.22386635879491,0.0749355771845645
22,76.22331079366731,0.06897414923002596
23,76.22330523807324,0.48569878620048534
24,76.22330518251728,0.06629760675499993
25,76.22330518196173,0.06793289186046647
26,76.22330518195618,0.06208681639269163
27,76.22330518195612,0.05987160198685556
28,76.22330518195612,0.048378708391781114
29,70.60332658820263,0.06747258258045516
30,70.55126805823186,0.046835873415239045
31,70.55074788705774,0.05881586604368086
32,70.55074268538742,0.0450203721001565
33,70.55074263337072,0.043038190216142705
34,70.55074263285057,0.04084115151517882
35,70.55074263284537,0.03619372658138681
36,70.55074263284531,0.033879674956693445
37,70.55074263284531,0.02082971517315635
38,47967.859109900826,0.0170527071491703
39,70.35774052307151,0.01645057469240588
40,384.04573387271387,0.016332632022056728
41,70.065982846512,0.016308617493859708
42,56.84605693277205,0.01630368941473612
43,57.02336435060865,0.01630267648788421
44,52.99384783036237,0.016302468220302607
45,48.95526420167314,0.016302425395565933
46,40.551721886860655,0.0163024165896653
47,51.75143640530785,0.016302414778933842
48,40.3244852854302,0.016302414406597656
49,37.97802565453201,0.016302414330035334
50,24.584248504123867,0.016302414314292125
51,19.802808188225146,0.016302414311054742
52,157.42432569800835,0.01630241431038924
53,19.728630536685873,0.01630241431025248
54,17.061663361796853,0.016302414310224313
55,15.468756520293494,0.016302414310218494
56,14.212235441775341,0.016302414310217183
57,13.162315161254755,0.016302414310217127
58,13.153593951509205,0.004361407590843374
59,13.153506917211056,0.004339398324439321
60,13.153506046885857,0.002901961791101536
61,13.1535060381826,0.0025703815336857424
62,13.153506038095573,0.0020829857344268283
63,13.1535060380947,0.0019121871299902877
64,13.153506038094692,0.0016204822921472419
65,13.153506038094692,0.0013909507259327316
66,260.2080981448795,0.001350751073743112
67,13.093320116281904,0.0013373659755138326
68,11.751287220402247,0.001332253535043914
69,10.952252292971467,0.001317438176790129
70,10.945486249476662,0.0013025073018306556
71,10.945396367724655,0.0012836071608442422
72,10.945395167332112,0.0012548109717457668
73,10.94539515129944,0.0011963403136140262
74,10.945395151085302,0.0011333135890121203
75,10.945395151082444,0.0010540110796553631
76,10.945395151082405,0.0009493005462755689
77,10.945395151082403,0.0007133985707484456
78,10.945395151082403,0.00039583834707923224
79,4029.771077862816,0.0002132706775638115
80,10.902872844276727,0.0001352735356848584
81,40.78124436519614,0.00011830278312457202
82,10.84814659580115,0.00011005017399332491
83,10.157461235212674,9.665899568895859e-05
84,9.843208896089196,8.942877478782173e-05
85,9.357784593647683,8.650082425147609e-05
86,6.864812873226027,8.548719104953527e-05
87,6.083809241746816,8.526826053532524e-05
88,6.077304646231569,8.516065304735402e-05
89,6.077239730820496,8.508007680223932e-05
90,6.077239081679441,8.503892004114163e-05
91,6.077239075188031,8.501121866381468e-05
92,6.077239075123116,8.488333954873274e-05
93,6.077239075122466,8.463732397563528e-05
94,6.077239075122461,8.40790442286492e-05
95,6.077239075122461,8.328005444297375e-05
96,5.403485580230949,8.234643002563708e-05
97,5.396116685254806,8.166344602899598e-05
98,5.3960088985490335,8.128383642266927e-05
99,5.3960073157062505,8.12179315216816e-05
100,5.3960072924609355,8.119449598195693e-05
101,5.396007292119557,8.115379463056755e-05
102,5.396007292114546,8.096287293765959e-05
103,5.396007292114471,8.060251047012448e-05
104,5.396007292114471,7.983465443308282e-05
105,4.737369317916074,7.852428794552732e-05
106,4.727119939300821,7.686314738399844e-05
107,4.72691555650618,7.560018890170994e-05
108,4.726911462037832,7.507798896500489e-05
109,4.726911380004407,7.4965252559331e-05
110,4.72691137836085,7.494855988085584e-05
111,4.7269113783279195,7.494084698753612e-05
112,4.726911378327261,7.492109854505856e-05
113,4.726911378327247,7.488296681236853e-05
114,4.726911378327247,7.484346101485005e-05
115,4.134397497348231,7.481971086759924e-05
116,4.583684469320866,7.480769340306852e-05
117,3.1711915567734406,7.480235016633075e-05
118,2.9408878591711423,7.479088852092665e-05
119,116.07252881438006,7.473025723032065e-05
120,2.849651959937557,7.462511608165754e-05
121,2.3591312351293423,7.437568600681599e-05
122,2.0479309577322447,7.384041776714725e-05
123,1.6155789332681143,7.272209630391315e-05
124,1.7653767639846345,7.05462643529724e-05
125,1.5142864324964929,6.680664319139096e-05
126,1.2265517810524371,6.19836336912584e-05
127,1.1176455974746065,5.8746904664247475e-05
128,1.115558940747127,5.7003061632385627e-05
129,1.1155093808909757,5.645669861245076e-05
130,1.1155081981150996,5.624740787249835e-05
131,1.1155081698841962,5.60996437310417e-05
132,1.1155081692103694,5.593291942812986e-05
133,1.115508169194286,5.5758682471779926e-05
134,1.1155081691939026,5.562658331390888e-05
135,1.1155081691938933,5.555662346359029e-05
136,1.115508169193893,5.5539452596237226e-05
137,1.115508169193893,5.5536547197593015e-05
138,142.9061209509273,5.55360591830721e-05
139,1.0897128683711992,5.553581151799566e-05
140,1.3712358522606747,5.553555205732592e-05
141,0.9925155280400354,5.5535357643985895e-05
142,0.9142685135864241,5.553531788185482e-05
143,4.904324183817747,5.553530883695808e-05
144,0.8944006244595171,5.553530146264088e-05
145,0.8080950892130587,5.5535242396595684e-05
146,0.7690594785134511,5.553523013821402e-05
147,0.7614196425341827,5.553522233826225e-05
148,0.6841470168240635,5.553517587665227e-05
149,0.6634117615649933,5.5535152925788877e-05
150,0.6266677029336999,5.553514349641098e-05
151,0.6249676475803747,5.5535135909770217e-05
152,0.6247345863167536,5.5535081570800146e-05
153,0.6246992386829855,5.553506574221504e-05
154,0.6246937989525195,5.5535056999226176e-05
155,0.6246929599546037,5.553504950959103e-05
156,0.6246928305072201,5.553499231726773e-05
157,0.6246928105339746,5.553497892519497e-05
158,0.6246928074521524,5.553497055815162e-05
159,0.6246928069766343,5.553496313198956e-05
160,0.6246928069032632,5.553490416820111e-05
161,0.6246928068919421,5.5534892271163626e-05
162,0.6246928068901952,5.553488415721244e-05
163,0.6246928068899257,5.5534842705813355e-05
164,0.624692806889884,5.5534816601262685e-05
165,0.6246928068898775,5.553480572809767e-05
166,0.6246928068898767,5.553479778890432e-05
167,0.6246928068898765,5.553475137913184e-05
168,0.6246928068898766,5.5534729430577504e-05
169,0.5806225031682195,5.553471926737872e-05
170,0.41630253803510764,5.553471144831059e-05
171,0.34061756597703124,5.5534661597231176e-05
172,0.34070929837820724,5.5534642542553195e-05
173,0.3207528202726857,5.553463286990754e-05
174,0.2799457631654312,5.553462513215114e-05
175,0.25097884084607813,5.553457290475926e-05
176,0.24731648060409422,5.553455586079462e-05
177,0.8058457839921161,5.55345465227813e-05
178,0.23833238821518668,5.553453883808927e-05
179,0.22455052456333638,5.553448499279305e-05
180,0.20733528055673156,5.553446933336149e-05
181,0.18869155421790762,5.553446021726576e-05
182,0.12149686486085404,5.553445256457726e-05
183,0.6843991312819042,5.553439765123883e-05
184,0.09996918760377776,5.553438292524926e-05
185,0.0793524283772797,5.553437394752725e-05
186,0.06951932631939982,5.5534366310552164e-05
187,0.06710489535307862,5.5534310737982567e-05
188,0.06295108831822142,5.553429661313201e-05
189,0.06084114693157164,5.553428770977516e-05
190,0.057584093891619864,5.553428007533011e-05
191,0.056237759158221344,5.553422415802172e-05
192,0.05562503939340824,5.553421038185292e-05
193,0.05526118017284039,5.5534201501687535e-05
194,0.05434624450686441,5.553419385847259e-05
195,0.05367509747479962,5.553413784935038e-05
196,0.053107817438270095,5.553412422216857e-05
197,0.05219526093178109,5.553411532198917e-05
198,0.05097215602303077,5.553410765977053e-05
199,0.04974325379405573,5.553405177313574e-05
200,0.0479010897101422,5.553403812886859e-05
201,0.04505919221124001,5.5534029170162644e-05
202,0.04109393799230004,5.553402147918884e-05
203,0.036681075271925136,5.553396590730802e-05
204,0.03185226624227918,5.553395210005085e-05
205,0.026162953864738218,5.553394304642154e-05
206,0.02016447031746207,5.5533935316805836e-05
207,0.015712078111009296,5.553388024215531e-05
208,0.01361495686566631,5.553386613609112e-05
209,0.012866002746047319,5.55338569514361e-05
210,0.012582986824859532,5.553384917279002e-05
211,0.01235884525011989,5.553379477736261e-05
212,0.011897453195066831,5.5533780239466425e-05
213,0.010594560559305214,5.553377088628585e-05
214,0.009455104217531641,5.5533763047534336e-05
215,0.008805106470115755,5.5533709520330474e-05
216,0.008120406753433534,5.5533694414245275e-05
217,0.007903833135374969,5.553368485256203e-05
218,0.0077290730462803445,5.5533676941467364e-05
219,0.007541198767513696,5.553362448480381e-05
220,0.0073349028635981,5.553360866621497e-05
221,0.00720553265330642,5.5533598852256777e-05
222,0.00714747469703016,5.5533590855149995e-05
223,0.007119916136532847,5.553353969060924e-05
224,0.007085478597432202,5.553352300268035e-05
225,0.007004726500585909,5.553351288780449e-05
226,0.006806409659151145,5.553350478928081e-05
227,0.006426978392347456,5.553345516322619e-05
228,0.0058774653121383726,5.5533437432519486e-05
229,0.006988714481059229,5.5533426962181205e-05
230,0.005744917510686579,5.55334187447336e-05
231,0.00532203136703669,5.5533370933938776e-05
232,0.005118234038898229,5.553335196642131e-05
233,0.00507045195154665,5.5533341078789756e-05
234,0.0050508404609661915,5.553333272260765e-05
235,0.0050421131249772135,5.5533287040318237e-05
236,0.005028112137253231,5.553326661691629e-05
237,0.005003797066188736,5.553325524170868e-05
238,0.0049725886061449485,5.553324672404618e-05
239,0.004942835112155269,5.553320352662694e-05
240,0.004921469245961374,5.5533181398688746e-05
241,0.004898189353639193,5.553316945571032e-05
242,0.004860015500600346,5.553316075058423e-05
243,0.0047874175091410474,5.553312044477787e-05
244,0.00467803972662914,5.5533096328826865e-05
245,0.004548122896496966,5.553308372631125e-05
246,0.004464056912524113,5.5533074803865594e-05
247,0.004435425420539606,5.553306706591213e-05
248,0.004420044075388347,5.553301142718508e-05
249,0.004399487329849403,5.55329980599429e-05
250,0.0043540727238783865,5.5532988885936275e-05
251,0.004266699981177763,5.553298106588431e-05
252,0.004126955490653771,5.5532926716623805e-05
253,0.003970319149744566,5.553291246403105e-05
254,0.0038892405088034408,5.553290299908813e-05
255,0.0038700796259371643,5.5532895084072456e-05
256,0.0038669654654388827,5.553284222371757e-05
257,0.0038660715986877977,5.553282694713656e-05
258,0.003864747497008388,5.5532817146058185e-05
259,0.003860978342073308,5.553280912131808e-05
260,0.0038524807043119834,5.5532757979127546e-05
261,0.0038336893088269683,5.5532741519247084e-05
262,0.003795786013565291,5.553273133002619e-05
263,0.003731116452421857,5.55327231785192e-05
264,0.0036500066193307164,5.5532674018210964e-05
265,0.0036147152831974083,5.553265619183037e-05
266,0.0035753150454092405,5.553264555459971e-05
267,0.003559063176459032,5.553263725676105e-05
268,0.0035559154269459263,5.5532590381727036e-05
269,0.0035543301877131606,5.553257097820321e-05
270,0.0035533373489165187,5.5532559824031936e-05
271,0.0035514432811831896,5.5532551357390966e-05
272,0.0035470290151292006,5.5532507116758935e-05
273,0.0035370021378956676,5.553248589358179e-05
274,0.0035143576835712383,5.55324741433031e-05
275,0.0034648268642316015,5.553246548187061e-05
276,0.003364013245199007,5.5532424277566845e-05
277,0.0031882339240517817,5.553240095573271e-05
278,0.002960789703468115,5.553238851804139e-05
279,0.0030363348632933647,5.553237963198077e-05
280,0.00290791324894002,5.5532371905951e-05
281,0.0027707179471229766,5.553231618498721e-05
282,0.0026989671007288563,5.5532302954847837e-05
283,0.002688752147507124,5.5532293809743905e-05
284,0.0026875200450299603,5.5532285999502086e-05
285,0.002687348627695845,5.5532231604887066e-05
286,0.0026872748273948184,5.5532217461289505e-05
287,0.0026872045132997472,5.55322080176146e-05
288,0.002687120978969952,5.553220011016471e-05
289,0.0026869607853888494,5.553214724252335e-05
290,0.002686592236780288,5.553213204619865e-05
291,0.002685744283948501,5.5532122258290585e-05
292,0.0026838515795129993,5.5532114238755035e-05
293,0.002679871468505167,5.553206312912641e-05
294,0.0026724991109568826,5.553204671967141e-05
295,0.0026618851860183406,5.553203653507407e-05
296,0.0026519793805335323,5.553202838624167e-05
297,0.0026469752196288626,5.553197930071498e-05
298,0.002645710035385883,5.5531961493414496e-05
299,0.0026455304911122204,5.553195085168304e-05
300,0.002645515260421605,5.55319425537414e-05
301,0.002645512643315314,5.553189579884039e-05
302,0.0026455075553937237,5.553187638094619e-05
303,0.0026454895672763574,5.553186521242375e-05
304,0.0026454478738861054,5.5531856742564466e-05
305,0.0026453502464267122,5.553181267126338e-05
306,0.002645124792403031,5.5531791397786274e-05
307,0.002644603111106081,5.553177962230419e-05
308,0.002643397073446924,5.5531770954323995e-05
309,0.0026406818774153224,5.55317299731845e-05
310,0.0026340339236241273,5.55317065619708e-05
311,0.002618921540636568,5.553169408713586e-05
312,0.0025838761850779167,5.5531685190741575e-05
313,0.0025065256427696417,5.55316774653976e-05
314,0.002343437000418057,5.5531621894128094e-05
315,0.0020448138192630896,5.553160861359504e-05
316,0.0016398830729717068,5.55315994540113e-05
317,0.0012800359284277046,5.553159164302487e-05
318,0.001024824211153286,5.5531537418153566e-05
319,0.0009711682693345012,5.553152320942992e-05
320,0.000964499581671185,5.553151374652252e-05
321,0.0009639566126394233,5.55315058367706e-05
322,0.0009638917884682082,5.553145316157106e-05
323,0.0009638426126806525,5.553143788351902e-05
324,0.0009636780170322309,5.553142807107692e-05
325,0.0009628967601231494,5.55314200474812e-05
326,0.0009614748490004614,5.553136915612125e-05
327,0.0009579819429689718,5.553135264619839e-05
328,0.0009500188011926173,5.553134243101234e-05
329,0.0009318038131137459,5.553133427612821e-05
330,0.0008912309378396074,5.553128543831023e-05
331,0.0008055654565042032,5.553126750932906e-05
332,0.0006446798054633725,5.553125683016731e-05
333,0.00040570372225529354,5.553124852390541e-05
334,0.00017007278536361332,5.5531202050245235e-05
335,4.2091152577538854e-05,5.553118248662921e-05
336,5.8405415794255066e-06,5.553117127288215e-05
337,5.2150952812643e-07,5.5531162792126466e-05
338,3.296106594990659e-08,5.553111904050653e-05
339,2.645656895183338e-09,5.5531097593892786e-05
340,8.960008675522315e-10,5.553108576426422e-05
341,8.46291844346979e-10,5.55310770824163e-05
342,8.441878046522869e-10,5.553103646497567e-05
343,8.440808593433817e-10,5.553101284933721e-05
344,8.440739906047292e-10,5.5531000310202006e-05
345,8.440734322253112e-10,5.553099139661108e-05
346,8.440733774890084e-10,5.553098366980393e-05
347,,5.553092827401855e-05
348,,5.553091491753216e-05
349,,5.553090573688319e-05
350,,5.553089792310864e-05
351,,5.553084389209654e-05
352,,5.553082959404665e-05
353,,5.553082010569554e-05
354,,5.5530812191685114e-05
355,,5.5530759731544445e-05
356,,5.553074434884179e-05
357,,5.553073450592197e-05
358,,5.553072647634339e-05
359,,5.5530675824485586e-05
360,,5.553065919237996e-05
361,,5.5530648940955495e-05
362,,5.5530640778134694e-05
363,,5.5530592208045425e-05
364,,5.553057413668616e-05
365,,5.5530563414645415e-05
366,,5.5530555098224214e-05
367,,5.553050892490249e-05
368,,5.5530489195743056e-05
369,,5.5530477931459896e-05
370,,5.553046943802083e-05
371,,5.553042602433767e-05
372,,5.553040438551554e-05
373,,5.5530392496586236e-05
374,,5.553038379916572e-05
375,,5.553034356301433e-05
376,,5.5530319724524645e-05
377,,5.553030711603733e-05
378,,5.5530298183496976e-05
379,,5.5530290454253475e-05
380,,5.5530235234111214e-05
381,,5.5530221796685177e-05
382,,5.5530212593282536e-05
383,,5.553020477579058e-05
384,,5.553015093881772e-05
385,,5.5530136546522155e-05
386,,5.553012703095882e-05
387,,5.553011911176657e-05
388,,5.553006686698447e-05
389,,5.553005137473649e-05
390,,5.5530041499575876e-05
391,,5.553003346308892e-05
392,,5.552998305124876e-05
393,,5.552996629192822e-05
394,,5.552995600246561e-05
395,,5.5529947830797806e-05
396,,5.5529899529225944e-05
397,,5.5529881310406363e-05
398,,5.5529870543628507e-05
399,,5.552986221610204e-05
400,,5.5529816344227016e-05
401,,5.5529796444236343e-05
402,,5.552978512754295e-05
403,,5.552977662046085e-05
404,,5.5529733546199765e-05
405,,5.5529711709719015e-05
406,,5.552969975953495e-05
407,,5.55296910455032e-05
408,,5.5529651192667175e-05
409,,5.552962712560008e-05
410,,5.552961444567772e-05
411,,5.5529605493184335e-05
412,,5.5529597760826924e-05
413,,5.5529542713507994e-05
414,,5.552952919296588e-05
415,,5.552951996570659e-05
416,,5.552951214382138e-05
417,,5.5529458498429154e-05
418,,5.552944400950941e-05
419,,5.552943446568e-05
420,,5.552942654057583e-05
421,,5.5529374508986793e-05
422,,5.55293589046635e-05
423,,5.552934899608858e-05
424,,5.552934095195702e-05
425,,5.552929077841396e-05
426,,5.552927388916977e-05
427,,5.55292635604284e-05
428,,5.552925537912794e-05
429,,5.552920734474399e-05
430,,5.5529188975508015e-05
431,,5.5529178162629055e-05
432,,5.552916982328052e-05
433,,5.5529124252021205e-05
434,,5.55291041779445e-05
435,,5.552909280742649e-05
436,,5.552908428589962e-05
437,,5.552904155084349e-05
438,,5.5529019513039754e-05
439,,5.552900750009721e-05
440,,5.5528998768657616e-05
441,,5.552895929958016e-05
442,,5.5528934999823084e-05
443,,5.552892224684452e-05
444,,5.552891327351019e-05
445,,5.5528905537443316e-05
446,,5.55288506602395e-05
447,,5.552883705476641e-05
448,,5.5528827802765694e-05
449,,5.5528819975827635e-05
450,,5.55287665195692e-05
451,,5.552875193211687e-05
452,,5.5528742359036054e-05
453,,5.552873442732503e-05
454,,5.552868260699293e-05
455,,5.552866688839219e-05
456,,5.5528656945378564e-05
457,,5.552864889293661e-05
458,,5.5528598956049276e-05
459,,5.552858193448524e-05
460,,5.5528571565329884e-05
461,,5.552856337375595e-05
462,,5.552851560545381e-05
463,,5.55284970830437e-05
464,,5.5528486222953096e-05
465,,5.552847787102391e-05
466,,5.552843259978518e-05
467,,5.552841234857768e-05
468,,5.5528400922922825e-05
469,,5.552839238620917e-05
470,,5.552834999040231e-05
471,,5.552832774786006e-05
472,,5.552831567074236e-05
473,,5.5528306921075504e-05
474,,5.55282678364863e-05
475,,5.552824330023167e-05
476,,5.552823047261147e-05
477,,5.552822147766588e-05
478,,5.5528213737258314e-05
479,,5.552815902792865e-05
480,,5.552814533583778e-05
481,,5.552813605820947e-05
482,,5.552812822558966e-05
483,,5.552807495663107e-05
484,,5.55280602687046e-05
485,,5.552805066544783e-05
486,,5.552804272656902e-05
487,,5.5527991115833825e-05
488,,5.552797528085747e-05
489,,5.552796530241526e-05
490,,5.552795724108294e-05
491,,5.552790753969649e-05
492,,5.5527890383406645e-05
493,,5.552787997278923e-05
494,,5.552787177029382e-05
495,,5.5527824267378716e-05
496,,5.55278055891563e-05
497,,5.55277946806752e-05
498,,5.552778631551411e-05
499,,5.5527741344155035e-05
500,,5.552772091284612e-05
501,,5.5527709430832214e-05
502,,5.5527700878233765e-05
503,,5.552765882208571e-05
504,,5.552763637148745e-05
505,,5.5527624228774884e-05
506,,5.5527615460213066e-05
507,,5.5527576761189066e-05
508,,5.552755198465846e-05
509,,5.552753908091576e-05
510,,5.552753006351471e-05
511,,5.552752231830092e-05
512,,5.5527467774984145e-05
513,,5.552745399456936e-05
514,,5.5527444690495655e-05
515,,5.552743685172489e-05
516,,5.552738376841868e-05
517,,5.5527368978180135e-05
518,,5.552735934385668e-05
519,,5.5527351397271624e-05
520,,5.552729999503089e-05
521,,5.5527284041588365e-05
522,,5.552727402680023e-05
523,,5.552726595595817e-05
524,,5.552721648930578e-05
525,,5.552719919601656e-05
526,,5.55271887429224e-05
527,,5.552718052888447e-05
528,,5.5527133291095486e-05
529,,5.5527114454433045e-05
530,,5.552710349643833e-05
531,,5.5527095117403576e-05
532,,5.552705044621257e-05
533,,5.552702983184105e-05
534,,5.552701829223523e-05
535,,5.552700972308062e-05
536,,5.552696800751387e-05
537,,5.5526945345499584e-05
538,,5.5526933135885344e-05
539,,5.552692434768626e-05
540,,5.55268860358303e-05
541,,5.552686101525549e-05
542,,5.552684803386461e-05
543,,5.552683899331393e-05
544,,5.5526831242763386e-05
545,,5.552677686401233e-05
546,,5.5526762993595296e-05
547,,5.552675366233719e-05
548,,5.552674581688632e-05
549,,5.552669291818178e-05
550,,5.5526678023752794e-05
551,,5.552666835755767e-05
552,,5.55266604027148e-05
553,,5.552660920818828e-05
554,,5.5526593134205566e-05
555,,5.552658308213868e-05
556,,5.552657500125254e-05
557,,5.552652576907219e-05
558,,5.5526508336388265e-05
559,,5.552649783983595e-05
560,,5.55264896136956e-05
561,,5.5526442641157794e-05
562,,5.5526423643488064e-05
563,,5.5526412634889165e-05
564,,5.552640424140866e-05
565,,5.552635987102857e-05
566,,5.5526339070642586e-05
567,,5.552632747222841e-05
568,,5.552631888593459e-05
569,,5.552627751220798e-05
570,,5.552625463541919e-05
571,,5.552624235756942e-05
572,,5.552623354911932e-05
573,,5.552619562638886e-05
574,,5.552617035794729e-05
575,,5.552615729745649e-05
576,,5.552614823305589e-05
577,,5.552614047671058e-05
578,,5.5526086261436264e-05
579,,5.55260722994575e-05
580,,5.552606294019834e-05
581,,5.5526055087590946e-05
582,,5.552600237274087e-05
583,,5.552598737230873e-05
584,,5.5525977673384295e-05
585,,5.552596970981704e-05
586,,5.552591872262749e-05
587,,5.552590252607231e-05
588,,5.552589243582376e-05
589,,5.552588434438562e-05
590,,5.552583534667912e-05
591,,5.55258177723362e-05
592,,5.5525807231300997e-05
593,,5.552579899256474e-05
594,,5.5525752285790304e-05
595,,5.5525733124457776e-05
596,,5.552572206419861e-05
597,,5.5525713655720546e-05
598,,5.552566958720641e-05
599,,5.5525648597839046e-05
600,,5.5525636939461604e-05
601,,5.552562833541652e-05
602,,5.552558730518675e-05
603,,5.552556421029275e-05
604,,5.5525551862895294e-05
605,,5.552554303352851e-05
606,,5.552553535575153e-05
607,,5.552547998218291e-05
608,,5.552546684116404e-05
609,,5.552545775223946e-05
610,,5.552544998971801e-05
611,,5.55253959371403e-05
612,,5.5525381881937545e-05
613,,5.5525372493969176e-05
614,,5.5525364633782317e-05
615,,5.552531210233184e-05
616,,5.552529699406534e-05
617,,5.552528726162347e-05
618,,5.5525279288884155e-05
619,,5.552522850897409e-05
620,,5.5525212187781236e-05
621,,5.552520205850828e-05
622,,5.552519395608017e-05
623,,5.552514519317592e-05
624,,5.5525127474824094e-05
625,,5.552511688844674e-05
626,,5.5525108636585595e-05
627,,5.5525062196382757e-05
628,,5.5525042868778176e-05
629,,5.552503175580658e-05
630,,5.552502333181614e-05
631,,5.552497956651211e-05
632,,5.5524958385249e-05
633,,5.5524946665750705e-05
634,,5.552493804336952e-05
635,,5.552489735864337e-05
636,,5.552487404225147e-05
637,,5.552486162405333e-05
638,,5.552485277316804e-05
639,,5.5524845090028866e-05
640,,5.552478986053415e-05
641,,5.5524776637529656e-05
642,,5.5524767523428344e-05
643,,5.552475975428835e-05
644,,5.552470586400114e-05
645,,5.552469171397036e-05
646,,5.552468229658099e-05
647,,5.552467442838624e-05
648,,5.552462208020276e-05
649,,5.552460686230297e-05
650,,5.552459709560969e-05
651,,5.552458911324587e-05
652,,5.5524538540835515e-05
653,,5.5524522092977885e-05
654,,5.552451192385468e-05
655,,5.5524503809959875e-05
656,,5.552445528249205e-05
657,,5.5524437417883346e-05
658,,5.5524426785186434e-05
659,,5.5524418519732744e-05
660,,5.55243723472688e-05
661,,5.552435285077388e-05
662,,5.552434168408563e-05
663,,5.552433324404102e-05
664,,5.552428978367107e-05
665,,5.552426840748495e-05
666,,5.5524256625714276e-05
667,,5.5524247984484177e-05
668,,5.552420764756795e-05
669,,5.552418410632002e-05
670,,5.552417161602758e-05
671,,5.5524162743048285e-05
672,,5.552415505421226e-05
673,,5.552409996830074e-05
674,,5.552408666187078e-05
675,,5.5524077521968194e-05
676,,5.5524069745863584e-05
677,,5.552401601767089e-05
678,,5.552400177119045e-05
679,,5.5523992323717985e-05
680,,5.5523984447131524e-05
681,,5.552393228236152e-05
682,,5.552391695303508e-05
683,,5.552390715130911e-05
684,,5.552389915893668e-05
685,,5.55238487945638e-05
686,,5.552383221797141e-05
687,,5.552382200813683e-05
688,,5.5523813882366894e-05
689,,5.552376559132644e-05
690,,5.552374757810138e-05
691,,5.552373689817658e-05
692,,5.552372861868719e-05
693,,5.5523682715352496e-05
694,,5.5523663047357026e-05
695,,5.552365182595347e-05
696,,5.552364336936765e-05
697,,5.55236002158873e-05
698,,5.5523578641821155e-05
699,,5.552356679665006e-05
700,,5.5523558136083856e-05
701,,5.552351814955442e-05
702,,5.5523494380049516e-05
703,,5.552348181640004e-05
704,,5.5523472920782617e-05
705,,5.552346522587117e-05
706,,5.552341028332631e-05
707,,5.5523396892070875e-05
708,,5.552338772571826e-05
709,,5.552337994235713e-05
710,,5.5523326376262717e-05
711,,5.55233120317644e-05
712,,5.552330255353731e-05
713,,5.5523294668220844e-05
714,,5.552324268723883e-05
715,,5.552322724468368e-05
716,,5.552321740717908e-05
717,,5.5523209404451987e-05
718,,5.552315924881121e-05
719,,5.5523142541495544e-05
720,,5.552313229014564e-05
721,,5.5523124152098877e-05
722,,5.552307609863314e-05
723,,5.5523057934482736e-05
724,,5.5523047206447624e-05
725,,5.552303891247366e-05
726,,5.552299327997116e-05
727,,5.552297343780519e-05
728,,5.552296216064402e-05
729,,5.5522953687093294e-05
730,,5.552291084274196e-05
731,,5.552288906778173e-05
732,,5.552287715809695e-05
733,,5.552286847764746e-05
734,,5.552282884440695e-05
735,,5.552280484318984e-05
736,,0.8519001206298829
737,,68081.22590422437
738,,0.8226749238822786
739,,626.2072004316055
740,,0.7916064631598151
741,,3.3545734210038054
742,,0.7205627220692562
743,,0.40560532690536155
744,,0.37631416776720733
745,,0.21813610763576635
746,,7.000077961539484
747,,0.20697380465985663
748,,0.1357634647463626
749,,0.11661244904629117
750,,0.09773119133952088
751,,0.045314980455679596
752,,0.03523100462906779
753,,0.0288331248666706
754,,0.027179879586622453
755,,0.023338111852670734
756,,0.02186359265462137
757,,0.020004440444111683
758,,0.031164837762312048
759,,0.014679157348664316
760,,0.010264385080885135
761,,0.00722837876850824
762,,0.004940101515716171
763,,0.0046690713510029415
764,,0.004499161598174935
765,,0.004344268869705973
766,,0.004055939797271682
767,,0.003443912084727765
768,,0.0025451924227950207
769,,0.001959506683590239
770,,0.001740412894897859
771,,0.0016027858750650575
772,,0.0014352256088814178
773,,0.001113257699430466
774,,0.00090271788976137
775,,0.0008103470647376316
776,,0.0007712448940349093
777,,0.0007264183719318349
778,,0.0006611206561093146
779,,0.0005618839917228868
780,,0.0004476550809718829
781,,0.0003929666350675762
782,,0.00037171094005535385
783,,0.00035345190185922447
784,,0.00032957302152406226
785,,0.0003068753280765244
786,,0.00027027245454618303
787,,0.00024964698092090214
788,,0.00023882031631815363
789,,0.00023079288906008324
790,,0.00021709016042791224
791,,0.00019699867645897492
792,,0.00018034938120092622
793,,0.0001592222032409818
794,,0.00013146323475643772
795,,0.00010354410617382056
796,,7.597482881260858e-05
797,,6.732683255146711e-05
798,,6.433055482754859e-05
799,,6.383710837324586e-05
800,,6.358929736898506e-05
801,,6.344306701164581e-05
802,,6.335057108858829e-05
803,,6.325278282872804e-05
804,,6.310400175517883e-05
805,,6.284766741819363e-05
806,,6.247773706301333e-05
807,,6.214231190305448e-05
808,,6.198586951152239e-05
809,,6.188566037247202e-05
810,,6.180520896015609e-05
811,,6.165347679827054e-05
812,,6.136617110070226e-05
813,,6.092046766949295e-05
814,,6.035919902359818e-05
815,,5.994646410593412e-05
816,,5.96971330290085e-05
817,,5.959301659704597e-05
818,,5.9555964122660805e-05
819,,5.9537608080618494e-05
820,,5.9526881206234615e-05
821,,5.9517035170857566e-05
822,,5.9495835225905465e-05
823,,5.9453156795155115e-05
824,,5.9371832426765984e-05
825,,5.924717027463712e-05
826,,5.9109935990578486e-05
827,,5.90457370441122e-05
828,,5.90236049079768e-05
829,,5.901227786799199e-05
830,,5.900903726191543e-05
831,,5.900206582489486e-05
832,,5.898964814150461e-05
833,,5.8964164034662386e-05
834,,5.891305359848031e-05
835,,5.8815208630593804e-05
836,,5.865383547190991e-05
837,,5.848039075746942e-05
838,,5.837065615452428e-05
839,,5.833423976550328e-05
840,,5.832370750862355e-05
841,,5.832238866044415e-05
842,,5.8321931623384915e-05
843,,5.832100222995558e-05
844,,5.831832588156546e-05
845,,5.8312073666285664e-05
846,,5.829774603506852e-05
847,,5.8265991498720005e-05
848,,5.819958945952718e-05
849,,5.807787792395138e-05
850,,5.7905484808998104e-05
851,,5.773885664486256e-05
852,,5.76476457634423e-05
853,,5.762186325955825e-05
854,,5.761676350266882e-05
855,,5.761499676248333e-05
856,,5.761207053846158e-05
857,,5.760503688325297e-05
858,,5.758909043020155e-05
859,,5.75538339956867e-05
860,,5.7480778246891456e-05
861,,5.734906729179501e-05
862,,5.716859453915131e-05
863,,5.704139714200035e-05
864,,5.695339329891464e-05
865,,5.691797297700137e-05
866,,5.691353375574154e-05
867,,5.691276627797939e-05
868,,5.691194914447377e-05
869,,5.691030566188887e-05
870,,5.6906525852532634e-05
871,,5.6898039029214014e-05
872,,5.6879469053626644e-05
873,,5.6842005349227824e-05
874,,5.6778042065498556e-05
875,,5.669831682421873e-05
876,,5.6660413902201e-05
877,,5.662165741455934e-05
878,,5.66081593431193e-05
879,,5.6606324450426215e-05
880,,5.6605964737273294e-05
881,,5.660561431629314e-05
882,,5.6604721893548e-05
883,,5.6602787544073146e-05
884,,5.659814722303707e-05
885,,5.658746736781009e-05
886,,5.656257237176825e-05
887,,5.650480839528233e-05
888,,5.6370807541385274e-05
889,,5.606103834227205e-05
890,,5.535011394771937e-05
891,,5.374598194989198e-05
892,,5.026349016833572e-05
893,,4.3324427787087486e-05
894,,3.1758779036490194e-05
895,,1.7506755175617428e-05
896,,5.906744854570927e-06
897,,1.1666995081483846e-06
898,,4.2933009651390455e-07
899,,2.5248817503935294e-07
900,,2.02801184573793e-07
901,,1.9354209988888126e-07
902,,1.9257972102216006e-07
903,,1.9250609437402665e-07
904,,1.9250112952600026e-07
905,,1.924998351627293e-07
906,,1.9249886985283148e-07
907,,1.9249217584159672e-07
908,,1.9248994989226255e-07
909,,1.924888441099616e-07
910,,1.9248789711831888e-07
911,,1.9248055163403622e-07
912,,1.9247890623753857e-07
913,,1.924778650398504e-07
914,,1.9247304345324868e-07
915,,1.9246930919806853e-07
916,,1.9246790092810793e-07
917,,1.9246689124990214e-07
918,,1.9246104274484688e-07
919,,1.9245819972980033e-07
920,,1.9245691350390254e-07
921,,1.9245592057829656e-07
922,,1.9244952299826676e-07
923,,1.9244715576214003e-07
924,,1.9244593622718298e-07
925,,1.9244495206195557e-07
926,,1.9243824972400548e-07
927,,1.924361489374964e-07
928,,1.9243496546460987e-07
929,,1.924339852199175e-07
930,,1.9242711764328543e-07
931,,1.9242516553718167e-07
932,,1.9242399938681467e-07
933,,1.924230198057155e-07
934,,1.9241607470247888e-07
935,,1.924141985178441e-07
936,,1.9241303703373472e-07
937,,1.9241205569686664e-07
938,,1.9240509374404788e-07
939,,1.9240324412479105e-07
940,,1.9240207790347135e-07
941,,1.9240109283181853e-07
942,,1.9239416003376302e-07
943,,1.9239230034179312e-07
944,,1.9239112174969452e-07
945,,1.9239013119692755e-07
946,,1.923832654630946e-07
947,,1.9238136613363322e-07
948,,1.9238016848077871e-07
949,,1.9237917079897197e-07
950,,1.9237240571478274e-07
951,,1.923704410800783e-07
952,,1.9236921812218973e-07
953,,1.9236821167114038e-07
954,,1.923615788537125e-07
955,,1.9235952517827818e-07
956,,1.9235827076974228e-07
957,,1.923572538632146e-07
958,,1.9235078457447615e-07
959,,1.9234861874028286e-07
960,,1.9234732659574682e-07
961,,1.9234629743886951e-07
962,,1.923400237901692e-07
963,,1.9233772233998977e-07
964,,1.9233638582812596e-07
965,,1.923353424783305e-07
966,,1.9232929842024486e-07
967,,1.9232683678242118e-07
968,,1.9232544875410846e-07
969,,1.9232438908083077e-07
970,,1.9231861126579048e-07
971,,1.923159630937637e-07
972,,1.923145157226821e-07
973,,1.9231343735937015e-07
974,,1.9230796596221948e-07
975,,1.923051025201272e-07
976,,1.9230358714519935e-07
977,,1.9230248744317713e-07
978,,1.9229736696969178e-07
979,,1.922942565355718e-07
980,,1.9229266349436986e-07
981,,1.922915394860011e-07
982,,1.9229056081372182e-07
983,,1.922834268625322e-07
984,,1.9228174532221501e-07
985,,1.9228059366137098e-07
986,,1.9227960638571575e-07
987,,1.922726154888753e-07
988,,1.9227083325596133e-07
989,,1.9226965016583964e-07
990,,1.9226865311566994e-07
991,,1.9226182469728803e-07
992,,1.9225992801503534e-07
993,,1.9225870922685494e-07
994,,1.9225770107115762e-07
995,,1.9225105709616668e-07
996,,1.922490304219904e-07
997,,1.922477711002499e-07
998,,1.9224675033554332e-07
999,,1.922403156674855e-07
1000,,1.9223814140741267e-07
1001,,1.9223683608000853e-07
1002,,1.9223580099873903e-07
1003,,1.9222960380198542e-07
1004,,1.9222726203619977e-07
1005,,1.9222590449639163e-07
1006,,1.9222485316714873e-07
1007,,1.9221892535848195e-07
1008,,1.9221639351359083e-07
1009,,1.9221497672717302e-07
1010,,1.922139069550486e-07
1011,,1.9220828472514453e-07
1012,,1.9220553721223205e-07
1013,,1.9220405320250824e-07
1014,,1.9220296249843713e-07
1015,,1.9219768688623253e-07
1016,,1.9219469468864942e-07
1017,,1.9219313440401776e-07
1018,,1.921920199486806e-07
1019,,1.9218713750373515e-07
1020,,1.9218386771165886e-07
1021,,1.9218222089008668e-07
1022,,1.9218107947834549e-07
1023,,1.9218009550936913e-07
1024,,1.9217305829002062e-07
1025,,1.9217131328502802e-07
1026,,1.9217014128263117e-07
1027,,1.9216914780810877e-07
1028,,1.9216226870330884e-07
1029,,1.9216041230113015e-07
1030,,1.9215920558302664e-07
1031,,1.9215820131551848e-07
1032,,1.9215150153974655e-07
1033,,1.9214951874530824e-07
1034,,1.9214827263581675e-07
1035,,1.9214725611311525e-07
1036,,1.9214075973347526e-07
1037,,1.9213863353572424e-07
1038,,1.9213734272455422e-07
1039,,1.9213631228830798e-07
1040,,1.921300466230039e-07
1041,,1.9212775771526033e-07
1042,,1.9212641617397835e-07
1043,,1.9212536994507955e-07
1044,,1.9211936599264562e-07
1045,,1.9211689246177794e-07
1046,,1.9211549335318797e-07
1047,,1.9211442919508724e-07
1048,,1.921087221366904e-07
1049,,1.921060391209507e-07
1050,,1.9210457468202032e-07
1051,,1.9210349017273203e-07
1052,,1.9209811993203658e-07
1053,,1.9209519921319434e-07
1054,,1.920936606355619e-07
1055,,1.9209255302527535e-07
1056,,1.9208756491596893e-07
1057,,1.9208437446808165e-07
1058,,1.9208275175379371e-07
1059,,1.920816179222632e-07
1060,,1.920806365711747e-07
1061,,1.9207356684657088e-07
1062,,1.920718486488406e-07
1063,,1.9207068505128236e-07
1064,,1.9206969444578164e-07
1065,,1.9206277857758402e-07
1066,,1.9206095201735795e-07
1067,,1.9205975463331372e-07
1068,,1.9205875351728783e-07
1069,,1.9205201218781065e-07
1070,,1.9205006264903893e-07
1071,,1.9204882691339714e-07
1072,,1.920478138613324e-07
1073,,1.9204127054819617e-07
1074,,1.9203918143770765e-07
1075,,1.9203790217057513e-07
1076,,1.9203687556550766e-07
1077,,1.9203055691684126e-07
1078,,1.9202830940302438e-07
1079,,1.920269807247291e-07
1080,,1.9202593873100832e-07
1081,,1.9201987498988914e-07
1082,,1.920174477004817e-07
1083,,1.920160629365469e-07
1084,,1.9201500346716273e-07
1085,,1.9200922896907514e-07
1086,,1.920065976379889e-07
1087,,1.9200514921339536e-07
1088,,1.9200406990491776e-07
1089,,1.919986236164163e-07
1090,,1.9199576070746044e-07
1091,,1.9199424001953143e-07
1092,,1.9199313818704784e-07
1093,,1.9198806434202182e-07
1094,,1.9198493859569958e-07
1095,,1.9198333588723266e-07
1096,,1.9198220848003463e-07
1097,,1.9198122942036555e-07
1098,,1.9197413322326598e-07
1099,,1.919724374121631e-07
1100,,1.91971280969938e-07
1101,,1.9197029287982526e-07
1102,,1.9196334676715964e-07
1103,,1.919615452724209e-07
1104,,1.9196035586894955e-07
1105,,1.9195935752387945e-07
1106,,1.9195258169691755e-07
1107,,1.9195066024412422e-07
1108,,1.9194943341993083e-07
1109,,1.9194842342401307e-07
1110,,1.9194184081894035e-07
1111,,1.9193978320177864e-07
1112,,1.919385138947012e-07
1113,,1.9193749066969208e-07
1114,,1.9193112731997827e-07
1115,,1.9192891513921575e-07
1116,,1.9192759760540268e-07
1117,,1.919265593548265e-07
1118,,1.9192044481595947e-07
1119,,1.9191805718904304e-07
1120,,1.9191668490405907e-07
1121,,1.9191562959223425e-07
1122,,1.9190979740898455e-07
1123,,1.9190721063088533e-07
1124,,1.9190577619045883e-07
1125,,1.9190470150392091e-07
1126,,1.9189918976326733e-07
1127,,1.9189637691996786e-07
1128,,1.9189487192053163e-07
1129,,1.918937752335152e-07
1130,,1.9188862716762295e-07
1131,,1.9188555771133664e-07
1132,,1.9188397260960303e-07
1133,,1.9188285094454667e-07
1134,,1.9188187397989484e-07
1135,,1.9187475487767005e-07
1136,,1.918730788447515e-07
1137,,1.9187192881690006e-07
1138,,1.9187094302958873e-07
1139,,1.918639705512358e-07
1140,,1.9186219128941197e-07
1141,,1.9186100905852752e-07
1142,,1.9186001324948735e-07
1143,,1.9185320714884029e-07
1144,,1.91851310699678e-07
1145,,1.9185009190593083e-07
1146,,1.9184908471429725e-07
1147,,1.9184246741477041e-07
1148,,1.9184043793396444e-07
1149,,1.9183917762637968e-07
1150,,1.9183815750509918e-07
1151,,1.9183175446727264e-07
1152,,1.918295739631326e-07
1153,,1.9182826652433785e-07
1154,,1.9182723171938707e-07
1155,,1.9182107184044282e-07
1156,,1.9181871989530196e-07
1157,,1.918173589470616e-07
1158,,1.9181630746407453e-07
1159,,1.91810423551679e-07
1160,,1.9180787698142795e-07
1161,,1.9180645528308535e-07
1162,,1.9180538486011387e-07
1163,,1.917998141629416e-07
1164,,1.9179704664971905e-07
1165,,1.9179555597870568e-07
1166,,1.9179446405017748e-07
1167,,1.9178924884512725e-07
1168,,1.917862305139977e-07
1169,,1.9178466153890497e-07
1170,,1.9178354518796557e-07
1171,,1.9177873347951054e-07
1172,,1.9177543041036068e-07
1173,,1.917737725356521e-07
1174,,1.9177262845493894e-07
1175,,1.9177164483731527e-07
1176,,1.9176464842138446e-07
1177,,1.9176288962341793e-07
1178,,1.917617140526605e-07
1179,,1.917607206361233e-07
1180,,1.91753886917789e-07
1181,,1.917520135383945e-07
1182,,1.917508022158097e-07
1183,,1.9174979766569758e-07
1184,,1.9174314857901166e-07
1185,,1.9174114512019182e-07
1186,,1.9173989320199632e-07
1187,,1.9173887600685178e-07
1188,,1.9173243645872817e-07
1189,,1.9173028532065738e-07
1190,,1.9172898730856864e-07
1191,,1.9172795575295898e-07
1192,,1.9172175401608032e-07
1193,,1.9171943522145508e-07
1194,,1.9171808487724593e-07
1195,,1.9171703701134746e-07
1196,,1.9171110518471112e-07
1197,,1.917085960504806e-07
1198,,1.9170718628902807e-07
1199,,1.9170611989728706e-07
1200,,1.9170049442108652e-07
1201,,1.9169776920218013e-07
1202,,1.9169629198007776e-07
1203,,1.9169520455287711e-07
1204,,1.9168992679519994e-07
1205,,1.9168695625788872e-07
1206,,1.91685402442608e-07
1207,,1.9168429112736184e-07
1208,,1.9167940805209936e-07
1209,,1.9167615901444958e-07
1210,,1.9167451824223813e-07
1211,,1.9167337979788362e-07
1212,,1.9167239825816499e-07
1213,,1.9166537951220465e-07
1214,,1.9166364001004463e-07
1215,,1.9166247076382863e-07
1216,,1.916614796374906e-07
1217,,1.9165462006422273e-07
1218,,1.9165276847424603e-07
1219,,1.9165156424997142e-07
1220,,1.916505622332043e-07
1221,,1.9164388330040266e-07
1222,,1.916419044550501e-07
1223,,1.9164066051282702e-07
1224,,1.916396461264861e-07
1225,,1.9163317220530884e-07
1226,,1.9163104888257974e-07
1227,,1.9162975984677204e-07
1228,,1.916287314084735e-07
1229,,1.9162249016821905e-07
1230,,1.9162020281535819e-07
1231,,1.9161886257782205e-07
1232,,1.9161781818033132e-07
1233,,1.9161184103042628e-07
1234,,1.9160936745751927e-07
1235,,1.9160796908389626e-07
1236,,1.9160690656246056e-07
1237,,1.916012291647699e-07
1238,,1.9159854417220207e-07
1239,,1.9159707979137106e-07
1240,,1.9159599668565986e-07
1241,,1.9159065952480212e-07
1242,,1.9158773450700538e-07
1243,,1.915861951814445e-07
1244,,1.9158508870162111e-07
1245,,1.915801377431074e-07
1246,,1.9157694022044598e-07
1247,,1.915753158072018e-07
1248,,1.9157418278118007e-07
1249,,1.9157320325512957e-07
1250,,1.9156616330976153e-07
1251,,1.915644422884334e-07
1252,,1.9156327912126985e-07
1253,,1.91562290213992e-07
1254,,1.9155540604096835e-07
1255,,1.9155357533699615e-07
1256,,1.915523779413605e-07
1257,,1.9155137837872366e-07
1258,,1.9154467098492134e-07
1259,,1.9154271575249606e-07
1260,,1.9154147949317434e-07
1261,,1.915404678248477e-07
1262,,1.915339610659448e-07
1263,,1.9153186445084465e-07
1264,,1.9153058406025088e-07
1265,,1.9152955864122338e-07
1266,,1.9152327959911368e-07
1267,,1.9152102246626619e-07
1268,,1.9151969196776397e-07
1269,,1.9151865093202888e-07
1270,,1.9151263034754634e-07
1271,,1.9151019097428292e-07
1272,,1.9150880358326434e-07
1273,,1.9150774480998383e-07
1274,,1.9150201758654723e-07
1275,,1.9149937131262706e-07
1276,,1.9149791932215544e-07
1277,,1.9149684040512825e-07
1278,,1.9149144617223116e-07
1279,,1.914885649947504e-07
1280,,1.9148703965868372e-07
1281,,1.914859378667553e-07
1282,,1.914809216086915e-07
1283,,1.9147777374261272e-07
1284,,1.914761651329433e-07
1285,,1.91475037360955e-07
1286,,1.9147405979704343e-07
1287,,1.9146699951141216e-07
1288,,1.914652963521689e-07
1289,,1.914641390793688e-07
1290,,1.914631523367772e-07
1291,,1.914562445177099e-07
1292,,1.9145443401030437e-07
1293,,1.9145324323855348e-07
1294,,1.9145224606638632e-07
1295,,1.9144551128249097e-07
1296,,1.9144357889435878e-07
1297,,1.914423500850778e-07
1298,,1.9144134106563372e-07
1299,,1.9143480266099591e-07
1300,,1.9143273189953374e-07
1301,,1.9143145989722694e-07
1302,,1.9143043741943066e-07
1303,,1.91424121903875e-07
1304,,1.9142189403506356e-07
1305,,1.9142057299041015e-07
1306,,1.9141953522927814e-07
1307,,1.9141347269311794e-07
1308,,1.914110664564142e-07
1309,,1.9140968972600208e-07
1310,,1.9140863460420865e-07
1311,,1.9140285921475695e-07
1312,,1.9140025046982656e-07
1313,,1.9139881051223577e-07
1314,,1.913977356733323e-07
1315,,1.9139228621892284e-07
1316,,1.9138944755709076e-07
1317,,1.9138793581049604e-07
1318,,1.9138683858249626e-07
1319,,1.9138175909875953e-07
1320,,1.913786594052741e-07
1321,,1.913770661503589e-07
1322,,1.9137594349554735e-07
1323,,1.9137496785309142e-07
1324,,1.9136788792673595e-07
1325,,1.9136620212826904e-07
1326,,1.9136505059727778e-07
1327,,1.9136406597066563e-07
1328,,1.9135713529361833e-07
1329,,1.913553444206288e-07
1330,,1.9135416010178986e-07
1331,,1.9135316526916867e-07
1332,,1.9134640396939856e-07
1333,,1.9134449380011596e-07
1334,,1.9134327224894944e-07
1335,,1.9134226581868906e-07
1336,,1.913356967570153e-07
1337,,1.91333651141104e-07
1338,,1.9133238731291659e-07
1339,,1.913313677095649e-07
1340,,1.9132501682899213e-07
1341,,1.9132281743307603e-07
1342,,1.9132150560026065e-07
1343,,1.913204710385058e-07
1344,,1.9131436779661717e-07
1345,,1.913119938066699e-07
1346,,1.9131062746624307e-07
1347,,1.9130957591273237e-07
1348,,1.9130375375323226e-07
1349,,1.9130118154096135e-07
1350,,1.9129975331085157e-07
1351,,1.9129868245915222e-07
1352,,1.9129317935167594e-07
1353,,1.9129038208564223e-07
1354,,1.9128888358685853e-07
1355,,1.9128779081712537e-07
1356,,1.9128264986937908e-07
1357,,1.9127959709247582e-07
1358,,1.912780188083469e-07
1359,,1.9127690115123655e-07
1360,,1.912759273943056e-07
1361,,1.9126882843418914e-07
1362,,1.912671595609671e-07
1363,,1.9126601364102425e-07
1364,,1.9126503109115977e-07
1365,,1.912580782372764e-07
1366,,1.9125630651099886e-07
1367,,1.9125512849411046e-07
1368,,1.9125413595316667e-07
1369,,1.9124734891248497e-07
1370,,1.9124546040958862e-07
1371,,1.9124424594694192e-07
1372,,1.9124324205622845e-07
1373,,1.9123664320002898e-07
1374,,1.9123462211439205e-07
1375,,1.912333662685117e-07
1376,,1.912323494866451e-07
1377,,1.9122596421304353e-07
1378,,1.9122379259475602e-07
1379,,1.912224897599771e-07
1380,,1.9122145833176733e-07
1381,,1.912153154824649e-07
1382,,1.9121297295758624e-07
1383,,1.9121161676569453e-07
1384,,1.9121056870673133e-07
1385,,1.9120470101795154e-07
1386,,1.912021644524107e-07
1387,,1.9120074767989834e-07
1388,,1.9119968073024068e-07
1389,,1.9119412536791852e-07
1390,,1.911913685042198e-07
1391,,1.9118988294397214e-07
1392,,1.9118879454081815e-07
1393,,1.9118359370746982e-07
1394,,1.911805867241435e-07
1395,,1.911790230631423e-07
1396,,1.9117791029646644e-07
1397,,1.9117311189973348e-07
1398,,1.911698209470693e-07
1399,,1.9116816860986884e-07
1400,,1.9116702817702457e-07
1401,,1.911660476647687e-07
1402,,1.9115907325358409e-07
1403,,1.9115732023487535e-07
1404,,1.9115614838480606e-07
1405,,1.9115515809337703e-07
1406,,1.911483460070663e-07
1407,,1.9114647867541102e-07
1408,,1.911452711491057e-07
1409,,1.91144269748686e-07
1410,,1.9113764188963648e-07
1411,,1.9113564477025074e-07
1412,,1.9113439673372194e-07
1413,,1.9113338271464543e-07
1414,,1.9112696394617716e-07
1415,,1.9112481946946017e-07
1416,,1.911235254363266e-07
1417,,1.9112249708083872e-07
1418,,1.9111631563349936e-07
1419,,1.911140038559009e-07
1420,,1.9111265759106756e-07
1421,,1.911116129558973e-07
1422,,1.9110570087708106e-07
1423,,1.9110319915158636e-07
1424,,1.911017935840948e-07
1425,,1.911007304582771e-07
1426,,1.9109512413487907e-07
1427,,1.9109240675157714e-07
1428,,1.910909338478388e-07
1429,,1.9108984972209917e-07
1430,,1.9108459046220406e-07
1431,,1.910816282361841e-07
1432,,1.9108007887820244e-07
1433,,1.9107897090294904e-07
1434,,1.9107410560992676e-07
1435,,1.910708653993067e-07
1436,,1.910692292348399e-07
1437,,1.9106809417691387e-07
1438,,1.9106711566874844e-07
1439,,1.9106012027720686e-07
1440,,1.9105838555323463e-07
1441,,1.9105721974213593e-07
1442,,1.91056231661942e-07
1443,,1.9104939518431724e-07
1444,,1.9104754855793566e-07
1445,,1.9104634782263728e-07
1446,,1.9104534886773268e-07
1447,,1.9103869274506174e-07
1448,,1.910367190684249e-07
1449,,1.910354786772114e-07
1450,,1.9103446736997683e-07
1451,,1.910280159430471e-07
1452,,1.9102589801329763e-07
1453,,1.910246125966171e-07
1454,,1.9102358725655256e-07
1455,,1.9101736816024715e-07
1456,,1.9101508645524507e-07
1457,,1.9101374990850113e-07
1458,,1.9101270863277333e-07
1459,,1.9100675323966354e-07
1460,,1.9100428558990835e-07
1461,,1.910028909898902e-07
1462,,1.9100183161326427e-07
1463,,1.90996175545304e-07
1464,,1.909934967830476e-07
1465,,1.9099203626617033e-07
1466,,1.9099095633352332e-07
1467,,1.9098564002972446e-07
1468,,1.9098272157979962e-07
1469,,1.9098118622024913e-07
1470,,1.9098008294311564e-07
1471,,1.909751523129781e-07
1472,,1.909719617376717e-07
1473,,1.9097034140191858e-07
1474,,1.909692116120203e-07
1475,,1.9096823507239628e-07
1476,,1.9096121925135204e-07
1477,,1.909595024326422e-07
1478,,1.9095834253844908e-07
1479,,1.9095735662958985e-07
1480,,1.9095049638504236e-07
1481,,1.9094867002166564e-07
1482,,1.9094747593825914e-07
1483,,1.9094647938759554e-07
1484,,1.9093979570997668e-07
1485,,1.909378449700453e-07
1486,,1.9093661206957003e-07
1487,,1.909356034256436e-07
1488,,1.909291201405531e-07
1489,,1.9092702819008057e-07
1490,,1.9092575121067437e-07
1491,,1.909247288320559e-07
1492,,1.909184729966407e-07
1493,,1.9091622071884612e-07
1494,,1.9091489368797688e-07
1495,,1.909138557090886e-07
1496,,1.909078580331613e-07
1497,,1.9090542372802347e-07
1498,,1.9090403986694662e-07
1499,,1.909029841698981e-07
1500,,1.9089727952720008e-07
1501,,1.908946385538494e-07
1502,,1.9089319016649408e-07
1503,,4.713896995499659
1504,,69596.83344527277
1505,,4.639175900619578
1506,,588.9125081702906
1507,,4.551102062951067
1508,,0.6821685855894066
1509,,0.55289757442757
1510,,0.1961123103231475
1511,,4.7314344399719275
1512,,0.19376680222116574
1513,,0.19429702299236892
1514,,0.18157596738190832
1515,,0.2085172541712949
1516,,0.17560037432963824
1517,,0.14865981545441415
1518,,0.11294326905729468
1519,,0.07474109782159
1520,,0.12930891923465407
1521,,0.05757850060030965
1522,,0.11674154573061209
1523,,0.0498112893044201
1524,,0.05023102623758313
1525,,0.04244125062773222
1526,,0.040959392035574825
1527,,0.03583365989811103
1528,,0.08073425387848587
1529,,0.0319721430901182
1530,,0.02779441732583684
1531,,0.020624619122155078
1532,,0.013368433783390532
1533,,0.008869710065527303
1534,,0.005828094501061858
1535,,0.0052441675908362784
1536,,0.004142570487339853
1537,,0.0035135800744969165
1538,,0.0027271039914621062
1539,,0.0018087906357113707
1540,,0.001098476722406206
1541,,0.0009670611396315448
1542,,0.0008963675206711327
1543,,0.0008594634072474022
1544,,0.0007771938184017611
1545,,0.0006460656921374328
1546,,0.0004907033095734232
1547,,0.0003339901121750938
1548,,0.0002514523650523403
1549,,0.00022378161532551061
1550,,0.00020607243021899217
1551,,0.0001861943753086976
1552,,0.00016076200509065593
1553,,0.0001356839706421182
1554,,0.00012369072515582602
1555,,0.00011503459904197944
1556,,0.0001083436087146434
1557,,0.0001069452509330089
1558,,0.00010663066685177767
1559,,0.000106307743764959
1560,,0.0001056920541971175
1561,,0.00010446401092820289
1562,,0.0001021137213441534
1563,,9.757583469834142e-05
1564,,9.067240777494825e-05
1565,,8.188872003201811e-05
1566,,6.678345690417719e-05
1567,,5.384737334216298e-05
1568,,4.6150680947816265e-05
1569,,3.921369071339916e-05
1570,,3.346467562722194e-05
1571,,3.2295181382018944e-05
1572,,3.1878979494237314e-05
1573,,3.1472630414701134e-05
1574,,3.074315530694584e-05
1575,,2.9491788682164667e-05
1576,,2.7715367456126346e-05
1577,,2.6110222478298156e-05
1578,,2.5309305403754096e-05
1579,,2.5016485017703086e-05
1580,,2.4857857439045302e-05
1581,,2.4603084453643617e-05
1582,,2.4160752875186608e-05
1583,,2.3284994225854144e-05
1584,,2.182072145659588e-05
1585,,2.021880022364214e-05
1586,,1.8844815158843916e-05
1587,,1.675284999536858e-05
1588,,1.4890563432813173e-05
1589,,1.3489726942918322e-05
1590,,1.123860777968107e-05
1591,,9.217531816633913e-06
1592,,8.809302030459916e-06
1593,,8.674151310840556e-06
1594,,8.632223618176584e-06
1595,,8.58454720524166e-06
1596,,8.496551892014898e-06
1597,,8.297425038509773e-06
1598,,8.028087759753535e-06
1599,,7.766991496736552e-06
1600,,7.621862855302214e-06
1601,,7.5467014285253576e-06
1602,,7.47885850780485e-06
1603,,7.326319339077699e-06
1604,,6.948226597743302e-06
1605,,6.271543797183017e-06
1606,,5.128221729410832e-06
1607,,3.939879193863065e-06
1608,,3.3421656967157255e-06
1609,,3.0080748878032817e-06
1610,,2.9030902623326305e-06
1611,,2.852277099375242e-06
1612,,2.822039756351043e-06
1613,,2.792974594434833e-06
1614,,2.7522459158121656e-06
1615,,2.672114452751203e-06
1616,,2.511701873353163e-06
1617,,2.232563934066367e-06
1618,,1.870628736973598e-06
1619,,1.6532734346473264e-06
1620,,1.5499791300786592e-06
1621,,1.4826868075361178e-06
1622,,1.4781823422264407e-06
1623,,1.4773949495966102e-06
1624,,1.4767104333306942e-06
1625,,1.4756315420713055e-06
1626,,1.4730709802759683e-06
1627,,1.4671325943814882e-06
1628,,1.4535984041648323e-06
1629,,1.4232209461619598e-06
1630,,1.357680086063892e-06
1631,,1.228759203537749e-06
1632,,1.0195597898283233e-06
1633,,7.810897583878162e-07
1634,,6.321366782408381e-07
1635,,5.769710852314306e-07
1636,,5.619734930000834e-07
1637,,5.603836935508946e-07
1638,,5.601859098474435e-07
1639,,5.600866347240291e-07
1640,,5.600213250253712e-07
1641,,5.5953304172005e-07
1642,,5.577579758827099e-07
1643,,5.527941533532014e-07
1644,,5.432631194977276e-07
1645,,5.227524635478399e-07
1646,,4.805612018640759e-07
1647,,4.0352896325263473e-07
1648,,2.969488376737307e-07
1649,,4.916284774110891e-07
1650,,2.806378003245138e-07
1651,,2.0141172947346558e-07
1652,,1.6291616287388332e-07
1653,,1.555880407995666e-07
1654,,1.5463248114109976e-07
1655,,1.5444219117957247e-07
1656,,1.5414487631488993e-07
1657,,1.5391239005891262e-07
1658,,1.5199530534391724e-07
1659,,1.3699520491218195e-07
1660,,1.0961501301208614e-07
1661,,7.420469153169519e-08
1662,,4.458996389167043e-08
1663,,3.0357789181236425e-08
1664,,2.7246990336100446e-08
1665,,2.6899934928796913e-08
1666,,2.6874123437193315e-08
1667,,2.6872575825671903e-08
1668,,2.6872380122038084e-08
1669,,2.687229609461496e-08
1670,,2.6872226563019137e-08
1671,,2.6871712490091074e-08
1672,,2.6871580450212844e-08
1673,,2.6871501354079896e-08
1674,,2.6871432277280187e-08
1675,,2.6870900854940222e-08
1676,,2.6870784524913723e-08
1677,,2.687070697696397e-08
1678,,2.6870362459336585e-08
1679,,2.6870100694574816e-08
1680,,2.6869989757687387e-08
1681,,2.6869912750503266e-08
1682,,2.686954718626491e-08
1683,,2.686930446600861e-08
1684,,2.686919545613211e-08
1685,,2.686911860353961e-08
1686,,2.6868745641049902e-08
1687,,2.686850982697276e-08
1688,,2.6868401371026214e-08
1689,,2.68683245093578e-08
1690,,2.6867949708841378e-08
1691,,2.6867715896564762e-08
1692,,2.6867607405896663e-08
1693,,2.6867530457132566e-08
1694,,2.6867156256244925e-08
1695,,2.6866922329931535e-08
1696,,2.6866813524088327e-08
1697,,2.6866736443836225e-08
1698,,2.686636404889597e-08
1699,,2.6866128992819373e-08
1700,,2.6866019712264298e-08
1701,,2.6865942468354158e-08
1702,,2.68655726063092e-08
1703,,2.686533583940768e-08
1704,,2.6865225966900992e-08
1705,,2.6865148531536528e-08
1706,,2.6864781755297574e-08
1707,,2.6864542856101344e-08
1708,,2.6864432290062003e-08
1709,,2.686435463373576e-08
1710,,2.686399144880455e-08
1711,,2.6863750047959854e-08
1712,,2.686363868462237e-08
1713,,2.6863560777097983e-08
1714,,2.6863201699228254e-08
1715,,2.686295742638255e-08
1716,,2.686284515619725e-08
1717,,2.6862766963200653e-08
1718,,2.6862412545540276e-08
1719,,2.686216500897984e-08
1720,,2.6862051711976676e-08
1721,,2.6861973194148876e-08
1722,,2.6861624047325612e-08
1723,,2.6861372817224747e-08
1724,,2.686125835792868e-08
1725,,2.6861179472662267e-08
1726,,2.6860836277931374e-08
1727,,2.6860580877985546e-08
1728,,2.6860465103707792e-08
1729,,2.6860385801925505e-08
1730,,2.6860316120377697e-08
1731,,2.6859789220336337e-08
1732,,2.6859671959444335e-08
1733,,2.6859592184906792e-08
1734,,2.6859522352852194e-08
1735,,2.6858997880061887e-08
1736,,2.685887893714467e-08
1737,,2.6858798626437435e-08
1738,,2.6858728623280253e-08
1739,,2.6858206898612503e-08
1740,,2.6858086050809873e-08
1741,,2.685800513076218e-08
1742,,2.6857934931838472e-08
1743,,2.685741632328497e-08
1744,,2.6857293316791557e-08
1745,,2.6857211703357165e-08
1746,,2.6857141280969063e-08
1747,,2.6856626209833494e-08
1748,,2.685650075361637e-08
1749,,2.6856418350669946e-08
1750,,2.6856347672403858e-08
1751,,2.685583662240405e-08
1752,,2.685570838205366e-08
1753,,2.6855625079385945e-08
1754,,2.685555410925502e-08
1755,,2.6855047633797905e-08
1756,,2.685491622799014e-08
1757,,2.685483189840733e-08
1758,,2.6854760593784417e-08
1759,,2.685425933122779e-08
1760,,2.6854124320271763e-08
1761,,2.6854038817741955e-08
1762,,2.685396712991274e-08
1763,,2.685347181242607e-08
1764,,2.6853332691544676e-08
1765,,2.685324584823826e-08
1766,,2.685317372115867e-08
1767,,2.6852685192908003e-08
1768,,2.685254138146447e-08
1769,,2.6852453003457125e-08
1770,,2.6852380371627966e-08
1771,,2.6851899603938077e-08
1772,,2.685175043394773e-08
1773,,2.6851660297855674e-08
1774,,2.6851587086732324e-08
1775,,2.685111520045077e-08
1776,,2.685095990173055e-08
1777,,2.685086774973853e-08
1778,,2.685079387267724e-08
1779,,2.6850332159226993e-08
1780,,2.6850169844533776e-08
1781,,2.685007537869511e-08
1782,,2.685000073563613e-08
1783,,2.6849550685555385e-08
1784,,2.6849380331505223e-08
1785,,2.6849283209559973e-08
1786,,2.6849207684669534e-08
1787,,2.6848771017130762e-08
1788,,2.6848591443608687e-08
1789,,2.6848491268313192e-08
1790,,2.6848414728216082e-08
1791,,2.6847993430853487e-08
1792,,2.6847803274279502e-08
1793,,2.6847699587185877e-08
1794,,2.6847621878012133e-08
1795,,2.6847218244359323e-08
1796,,2.6847015931450236e-08
1797,,2.6846908202743446e-08
1798,,2.6846829144514108e-08
1799,,2.6846445828761663e-08
1800,,2.684622954100483e-08
1801,,2.6846117157805942e-08
1802,,2.6846036544561693e-08
1803,,2.6845676610474863e-08
1804,,2.6845444248203863e-08
1805,,2.6845326501881422e-08
1806,,2.6845244094040968e-08
1807,,2.6845172765322794e-08
1808,,2.68446602207388e-08
1809,,2.6844536291868218e-08
1810,,2.684445181143329e-08
1811,,2.6844379787914065e-08
1812,,2.6843877655269968e-08
1813,,2.684374659501624e-08
1814,,2.684365972073782e-08
1815,,2.684358689256664e-08
1816,,2.684309677749857e-08
1817,,2.6842957487180744e-08
1818,,2.684286784807669e-08
1819,,2.6842794088348555e-08
1820,,2.684231785043246e-08
1821,,2.6842169058317928e-08
1822,,2.6842076222803815e-08
1823,,2.6842001386198386e-08
1824,,2.6841541179573264e-08
1825,,2.6841381412356686e-08
1826,,2.684128488136326e-08
1827,,2.6841208798253225e-08
1828,,2.6840767117708453e-08
1829,,2.684059466946633e-08
1830,,2.6840493863470544e-08
1831,,2.6840416338373497e-08
1832,,2.6839996075409444e-08
1833,,2.6839808969695784e-08
1834,,2.6839703218810817e-08
1835,,2.6839624021848348e-08
1836,,2.6839228529040033e-08
1837,,2.6839024474081645e-08
1838,,2.6838913000189906e-08
1839,,2.683883186845012e-08
1840,,2.6838465029591286e-08
1841,,2.683824137181757e-08
1842,,2.6838123273551634e-08
1843,,2.6838039899750042e-08
1844,,2.683796803418159e-08
1845,,2.6837459881104594e-08
1846,,2.683733411226369e-08
1847,,2.6837248141513524e-08
1848,,2.6837175396124715e-08
1849,,2.6836680254914332e-08
1850,,2.6836545603285196e-08
1851,,2.6836456622556957e-08
1852,,2.683638285630106e-08
1853,,2.6835902787794293e-08
1854,,2.683575784668034e-08
1855,,2.683566537742396e-08
1856,,2.683559042873234e-08
1857,,2.683512782087492e-08
1858,,2.6834970958926945e-08
1859,,2.683487444548469e-08
1860,,2.683479812463452e-08
1861,,2.683435575137044e-08
1862,,2.683418507493719e-08
1863,,2.683408387359109e-08
1864,,2.6834005960856188e-08
1865,,2.6833587039048048e-08
1866,,2.6833400351911536e-08
1867,,2.6833293715451236e-08
1868,,2.683321395482322e-08
1869,,2.6832822218840914e-08
1870,,2.6832616972895204e-08
1871,,2.6832504031775475e-08
1872,,2.6832422129221947e-08
1873,,2.683206191063009e-08
1874,,2.6831835148728817e-08
1875,,2.6831714895622655e-08
1876,,2.6831630507526776e-08
1877,,2.6831558230042885e-08
1878,,2.6831055125564764e-08
1879,,2.683092639085643e-08
1880,,2.6830839119129535e-08
1881,,2.6830765860580427e-08
1882,,2.6830277188680475e-08
1883,,2.683013861616026e-08
1884,,2.6830047995768566e-08
1885,,2.682997359946097e-08
1886,,2.682950166992089e-08
1887,,2.682935168242401e-08
1888,,2.682925717773833e-08
1889,,2.68291814597329e-08
1890,,2.682872895387135e-08
1891,,2.682856572253449e-08
1892,,2.6828466709683458e-08
1893,,2.6828389456702915e-08
1894,,2.682795948893222e-08
1895,,2.682778088973138e-08
1896,,2.682767664327824e-08
1897,,2.682759760800409e-08
1898,,2.6827193793257503e-08
1899,,2.6826997359512065e-08
1900,,2.682688703900717e-08
1901,,2.6826805935542973e-08
1902,,2.6826432470781157e-08
1903,,2.682621533857991e-08
1904,,2.682609796722185e-08
1905,,2.682601446148589e-08
1906,,2.682594246586523e-08
1907,,2.6825435066516104e-08
1908,,2.6825309509898382e-08
1909,,2.682522321492064e-08
1910,,2.6825150269185997e-08
1911,,2.6824656821164624e-08
1912,,2.6824521761910113e-08
1913,,2.6824432227767095e-08
1914,,2.682435817847068e-08
1915,,2.6823880925024102e-08
1916,,2.682373483253654e-08
1917,,2.682364153774736e-08
1918,,2.6823566206944648e-08
1919,,2.6823107752601736e-08
1920,,2.68229488506365e-08
1921,,2.6822851188575504e-08
1922,,2.682277436961205e-08
1923,,2.6822337740180007e-08
1924,,2.6822163965181546e-08
1925,,2.682206123111275e-08
1926,,2.6821982683385746e-08
1927,,2.6821571392995973e-08
1928,,2.6821380347922225e-08
1929,,2.682127172434752e-08
1930,,2.6821191168258397e-08
1931,,2.6820809298435516e-08
1932,,2.682059820066117e-08
1933,,2.68204827369279e-08
1934,,2.6820399848026874e-08
1935,,2.6820328060750586e-08
1936,,2.6819817755477572e-08
1937,,2.6819694348348027e-08
1938,,2.681960874929057e-08
1939,,2.68195360392259e-08
1940,,2.681903928383922e-08
1941,,2.6818906650511258e-08
1942,,2.681881790465647e-08
1943,,2.6818744121219002e-08
1944,,2.681826309990338e-08
1945,,2.6818119751537858e-08
1946,,2.681802735002793e-08
1947,,2.6817952320425937e-08
1948,,2.681748956933105e-08
1949,,2.681733377596797e-08
1950,,2.681723712870512e-08
1951,,2.6817160650512234e-08
1952,,2.681671911649079e-08
1953,,2.6816548869082336e-08
1954,,2.6816447289018283e-08
1955,,2.6816369128960345e-08
1956,,2.681595223446598e-08
1957,,2.6815765199048892e-08
1958,,2.681565788989347e-08
1959,,2.681557777416837e-08
1960,,2.6815189496300287e-08
1961,,2.681498296205605e-08
1962,,2.6814868996681408e-08
1963,,2.6814786610709375e-08
1964,,2.681443156775384e-08
1965,,2.6814202384648517e-08
1966,,2.681408068841728e-08
1967,,2.6813995663951034e-08
1968,,2.6813923154089047e-08
1969,,2.6813423730727974e-08
1970,,2.6813293054641967e-08
1971,,2.6813204965445684e-08
1972,,2.6813131410324695e-08
1973,,2.6812647308436036e-08
1974,,2.68125061999533e-08
1975,,2.6812414550449607e-08
1976,,2.6812339781312694e-08
1977,,2.681187347287553e-08
1978,,2.6811720247097823e-08
1979,,2.681162446083952e-08
1980,,2.68115482800773e-08
1981,,2.6811102638837798e-08
1982,,2.6810935336471093e-08
1983,,2.6810834744422374e-08
1984,,2.681075692459807e-08
1985,,2.6810335287252656e-08
1986,,2.6810151632337245e-08
1987,,2.6810045457843755e-08
1988,,2.6809965732691247e-08
1989,,2.6809571976761587e-08
1990,,2.6809369326244574e-08
1991,,2.6809256666764538e-08
1992,,2.6809174727971804e-08
1993,,2.6808813357006413e-08
1994,,2.68085886395654e-08
1995,,2.680846844559092e-08
1996,,2.6808383935075055e-08
1997,,2.6808311608128116e-08
1998,,2.680780983027243e-08
1999,,2.6807680883433796e-08
2000,,2.6807593384425788e-08
2001,,2.6807520039069302e-08
2002,,2.680703319796512e-08
2003,,2.6806894081739473e-08
2004,,2.680680311202312e-08
2005,,2.680672858183872e-08
2006,,2.680625908913521e-08
2007,,2.6806108160373857e-08
2008,,2.6806013157529453e-08
2009,,2.68059372508679e-08
2010,,2.680548790913384e-08
2011,,2.6805323256063008e-08
2012,,2.6805223567243273e-08
2013,,2.680514606150561e-08
2014,,2.6804720127093695e-08
2015,,2.680453953064349e-08
2016,,2.6804434397596646e-08
2017,,2.68043550340079e-08
2018,,2.6803956288186955e-08
2019,,2.6803757169103403e-08
2020,,2.6803645710860558e-08
2021,,2.6803564188441133e-08
2022,,2.680319702511131e-08
2023,,2.6802976388500933e-08
2024,,2.6802857581827126e-08
2025,,2.6802773551536622e-08
2026,,2.6802701397136264e-08
2027,,2.6802197439917534e-08
2028,,2.680207009659603e-08
2029,,2.6801983151300263e-08
2030,,2.68019100030698e-08
2031,,2.680142061585066e-08
2032,,2.680128335381315e-08
2033,,2.6801193022043164e-08
2034,,2.680111871894715e-08
2035,,2.680064625571642e-08
2036,,2.6800497470698212e-08
2037,,2.680040320449596e-08
2038,,2.6800327558296915e-08
2039,,2.6799874753008953e-08
2040,,2.6799712580785414e-08
2041,,2.679961374318821e-08
2042,,2.6799536537117528e-08
2043,,2.6799106566904264e-08
2044,,2.6798928841686863e-08
2045,,2.6798824692388866e-08
2046,,2.6798745673589834e-08
2047,,2.679834222861904e-08
2048,,2.679814643403075e-08
2049,,2.6798036114628566e-08
2050,,2.6797954989032586e-08
2051,,2.679758235682887e-08
2052,,2.6797365569762104e-08
2053,,2.6797248080532502e-08
2054,,2.6797164507935322e-08
2055,,2.6797092520018852e-08
2056,,2.6796586494012067e-08
2057,,2.6796460675257427e-08
2058,,2.6796374259123288e-08
2059,,2.67963013012436e-08
2060,,2.679580949205044e-08
2061,,2.679567399643877e-08
2062,,2.6795584275468737e-08
2063,,2.6795510190008475e-08
2064,,2.679503489499421e-08
2065,,2.6794888155647284e-08
2066,,2.6794794596150027e-08
2067,,2.6794719201374135e-08
2068,,2.679426308762052e-08
2069,,2.679410328618066e-08
2070,,2.679400526545813e-08
2071,,2.6793928348033617e-08
2072,,2.6793494516824825e-08
2073,,2.6793319539314705e-08
2074,,2.67932163360031e-08
2075,,2.6793137649574735e-08
2076,,2.6792729702475376e-08
2077,,2.6792537093179916e-08
2078,,2.679242786884431e-08
2079,,2.6792347126224305e-08
2080,,2.6791969247371594e-08
2081,,2.679175615364681e-08
2082,,2.6791639932712368e-08
2083,,2.6791556802571966e-08
2084,,2.6791484976364754e-08
2085,,2.6790976960491638e-08
2086,,2.679085261117194e-08
2087,,2.6790766706086492e-08
2088,,2.679069393262921e-08
2089,,2.6790199791527806e-08
2090,,2.6790065998978854e-08
2091,,2.6789976868649452e-08
2092,,2.6789902995515962e-08
2093,,2.6789424970404863e-08
2094,,2.678928020575054e-08
2095,,2.6789187329026712e-08
2096,,2.678911217761012e-08
2097,,2.6788652872507907e-08
2098,,2.6788495360150366e-08
2099,,2.678839813051703e-08
2100,,2.678832149316277e-08
2101,,2.6787883933820698e-08
2102,,2.6787711611707116e-08
2103,,2.6787609323958454e-08
2104,,2.678753096063971e-08
2105,,2.6787118662014123e-08
2106,,2.6786929133610624e-08
2107,,2.678682096920507e-08
2108,,2.6786740599678234e-08
2109,,2.6786357645546173e-08
2110,,2.6786148125660633e-08
2111,,2.6786033134019323e-08
2112,,2.6785950433682427e-08
2113,,2.6785878763791334e-08
2114,,2.6785368822911344e-08
2115,,2.678524589861253e-08
2116,,2.6785160489838206e-08
2117,,2.6785087896538052e-08
2118,,2.6784591497118882e-08
2119,,2.678445935650128e-08
2120,,2.6784370799928137e-08
2121,,2.678429713322508e-08
2122,,2.678381646242571e-08
2123,,2.6783673613777605e-08
2124,,2.6783581401808107e-08
2125,,2.678350648692001e-08
2126,,2.6783044086801326e-08
2127,,2.678288879761092e-08
2128,,2.678279233673105e-08
2129,,2.6782715972047722e-08
2130,,2.6782274795562695e-08
2131,,2.6782105052003854e-08
2132,,2.6782003655153653e-08
2133,,2.6781925605331117e-08
2134,,2.6781509082505135e-08
2135,,2.6781322546921243e-08
2136,,2.678121541414477e-08
2137,,2.6781135407139595e-08
2138,,2.6780747524397733e-08
2139,,2.6780541477744055e-08
2140,,2.6780427681969092e-08
2141,,2.6780345399989276e-08
2142,,2.6779990787560424e-08
2143,,2.6779762073381454e-08
2144,,2.677964053553464e-08
2145,,2.6779555609801683e-08
2146,,2.677948319199443e-08
2147,,2.6778984598850794e-08
2148,,2.677885406572513e-08
2149,,2.6778766069207806e-08
2150,,2.6778692603289243e-08
2151,,2.677820936144732e-08
2152,,2.6778068378146056e-08
2153,,2.677797681248337e-08
2154,,2.677790212900861e-08
2155,,2.6777436719709098e-08
2156,,2.677728359400857e-08
2157,,2.6777187882172244e-08
2158,,2.677711178343909e-08
2159,,2.6776667088624033e-08
2160,,2.67764998560444e-08
2161,,2.677639932679377e-08
2162,,2.6776321583801257e-08
2163,,2.6775900951825464e-08
2164,,2.677571732926464e-08
2165,,2.6775611202357312e-08
2166,,2.6775531548608076e-08
2167,,2.6775138869428698e-08
2168,,2.6774936204972625e-08
2169,,2.6774823574434984e-08
2170,,2.6774741700838373e-08
2171,,2.6774381494026336e-08
2172,,2.6774156706286858e-08
2173,,2.6774036519322852e-08
2174,,2.677395206587526e-08
2175,,2.677387981963111e-08
2176,,2.6773379091180287e-08
2177,,2.677325012575102e-08
2178,,2.6773162674199285e-08
2179,,2.6773089404762823e-08
2180,,2.6772603660574695e-08
2181,,2.6772464494990214e-08
2182,,2.6772373561125376e-08
2183,,2.67722991029709e-08
2184,,2.6771830764066833e-08
2185,,2.67716797474735e-08
2186,,2.6771584766269613e-08
2187,,2.6771508927857055e-08
2188,,2.677106080679303e-08
2189,,2.6770896021676965e-08
2190,,2.6770796338611747e-08
2191,,2.6770718895283433e-08
2192,,2.6770294260222602e-08
2193,,2.6770113478355442e-08
2194,,2.6770008332314438e-08
2195,,2.6769929023940177e-08
2196,,2.676953167163205e-08
2197,,2.6769332304715715e-08
2198,,2.6769220810938352e-08
2199,,2.6769139335899052e-08
2200,,2.676877367733738e-08
2201,,2.676855271880871e-08
2202,,2.6768433849536377e-08
2203,,2.6768349856250046e-08
2204,,2.6768277777151234e-08
2205,,2.6767774971250676e-08
2206,,2.6767647533359566e-08
2207,,2.676756061479817e-08
2208,,2.6767487537776266e-08
2209,,2.6766999356276967e-08
2210,,2.6766861964102806e-08
2211,,2.6766771645639545e-08
2212,,2.676669740923958e-08
2213,,2.6766226215498925e-08
2214,,2.6766077256730254e-08
2215,,2.6765982988385644e-08
2216,,2.6765907404022616e-08
2217,,2.67654559438867e-08
2218,,2.6765293546994987e-08
2219,,2.6765194690139692e-08
2220,,2.6765117538739778e-08
2221,,2.6764689002097566e-08
2222,,2.676451099209909e-08
2223,,2.6764406803010317e-08
2224,,2.676432783206519e-08
2225,,2.676392592429198e-08
2226,,2.6763729774859556e-08
2227,,2.6763619390679225e-08
2228,,2.676353830446747e-08
2229,,2.6763167331195934e-08
2230,,2.6762950107361744e-08
2231,,2.6762832524814446e-08
2232,,2.6762748980976466e-08
2233,,2.6762677066076156e-08
2234,,2.676217223519728e-08
2235,,2.6762046289973084e-08
2236,,2.676195989064086e-08
2237,,2.676188700158955e-08
2238,,2.6761396445705138e-08
2239,,2.6761260783726715e-08
2240,,2.6761171066800008e-08
2241,,2.6761097045960086e-08
2242,,2.6760623071149324e-08
2243,,2.6760476120099576e-08
2244,,2.67603825483964e-08
2245,,2.676030721183925e-08
2246,,2.6759852497759744e-08
2247,,2.6759692431019184e-08
2248,,2.6759594379787255e-08
2249,,2.6759517514725604e-08
2250,,2.6759085174782637e-08
2251,,2.6758909869237693e-08
2252,,2.675880661391686e-08
2253,,2.6758727972462397e-08
2254,,2.6758321623622578e-08
2255,,2.6758128613616874e-08
2256,,2.6758019311978665e-08
2257,,2.675793860609595e-08
2258,,2.6757562450178768e-08
2259,,2.675734887112232e-08
2260,,2.6757232544063672e-08
2261,,2.675714943952497e-08
2262,,2.6757077684797412e-08
2263,,2.6756570882303427e-08
2264,,2.675644639299176e-08
2265,,2.6756360501472248e-08
2266,,2.6756287796279676e-08
2267,,1.2046087263094054
2268,,100136.26496618429
2269,,1.167810725002621
2270,,886.8527020492626
2271,,1.1269808764198692
2272,,4.358153403068722
2273,,1.0212584356981356
2274,,0.5282936193113907
2275,,0.4832299809819087
2276,,0.21824819372316323
2277,,86.3685233805852
2278,,0.20401116113662981
2279,,0.43435064680828706
2280,,0.16050186119448606
2281,,0.11521802297807407
2282,,2.6756272063513737
2283,,0.10549473707493032
2284,,0.06413154451993028
2285,,0.07134607288368597
2286,,0.059487750784064194
2287,,0.04486650093473654
2288,,0.0342066493739887
2289,,0.03712036685563652
2290,,0.02501264216744005
2291,,1.693607386905291
2292,,0.023677324041780457
2293,,0.019906881739465716
2294,,0.015501323875188452
2295,,0.01727753194035323
2296,,0.014021434012507356
2297,,0.011130363670099494
2298,,0.009590632757785673
2299,,0.004161039656527551
2300,,0.0031667525548466856
2301,,0.00252776079872409
2302,,0.0020701498035349086
2303,,0.0018268672812665166
2304,,0.0015208440280352381
2305,,0.001152027861847873
2306,,0.0009132491024597392
2307,,0.0008162593028966833
2308,,0.0007656294987660558
2309,,0.0006926502144370468
2310,,0.0006067887176813668
2311,,0.0005434555795750126
2312,,0.0005053328269415148
2313,,0.0004780890613767594
2314,,0.00044743525402671003
2315,,0.000417729979590195
2316,,0.0004000797900407317
2317,,0.00038737606393188825
2318,,0.00037151269604499817
2319,,0.00034720663546631826
2320,,0.00031588542130999776
2321,,0.00029167493578724035
2322,,0.0002805812933320595
2323,,0.00027444991231206066
2324,,0.00026564482895056985
2325,,0.0002443145580178842
2326,,0.00021350586887915624
2327,,0.0001821308457807723
2328,,0.00013879788128005183
2329,,0.00010326900959293376
2330,,7.156758351489344e-05
2331,,5.613871378629232e-05
2332,,5.171079976449025e-05
2333,,5.109362402928818e-05
2334,,5.0833293956792365e-05
2335,,5.021168215111497e-05
2336,,4.89917403988127e-05
2337,,4.6308789007127e-05
2338,,4.100185732008463e-05
2339,,3.2153834556043984e-05
2340,,2.102864711542127e-05
2341,,1.328730591661888e-05
2342,,6.9221107476414965e-06
2343,,4.632284709789465e-06
2344,,3.6558759798077897e-06
2345,,3.493554567622056e-06
2346,,3.3805264946773988e-06
2347,,3.2645559574086894e-06
2348,,3.096363594703263e-06
2349,,2.8720911033792315e-06
2350,,2.760517665797371e-06
2351,,2.68675097524108e-06
2352,,2.6494211200038603e-06
2353,,2.6367890101884966e-06
2354,,2.6236323369407696e-06
2355,,2.60470631796639e-06
2356,,2.5706768508559767e-06
2357,,2.505509249989886e-06
2358,,2.379834108375583e-06
2359,,2.20128307837594e-06
2360,,2.0535390014861963e-06
2361,,1.9845165417304698e-06
2362,,1.9650201881272864e-06
2363,,1.9579780310433844e-06
2364,,1.947393653298271e-06
2365,,1.9246300035195783e-06
2366,,1.8708251354081794e-06
2367,,1.7603836183355843e-06
2368,,1.5484571557568218e-06
2369,,1.2386429208203532e-06
2370,,1.0113507602047262e-06
2371,,8.602260803594879e-07
2372,,7.661390988749482e-07
2373,,7.580423227423978e-07
2374,,7.569304040599511e-07
2375,,7.563446541034141e-07
2376,,7.55272217217949e-07
2377,,7.516667008718819e-07
2378,,7.44522470683784e-07
2379,,7.282597769355504e-07
2380,,6.939933185064461e-07
2381,,6.256827605765575e-07
2382,,5.057608535070137e-07
2383,,3.462516037987015e-07
2384,,1.2371088424046068e-06
2385,,3.2662879603908224e-07
2386,,2.181711634873298e-07
2387,,1.7015905928584594e-07
2388,,1.6174360592533656e-07
2389,,1.6081714680339466e-07
2390,,1.607177352889424e-07
2391,,1.6068768137858018e-07
2392,,1.6066129222846605e-07
2393,,1.6043799749047812e-07
2394,,1.6040161522347875e-07
2395,,1.6037473856944096e-07
2396,,1.6017472089386572e-07
2397,,1.6011857886661038e-07
2398,,1.6008972730602158e-07
2399,,1.599648772988446e-07
2400,,1.5979145643900886e-07
2401,,1.5829558494766444e-07
2402,,1.497635896402209e-07
2403,,1.370063342373219e-07
2404,,1.018697648687076e-07
2405,,9.88925575500994e-08
2406,,9.88258177970363e-08
2407,,9.881476295530996e-08
2408,,9.880989647017016e-08
2409,,9.880649316697206e-08
2410,,9.880370874447233e-08
2411,,9.878838671339329e-08
2412,,9.878468039129007e-08
2413,,9.878187297835768e-08
2414,,9.876887802870421e-08
2415,,9.876367398633014e-08
2416,,9.876043032645599e-08
2417,,9.875786900174435e-08
2418,,9.874425110313599e-08
2419,,9.873960120917891e-08
2420,,9.873655308688202e-08
2421,,9.873410191077079e-08
2422,,9.872026449471804e-08
2423,,9.871579762512618e-08
2424,,9.871283038110529e-08
2425,,9.871043212809279e-08
2426,,9.869658716057009e-08
2427,,9.869212577967371e-08
2428,,9.868918110365671e-08
2429,,9.868680787548561e-08
2430,,9.86730960767244e-08
2431,,9.866853398245255e-08
2432,,9.866557467133634e-08
2433,,9.866320965032228e-08
2434,,9.864974611561471e-08
2435,,9.864500279530958e-08
2436,,9.864199932889616e-08
2437,,9.863962989562129e-08
2438,,9.862652310392244e-08
2439,,9.862152539167954e-08
2440,,9.861845052983862e-08
2441,,9.861606557542389e-08
2442,,9.860342638249815e-08
2443,,9.859810032931536e-08
2444,,9.8594926670227e-08
2445,,9.859251543598689e-08
2446,,9.858046228263766e-08
2447,,9.857472887065688e-08
2448,,9.857142752107927e-08
2449,,9.856897900259383e-08
2450,,9.855764176365005e-08
2451,,9.855141403724628e-08
2452,,9.85479536546031e-08
2453,,9.854545620979297e-08
2454,,9.854329855101026e-08
2455,,9.852816028899308e-08
2456,,9.852450623927415e-08
2457,,9.852194726267027e-08
2458,,9.85197711703708e-08
2459,,9.850497348432991e-08
2460,,9.850108699331332e-08
2461,,9.849845259510183e-08
2462,,9.849625297579021e-08
2463,,9.848186094286726e-08
2464,,9.847769817883562e-08
2465,,9.847497285386419e-08
2466,,9.847274412314796e-08
2467,,9.845883158489665e-08
2468,,9.845434264301721e-08
2469,,9.84515089065859e-08
2470,,9.844924485090912e-08
2471,,9.843589611251284e-08
2472,,9.843102387354693e-08
2473,,9.842806185431085e-08
2474,,9.84257554890977e-08
2475,,9.84130672385275e-08
2476,,9.840774606871921e-08
2477,,9.840463305662642e-08
2478,,9.840227646217455e-08
2479,,9.839035997476634e-08
2480,,9.838451423147699e-08
2481,,9.838122415754463e-08
2482,,9.8378808297481e-08
2483,,9.836779194732185e-08
2484,,9.836133427734016e-08
2485,,9.83578371242874e-08
2486,,9.835535163942553e-08
2487,,9.835321252455239e-08
2488,,9.833821316207258e-08
2489,,9.833447428439337e-08
2490,,9.833190725593812e-08
2491,,9.832974095456507e-08
2492,,9.831515904485534e-08
2493,,9.831113838168817e-08
2494,,9.83084760653863e-08
2495,,9.830627784396206e-08
2496,,9.829218145757371e-08
2497,,9.828783263844529e-08
2498,,9.828505914776017e-08
2499,,9.828282355021744e-08
2500,,9.826929152704574e-08
2501,,9.82645608191241e-08
2502,,9.82616577736535e-08
2503,,9.82593785006054e-08
2504,,9.824650221972745e-08
2505,,9.824132732502279e-08
2506,,9.82382734309091e-08
2507,,9.8235943194181e-08
2508,,9.822382863266477e-08
2509,,9.821813728455042e-08
2510,,9.821490785692861e-08
2511,,9.821251821868256e-08
2512,,9.820128833147562e-08
2513,,9.81949966713239e-08
2514,,9.819156308173984e-08
2515,,9.818910425885472e-08
2516,,9.818697801358463e-08
2517,,9.817191243636243e-08
2518,,9.816824146679887e-08
2519,,9.816570211726824e-08
2520,,9.816354878609615e-08
2521,,9.814889266622719e-08
2522,,9.814494576228566e-08
2523,,9.8142312727885e-08
2524,,9.814012781535176e-08
2525,,9.81259467623819e-08
2526,,9.812167916942666e-08
2527,,9.811893717818684e-08
2528,,9.811671547421594e-08
2529,,9.810308565171144e-08
2530,,9.809844540829752e-08
2531,,9.80955767326932e-08
2532,,9.809331218514595e-08
2533,,9.808032203390811e-08
2534,,9.80752488037329e-08
2535,,9.807223286483299e-08
2536,,9.806991845350633e-08
2537,,9.805767066512853e-08
2538,,9.80520943838169e-08
2539,,9.804890728674344e-08
2540,,9.804653485994188e-08
2541,,9.803514868767824e-08
2542,,9.802898799292179e-08
2543,,9.802560198683935e-08
2544,,9.802316208022026e-08
2545,,9.802104480765913e-08
2546,,9.800593641673254e-08
2547,,9.80023192785238e-08
2548,,9.799980090219715e-08
2549,,9.799765720665445e-08
2550,,9.798294753894634e-08
2551,,9.797906184786659e-08
2552,,9.797645224113819e-08
2553,,9.79742777689513e-08
2554,,9.796003052220472e-08
2555,,9.795583281644059e-08
2556,,9.795311715891899e-08
2557,,9.795090685588781e-08
2558,,9.79371960069286e-08
2559,,9.793263581158375e-08
2560,,9.792979688917971e-08
2561,,9.792754488838432e-08
2562,,9.79144563541915e-08
2563,,9.790947504644023e-08
2564,,9.790649287151552e-08
2565,,9.790419235232197e-08
2566,,9.789182592218086e-08
2567,,9.788635541409396e-08
2568,,9.788320677016546e-08
2569,,9.788084981858664e-08
2570,,9.786932138778066e-08
2571,,9.786328260116383e-08
2572,,9.785994052325499e-08
2573,,9.785751794509887e-08
2574,,9.78469621199699e-08
2575,,9.784026320874649e-08
2576,,9.783669638060184e-08
2577,,9.783419749658768e-08
2578,,9.783206277065421e-08
2579,,9.781730491017862e-08
2580,,9.781347695737043e-08
2581,,9.781088936568262e-08
2582,,9.780872471761135e-08
2583,,9.779441661169528e-08
2584,,9.779028529005424e-08
2585,,9.778759458466761e-08
2586,,9.77853951038639e-08
2587,,9.777160866297415e-08
2588,,9.776712490598356e-08
2589,,9.776431435758149e-08
2590,,9.77620743384492e-08
2591,,9.774889308256378e-08
2592,,9.774399990103589e-08
2593,,9.774105007773666e-08
2594,,9.7738762895886e-08
2595,,9.772628383229357e-08
2596,,9.772091503536449e-08
2597,,9.771780336963783e-08
2598,,9.771546132755422e-08
2599,,9.770379712637982e-08
2600,,9.769787583673136e-08
2601,,9.769457611368549e-08
2602,,9.769217027555268e-08
2603,,9.768145180025503e-08
2604,,9.767488872500796e-08
2605,,9.767137050108812e-08
2606,,9.76688904853949e-08
2607,,9.766676448866873e-08
2608,,9.76519611593904e-08
2609,,9.764818907222158e-08
2610,,9.764562282192402e-08
2611,,9.764346774541553e-08
2612,,9.762910180048912e-08
2613,,9.762503477945649e-08
2614,,9.76223682917936e-08
2615,,9.762017936037439e-08
2616,,9.760632071024526e-08
2617,,9.760191105316125e-08
2618,,9.759912806099879e-08
2619,,9.759689972982965e-08
2620,,9.758362957335071e-08
2621,,9.75788218759431e-08
2622,,9.757590349002319e-08
2623,,9.757362931667102e-08
2624,,9.756104196540026e-08
2625,,9.755577187502418e-08
2626,,9.755269615282435e-08
2627,,9.755036865729419e-08
2628,,9.753857364918963e-08
2629,,9.753276642556168e-08
2630,,9.752950788171512e-08
2631,,9.752711837426432e-08
2632,,9.751624293678966e-08
2633,,9.750981176922404e-08
2634,,9.750634080546483e-08
2635,,9.750387919174094e-08
2636,,9.750176175851352e-08
2637,,9.748691515569064e-08
2638,,9.748319739279389e-08
2639,,9.748065195344484e-08
2640,,9.747850626118208e-08
2641,,9.746408500731488e-08
2642,,9.746008051716838e-08
2643,,9.745743763538364e-08
2644,,9.745525904195089e-08
2645,,9.744133110579027e-08
2646,,9.743699350954028e-08
2647,,9.743423737347821e-08
2648,,9.74320204873301e-08
2649,,9.741866481381497e-08
2650,,9.741394024627584e-08
2651,,9.741105248926395e-08
2652,,9.740879104612313e-08
2653,,9.739609932509732e-08
2654,,9.739092522367638e-08
2655,,9.738788451338545e-08
2656,,9.738557124132525e-08
2657,,9.737364996722398e-08
2658,,9.736795366592692e-08
2659,,9.736473522540696e-08
2660,,9.736236167677429e-08
2661,,9.735133454280501e-08
2662,,9.734503164318501e-08
2663,,9.734160669811418e-08
2664,,9.733916305965492e-08
2665,,9.733705403887901e-08
2666,,9.732216620408827e-08
2667,,9.731850132907484e-08
2668,,9.73159762052284e-08
2669,,9.73138397242183e-08
2670,,9.729936553732805e-08
2671,,9.729542191185744e-08
2672,,9.72928020652958e-08
2673,,9.729063360895163e-08
2674,,9.727663915203533e-08
2675,,9.727237168650103e-08
2676,,9.726964174590958e-08
2677,,9.726743607213464e-08
2678,,9.725399809384797e-08
2679,,9.724935441912956e-08
2680,,9.724649652542373e-08
2681,,9.724424754712422e-08
2682,,9.723145519097386e-08
2683,,9.722637448340736e-08
2684,,9.722336789936095e-08
2685,,9.722106854392467e-08
2686,,9.720902534829143e-08
2687,,9.720343695840208e-08
2688,,9.72002575943385e-08
2689,,9.71978996497219e-08
2690,,9.718672586826931e-08
2691,,9.718054774455042e-08
2692,,9.717716762317702e-08
2693,,9.717474154970148e-08
2694,,9.717264079881402e-08
2695,,9.715771369594378e-08
2696,,9.715410032212826e-08
2697,,9.71515950388568e-08
2698,,9.71494676024808e-08
2699,,9.713494277232241e-08
2700,,9.713105840411572e-08
2701,,9.71284610429445e-08
2702,,9.712630253235685e-08
2703,,9.711224421764356e-08
2704,,9.710804501981827e-08
2705,,9.710534063378438e-08
2706,,9.710314595313209e-08
2707,,9.708962877236059e-08
2708,,9.708506383002602e-08
2709,,9.708223505786974e-08
2710,,9.707999828904962e-08
2711,,9.706710891047921e-08
2712,,9.706211908576932e-08
2713,,9.705914576726539e-08
2714,,9.705686003223576e-08
2715,,9.70446991163788e-08
2716,,9.703921572854067e-08
2717,,9.703607444214778e-08
2718,,9.703373175715213e-08
2719,,9.702241621966326e-08
2720,,9.701635949149394e-08
2721,,9.701302303824543e-08
2722,,9.701061412940115e-08
2723,,9.700027976323038e-08
2724,,9.699355703911755e-08
2725,,9.698999382596864e-08
2726,,9.698750792153432e-08
2727,,9.698538936745933e-08
2728,,9.697081611041159e-08
2729,,9.6966989444433e-08
2730,,9.696441403193457e-08
2731,,9.696226528064789e-08
2732,,9.694814569481463e-08
2733,,9.694401295396327e-08
2734,,9.694133350365921e-08
2735,,9.693914959974189e-08
2736,,9.692555622952198e-08
2737,,9.692106791802793e-08
2738,,9.691826755038648e-08
2739,,9.691604273890697e-08
2740,,9.690305984522218e-08
2741,,9.689815846872681e-08
2742,,9.689521758025878e-08
2743,,9.689294517657519e-08
2744,,9.68806706240446e-08
2745,,9.687528940565673e-08
2746,,9.687218523007377e-08
2747,,9.686985747099987e-08
2748,,9.68584049263782e-08
2749,,9.685246630865846e-08
2750,,9.684917239849716e-08
2751,,9.684678026856257e-08
2752,,9.683628175221214e-08
2753,,9.682969565191481e-08
2754,,9.682618129450245e-08
2755,,9.682371431972785e-08
2756,,9.682160449190661e-08
2757,,9.680698496283521e-08
2758,,9.680321448405717e-08
2759,,9.680066049977749e-08
2760,,9.679852132577734e-08
2761,,9.678434297889749e-08
2762,,9.678027494125465e-08
2763,,9.677761982237422e-08
2764,,9.677544648628906e-08
2765,,9.67617798508819e-08
2766,,9.675736613080071e-08
2767,,9.675459346712021e-08
2768,,9.675238037097102e-08
2769,,9.673930736737844e-08
2770,,9.673449206969579e-08
2771,,9.673158280122755e-08
2772,,9.672932344951431e-08
2773,,9.671693922274679e-08
2774,,9.671165742647758e-08
2775,,9.670858941875722e-08
2776,,9.670627626094822e-08
2777,,9.669469132165265e-08
2778,,9.668886762272512e-08
2779,,9.668561516409661e-08
2780,,9.668323943577876e-08
2781,,9.667258213643002e-08
2782,,9.666612895552215e-08
2783,,9.666266218595446e-08
2784,,9.666021370442562e-08
2785,,9.665811245144405e-08
2786,,9.664344874000481e-08
2787,,9.663973297616491e-08
2788,,9.663719991626355e-08
2789,,9.663507014370222e-08
2790,,9.662083547289628e-08
2791,,9.661683043142796e-08
2792,,9.661419905733002e-08
2793,,9.661203608279709e-08
2794,,9.659829902420233e-08
2795,,9.659395791428776e-08
2796,,9.659121227356261e-08
2797,,9.658901065703983e-08
2798,,9.657585085161386e-08
2799,,9.657111933356359e-08
2800,,9.656824089614019e-08
2801,,9.656599432121355e-08
2802,,9.655350427291974e-08
2803,,9.654831922629083e-08
2804,,9.65452864710625e-08
2805,,9.654298759929124e-08
2806,,9.65312747477151e-08
2807,,9.652556286464411e-08
2808,,9.652235079624077e-08
2809,,9.651999110353088e-08
2810,,9.650918023721785e-08
2811,,9.650285637093286e-08
2812,,9.649943595696808e-08
2813,,9.649700554611384e-08
2814,,9.64949127164073e-08
2815,,9.648020685702163e-08
2816,,9.64765443785562e-08
2817,,9.647403175100555e-08
2818,,9.647191120684198e-08
2819,,9.645762258229397e-08
2820,,9.645367887409755e-08
2821,,9.645107067512144e-08
2822,,9.644891786551633e-08
2823,,9.643511314275306e-08
2824,,9.643084271604707e-08
2825,,9.642812343757333e-08
2826,,9.642593307153985e-08
2827,,9.641268968048568e-08
2828,,9.640803970188974e-08
2829,,9.640519132821362e-08
2830,,9.64029572650085e-08
2831,,9.63903651391269e-08
2832,,9.638527424380445e-08
2833,,9.638227585232252e-08
2834,,9.637999095785745e-08
2835,,9.636815455192664e-08
2836,,9.636255146782096e-08
2837,,9.635937875661842e-08
2838,,9.63570347433207e-08
2839,,9.634607537919153e-08
2840,,9.633987732557896e-08
2841,,9.633650206941934e-08
2842,,9.633408931409861e-08
2843,,9.633200476515445e-08
2844,,9.631725873092757e-08
2845,,9.631364814621953e-08
2846,,9.631115547126849e-08
2847,,9.630904399064912e-08
2848,,9.629470371534816e-08
2849,,9.62908197251127e-08
2850,,9.628823414835754e-08
2851,,9.62860913092577e-08
2852,,9.627222160577963e-08
2853,,9.626801998666027e-08
2854,,9.626532642680075e-08
2855,,9.626314708893255e-08
2856,,9.624982323690449e-08
2857,,9.624525262250004e-08
2858,,9.624243356596755e-08
2859,,9.624021175703804e-08
2860,,9.622752119145768e-08
2861,,9.622252192082935e-08
2862,,9.621955702731772e-08
2863,,9.621728581112714e-08
2864,,9.620533008548676e-08
2865,,9.619983286673937e-08
2866,,9.61966985095824e-08
2867,,9.61943698297584e-08
2868,,9.618326689481973e-08
2869,,9.61771912473029e-08
2870,,9.617385998276792e-08
2871,,9.617146448268559e-08
2872,,9.616938807343844e-08
2873,,9.615460378101334e-08
2874,,9.615104374025036e-08
2875,,9.614857055336959e-08
2876,,9.614646797286535e-08
2877,,9.613207828207459e-08
2878,,9.612825244156862e-08
2879,,9.612568894541179e-08
2880,,9.612355589035979e-08
2881,,9.610962381196784e-08
2882,,9.610548917793376e-08
2883,,9.610282071218009e-08
2884,,9.610065218437143e-08
2885,,9.608725090719876e-08
2886,,9.608275754187173e-08
2887,,9.60799670782683e-08
2888,,9.607775727087983e-08
2889,,9.606497180041918e-08
2890,,9.606006169975405e-08
2891,,9.605712946270423e-08
2892,,9.605487163375764e-08
2893,,9.604280070277044e-08
2894,,9.603740650004927e-08
2895,,9.603430951807057e-08
2896,,9.603199583439891e-08
2897,,9.60207541188362e-08
2898,,9.601479756651679e-08
2899,,9.601150916019176e-08
2900,,9.600913052628357e-08
2901,,9.599885121567639e-08
2902,,9.599224143347073e-08
2903,,9.59887306182193e-08
2904,,9.598627646625752e-08
2905,,9.598418262808031e-08
2906,,9.596974569448556e-08
2907,,9.596597647773131e-08
2908,,9.596343453876488e-08
2909,,9.596131108470726e-08
2910,,9.594731916433076e-08
2911,,9.594324974522201e-08
2912,,9.594060576357226e-08
2913,,9.593844783410855e-08
2914,,9.592497208347206e-08
2915,,9.592055390884628e-08
2916,,9.59177913322973e-08
2917,,9.591559328409459e-08
2918,,9.590271634611952e-08
2919,,9.589789302564163e-08
2920,,9.589499262604865e-08
2921,,9.589274790187941e-08
2922,,9.588056576705519e-08
2923,,9.587527180479182e-08
2924,,9.587221124968027e-08
2925,,9.586991223532475e-08
2926,,9.585853639108924e-08
2927,,9.585269571525323e-08
2928,,9.584944906753366e-08
2929,,9.584708691804076e-08
2930,,9.583664685690592e-08
2931,,9.583017111137102e-08
2932,,9.582670824376125e-08
2933,,9.582427268751824e-08
2934,,9.582218743645634e-08
2935,,9.580770537214956e-08
2936,,9.580399129429693e-08
2937,,9.580147040191256e-08
2938,,9.579935636955828e-08
2939,,9.578530707037765e-08
2940,,9.578130113977461e-08
2941,,9.577868105446165e-08
2942,,9.577653351740142e-08
2943,,9.576298616049376e-08
2944,,9.575864117710883e-08
2945,,9.575590580231685e-08
2946,,9.575371927338164e-08
2947,,9.574075420668678e-08
2948,,9.573601534543872e-08
2949,,9.573314598790571e-08
2950,,9.57309140920032e-08
2951,,9.571862464023042e-08
2952,,9.571342822406639e-08
2953,,9.571040317276339e-08
2954,,9.570811850774363e-08
2955,,9.569661306104949e-08
2956,,9.569088513040999e-08
2957,,9.56876791673275e-08
2958,,9.568533313403807e-08
2959,,9.56747375883909e-08
2960,,9.566839224145844e-08
2961,,9.566497607844455e-08
2962,,9.566255869122443e-08
2963,,9.566048187730639e-08
2964,,9.564595673286002e-08
2965,,9.564229635011566e-08
2966,,9.563979600926976e-08
2967,,9.563769122692378e-08
2968,,9.56235869374459e-08
2969,,9.561964282459325e-08
2970,,9.561704605681048e-08
2971,,9.561490871284019e-08
2972,,9.560129253557193e-08
2973,,9.559701879872564e-08
2974,,9.559430995841066e-08
2975,,9.55921347172347e-08
2976,,9.557908476724565e-08
2977,,9.557442810740444e-08
2978,,9.557158901791153e-08
2979,,9.556936968483243e-08
2980,,9.555697669129782e-08
2981,,9.555187519903721e-08
2982,,9.554888475480078e-08
2983,,9.554661412901228e-08
2984,,9.55349834761948e-08
2985,,9.552936524665256e-08
2986,,9.552619892910768e-08
2987,,9.552386865222234e-08
2988,,9.551312273540996e-08
2989,,9.550690425501884e-08
2990,,9.550353358827038e-08
2991,,9.550113395223246e-08
2992,,9.549906542949938e-08
2993,,9.548449919936233e-08
2994,,9.54808911090558e-08
2995,,9.547841083612465e-08
2996,,9.547631513453582e-08
2997,,9.546215817969735e-08
2998,,9.545827425354595e-08
2999,,9.545570024565928e-08
3000,,9.545357289973286e-08
3001,,9.543989060777071e-08
3002,,9.543568622909739e-08
3003,,9.543300327349743e-08
3004,,9.543083909607953e-08
3005,,9.541770741422268e-08
3006,,9.54131307614932e-08
3007,,5.973788099295612
3008,,104805.98730949228
3009,,5.889803100160627
3010,,870.2832967632704
3011,,5.788909112211747
3012,,1.1323910273938294
3013,,0.6478806201121569
3014,,0.23306148525822273
3015,,3.5534221750801684
3016,,0.2313291561441508
3017,,0.23583389788753853
3018,,0.22597184649779006
3019,,0.2847403927818952
3020,,0.21972797460291207
3021,,0.1974597381762889
3022,,0.18564135207963875
3023,,0.18501778566141044
3024,,0.18497853651665114
3025,,0.1849760398860688
3026,,0.18497588096971956
3027,,0.18497587085389125
3028,,0.18497587020996836
3029,,0.1849758701689771
3030,,0.18497587016636768
3031,,0.18497587016620365
3032,,0.1849758701661897
3033,,0.18497587016618955
3034,,0.1538942257126795
3035,,0.11915214443356868
3036,,0.08252195574667852
3037,,0.06672543799837471
3038,,0.0653698730526897
3039,,0.06512792112883783
3040,,0.0650797869626734
3041,,0.06507000932937804
3042,,0.06506801479766496
3043,,0.0650676075859208
3044,,0.06506752443336411
3045,,0.06506750745302328
3046,,0.06506750398549267
3047,,0.06506750327739212
3048,,0.06506750313279118
3049,,0.0650675031032619
3050,,0.06506750309723244
3051,,0.06506750309600028
3052,,0.06506750309575048
3053,,0.06506750309569827
3054,,0.0650675030956874
3055,,0.06506750309568554
3056,,0.06506750309568499
3057,,0.0650675030956849
3058,,0.06506750309568488
3059,,0.06506750309568488
3060,,0.050202120406091205
3061,,0.031412743628984115
3062,,0.017785236330905767
3063,,0.01191618852643166
3064,,0.010144435941087356
3065,,0.0059651772572958985
3066,,0.012042116393899785
3067,,0.0037254014185259757
3068,,0.003308990640239621
3069,,0.0029221739065204747
3070,,0.0024506852721007063
3071,,0.0021762585145508814
3072,,0.0020180372989637985
3073,,0.0018963002696319208
3074,,0.0017084309512910563
3075,,0.0014007224728919442
3076,,0.0011276282042388148
3077,,0.0009636894252478055
3078,,0.0008611583854973423
3079,,0.0007852853382618449
3080,,0.0007012520554479719
3081,,0.0005905526303994766
3082,,0.00047026199444209744
3083,,0.0004333488881396344
3084,,0.00041854160126841513
3085,,0.0004080219626239992
3086,,0.0003909638199238688
3087,,0.00036620794045452547
3088,,0.00033573356533272655
3089,,0.00031634106731599483
3090,,0.0003097560059485094
3091,,0.000307343155921458
3092,,0.0003049784120130214
3093,,0.00030101973321845
3094,,0.0002952740730815644
3095,,0.0002885765352352823
3096,,0.000286735001467075
3097,,0.00028638607006568174
3098,,0.0002861801034770984
3099,,0.0002858309829622932
3100,,0.0002851100547405521
3101,,0.0002835475589990028
3102,,0.0002795307854291273
3103,,0.0002711661316672698
3104,,0.0002614696971034978
3105,,0.0002496218135474525
3106,,0.00024043875364606045
3107,,0.00023580329862675178
3108,,0.00023423546221013758
3109,,0.00023191038571850563
3110,,0.00022669950335341382
3111,,0.00021699580283854274
3112,,0.00020061176094572427
3113,,0.00018333105443958783
3114,,0.00016503164020408137
3115,,0.00015133520877945838
3116,,0.00014647325723902592
3117,,0.00014359056519321918
3118,,0.0001412625845598176
3119,,0.0001390216512659722
3120,,0.000137316335660771
3121,,0.00013585998030674504
3122,,0.00013345689315075163
3123,,0.000130233200280225
3124,,0.00012497365694089723
3125,,0.00011478088790197304
3126,,0.0001017384501423895
3127,,8.619172394067905e-05
3128,,7.195332262114633e-05
3129,,5.702710183692551e-05
3130,,4.8674809805146566e-05
3131,,4.6243758714600096e-05
3132,,4.497901542607687e-05
3133,,4.351622922939114e-05
3134,,4.152729879930056e-05
3135,,3.838798420603724e-05
3136,,3.5257962659550596e-05
3137,,3.443636453701833e-05
3138,,3.4254162686173155e-05
3139,,3.412635583016115e-05
3140,,3.3859169909237906e-05
3141,,3.3516852031219086e-05
3142,,3.2902128568703966e-05
3143,,3.170934834712415e-05
3144,,2.9441684995809713e-05
3145,,2.5583204403472876e-05
3146,,2.077153569030304e-05
3147,,1.9664611264458243e-05
3148,,1.7136713261061897e-05
3149,,1.6443364791706673e-05
3150,,1.63183914021219e-05
3151,,1.6290264927633245e-05
3152,,1.627129927641728e-05
3153,,1.6230706116051056e-05
3154,,1.6145348514168854e-05
3155,,1.596593248000298e-05
3156,,1.561509242695865e-05
3157,,1.4990629441016868e-05
3158,,1.4041112888440615e-05
3159,,1.322935842817086e-05
3160,,1.2542167463402262e-05
3161,,1.1760956889087499e-05
3162,,1.147045585280844e-05
3163,,1.0904057709954053e-05
3164,,9.861456343572134e-06
3165,,7.891540081525166e-06
3166,,4.957645420120406e-06
3167,,2.02082623132357e-06
3168,,7.352254178937884e-07
3169,,3.622363543685435e-07
3170,,3.1205310253858465e-07
3171,,2.9920145733699097e-07
3172,,2.9860886464462056e-07
3173,,2.9843037311686067e-07
3174,,2.98300751891917e-07
3175,,2.9725610262986704e-07
3176,,2.90674143479894e-07
3177,,2.7551627720341376e-07
3178,,2.4911297025172883e-07
3179,,2.134041572792504e-07
3180,,1.8336587592925094e-07
3181,,1.699393470570415e-07
3182,,1.6656722403733865e-07
3183,,1.6616103021552116e-07
3184,,1.6606124113771868e-07
3185,,1.6604982613206957e-07
3186,,1.6604487824118806e-07
3187,,1.6601739584457486e-07
3188,,1.6599908588212049e-07
3189,,1.659937694528783e-07
3190,,1.6598908007608113e-07
3191,,1.6594902078505332e-07
3192,,1.6594275217702697e-07
3193,,1.6593798589489e-07
3194,,1.659009226718509e-07
3195,,1.6589197262231788e-07
3196,,1.6588695025388075e-07
3197,,1.6585908802104398e-07
3198,,1.6584195111077348e-07
3199,,1.6583604873818574e-07
3200,,1.6583124621442686e-07
3201,,1.6579456893872853e-07
3202,,1.6578556281590827e-07
3203,,1.6578032781556818e-07
3204,,1.6575669686628521e-07
3205,,1.6573654566438603e-07
3206,,1.657297005855262e-07
3207,,1.6572468859031305e-07
3208,,1.6569295322432706e-07
3209,,1.6568010016848224e-07
3210,,1.6567402953701532e-07
3211,,1.6566910230145664e-07
3212,,1.6563434596714528e-07
3213,,1.6562423038489396e-07
3214,,1.6561845474599936e-07
3215,,1.6561355896501103e-07
3216,,1.6557767900867068e-07
3217,,1.655686123408273e-07
3218,,1.6556294113330812e-07
3219,,1.6555805465681893e-07
3220,,1.655218233400576e-07
3221,,1.6551312148520588e-07
3222,,1.6550747469314268e-07
3223,,1.6550258777319114e-07
3224,,1.654663342016929e-07
3225,,1.6545770756063382e-07
3226,,1.654520497045533e-07
3227,,1.6544715764787046e-07
3228,,1.6541103077864518e-07
3229,,1.6540234997312043e-07
3230,,1.6539666381994047e-07
3231,,1.6539176400311567e-07
3232,,1.653558386499706e-07
3233,,1.653470402637283e-07
3234,,1.6534131609228054e-07
3235,,1.6533640672685812e-07
3236,,1.6530072714489417e-07
3237,,1.652917750383411e-07
3238,,1.6528600617155028e-07
3239,,1.6528108577913187e-07
3240,,1.6524568391546726e-07
3241,,1.6523655307279092e-07
3242,,1.6523073397448898e-07
3243,,1.6522580115396777e-07
3244,,1.651907044948222e-07
3245,,1.651813741122952e-07
3246,,1.651754995436666e-07
3247,,1.651705528662546e-07
3248,,1.651357879658287e-07
3249,,1.6512623836961723e-07
3250,,1.6512030299358735e-07
3251,,1.6511534094320612e-07
3252,,1.6508093513203136e-07
3253,,1.6507114631192595e-07
3254,,1.6506514448506959e-07
3255,,1.6506016542287684e-07
3256,,1.65026147745066e-07
3257,,1.650160985809547e-07
3258,,1.6501002421158873e-07
3259,,1.650050263480536e-07
3260,,1.64971428172973e-07
3261,,1.6496109594445756e-07
3262,,1.6495494240566553e-07
3263,,1.6494992377806595e-07
3264,,1.6491677927468292e-07
3265,,1.6490613930149408e-07
3266,,1.6489989933165443e-07
3267,,1.6489485778045968e-07
3268,,1.648622043541876e-07
3269,,1.6485122966544804e-07
3270,,1.648448952934003e-07
3271,,1.6483982843164645e-07
3272,,1.648077071592545e-07
3273,,1.6479636818895047e-07
3274,,1.6478993063152862e-07
3275,,1.6478483582448815e-07
3276,,1.6475329191139958e-07
3277,,1.6474155616759578e-07
3278,,1.6473500573996511e-07
3279,,1.6472988006799653e-07
3280,,1.6469896334347955e-07
3281,,1.6468679505903176e-07
3282,,1.6468012105671013e-07
3283,,1.646749612822001e-07
3284,,1.646447267625943e-07
3285,,1.646320864995218e-07
3286,,1.6462527708300458e-07
3287,,1.646200796126912e-07
3288,,1.6459058810708403e-07
3289,,1.6457743232970732e-07
3290,,1.645704743831447e-07
3291,,1.6456523522053334e-07
3292,,1.645365540268783e-07
3293,,1.6452283462127908e-07
3294,,1.645157135992395e-07
3295,,1.6451042830022228e-07
3296,,1.644826319792178e-07
3297,,1.6446829570195407e-07
3298,,1.6446099545739294e-07
3299,,1.6445565906597085e-07
3300,,1.6442883032231405e-07
3301,,1.6441381819944437e-07
3302,,1.6440632078065052e-07
3303,,1.6440092776916893e-07
3304,,1.6437515844689385e-07
3305,,1.6435940507369865e-07
3306,,1.643516905034091e-07
3307,,1.643462346969431e-07
3308,,1.643216268995673e-07
3309,,1.6430505966812645e-07
3310,,1.6429710568870678e-07
3311,,1.6429158017984845e-07
3312,,1.6428674531123714e-07
3313,,1.642507857606507e-07
3314,,1.6424256754100885e-07
3315,,1.6423696459706806e-07
3316,,1.6423210821001042e-07
3317,,1.6419658762746656e-07
3318,,1.641880774350653e-07
3319,,1.6418238838217426e-07
3320,,1.6417750773225947e-07
3321,,1.6414247011073375e-07
3322,,1.6413363693260025e-07
3323,,1.6412785203761762e-07
3324,,1.641229440256304e-07
3325,,1.6408843869762677e-07
3326,,1.6407924781618998e-07
3327,,1.6407335613476454e-07
3328,,1.6406841726744868e-07
3329,,1.6403449962433508e-07
3330,,1.6402491211464674e-07
3331,,1.6401890133357737e-07
3332,,1.6401392766229025e-07
3333,,1.6398065997152064e-07
3334,,1.639706321501279e-07
3335,,1.6396448839025886e-07
3336,,1.639594754496672e-07
3337,,1.6392692779725852e-07
3338,,1.6391641057215586e-07
3339,,1.6391011817527816e-07
3340,,1.6390506090597973e-07
3341,,1.6387331227519616e-07
3342,,1.638622504123581e-07
3343,,1.638557916922614e-07
3344,,1.6385068435685016e-07
3345,,1.6381982387073636e-07
3346,,1.6380815513778758e-07
3347,,1.6380151008953207e-07
3348,,1.6379634617562818e-07
3349,,1.6376647451794065e-07
3350,,1.6375412872407096e-07
3351,,1.637472746936469e-07
3352,,1.6374204679762522e-07
3353,,1.6371327785642808e-07
3354,,1.6370017572906226e-07
3355,,1.6369308703208048e-07
3356,,1.636877867297662e-07
3357,,1.636602494735882e-07
3358,,1.6364630138046794e-07
3359,,1.6363894886328923e-07
3360,,1.6363356655497054e-07
3361,,1.6360740722455977e-07
3362,,1.635925116824532e-07
3363,,1.6358486221505716e-07
3364,,1.6357938695618678e-07
3365,,1.6355477154599196e-07
3366,,1.6353881353865742e-07
3367,,1.63530829426373e-07
3368,,1.6352524872030605e-07
3369,,1.63520402284807e-07
3370,,1.6348521488306413e-07
3371,,1.6347685319558004e-07
3372,,1.6347115275983463e-07
3373,,1.6346626920532443e-07
3374,,1.634317248500492e-07
3375,,1.6342293663791901e-07
3376,,1.6341710013582293e-07
3377,,1.6341217395247505e-07
3378,,1.6337835396381391e-07
3379,,1.6336908335200569e-07
3380,,1.6336309207707147e-07
3381,,1.6335811693864077e-07
3382,,1.633251143474402e-07
3383,,1.6331529750015895e-07
3384,,1.6330913000739618e-07
3385,,1.6330409864265764e-07
3386,,1.6327201998770362e-07
3387,,1.632615838872619e-07
3388,,1.632552155801716e-07
3389,,1.6325011962747596e-07
3390,,1.632190870192024e-07
3391,,1.6320794807670745e-07
3392,,1.632013507122449e-07
3393,,1.6319618054463953e-07
3394,,1.6316633407884091e-07
3395,,1.6315439650458728e-07
3396,,1.6314753762991579e-07
3397,,1.631422821593877e-07
3398,,1.6311378268884316e-07
3399,,1.6310093662283297e-07
3400,,1.6309377891379628e-07
3401,,1.6308842535555247e-07
3402,,1.6306145773866747e-07
3403,,1.6304757705944024e-07
3404,,1.6304007755983404e-07
3405,,1.6303461117218618e-07
3406,,1.6300938799874296e-07
3407,,1.6299432781363473e-07
3408,,1.629864370481139e-07
3409,,1.6298084081114286e-07
3410,,1.62975989005089e-07
3411,,1.6294120047367736e-07
3412,,1.62932861417681e-07
3413,,1.6292711567612918e-07
3414,,1.629222148349327e-07
3415,,1.6288820847415166e-07
3416,,1.628793553622018e-07
3417,,1.6287343740182296e-07
3418,,1.6286847963482194e-07
3419,,1.6283536739944242e-07
3420,,1.6282592432832304e-07
3421,,1.6281980788782064e-07
3422,,1.6281478406043935e-07
3423,,1.6278269532752344e-07
3424,,1.6277257464899875e-07
3425,,1.6276622935087668e-07
3426,,1.6276112887633295e-07
3427,,1.6273021324418698e-07
3428,,1.6271931368325535e-07
3429,,1.627127043661445e-07
3430,,1.6270751497881003e-07
3431,,1.6267794550463468e-07
3432,,1.6266614998483962e-07
3433,,1.62659235935226e-07
3434,,1.6265394341311682e-07
3435,,1.6262592039652147e-07
3436,,1.6261309349275903e-07
3437,,1.6260582755200203e-07
3438,,1.6260041539779937e-07
3439,,1.6257417077527387e-07
3440,,1.6256015577032313e-07
3441,,1.6255248328252275e-07
3442,,1.6254693235621372e-07
3443,,1.6252273481169626e-07
3444,,1.6250735025777318e-07
3445,,1.6249920785936738e-07
3446,,1.6249349594965117e-07
3447,,1.624886077578336e-07
3448,,1.6245469259475043e-07
3449,,1.6244600679853223e-07
3450,,1.624401081129193e-07
3451,,1.624351566370569e-07
3452,,1.6240220096758565e-07
3453,,1.6239288651779103e-07
3454,,1.623867711078394e-07
3455,,1.6238174579328768e-07
3456,,1.6234989653867903e-07
3457,,1.623398544896065e-07
3458,,1.623334875643623e-07
3459,,1.6232837614706055e-07
3460,,1.6229780393156203e-07
3461,,1.6228691941925553e-07
3462,,1.6228026055662477e-07
3463,,1.6227504877338217e-07
3464,,1.6224595180483108e-07
3465,,1.6223409144275593e-07
3466,,1.6222709366099876e-07
3467,,1.6222176492717817e-07
3468,,1.6219437351066516e-07
3469,,1.6218138236363998e-07
3470,,1.6217399105243277e-07
3471,,1.6216852607560254e-07
3472,,1.6214310787671077e-07
3473,,1.6212880593274346e-07
3474,,1.621209575953777e-07
3475,,1.62115333929495e-07
3476,,1.6211048188857654e-07
3477,,1.6207637816466037e-07
3478,,1.6206799896050112e-07
3479,,1.6206219049045507e-07
3480,,1.6205727515061993e-07
3481,,1.6202411771573765e-07
3482,,1.620151217567989e-07
3483,,1.6200909809134188e-07
3484,,1.6200410868282811e-07
3485,,1.6197204632023912e-07
3486,,1.6196233368906514e-07
3487,,1.6195605945534556e-07
3488,,1.6195098343710805e-07
3489,,1.6192018929595268e-07
3490,,1.6190964373817638e-07
3491,,1.6190307776054567e-07
3492,,1.618979005284006e-07
3493,,1.6186857614197686e-07
3494,,1.6185706237135375e-07
3495,,1.6185015671408763e-07
3496,,1.6184486126047137e-07
3497,,1.6181724123000957e-07
3498,,1.6180460179030492e-07
3499,,1.617973006391841e-07
3500,,1.6179186715965345e-07
3501,,1.6176622460916022e-07
3502,,1.6175227621853532e-07
3503,,1.61744514580331e-07
3504,,1.6173892000126853e-07
3505,,1.6173408714110093e-07
3506,,1.617001022327088e-07
3507,,1.6169180442129653e-07
3508,,1.6168602186650836e-07
3509,,1.6168112420679923e-07
3510,,1.6164809916158086e-07
3511,,1.6163917702276482e-07
3512,,1.616331751815837e-07
3513,,1.616282015927354e-07
3514,,1.6159628952997309e-07
3515,,1.6158664038519058e-07
3516,,1.6158038277943337e-07
3517,,1.6157532029183632e-07
3518,,1.6154469960023243e-07
3519,,1.6153420384039834e-07
3520,,1.615276479681492e-07
3521,,1.6152248146799969e-07
3522,,1.614933599864967e-07
3523,,1.6148187826922815e-07
3524,,1.614749746045744e-07
3525,,1.6146968647954024e-07
3526,,1.614423063742103e-07
3527,,1.6142967636023258e-07
3528,,1.6142236719613816e-07
3529,,1.6141693691447107e-07
3530,,1.6139158036695805e-07
3531,,1.6137761291105456e-07
3532,,1.6136983099109095e-07
3533,,1.613642346311601e-07
3534,,1.613594119607753e-07
3535,,1.6132570517388516e-07
3536,,1.6131737212243841e-07
3537,,1.613115817948718e-07
3538,,1.6130669199469606e-07
3539,,1.612739732668232e-07
3540,,1.6126499773936132e-07
3541,,1.6125898093926479e-07
3542,,1.6125401243940248e-07
3543,,1.612224406530463e-07
3544,,1.6121271618261867e-07
3545,,1.612064350209657e-07
3546,,1.6120137432862932e-07
3547,,1.6117113468342117e-07
3548,,1.6116053718080396e-07
3549,,1.6115394749021066e-07
3550,,1.6114877887972852e-07
3551,,1.6112008725923044e-07
3552,,1.6110847208349755e-07
3553,,1.611015223747539e-07
3554,,1.6109622751164737e-07
3555,,1.6106933557585063e-07
3556,,1.6105653412410508e-07
3557,,1.6104916437416176e-07
3558,,1.6104372188481987e-07
3559,,1.610189230024577e-07
3560,,1.6100473873969498e-07
3561,,1.6099687897623457e-07
3562,,1.6099126393793786e-07
3563,,1.6098644641761081e-07
3564,,1.609531039331704e-07
3565,,1.6094467257918204e-07
3566,,1.609388559378105e-07
3567,,1.609339684627793e-07
3568,,1.6090165069984696e-07
3569,,1.6089255264779777e-07
3570,,1.608865005283389e-07
3571,,1.6088153102892116e-07
3572,,1.60850403529071e-07
3573,,1.608405278944341e-07
3574,,1.6083420080063424e-07
3575,,1.608291352054587e-07
3576,,1.6079939097522172e-07
3577,,1.6078860848115543e-07
3578,,1.6078196035931133e-07
3579,,1.6077678226036042e-07
3580,,1.607486463423203e-07
3581,,1.6073680625865586e-07
3582,,1.6072978341474824e-07
3583,,1.6072447367825546e-07
3584,,1.6069820846941882e-07
3585,,1.6068513505448966e-07
3586,,1.6067767487881287e-07
3587,,1.6067221119734607e-07
3588,,1.606481226502308e-07
3589,,1.6063361099409152e-07
3590,,1.6062564048310438e-07
3591,,1.6061999684393096e-07
3592,,1.6061518140307241e-07
3593,,1.6058225288828265e-07
3594,,1.605736869193251e-07
3595,,1.6056783298752494e-07
3596,,1.6056294443719628e-07
3597,,1.6053108267547971e-07
3598,,1.6052182198836855e-07
3599,,1.6051572239603976e-07
3600,,1.6051074812964526e-07
3601,,1.6048012594273856e-07
3602,,1.6047005479775648e-07
3603,,1.6046366829774056e-07
3604,,1.6045859361594108e-07
3605,,1.6042941253270275e-07
3606,,1.6041839596643498e-07
3607,,1.6041167446537825e-07
3608,,1.6040648222598496e-07
3609,,1.603789772498947e-07
3610,,1.6036685788802398e-07
3611,,1.6035974530053387e-07
3612,,1.603544155128931e-07
3613,,1.6032886068744167e-07
3614,,1.6031545501339035e-07
3615,,1.6030788593774498e-07
3616,,1.6030239529326248e-07
3617,,1.60297645056712e-07
3618,,1.6026420420450624e-07
3619,,1.602561023749193e-07
3620,,1.6025042368994653e-07
3621,,1.602456082411747e-07
3622,,1.6021312512387744e-07
3623,,1.602044016041236e-07
3624,,1.6019850318129304e-07
3625,,1.6019361122013733e-07
3626,,1.6016224070844372e-07
3627,,1.6015279178688186e-07
3628,,1.6014663665870805e-07
3629,,1.6014165500958441e-07
3630,,1.6011157771136611e-07
3631,,1.601012824455197e-07
3632,,1.6009482750621139e-07
3633,,1.6008974080022544e-07
3634,,1.600611673344437e-07
3635,,1.6004988468625522e-07
3636,,1.6004307966341055e-07
3637,,1.6003786998282752e-07
3638,,1.600110459713652e-07
3639,,1.5999861146672386e-07
3640,,1.5999139773562718e-07
3641,,1.5998604418403695e-07
3642,,1.5996125606284488e-07
3643,,1.5994747790319531e-07
3644,,1.5993978709867053e-07
3645,,1.59934265303542e-07
3646,,1.5992951654306432e-07
3647,,1.5989650162508812e-07
3648,,1.598882540213421e-07
3649,,1.5988253556250938e-07
3650,,1.5987771849628789e-07
3651,,1.5984570319797555e-07
3652,,1.5983680581812439e-07
3653,,1.5983085755486596e-07
3654,,1.5982596036544816e-07
3655,,1.5979510660970567e-07
3656,,1.5978545102576896e-07
3657,,1.5977923430693744e-07
3658,,1.597742432171967e-07
3659,,1.5974473983978516e-07
3660,,1.5973419960396742e-07
3661,,1.5972766935522564e-07
3662,,1.5972256829491808e-07
3663,,1.5969463551806674e-07
3664,,1.5968306316942907e-07
3665,,1.5967616682554007e-07
3666,,1.5967093705685903e-07
3667,,1.5964483170459257e-07
3668,,1.5963205527544243e-07
3669,,1.596247315350383e-07
3670,,1.596193512047146e-07
3671,,1.5959537279237727e-07
3672,,1.5958119173366276e-07
3673,,1.5957336910359278e-07
3674,,1.5956781272661906e-07
3675,,1.5956306422134859e-07
3676,,1.5953049098204206e-07
3677,,1.595220860927781e-07
3678,,1.595163239466843e-07
3679,,1.5951150387393784e-07
3680,,1.594799745324864e-07
3681,,1.59470890154281e-07
3682,,1.5946488757948996e-07
3683,,1.594599835812678e-07
3684,,1.594296674740156e-07
3685,,1.5941979021738498e-07
3686,,1.594135067912129e-07
3687,,1.5940850445862291e-07
3688,,1.5937959906923564e-07
3689,,1.5936879669878207e-07
3690,,1.593621852820245e-07
3691,,1.5935706780875814e-07
3692,,1.5932980345343025e-07
3693,,1.5931792175387603e-07
3694,,1.5931092736896235e-07
3695,,1.5930567515675292e-07
3696,,1.592803204335547e-07
3697,,1.5926717955755574e-07
3698,,1.592597380934267e-07
3699,,1.5925432828323803e-07
3700,,1.5923119644073094e-07
3701,,1.5921658664762265e-07
3702,,1.5920862333311264e-07
3703,,1.5920302927051217e-07
3704,,1.5919827988616473e-07
3705,,1.5916616231214902e-07
3706,,1.5915758995054534e-07
3707,,1.591517805501768e-07
3708,,1.5914695617638195e-07
3709,,1.591159290547424e-07
3710,,1.591066459539617e-07
3711,,1.5910058496287986e-07
3712,,1.5909567267359762e-07
3713,,1.5906591311815496e-07
3714,,1.5905580068210386e-07
3715,,1.5904944582222302e-07
3716,,1.590444305448179e-07
3717,,1.5901614511176438e-07
3718,,1.5900506503483834e-07
3719,,1.589983670010084e-07
3720,,1.5899323115569635e-07
3721,,1.5896666074168686e-07
3722,,1.5895445172477386e-07
3723,,1.589473530141797e-07
3724,,1.5894207610174754e-07
3725,,1.589175016452885e-07
3726,,1.589039755810606e-07
3727,,1.5889640913272807e-07
3728,,1.5889096724739122e-07
3729,,1.5888628285978056e-07
3730,,1.588536539027975e-07
3731,,1.5884554151328502e-07
3732,,1.588399067726794e-07
3733,,1.5883515540018224e-07
3734,,1.5880350686892582e-07
3735,,1.587947573314083e-07
3736,,1.5878889722147678e-07
3737,,1.587840672705853e-07
3738,,1.5875355801820174e-07
3739,,1.58744064963952e-07
3740,,1.5873794156419877e-07
3741,,1.5873301951614827e-07
3742,,1.5870383480162989e-07
3743,,1.5869347418268037e-07
3744,,1.5868704327028913e-07
3745,,1.586820133611156e-07
3746,,1.5865436923851604e-07
3747,,1.5864299639065905e-07
3748,,1.586362063904891e-07
3749,,1.5863105023085426e-07
3750,,1.586051986803511e-07
3751,,1.5859264488309074e-07
3752,,1.5858543565081359e-07
3753,,1.5858013179716114e-07
3754,,1.5855636668059225e-07
3755,,1.5854243517773047e-07
3756,,1.5853473656599663e-07
3757,,1.585292600134376e-07
3758,,1.5852457573514902e-07
3759,,1.5849238536904673e-07
3760,,1.5848411557472834e-07
3761,,1.5847843715761994e-07
3762,,1.5847368267369473e-07
3763,,1.5844251656445334e-07
3764,,1.5843358018640602e-07
3765,,1.5842766589508417e-07
3766,,1.5842282907796645e-07
3767,,1.5839285338793334e-07
3768,,1.5838313916475426e-07
3769,,1.5837694933223117e-07
3770,,1.5837201604285911e-07
3771,,1.5834342455535687e-07
3772,,1.5833280273145275e-07
3773,,1.5832629110112073e-07
3774,,1.5832124484594066e-07
3775,,1.5829426356679242e-07
3776,,1.582825828138088e-07
3777,,1.5827569543709149e-07
3778,,1.5827051698366182e-07
3779,,1.582454094817104e-07
3780,,1.582324933246143e-07
3781,,1.5822516728817665e-07
3782,,1.5821983420617304e-07
3783,,1.5819690787353097e-07
3784,,1.581825504938762e-07
3785,,1.7861946914975697
3786,,75383.1699441888
3787,,1.7475720988094043
3788,,692.6449271306245
3789,,1.7063215538392271
3790,,3.8960804364814976
3791,,1.5858970681699323
3792,,1.1723750970033326
3793,,1.1240118285347678
3794,,0.89605832967362
3795,,13.045001185163766
3796,,0.8762140507824312
3797,,0.7066225290441175
3798,,0.5921654808107988
3799,,0.12551293225141102
3800,,1.560197523153016
3801,,0.1230405971090694
3802,,0.11278237892477339
3803,,0.10292376838320196
3804,,0.09178436287682104
3805,,0.09122590935617542
3806,,0.4898349616805132
3807,,0.09047316194234734
3808,,0.08828378124779784
3809,,0.08403217568527444
3810,,0.07727641948114145
3811,,0.07758083555808155
3812,,0.07577333405477332
3813,,0.07128228949346255
3814,,0.07077705135534489
3815,,0.07071202961103153
3816,,0.07070352224009857
3817,,0.07070240675068222
3818,,0.07070226044613452
3819,,0.07070224125651982
3820,,0.07070223873955754
3821,,0.07070223840942523
3822,,0.07070223836612465
3823,,0.07070223836044509
3824,,0.0707022383596999
3825,,0.07070223835960246
3826,,0.07070223835959019
3827,,0.07070223835958754
3828,,0.07070223835958737
3829,,0.07070223835958717
3830,,0.07070223835958717
3831,,0.08775684256368468
3832,,0.043685106995347986
3833,,0.03167777652605396
3834,,0.0263373999794683
3835,,0.03193566265210918
3836,,0.022574663990935474
3837,,0.021103500904516192
3838,,0.01804015398617603
3839,,0.014061495965351006
3840,,0.010030084025200779
3841,,0.009050750347313754
3842,,0.007942074348956784
3843,,0.007578849181511186
3844,,0.007332793691190657
3845,,0.006794490940220567
3846,,0.005144494860097557
3847,,0.0031782595305632623
3848,,0.0018021371954225602
3849,,0.0013002917568446255
3850,,0.0011550795944477122
3851,,0.001088267937973489
3852,,0.0010238940896670564
3853,,0.0009026435767220981
3854,,0.0007451300487786364
3855,,0.0006228552854292559
3856,,0.0005655075631268925
3857,,0.0005019276186040457
3858,,0.00040157830640297947
3859,,0.00030216622776330245
3860,,0.0002648997668111175
3861,,0.00024360168191623886
3862,,0.00023848199186043363
3863,,0.00023726148843796496
3864,,0.00023588641257652536
3865,,0.0002328522833142305
3866,,0.00022847489655898257
3867,,0.00022261384577792697
3868,,0.00021108593202287583
3869,,0.00018740644271961456
3870,,0.00016091326288172894
3871,,0.00012746037362350323
3872,,9.612539622610911e-05
3873,,8.573106221086594e-05
3874,,8.26801366207481e-05
3875,,8.101747446939413e-05
3876,,7.966073705703493e-05
3877,,7.831780625439149e-05
3878,,7.629088270575225e-05
3879,,7.237750731822091e-05
3880,,6.677593267884739e-05
3881,,6.194673114025464e-05
3882,,5.8973503375081804e-05
3883,,5.6967759270790905e-05
3884,,5.403518922152343e-05
3885,,4.897023387996765e-05
3886,,4.474698269434909e-05
3887,,3.8408187280608856e-05
3888,,3.119911364646463e-05
3889,,2.769030814937707e-05
3890,,2.4292159357834122e-05
3891,,2.380447745812291e-05
3892,,2.35662419420893e-05
3893,,2.3428164680762886e-05
3894,,2.3069572122265615e-05
3895,,2.2317382638759626e-05
3896,,2.0710612186123192e-05
3897,,1.772418078412857e-05
3898,,1.3354312206512314e-05
3899,,1.1526364112975728e-05
3900,,8.222229311387565e-06
3901,,6.563516344108593e-06
3902,,6.219838615321638e-06
3903,,6.113674950754277e-06
3904,,6.001229147040637e-06
3905,,5.801896344481644e-06
3906,,5.420309923268024e-06
3907,,4.846321447805811e-06
3908,,4.256144615364768e-06
3909,,3.971491198857484e-06
3910,,3.888215609800205e-06
3911,,3.876295868687125e-06
3912,,3.8693044105182275e-06
3913,,3.86111344919921e-06
3914,,3.839134420461173e-06
3915,,3.7890186012315577e-06
3916,,3.678843386812173e-06
3917,,3.4376816270088207e-06
3918,,2.9561318312804957e-06
3919,,2.147260552337618e-06
3920,,1.175373597113731e-06
3921,,8.114785434925293e-07
3922,,3.631731115386775e-07
3923,,2.1637874667719288e-07
3924,,1.9583596421978304e-07
3925,,1.9140953386798697e-07
3926,,1.9093016508961658e-07
3927,,1.9073325243413293e-07
3928,,1.9059592206960086e-07
3929,,1.905423660917024e-07
3930,,1.9050190481584375e-07
3931,,1.90284255708148e-07
3932,,1.900719507875137e-07
3933,,1.891291623400258e-07
3934,,1.8760619657562982e-07
3935,,1.7516683718241944e-07
3936,,1.3962997561902285e-07
3937,,1.600906441523779e-07
3938,,1.386086240898e-07
3939,,1.375823739848975e-07
3940,,1.3751469204248e-07
3941,,1.3750698370251595e-07
3942,,1.3750229507056663e-07
3943,,1.374718338646237e-07
3944,,1.3745910480621702e-07
3945,,1.3745383248725325e-07
3946,,1.3744927132356916e-07
3947,,1.374131503200243e-07
3948,,1.3740580296396712e-07
3949,,1.374008435363154e-07
3950,,1.373742719732719e-07
3951,,1.3735931097504315e-07
3952,,1.3735281717923042e-07
3953,,1.373479272585809e-07
3954,,1.3731862323867623e-07
3955,,1.3730622041494842e-07
3956,,1.3729994447371795e-07
3957,,1.372950709037307e-07
3958,,1.3726505201627291e-07
3959,,1.3725338126857006e-07
3960,,1.3724714818942374e-07
3961,,1.3724227096883656e-07
3962,,1.3721222124311432e-07
3963,,1.3720067891696738e-07
3964,,1.3719441642620668e-07
3965,,1.3718952606318363e-07
3966,,1.371597495195288e-07
3967,,1.3714807134666578e-07
3968,,1.371417442680097e-07
3969,,1.3713683556484996e-07
3970,,1.3710748558725477e-07
3971,,1.3709554071617146e-07
3972,,1.370891295769488e-07
3973,,1.3708419918556786e-07
3974,,1.3705536397763907e-07
3975,,1.370430792508948e-07
3976,,1.3703657142828703e-07
3977,,1.3703161678568642e-07
3978,,1.3700335598874496e-07
3979,,1.36990683652853e-07
3980,,1.3698406945942603e-07
3981,,1.3697908830138335e-07
3982,,1.369514494513328e-07
3983,,1.3693835269750107e-07
3984,,1.369316235749159e-07
3985,,1.3692661370727616e-07
3986,,1.3689963982588076e-07
3987,,1.3688608615150417e-07
3988,,1.3687923382115574e-07
3989,,1.3687419299691455e-07
3990,,1.3684792630229135e-07
3991,,1.3683388430371245e-07
3992,,1.368269003264838e-07
3993,,1.368218261852724e-07
3994,,1.3679630996961623e-07
3995,,1.367817477473395e-07
3996,,1.3677462327875173e-07
3997,,1.3676951329689604e-07
3998,,1.367447930551964e-07
3999,,1.3672967727727838e-07
4000,,1.3672240291000442e-07
4001,,1.3671725436865043e-07
4002,,1.366933785214218e-07
4003,,1.3667767386746e-07
4004,,1.3667023950002868e-07
4005,,1.3666504945649216e-07
4006,,1.36642069956344e-07
4007,,1.366257386404816e-07
4008,,1.3661813337695033e-07
4009,,1.366128986278223e-07
4010,,1.3660831012865161e-07
4011,,1.3657387289232393e-07
4012,,1.3656608492023615e-07
4013,,1.365608019676395e-07
4014,,1.3655620290872592e-07
4015,,1.3652207809212473e-07
4016,,1.365140945684016e-07
4017,,1.3650875958229642e-07
4018,,1.3650414879811618e-07
4019,,1.3647035590846295e-07
4020,,1.3646216282757229e-07
4021,,1.3645677160064878e-07
4022,,1.3645214779899838e-07
4023,,1.3641870823850846e-07
4024,,1.364102902771019e-07
4025,,1.364048381743036e-07
4026,,1.3640019992735376e-07
4027,,1.363671372323368e-07
4028,,1.363584775863129e-07
4029,,1.3635295949089814e-07
4030,,1.363483052077683e-07
4031,,1.3631564533851158e-07
4032,,1.3630672552583828e-07
4033,,1.3630113576752274e-07
4034,,1.3629646367534647e-07
4035,,1.3626423534041713e-07
4036,,1.3625503498148983e-07
4037,,1.3624936726611433e-07
4038,,1.3624467538071717e-07
4039,,1.3621291041996195e-07
4040,,1.3620340697451883e-07
4041,,1.361976542910484e-07
4042,,1.361929403911144e-07
4043,,1.361616742005245e-07
4044,,1.3615184268227124e-07
4045,,1.361459972045145e-07
4046,,1.361412587911924e-07
4047,,1.361105308368781e-07
4048,,1.3610034346276322e-07
4049,,1.3609439642853354e-07
4050,,1.3608963068898822e-07
4051,,1.3605948507595747e-07
4052,,1.3604891088137422e-07
4053,,1.3604285246031258e-07
4054,,1.3603805621693452e-07
4055,,1.360085423714665e-07
4056,,1.3599754674631752e-07
4057,,1.3599136587999409e-07
4058,,1.3598653553817858e-07
4059,,1.3595770897575234e-07
4060,,1.359462531481988e-07
4061,,1.359399373665297e-07
4062,,1.359350688508845e-07
4063,,1.3590699208816604e-07
4064,,1.3589503250199696e-07
4065,,1.3588856771199914e-07
4066,,1.358836563881412e-07
4067,,1.3585639997792623e-07
4068,,1.3584388760206278e-07
4069,,1.3583725784162526e-07
4070,,1.3583229843706619e-07
4071,,1.3580594219240297e-07
4072,,1.3579282168131626e-07
4073,,1.3578600883405587e-07
4074,,1.3578099533284813e-07
4075,,1.3575562971987376e-07
4076,,1.3574183848481058e-07
4077,,1.3573482194814325e-07
4078,,1.3572974747732183e-07
4079,,1.3570547526516675e-07
4080,,1.3569094234993022e-07
4081,,1.3568369864873094e-07
4082,,1.3567855534136553e-07
4083,,1.356554934847752e-07
4084,,1.3564013830448332e-07
4085,,1.3563264064392313e-07
4086,,1.3562741948441553e-07
4087,,1.356228684375566e-07
4088,,1.35589432178511e-07
4089,,1.3558164992180123e-07
4090,,1.3557634056242142e-07
4091,,1.3557176371071163e-07
4092,,1.3553883073519487e-07
4093,,1.3553072880213117e-07
4094,,1.3552531934945317e-07
4095,,1.355207126246309e-07
4096,,1.3548834182347214e-07
4097,,1.3547987998124384e-07
4098,,1.354743567511976e-07
4099,,1.354697154587906e-07
4100,,1.3543797455328603e-07
4101,,1.354291066024779e-07
4102,,1.354234538309384e-07
4103,,1.3541877255228612e-07
4104,,1.3538773950871375e-07
4105,,1.3537841232566262e-07
4106,,1.3537261183261988e-07
4107,,1.3536788430109353e-07
4108,,1.353376489800241e-07
4109,,1.3532780140921377e-07
4110,,1.3532183221206084e-07
4111,,1.3531705118333048e-07
4112,,1.3528771725388107e-07
4113,,1.3527727881700915e-07
4114,,1.3527111667467905e-07
4115,,1.352662737605752e-07
4116,,1.3523796092976797e-07
4117,,1.3522685032627578e-07
4118,,1.3522046720937025e-07
4119,,1.352155526943106e-07
4120,,1.3518839931687852e-07
4121,,1.3517652266498067e-07
4122,,1.3516988614038038e-07
4123,,1.3516488876540742e-07
4124,,1.3513905485834877e-07
4125,,1.3512630366839066e-07
4126,,1.3511937618534804e-07
4127,,1.351142828940546e-07
4128,,1.3508995366838572e-07
4129,,1.3507620246218872e-07
4130,,1.350689405134992e-07
4131,,1.3506373615720978e-07
4132,,1.350411261189466e-07
4133,,1.3502622967440516e-07
4134,,1.350185828224004e-07
4135,,1.3501324982173056e-07
4136,,1.3500866780170472e-07
4137,,1.3497639768306387e-07
4138,,1.349683074319278e-07
4139,,1.3496282536996662e-07
4140,,1.3495819474570118e-07
4141,,1.3492672090580506e-07
4142,,1.349181193740639e-07
4143,,1.3491246453869585e-07
4144,,1.349077770053343e-07
4145,,1.3487721613622957e-07
4146,,1.3486802452272888e-07
4147,,1.3486216935915244e-07
4148,,1.348574152580706e-07
4149,,1.3482790293888775e-07
4150,,1.348180297279711e-07
4151,,1.3481194220636526e-07
4152,,1.3480711030779147e-07
4153,,1.3477880410332412e-07
4154,,1.3476814297426425e-07
4155,,1.3476178585965058e-07
4156,,1.3475686309497447e-07
4157,,1.3472994617798336e-07
4158,,1.3471837357650847e-07
4159,,1.3471170356302307e-07
4160,,1.3470667472871462e-07
4161,,1.3468136009711973e-07
4162,,1.346687323907256e-07
4163,,1.3466169910620783e-07
4164,,1.3465654650932401e-07
4165,,1.3463308189790285e-07
4166,,1.3461923207602893e-07
4167,,1.3461177691400413e-07
4168,,1.346064799590053e-07
4169,,1.3460191831222336e-07
4170,,1.3456988738946756e-07
4171,,1.3456194215250147e-07
4172,,1.3455647686604279e-07
4173,,1.345518590438555e-07
4174,,1.3452071553608365e-07
4175,,1.3451220084802413e-07
4176,,1.345065393170237e-07
4177,,1.345018554964069e-07
4178,,1.3447173656742084e-07
4179,,1.3446256003482464e-07
4180,,1.3445666975812492e-07
4181,,1.3445190849261057e-07
4182,,1.3442297386337461e-07
4183,,1.3441302792057205e-07
4184,,1.3440687104706412e-07
4185,,1.3440201900777444e-07
4186,,1.3437445467337832e-07
4187,,1.3436361407571768e-07
4188,,1.3435714652386464e-07
4189,,1.3435218818597633e-07
4190,,1.343262107634319e-07
4191,,1.3431432966502605e-07
4192,,1.3430750008978917e-07
4193,,1.343024173636336e-07
4194,,1.3427827916029846e-07
4195,,1.342651877113228e-07
4196,,1.3425793630160013e-07
4197,,1.3425270811551042e-07
4198,,1.3424818392205646e-07
4199,,1.3421620339735677e-07
4200,,1.3420846048115453e-07
4201,,1.3420306228232592e-07
4202,,1.3419848099127667e-07
4203,,1.341673944317599e-07
4204,,1.3415907883594245e-07
4205,,1.341534820187868e-07
4206,,1.3414883354184133e-07
4207,,1.3411878146014754e-07
4208,,1.3410979861681467e-07
4209,,1.3410396984651974e-07
4210,,1.3409924243122312e-07
4211,,1.3407038855568544e-07
4212,,1.340606282751626e-07
4213,,1.340545287135824e-07
4214,,1.340497086621596e-07
4215,,1.3402224378915332e-07
4216,,1.3401157768162734e-07
4217,,1.3400516206431637e-07
4218,,1.3400023341479516e-07
4219,,1.339743798810933e-07
4220,,1.3396265834091189e-07
4221,,1.3395587392391485e-07
4222,,1.339508180763266e-07
4223,,1.3392683498796548e-07
4224,,1.3391388367917713e-07
4225,,1.3390666899234587e-07
4226,,1.339014642670711e-07
4227,,1.3389696509881172e-07
4228,,1.3386526934949838e-07
4229,,1.3385755275803067e-07
4230,,1.3385217388966845e-07
4231,,1.3384761602477143e-07
4232,,1.3381683361122945e-07
4233,,1.3380853162868662e-07
4234,,1.3380294916781125e-07
4235,,1.3379832221891182e-07
4236,,1.337685977538731e-07
4237,,1.3375961307733644e-07
4238,,1.3375379270640254e-07
4239,,1.3374908456313368e-07
4240,,1.3372058660766627e-07
4241,,1.3371080583018523e-07
4242,,1.337047075468659e-07
4243,,1.3369990409649805e-07
4244,,1.3367282911510082e-07
4245,,1.3366212006466759e-07
4246,,1.3365569724532774e-07
4247,,1.3365078203864544e-07
4248,,1.3362535903289231e-07
4249,,1.336135676551909e-07
4250,,1.3360676595692373e-07
4251,,1.336017198224561e-07
4252,,1.33578215710032e-07
4253,,1.3356516244981838e-07
4254,,1.335579185311108e-07
4255,,1.335527191206017e-07
4256,,1.3354823984348935e-07
4257,,1.3351692060146623e-07
4258,,1.3350916063550802e-07
4259,,1.3350378190168018e-07
4260,,1.3349924203435423e-07
4261,,1.3346886094855057e-07
4262,,1.3346049887988211e-07
4263,,1.3345491045934667e-07
4264,,1.3345029928890456e-07
4265,,1.3342100545927937e-07
4266,,1.3341194098074393e-07
4267,,1.3340610748475858e-07
4268,,1.3340141252125283e-07
4269,,1.33373379750049e-07
4270,,1.333634959411932e-07
4271,,1.3335737611865019e-07
4272,,1.3335258280584815e-07
4273,,1.333260136907766e-07
4274,,1.333151742652111e-07
4275,,1.3330872003235762e-07
4276,,1.3330381140274637e-07
4277,,1.3327894210777032e-07
4278,,1.332669882086851e-07
4279,,1.3326014351467012e-07
4280,,1.3325509979190868e-07
4281,,1.3323220561156053e-07
4282,,1.332189520630244e-07
4283,,1.3321165157490857e-07
4284,,1.3320644970545443e-07
4285,,1.332019879723198e-07
4286,,1.331710824981664e-07
4287,,1.331632500612278e-07
4288,,1.331578631705556e-07
4289,,1.3315333880171876e-07
4290,,1.3312339895723252e-07
4291,,1.3311494579646119e-07
4292,,1.3310934256358843e-07
4293,,1.3310474450217963e-07
4294,,1.3307592410940268e-07
4295,,1.3306674674740005e-07
4296,,1.3306089065763913e-07
4297,,1.3305620601882256e-07
4298,,1.3302868439507232e-07
4299,,1.33018662208423e-07
4300,,1.3301251069849804e-07
4301,,1.3300772446384287e-07
4302,,1.329817106372342e-07
4303,,1.329707030195736e-07
4304,,1.3296420648026292e-07
4305,,1.329593011387458e-07
4306,,1.3293503878238448e-07
4307,,1.3292288182981486e-07
4308,,1.3291598242748198e-07
4309,,1.3291093757231854e-07
4310,,1.3288871073619689e-07
4311,,1.3287521339245338e-07
4312,,1.3286784371249527e-07
4313,,1.3286263555564466e-07
4314,,1.32858190081944e-07
4315,,1.3282771491348406e-07
4316,,1.328197963725069e-07
4317,,1.3281439718474545e-07
4318,,1.3280988692436342e-07
4319,,1.3278040645681158e-07
4320,,1.327718474522071e-07
4321,,1.3276622490802012e-07
4322,,1.3276163845590515e-07
4323,,1.3273331142364855e-07
4324,,1.3272400517542866e-07
4325,,1.3271812159720458e-07
4326,,1.3271344565481995e-07
4327,,1.3268645710008617e-07
4328,,1.326762791338368e-07
4329,,1.3267009060036437e-07
4330,,1.3266530966704725e-07
4331,,1.3263987530091417e-07
4332,,1.3262868052189707e-07
4333,,1.3262213583248134e-07
4334,,1.3261723184050406e-07
4335,,1.325936031231732e-07
4336,,1.3258122239268574e-07
4337,,1.3257426186767787e-07
4338,,1.3256921375660282e-07
4339,,1.3254768382193956e-07
4340,,1.3253391997359188e-07
4341,,1.3252647404283263e-07
4342,,1.3252125726233604e-07
4343,,1.3251682715822404e-07
4344,,1.324867910243906e-07
4345,,1.3247877859025056e-07
4346,,1.3247336452433406e-07
4347,,1.324688674048489e-07
4348,,1.3243985625682475e-07
4349,,1.3243118278642528e-07
4350,,1.3242553807431866e-07
4351,,1.324209621669805e-07
4352,,1.3239313982191902e-07
4353,,1.3238369511578253e-07
4354,,1.323777808746037e-07
4355,,1.3237311245618368e-07
4356,,1.3234666988290924e-07
4357,,1.3233632548300629e-07
4358,,1.3233009638320996e-07
4359,,1.3232531945728525e-07
4360,,1.3230047927600524e-07
4361,,1.3228908544085753e-07
4362,,1.3228248864458796e-07
4363,,1.3227758456580257e-07
4364,,1.322546062911238e-07
4365,,1.3224198846529715e-07
4366,,1.3223496238017257e-07
4367,,1.3222990941037465e-07
4368,,1.3222555282943478e-07
4369,,1.3219505027495692e-07
4370,,1.3218752310020485e-07
4371,,1.3218229590490475e-07
4372,,1.321778804271552e-07
4373,,1.321482891977501e-07
4374,,1.32140177239913e-07
4375,,1.3213474628551804e-07
4376,,1.321302614874055e-07
4377,,1.3210172661295546e-07
4378,,1.320929323095066e-07
4379,,1.3208726316653778e-07
4380,,1.3208269689825283e-07
4381,,1.3205538744854606e-07
4382,,1.3204579706786843e-07
4383,,1.3203984960687268e-07
4384,,1.3203518770606535e-07
4385,,1.3200930077185036e-07
4386,,1.3199878174230817e-07
4387,,1.3199250918090332e-07
4388,,1.3198773513787697e-07
4389,,1.3196350047428897e-07
4390,,1.3195189825387331e-07
4391,,1.3194524606148813e-07
4392,,1.319403406326081e-07
4393,,1.3191802607510325e-07
4394,,1.319051605140353e-07
4395,,1.3189806512324812e-07
4396,,1.318930058754111e-07
4397,,1.3188866527029446e-07
4398,,1.318585847478318e-07
4399,,1.3185097205852837e-07
4400,,1.3184573284313668e-07
4401,,1.3184133129571834e-07
4402,,1.318121898735661e-07
4403,,1.3180397350836367e-07
4404,,1.3179852384533871e-07
4405,,1.3179405059911174e-07
4406,,1.3176599795736373e-07
4407,,1.3175707722436386e-07
4408,,1.3175138158321832e-07
4409,,1.317468240965452e-07
4410,,1.317200347284413e-07
4411,,1.3171029225295324e-07
4412,,1.3170430921543829e-07
4413,,1.3169965287239118e-07
4414,,1.3167433018885592e-07
4415,,1.3166362914639793e-07
4416,,1.3165731043219656e-07
4417,,1.3165253819462015e-07
4418,,1.3162891931856869e-07
4419,,1.316171002140013e-07
4420,,1.316103895439604e-07
4421,,1.3160548155089391e-07
4422,,1.31583842905827e-07
4423,,1.315707198143084e-07
4424,,1.3156355158167802e-07
4425,,1.3155848468253523e-07
4426,,1.3155415943445022e-07
4427,,1.315245046924222e-07
4428,,1.315168024225315e-07
4429,,1.3151154962980542e-07
4430,,1.3150716132887178e-07
4431,,1.314784743800335e-07
4432,,1.3147014892378984e-07
4433,,1.3146467877953143e-07
4434,,1.3146021632353612e-07
4435,,1.314326516478003e-07
4436,,1.314235990896162e-07
4437,,1.314178749238374e-07
4438,,1.3141332536939245e-07
4439,,1.3138706305578157e-07
4440,,1.3137716225321603e-07
4441,,1.31371141321281e-07
4442,,1.3136648958465114e-07
4443,,1.3134173956570805e-07
4444,,1.3133084931160228e-07
4445,,1.313244817841811e-07
4446,,1.313197102812078e-07
4447,,1.3129671728710446e-07
4448,,1.3128467296842513e-07
4449,,1.3127790076169488e-07
4450,,1.3127298899390496e-07
4451,,1.3125203831401597e-07
4452,,1.312386480461983e-07
4453,,1.3123140345204684e-07
4454,,1.3122632752570373e-07
4455,,1.3122201701158933e-07
4456,,1.311927918291476e-07
4457,,1.3118499591872465e-07
4458,,1.3117972798294307e-07
4459,,1.3117535223786095e-07
4460,,1.3114712447507222e-07
4461,,1.31138685241687e-07
4462,,1.3113319283116405e-07
4463,,1.3112874039754164e-07
4464,,1.3110166949100917e-07
4465,,1.310924796847973e-07
4466,,1.3108672495176428e-07
4467,,1.3108218247162102e-07
4468,,1.3105645428546115e-07
4469,,1.3104638888408833e-07
4470,,1.3104032771336713e-07
4471,,1.3103567961946342e-07
4472,,1.310115108207676e-07
4473,,1.3100042408459744e-07
4474,,1.309940050499227e-07
4475,,1.309892331933883e-07
4476,,1.3096687636081347e-07
4477,,1.3095459840223363e-07
4478,,1.3094776155675327e-07
4479,,1.3094284478366255e-07
4480,,1.309386057045253e-07
4481,,1.3090892713495747e-07
4482,,1.3090160259961746e-07
4483,,1.3089651624942235e-07
4484,,1.3089221983834078e-07
4485,,1.3086342812404606e-07
4486,,1.3085553443937218e-07
4487,,1.3085024976820932e-07
4488,,1.3084588588202355e-07
4489,,1.3081812217623563e-07
4490,,1.3080956438689656e-07
4491,,1.308040478874007e-07
4492,,1.3079960469628432e-07
4493,,1.3077303355243096e-07
4494,,1.3076370096839428e-07
4495,,1.307579135812197e-07
4496,,1.307533773043987e-07
4497,,1.307281905448727e-07
4498,,1.3071795413400105e-07
4499,,1.3071185032921468e-07
4500,,1.307072048965922e-07
4501,,1.306836261412466e-07
4502,,1.306723354917146e-07
4503,,1.3066586219319283e-07
4504,,1.3066108887551637e-07
4505,,1.306393788029104e-07
4506,,1.3062685857921342e-07
4507,,1.3061995391882024e-07
4508,,1.3061503088294933e-07
4509,,1.306108072589681e-07
4510,,1.3058153918724758e-07
4511,,1.305741310434936e-07
4512,,1.3056903284109336e-07
4513,,1.305647498924955e-07
4514,,1.3053639573141936e-07
4515,,1.3052840003397376e-07
4516,,1.3052309699622103e-07
4517,,1.3051874425529658e-07
4518,,1.304914496851248e-07
4519,,1.3048276843614136e-07
4520,,1.3047722598291144e-07
4521,,1.3047279124180275e-07
4522,,1.304467260933527e-07
4523,,1.304372450508211e-07
4524,,1.3043142287080552e-07
4525,,1.3042689190364954e-07
4526,,1.3040225415435124e-07
4527,,1.3039184015112584e-07
4528,,1.3038569125209652e-07
4529,,1.3038104747809853e-07
4530,,1.3035806791766024e-07
4531,,1.3034656571757024e-07
4532,,1.3034003532423104e-07
4533,,1.3033525941056735e-07
4534,,1.3031420707811107e-07
4535,,1.3030143572357778e-07
4536,,1.3029445998392765e-07
4537,,1.3028952939932672e-07
4538,,1.302853206399322e-07
4539,,1.3025646646922268e-07
4540,,8.843329674854747
4541,,78107.23311823688
4542,,8.737418466540957
4543,,647.2484864355669
4544,,8.608937366800461
4545,,0.7111494198116447
4546,,3.369231896060738
4547,,0.6983548577314466
4548,,0.5749848286136863
4549,,13.968904625379828
4550,,0.5689383371307198
4551,,0.5255648235559591
4552,,0.48760261932812365
4553,,0.7317059781430014
4554,,0.4829574194940036
4555,,0.4729966996570284
4556,,0.4463537949850432
4557,,0.40208880856699525
4558,,0.29677161842448985
4559,,0.15654430063852287
4560,,0.4974672057884548
4561,,0.15394944189877643
4562,,0.14471657031356625
4563,,0.1146500354225012
4564,,0.09895785731587067
4565,,0.0980385623905721
4566,,0.09793125923793926
4567,,0.09791787124210433
4568,,0.09791618718042878
4569,,0.09791597512738219
4570,,0.09791594842272917
4571,,0.09791594505965588
4572,,0.09791594463612367
4573,,0.09791594458278388
4574,,0.09791594457606687
4575,,0.09791594457521995
4576,,0.09791594457511517
4577,,0.09791594457510124
4578,,0.09791594457509924
4579,,0.09791594457509901
4580,,0.09791594457509901
4581,,0.08411505587857865
4582,,0.08207713529880753
4583,,0.08163250221476412
4584,,0.08152902972489608
4585,,0.08150461225962033
4586,,0.08149883157241447
4587,,0.08149746198684697
4588,,0.08149713744016736
4589,,0.08149706053000545
4590,,0.08149704230386892
4591,,0.08149703798463355
4592,,0.08149703696106171
4593,,0.0814970367184945
4594,,0.08149703666101131
4595,,0.08149703664738776
4596,,0.08149703664416204
4597,,0.0814970366433956
4598,,0.08149703664321414
4599,,0.08149703664317093
4600,,0.0814970366431615
4601,,0.08149703664315953
4602,,0.08149703664315791
4603,,0.08149703664315688
4604,,0.08149703664315687
4605,,0.06088461121697864
4606,,0.0416236691812889
4607,,0.040899857107398206
4608,,0.040852014023128304
4609,,0.040848747254819004
4610,,0.040848523705786906
4611,,0.04084850840574707
4612,,0.040848507358576654
4613,,0.0408485072869061
4614,,0.04084850728200171
4615,,0.040848507281666134
4616,,0.040848507281642486
4617,,0.04084850728164083
4618,,0.040848507281640745
4619,,0.040848507281640745
4620,,0.028112535683104053
4621,,0.02706051010225841
4622,,0.026798904504343777
4623,,0.026716184114944967
4624,,0.026687988520521472
4625,,0.026678129267088357
4626,,0.02667465082434167
4627,,0.026673419723032787
4628,,0.026672983521772473
4629,,0.026672828906778568
4630,,0.026672774094598554
4631,,0.02667275466230171
4632,,0.026672747772940934
4633,,0.026672745330431468
4634,,0.026672744464479353
4635,,0.02667274415746931
4636,,0.026672744048621924
4637,,0.026672744010032265
4638,,0.026672743996350976
4639,,0.02667274399150062
4640,,0.026672743989781363
4641,,0.026672743989171844
4642,,0.026672743988955184
4643,,0.02667274398887885
4644,,0.026672743988850934
4645,,0.026672743988842385
4646,,0.017132144310626325
4647,,0.01600536449095256
4648,,0.01171737449307723
4649,,0.00955641317563464
4650,,0.008569671800885827
4651,,0.006964362031990454
4652,,0.005971953043553506
4653,,0.0051522961741020164
4654,,0.0040869979091308125
4655,,0.0036229809622554967
4656,,0.003443587093935481
4657,,0.003305040982184086
4658,,0.0031645449128619345
4659,,0.002321798288521201
4660,,0.0017141840655880574
4661,,0.001386202267675471
4662,,0.0012319539790059705
4663,,0.0010624958735519433
4664,,0.0008877587859747343
4665,,0.0006949241766664605
4666,,0.0006217113559221977
4667,,0.0005930241516425863
4668,,0.0005791592429099097
4669,,0.000560583071650958
4670,,0.0005290868206765457
4671,,0.0004883009151984655
4672,,0.00045524476442590137
4673,,0.0004138559702284641
4674,,0.00036975338076329975
4675,,0.00033932028672287233
4676,,0.0003223324020788851
4677,,0.0003049654283218402
4678,,0.0002853415510172611
4679,,0.0002527305325376059
4680,,0.00020306022658137343
4681,,0.00015334372766658718
4682,,0.00011816040477966113
4683,,0.00010927716266543127
4684,,0.00010774128542821992
4685,,0.00010604832802754519
4686,,9.957570482529953e-05
4687,,8.948603773312331e-05
4688,,7.502025203492572e-05
4689,,6.189744908856787e-05
4690,,5.307149822598372e-05
4691,,4.7887970318215646e-05
4692,,4.482689351040618e-05
4693,,4.305178923328144e-05
4694,,4.109073597958395e-05
4695,,3.873443166707076e-05
4696,,3.662695944381801e-05
4697,,3.653554052967811e-05
4698,,3.594849463738036e-05
4699,,3.560851630521847e-05
4700,,3.5422166016921124e-05
4701,,3.519954553420207e-05
4702,,3.456492034105451e-05
4703,,3.32866465338838e-05
4704,,3.074364010148105e-05
4705,,2.6785901361936748e-05
4706,,2.2539712380986238e-05
4707,,1.960496338352415e-05
4708,,1.856013528491697e-05
4709,,1.8216933753378153e-05
4710,,1.8019906103670747e-05
4711,,1.7632092727777266e-05
4712,,1.6804090221770234e-05
4713,,1.5561009507028762e-05
4714,,1.4381670748971156e-05
4715,,1.3768628487282846e-05
4716,,1.3582779110116246e-05
4717,,1.3548422409407396e-05
4718,,1.3533950468666256e-05
4719,,1.3501191884976128e-05
4720,,1.3410233372943398e-05
4721,,1.3205744935627916e-05
4722,,1.2750606805582923e-05
4723,,1.1830033890415119e-05
4724,,1.0218331879709749e-05
4725,,8.154517798393711e-06
4726,,6.535240881493706e-06
4727,,5.7319119613707215e-06
4728,,5.572257510954267e-06
4729,,5.553339685568226e-06
4730,,5.550850276658114e-06
4731,,5.5479775848850275e-06
4732,,5.535166119630998e-06
4733,,5.505095386698678e-06
4734,,5.434791177354204e-06
4735,,5.280945101752884e-06
4736,,4.961946294278232e-06
4737,,4.4742305110386625e-06
4738,,3.975594334856382e-06
4739,,2.90676267435266e-06
4740,,2.6260123895316304e-06
4741,,2.5711345827530857e-06
4742,,2.5621048343584304e-06
4743,,2.5592309724801352e-06
4744,,2.5529676780166952e-06
4745,,2.534382660619174e-06
4746,,2.4966748866575143e-06
4747,,2.4093910123384546e-06
4748,,2.223049995236153e-06
4749,,1.859198164372428e-06
4750,,1.2791804253272757e-06
4751,,6.36299098835928e-07
4752,,2.736250633490956e-07
4753,,1.1776673575752964e-07
4754,,8.356801181575684e-08
4755,,7.983150248343776e-08
4756,,7.95823560843187e-08
4757,,7.956852362470716e-08
4758,,7.956770229701978e-08
4759,,7.956749140941612e-08
4760,,7.956731637321912e-08
4761,,7.956606483357901e-08
4762,,7.956563582111488e-08
4763,,7.956543173545421e-08
4764,,7.956525549225405e-08
4765,,7.956447470627151e-08
4766,,7.956365166092613e-08
4767,,7.956338298561051e-08
4768,,7.956319658360514e-08
4769,,7.95630226066726e-08
4770,,7.956192221473634e-08
4771,,7.956137613280449e-08
4772,,7.956114506381637e-08
4773,,7.956096373800292e-08
4774,,7.956079045431546e-08
4775,,7.955958013662328e-08
4776,,7.955913171225078e-08
4777,,7.95589122163979e-08
4778,,7.955873207854331e-08
4779,,7.955855889286663e-08
4780,,7.95573510822316e-08
4781,,7.955690563455015e-08
4782,,7.95566827556329e-08
4783,,7.955650138302417e-08
4784,,7.955632789467227e-08
4785,,7.955520574416432e-08
4786,,7.955469446386433e-08
4787,,7.95544563417171e-08
4788,,7.95542716355942e-08
4789,,7.95540974630214e-08
4790,,7.955314384128357e-08
4791,,7.955249933393982e-08
4792,,7.955223337691182e-08
4793,,7.955204294247763e-08
4794,,7.955186762205597e-08
4795,,7.95516953349208e-08
4796,,7.955032495778681e-08
4797,,7.955001489620708e-08
4798,,7.954981552296472e-08
4799,,7.954963841959973e-08
4800,,7.954946579981179e-08
4801,,7.95481798715321e-08
4802,,7.954780266375271e-08
4803,,7.954758974031292e-08
4804,,7.954740992676332e-08
4805,,7.954723679007228e-08
4806,,7.954607756935328e-08
4807,,7.95455994213262e-08
4808,,7.954536615004378e-08
4809,,7.954518225928458e-08
4810,,7.954500832925986e-08
4811,,7.954403857283366e-08
4812,,7.954340932117969e-08
4813,,7.954314559036306e-08
4814,,7.954295558415608e-08
4815,,7.954278044996073e-08
4816,,7.954260831719868e-08
4817,,7.954123858757846e-08
4818,,7.954092931847116e-08
4819,,7.954073015560842e-08
4820,,7.954055320395404e-08
4821,,7.954038073418858e-08
4822,,7.953909653289701e-08
4823,,7.953871921302583e-08
4824,,7.953850635227876e-08
4825,,7.953832666657297e-08
4826,,7.953815367450411e-08
4827,,7.953699707638209e-08
4828,,7.953651807956413e-08
4829,,7.953628474062335e-08
4830,,7.953610095271988e-08
4831,,7.953592716254309e-08
4832,,7.953496101148461e-08
4833,,7.953433011587544e-08
4834,,7.953406616471457e-08
4835,,7.953387623240679e-08
4836,,7.953370123255352e-08
4837,,7.953352924671602e-08
4838,,7.953216158464808e-08
4839,,7.953185189103797e-08
4840,,7.953165276092209e-08
4841,,7.953147593498008e-08
4842,,7.953130360906681e-08
4843,,7.953002184511593e-08
4844,,7.95296438059009e-08
4845,,7.952943091830494e-08
4846,,7.952925134651045e-08
4847,,7.952907849690984e-08
4848,,7.952792487891354e-08
4849,,7.952744472751058e-08
4850,,7.952721127348802e-08
4851,,7.952702758236365e-08
4852,,7.952685393136081e-08
4853,,7.952589156663273e-08
4854,,7.952525886990599e-08
4855,,7.952499467601321e-08
4856,,7.952480481391385e-08
4857,,7.952462994670056e-08
4858,,7.952445810681812e-08
4859,,7.952309252600801e-08
4860,,7.952278239336753e-08
4861,,7.952258329519375e-08
4862,,7.952240659521e-08
4863,,7.952223441411955e-08
4864,,7.952095509354346e-08
4865,,7.952057632440374e-08
4866,,7.95203634103482e-08
4867,,7.952018395153675e-08
4868,,7.952001124531625e-08
4869,,7.951886061149369e-08
4870,,7.951837929877626e-08
4871,,7.95181457293373e-08
4872,,7.951796213462867e-08
4873,,7.95177886215667e-08
4874,,7.951683005209667e-08
4875,,7.951619554603648e-08
4876,,7.951593110558489e-08
4877,,7.951574131261954e-08
4878,,7.951556657913346e-08
4879,,7.951539488581063e-08
4880,,7.9514031386637e-08
4881,,7.951372081394274e-08
4882,,7.951352174523276e-08
4883,,7.951334516985002e-08
4884,,7.951317313332449e-08
4885,,7.95118962583119e-08
4886,,7.951151675681464e-08
4887,,7.951130381430435e-08
4888,,7.951112446951112e-08
4889,,7.951095190387964e-08
4890,,7.950980425976368e-08
4891,,7.950932177945248e-08
4892,,7.950908809394531e-08
4893,,7.95089045942205e-08
4894,,7.950873122032569e-08
4895,,7.950777645275947e-08
4896,,7.950714012922728e-08
4897,,7.950687544131521e-08
4898,,7.950668571691028e-08
4899,,7.950651111633141e-08
4900,,7.950633956877837e-08
4901,,7.950497815153979e-08
4902,,7.950466713530058e-08
4903,,7.950446809592701e-08
4904,,7.950429164573021e-08
4905,,7.95041197532499e-08
4906,,7.950284532561576e-08
4907,,7.950246508924531e-08
4908,,7.950225211569252e-08
4909,,7.950207288454399e-08
4910,,7.950190046072528e-08
4911,,7.95007558086821e-08
4912,,7.950027215735195e-08
4913,,7.950003835313289e-08
4914,,7.949985494821384e-08
4915,,7.949968171231082e-08
4916,,7.949873075257844e-08
4917,,7.949809260569185e-08
4918,,7.949782766837726e-08
4919,,7.94976380135893e-08
4920,,7.949746354530317e-08
4921,,7.949729214250508e-08
4922,,7.949593280761904e-08
4923,,7.949562134592073e-08
4924,,7.949542233485201e-08
4925,,7.94952460097777e-08
4926,,7.949507426086966e-08
4927,,7.949380228226218e-08
4928,,7.949342130580748e-08
4929,,7.949320830206853e-08
4930,,7.949302918385211e-08
4931,,7.949285690128582e-08
4932,,7.949171524698464e-08
4933,,7.9491230417448e-08
4934,,7.949099649443051e-08
4935,,7.949081318423635e-08
4936,,7.949064008597552e-08
4937,,7.948969294179793e-08
4938,,7.948905296226267e-08
4939,,7.948878777402597e-08
4940,,7.948859818613009e-08
4941,,7.948842385075798e-08
4942,,7.948825259296083e-08
4943,,7.948689534108677e-08
4944,,7.948658343118342e-08
4945,,7.948638444866682e-08
4946,,7.948620824664456e-08
4947,,7.94860366422217e-08
4948,,7.948476711358413e-08
4949,,7.948438539455162e-08
4950,,7.94841723602426e-08
4951,,7.948399335382369e-08
4952,,7.948382121193141e-08
4953,,7.94826825572792e-08
4954,,7.948219654547584e-08
4955,,7.948196250276155e-08
4956,,7.948177928793533e-08
4957,,7.94816063259838e-08
4958,,7.948066300298258e-08
4959,,7.948002118474616e-08
4960,,7.947975574352486e-08
4961,,7.947956622328941e-08
4962,,7.947939201959919e-08
4963,,7.947922090766508e-08
4964,,7.947786573865182e-08
4965,,7.947755337815689e-08
4966,,7.94773544223065e-08
4967,,7.94771783445656e-08
4968,,7.947700688301439e-08
4969,,7.947573980705914e-08
4970,,7.947535734296518e-08
4971,,7.947514427563555e-08
4972,,7.947496538120464e-08
4973,,7.947479337961566e-08
4974,,7.947365772876655e-08
4975,,7.947317052911446e-08
4976,,7.947293636544534e-08
4977,,7.947275324350293e-08
4978,,7.947258041939187e-08
4979,,7.947164092548117e-08
4980,,7.947099725925569e-08
4981,,7.947073156379929e-08
4982,,7.947054211017104e-08
4983,,7.947036803859365e-08
4984,,7.94701970712159e-08
4985,,7.946884398612027e-08
4986,,7.946853117263582e-08
4987,,7.946833224423531e-08
4988,,7.946815628909036e-08
4989,,7.946798497120762e-08
4990,,7.946672034887069e-08
4991,,7.946633713449112e-08
4992,,7.946612403411067e-08
4993,,7.94659452507295e-08
4994,,7.946577339029104e-08
4995,,7.946464074811649e-08
4996,,7.946415235522259e-08
4997,,7.946391806871494e-08
4998,,7.946373504004406e-08
4999,,7.946356235311425e-08
5000,,7.946262669372582e-08
5001,,7.946198117431146e-08
5002,,7.946171522206718e-08
5003,,7.946152583549371e-08
5004,,7.946135189482194e-08
5005,,7.946118107152765e-08
5006,,7.945983006979556e-08
5007,,7.945951680106057e-08
5008,,7.945931789835009e-08
5009,,7.945914206709737e-08
5010,,7.94589708916782e-08
5011,,7.945770872562149e-08
5012,,7.945732475783154e-08
5013,,7.945711162325787e-08
5014,,7.945693295094772e-08
5015,,7.945676123000768e-08
5016,,7.945563160025996e-08
5017,,7.945514200979213e-08
5018,,7.94549075993155e-08
5019,,7.945472466308543e-08
5020,,7.945455211248725e-08
5021,,7.945362029517676e-08
5022,,7.945297291331166e-08
5023,,7.945270670426362e-08
5024,,7.945251738287444e-08
5025,,7.94523435729648e-08
5026,,7.945217289399562e-08
5027,,7.945082397678952e-08
5028,,7.945051025001454e-08
5029,,7.945031137288449e-08
5030,,7.94501356644835e-08
5031,,7.944996463101263e-08
5032,,7.944870492263667e-08
5033,,7.944832019834652e-08
5034,,7.944810702970607e-08
5035,,7.944792846673564e-08
5036,,7.944775688748768e-08
5037,,7.944663027179907e-08
5038,,7.944613947908342e-08
5039,,7.944590494360008e-08
5040,,7.94457220998152e-08
5041,,7.944554968532946e-08
5042,,7.944462171670631e-08
5043,,7.944397246435857e-08
5044,,7.94437059963822e-08
5045,,7.94435167400395e-08
5046,,7.944334306091183e-08
5047,,7.944317252522834e-08
5048,,7.944182569413987e-08
5049,,7.944151150631943e-08
5050,,7.944131265442165e-08
5051,,7.944113706761633e-08
5052,,7.944096617683938e-08
5053,,7.943970892796912e-08
5054,,7.943932344390595e-08
5055,,7.94391102381235e-08
5056,,7.943893178661721e-08
5057,,7.943876034555419e-08
5058,,7.943763674980991e-08
5059,,7.943714474823128e-08
5060,,7.943691008720856e-08
5061,,7.943672733542726e-08
5062,,7.943655505695408e-08
5063,,7.943563094478237e-08
5064,,7.943497981570456e-08
5065,,7.943471308512479e-08
5066,,7.943452389311716e-08
5067,,7.943435034534905e-08
5068,,7.943417995337452e-08
5069,,7.943283520729186e-08
5070,,7.9432520556767e-08
5071,,7.943232172815617e-08
5072,,7.943214626452535e-08
5073,,7.943197551471048e-08
5074,,7.943072072770381e-08
5075,,7.943033447938303e-08
5076,,7.943012123739187e-08
5077,,7.942994289496509e-08
5078,,7.942977159319849e-08
5079,,7.942865102256123e-08
5080,,7.94281578071162e-08
5081,,7.942792301752358e-08
5082,,7.942774035698405e-08
5083,,7.942756821364254e-08
5084,,7.942664796437228e-08
5085,,7.94259949503092e-08
5086,,7.942572795734448e-08
5087,,7.94255388296714e-08
5088,,7.942536541091316e-08
5089,,7.942519516321072e-08
5090,,7.942385250274509e-08
5091,,7.942353738740154e-08
5092,,7.942333858171502e-08
5093,,7.942316323901687e-08
5094,,7.94229926323097e-08
5095,,7.942174030814212e-08
5096,,7.942135329184435e-08
5097,,7.942114001226785e-08
5098,,7.942096177942246e-08
5099,,7.942079061766937e-08
5100,,7.941967307285284e-08
5101,,7.941917863862016e-08
5102,,7.94189437210984e-08
5103,,7.941876115150707e-08
5104,,7.941858914365756e-08
5105,,7.941767276457984e-08
5106,,7.941701785772213e-08
5107,,7.941675059950184e-08
5108,,7.941656153602391e-08
5109,,7.941638824629291e-08
5110,,7.941621814111211e-08
5111,,7.941487756701635e-08
5112,,7.941456198409166e-08
5113,,7.941436320075787e-08
5114,,7.941418798042953e-08
5115,,7.941401751413528e-08
5116,,7.941276765595306e-08
5117,,7.941237986942059e-08
5118,,7.941216654999186e-08
5119,,7.941198842642107e-08
5120,,7.941181740323426e-08
5121,,7.941070288964854e-08
5122,,7.941020723170736e-08
5123,,7.940997218377785e-08
5124,,7.940978970510826e-08
5125,,7.940961783161584e-08
5126,,7.940870532929315e-08
5127,,7.940804852354783e-08
5128,,7.940778099799696e-08
5129,,7.940759199705734e-08
5130,,7.940741883685342e-08
5131,,7.940724887517129e-08
5132,,7.94059103892202e-08
5133,,7.940559433480941e-08
5134,,7.940539557333244e-08
5135,,7.940522047381061e-08
5136,,7.940505014841592e-08
5137,,7.940380275725206e-08
5138,,7.940341419537819e-08
5139,,7.940320083765023e-08
5140,,7.94030228213923e-08
5141,,7.940285193787909e-08
5142,,7.940174045847598e-08
5143,,7.94012435726646e-08
5144,,7.940100839234479e-08
5145,,7.940082600397094e-08
5146,,7.940065426540985e-08
5147,,7.939974564766767e-08
5148,,7.939908693313635e-08
5149,,7.939881913992803e-08
5150,,7.939863020092011e-08
5151,,7.939845717069342e-08
5152,,7.939828735081664e-08
5153,,7.939695095195323e-08
5154,,7.93966344243033e-08
5155,,7.939643568475972e-08
5156,,7.939626070563911e-08
5157,,7.939609052133946e-08
5158,,7.939484559947395e-08
5159,,7.939445625988451e-08
5160,,7.939424286062824e-08
5161,,7.939406495386304e-08
5162,,7.939389420665195e-08
5163,,7.93927857675842e-08
5164,,7.939228764652354e-08
5165,,7.939205233473543e-08
5166,,7.939187003578953e-08
5167,,7.939169843199035e-08
5168,,7.939079370413866e-08
5169,,7.939013307432001e-08
5170,,7.938986501135598e-08
5171,,7.93896761343062e-08
5172,,7.9389503232466e-08
5173,,7.938933355458897e-08
5174,,7.93879992442607e-08
5175,,7.938768224196861e-08
5176,,7.938748352306495e-08
5177,,7.938730866369633e-08
5178,,7.938713861993406e-08
5179,,7.938589616819267e-08
5180,,7.938550604715958e-08
5181,,7.938529260681273e-08
5182,,7.938511480715176e-08
5183,,7.938494419891089e-08
5184,,7.938383880342311e-08
5185,,7.938333944196795e-08
5186,,7.938310399621154e-08
5187,,7.938292178610768e-08
5188,,7.93827503168093e-08
5189,,7.938184948716067e-08
5190,,7.938118693374406e-08
5191,,7.938091859839214e-08
5192,,7.938072978323188e-08
5193,,7.938055700937864e-08
5194,,7.93803874747737e-08
5195,,7.937905525182812e-08
5196,,7.937873777183696e-08
5197,,7.937853907278884e-08
5198,,7.937836433320648e-08
5199,,7.937819443007444e-08
5200,,7.937695445159566e-08
5201,,7.93765635438052e-08
5202,,7.937635006178708e-08
5203,,7.937617236974703e-08
5204,,7.937600189888781e-08
5205,,7.937489955046221e-08
5206,,7.9374398945119e-08
5207,,7.937416336308805e-08
5208,,7.937398124282042e-08
5209,,7.937380990607591e-08
5210,,7.937291298224227e-08
5211,,7.937224849696116e-08
5212,,7.937197988890132e-08
5213,,7.937179113489328e-08
5214,,7.937161848901632e-08
5215,,7.937144909532094e-08
5216,,7.937011896239245e-08
5217,,7.9369801002219e-08
5218,,7.936960232092378e-08
5219,,7.936942770183526e-08
5220,,7.93692579384115e-08
5221,,7.936802043515825e-08
5222,,7.936762873841622e-08
5223,,7.936741521316691e-08
5224,,7.936723762745342e-08
5225,,7.936706729512792e-08
5226,,7.936596799698431e-08
5227,,7.93654661415677e-08
5228,,7.936523042360911e-08
5229,,7.936504839080479e-08
5230,,7.936487718884294e-08
5231,,7.936398417643552e-08
5232,,7.936331775340008e-08
5233,,7.936304886933151e-08
5234,,7.936286017515522e-08
5235,,7.93626876566891e-08
5236,,7.936251840515658e-08
5237,,7.936119036174202e-08
5238,,7.93608719189994e-08
5239,,7.936067325623718e-08
5240,,7.93604987558694e-08
5241,,7.936032913240081e-08
5242,,7.935909410646401e-08
5243,,7.93587016166952e-08
5244,,7.93584880470385e-08
5245,,7.935831056860364e-08
5246,,7.935814037264237e-08
5247,,7.935704413033701e-08
5248,,7.935654101847598e-08
5249,,7.935630516335063e-08
5250,,7.935612321829394e-08
5251,,7.935595214919893e-08
5252,,7.935506305650953e-08
5253,,7.935439468644706e-08
5254,,7.935412552611124e-08
5255,,7.935393689021032e-08
5256,,7.93537645012602e-08
5257,,7.935359539018828e-08
5258,,7.935226943740552e-08
5259,,7.93519505092739e-08
5260,,7.935175186365642e-08
5261,,7.935157748256787e-08
5262,,7.935140799873724e-08
5263,,7.935017545128104e-08
5264,,7.934978216554025e-08
5265,,7.934956855058911e-08
5266,,7.934939117815747e-08
5267,,7.93492211186734e-08
5268,,7.934812793587187e-08
5269,,7.934762356304142e-08
5270,,7.934738756959443e-08
5271,,7.934720571159258e-08
5272,,7.93470347754612e-08
5273,,7.934614960987494e-08
5274,,7.934547928582992e-08
5275,,7.934520984541571e-08
5276,,7.934502126961785e-08
5277,,7.934484900718902e-08
5278,,7.934468003708828e-08
5279,,7.934335617583219e-08
5280,,7.934303675868119e-08
5281,,7.934283812978942e-08
5282,,7.934266386931734e-08
5283,,7.93424945233153e-08
5284,,7.93412644564764e-08
5285,,7.934087037127111e-08
5286,,7.93406567094267e-08
5287,,7.934047944311664e-08
5288,,7.934030952054478e-08
5289,,7.933921940217542e-08
5290,,7.933871376376344e-08
5291,,7.933847762874459e-08
5292,,7.933829585707585e-08
5293,,7.933812505508516e-08
5294,,7.933724382250478e-08
5295,,7.933657153564632e-08
5296,,7.933630181482374e-08
5297,,7.933611329793234e-08
5298,,7.933594116190574e-08
5299,,7.933577233249939e-08
5300,,7.93344505627785e-08
5301,,7.933413065557516e-08
5302,,7.933393204370443e-08
5303,,7.933375789899832e-08
5304,,7.933358869329819e-08
5305,,7.933236110967601e-08
5306,,7.93319662204558e-08
5307,,7.933175251261183e-08
5308,,7.933157535216455e-08
5309,,7.933140556476148e-08
5310,,7.933031851330192e-08
5311,,7.932981160364854e-08
5312,,7.932957532751931e-08
5313,,7.932939364334303e-08
5314,,7.932922297180717e-08
5315,,7.932834568253488e-08
5316,,7.932767142450638e-08
5317,,7.932740142192193e-08
5318,,7.932721296272193e-08
5319,,7.932704095280483e-08
5320,,7.932687226475192e-08
5321,,7.932555258668925e-08
5322,,7.932523218664346e-08
5323,,7.932503358952924e-08
5324,,7.932485956378779e-08
5325,,7.932469049610735e-08
5326,,7.932346539717295e-08
5327,,7.932306970097628e-08
5328,,7.932285594464721e-08
5329,,7.932267888842956e-08
5330,,7.932250923872662e-08
5331,,7.932142525880644e-08
5332,,7.932091707159156e-08
5333,,7.93206806528452e-08
5334,,7.932049905397446e-08
5335,,7.932032851505586e-08
5336,,7.931945517487037e-08
5337,,7.931877893858532e-08
5338,,7.93185086508165e-08
5339,,7.931832024933109e-08
5340,,7.93181483665574e-08
5341,,7.931797981787365e-08
5342,,7.931666223216652e-08
5343,,7.931634133641208e-08
5344,,7.931614275526632e-08
5345,,7.931596884763594e-08
5346,,7.93157999176667e-08
5347,,7.931457730666839e-08
5348,,7.931418079801066e-08
5349,,7.931396699269558e-08
5350,,7.931379004269815e-08
5351,,7.931362052753898e-08
5352,,7.931253962389798e-08
5353,,7.931203015493672e-08
5354,,7.931179359232e-08
5355,,7.931161207871674e-08
5356,,7.931144167197998e-08
5357,,8.152945612067375
5358,,69451.09474334455
5359,,8.059359656409248
5360,,558.2059009005968
5361,,7.942264343296768
5362,,1.2572194276155337
5363,,2.5444020751189114
5364,,1.2304385553550552
5365,,1.0763131156773962
5366,,19.800935422522986
5367,,1.0653588386112531
5368,,0.9023811253028936
5369,,0.8434383529761893
5370,,0.8418856651740141
5371,,0.841838087563908
5372,,0.8418366232038016
5373,,0.8418365781270816
5374,,0.841836576739493
5375,,0.8418365766967848
5376,,0.8418365766954663
5377,,0.8418365766954279
5378,,0.8418365766954277
5379,,0.8418365766954248
5380,,0.8418365766954248
5381,,0.7797921051813783
5382,,0.7780618012890023
5383,,0.7780087568874284
5384,,0.778007126135166
5385,,0.7780070759963299
5386,,0.7780070744547704
5387,,0.7780070744073694
5388,,0.7780070744059128
5389,,0.7780070744058687
5390,,0.7780070744058655
5391,,0.7780070744058655
5392,,0.3601866533482958
5393,,0.1951799732181755
5394,,0.18436229386161776
5395,,0.17710200783527727
5396,,0.16387259140690263
5397,,0.13919541111643047
5398,,0.10996215128555831
5399,,0.19233612556989543
5400,,0.08033180379738206
5401,,0.05879509920293683
5402,,0.08022796641790927
5403,,0.052266114899105307
5404,,0.04187611976902849
5405,,0.037003802931058025
5406,,0.03454147757726619
5407,,0.027298253429945223
5408,,0.022898549729957154
5409,,0.01847811164318185
5410,,0.012691251216397074
5411,,0.013662238390665287
5412,,0.010060565284610615
5413,,0.007610256606692518
5414,,0.005387959192829927
5415,,0.004952216258088669
5416,,0.004823838793996516
5417,,0.004724790490863047
5418,,0.004492470272049752
5419,,0.0041370490371766475
5420,,0.003724319392352498
5421,,0.0032930065939596694
5422,,0.0030053851883934685
5423,,0.0028859859129591148
5424,,0.0028025133616731953
5425,,0.0026615921384427078
5426,,0.002386412580292988
5427,,0.0020345652540167416
5428,,0.0018051355096277374
5429,,0.0017218910826754612
5430,,0.0016530578816094956
5431,,0.0015761072334018686
5432,,0.0014551576324545287
5433,,0.0013475262579704201
5434,,0.001299600320599685
5435,,0.0012762501164284776
5436,,0.0012496505394720078
5437,,0.0011982731588852584
5438,,0.0011065947404988708
5439,,0.0009741918986908391
5440,,0.0009062632772029517
5441,,0.0008735091687097901
5442,,0.0008534134099807273
5443,,0.000830456393200767
5444,,0.000789088586462028
5445,,0.0007166996964588384
5446,,0.0005854389347612454
5447,,0.00036546125842690507
5448,,0.000633811945317969
5449,,0.00032136147958820475
5450,,0.00021050524234776367
5451,,0.0001769392283852976
5452,,0.00017026217486655238
5453,,0.00016819291980368589
5454,,0.00016572163327192784
5455,,0.00016098468048654074
5456,,0.00015138096792585327
5457,,0.00013507613512149795
5458,,0.0001113579915530218
5459,,8.295683712391592e-05
5460,,5.881760544765946e-05
5461,,4.724091184291071e-05
5462,,4.05116982349305e-05
5463,,3.673778930800804e-05
5464,,3.0312982531084373e-05
5465,,2.3341238519239704e-05
5466,,1.8211185729854228e-05
5467,,1.6278929327234567e-05
5468,,1.5451702221697872e-05
5469,,1.491570977628551e-05
5470,,1.4612517712881639e-05
5471,,1.4481712897524854e-05
5472,,1.4430799144630117e-05
5473,,1.4404738312258857e-05
5474,,1.4369187706099073e-05
5475,,1.4296265113778991e-05
5476,,1.4172133443680904e-05
5477,,1.3950455607843835e-05
5478,,1.3586861201869424e-05
5479,,1.308788236602028e-05
5480,,1.2569901553006484e-05
5481,,1.2349325181376553e-05
5482,,1.2246822818999734e-05
5483,,1.2213522119909853e-05
5484,,1.2173490839074895e-05
5485,,1.2075896344017935e-05
5486,,1.185599565484361e-05
5487,,1.1375223722951945e-05
5488,,1.0412423428841819e-05
5489,,8.796637251004252e-06
5490,,6.840674074764193e-06
5491,,5.8070611448043835e-06
5492,,5.192453435440212e-06
5493,,4.846957168961408e-06
5494,,4.812603877672123e-06
5495,,4.803677594427286e-06
5496,,4.7949203325646805e-06
5497,,4.782677833059608e-06
5498,,4.765249388922295e-06
5499,,4.729370533726512e-06
5500,,4.645731264866507e-06
5501,,4.460825944036835e-06
5502,,4.0989188183123655e-06
5503,,3.53795776461775e-06
5504,,4.077976555072184e-06
5505,,3.321139246781915e-06
5506,,2.844292686143149e-06
5507,,2.5203570391043965e-06
5508,,2.459061998736352e-06
5509,,2.4509567967248877e-06
5510,,2.449356621430698e-06
5511,,2.4472965225731547e-06
5512,,2.4427217865420456e-06
5513,,2.433255748698857e-06
5514,,2.4108377507141256e-06
5515,,2.364204510942466e-06
5516,,2.272808435206536e-06
5517,,2.130571963977357e-06
5518,,1.9787097755329296e-06
5519,,1.8821669219617152e-06
5520,,1.8520103876580636e-06
5521,,1.846640204273962e-06
5522,,1.8459574512963253e-06
5523,,1.8455549279060248e-06
5524,,1.8452147110033736e-06
5525,,1.8423248489717605e-06
5526,,1.8076321214464986e-06
5527,,1.738479632878765e-06
5528,,1.5981759752436477e-06
5529,,1.3647377331889697e-06
5530,,1.0901095281400522e-06
5531,,1.051425224759159e-06
5532,,8.370962500772652e-07
5533,,7.773979361781791e-07
5534,,7.668052579216996e-07
5535,,7.65602625280884e-07
5536,,7.65506542898102e-07
5537,,7.654937617803386e-07
5538,,7.654871114434575e-07
5539,,7.654444960472971e-07
5540,,7.65424507029675e-07
5541,,7.654174272934068e-07
5542,,7.654110298673522e-07
5543,,7.653561254287113e-07
5544,,7.650716485844465e-07
5545,,7.645997031348954e-07
5546,,7.608609869188292e-07
5547,,7.4003778524153e-07
5548,,6.852539531100937e-07
5549,,5.804687133013133e-07
5550,,4.1668653836606365e-07
5551,,2.491255464746252e-07
5552,,1.529465929504743e-07
5553,,1.2032637909453506e-07
5554,,1.1561570640880895e-07
5555,,1.1518157880539339e-07
5556,,1.1514553653880444e-07
5557,,1.1514311764571864e-07
5558,,1.1514277966581932e-07
5559,,1.15142687570557e-07
5560,,1.1514264891345753e-07
5561,,1.1514262553760881e-07
5562,,1.151426069698938e-07
5563,,1.151424968669439e-07
5564,,1.1514245580669236e-07
5565,,1.1514243145788449e-07
5566,,1.1514241254251853e-07
5567,,1.1514230738569152e-07
5568,,1.1514226301255765e-07
5569,,1.1514223747254528e-07
5570,,1.1514221814645109e-07
5571,,1.1514211899279346e-07
5572,,1.1514207054473969e-07
5573,,1.1514204359178021e-07
5574,,1.151420237844288e-07
5575,,1.1514193173641833e-07
5576,,1.1514187843992905e-07
5577,,1.151418498318031e-07
5578,,1.1514182946315964e-07
5579,,1.1514181185218324e-07
5580,,1.1514168674784522e-07
5581,,1.1514165620838901e-07
5582,,1.1514163518625104e-07
5583,,1.1514161735795804e-07
5584,,1.1514149552881901e-07
5585,,1.1514146274278087e-07
5586,,1.1514144096415286e-07
5587,,1.1514142287945744e-07
5588,,1.1514130485433684e-07
5589,,1.1514126945968429e-07
5590,,1.151412468037448e-07
5591,,1.1514122842375849e-07
5592,,1.1514111480858254e-07
5593,,1.151410763881552e-07
5594,,1.1514105271367715e-07
5595,,1.1514103399054078e-07
5596,,1.1514092549139509e-07
5597,,1.1514088356148523e-07
5598,,1.151408587061277e-07
5599,,1.1514083958592416e-07
5600,,1.1514073701637285e-07
5601,,1.1514069101724504e-07
5602,,1.1514066479476069e-07
5603,,1.1514064521425753e-07
5604,,1.1514054951591786e-07
5605,,1.1514049880037368e-07
5606,,1.1514047099090878e-07
5607,,1.1514045087921315e-07
5608,,1.1514036314274325e-07
5609,,1.1514030696270409e-07
5610,,1.1514027731713019e-07
5611,,1.1514025658797983e-07
5612,,1.1514023885498304e-07
5613,,1.1514011556506272e-07
5614,,1.1514008379141521e-07
5615,,1.1514006234558216e-07
5616,,1.1514004437236765e-07
5617,,1.1513992467705956e-07
5618,,1.1513989043648781e-07
5619,,1.1513986816197562e-07
5620,,1.1513984990936648e-07
5621,,1.1513973437764246e-07
5622,,1.151396972793269e-07
5623,,1.1513967404471527e-07
5624,,1.1513965546906997e-07
5625,,1.151395447621556e-07
5626,,1.151395043523962e-07
5627,,1.1513948000474843e-07
5628,,1.1513946105468866e-07
5629,,1.1513935593728422e-07
5630,,1.151393116910763e-07
5631,,1.151392860532594e-07
5632,,1.1513926667178607e-07
5633,,1.1513916802945634e-07
5634,,1.151391193388406e-07
5635,,1.1513909220860907e-07
5636,,1.1513907232370757e-07
5637,,1.1513898118460164e-07
5638,,1.1513892734407478e-07
5639,,1.1513889848177252e-07
5640,,1.1513887801632122e-07
5641,,1.1513886037037619e-07
5642,,1.151387357617052e-07
5643,,1.1513870489688816e-07
5644,,1.1513868375523838e-07
5645,,1.1513866588347033e-07
5646,,1.1513854466107769e-07
5647,,1.1513851147003999e-07
5648,,1.1513848954959806e-07
5649,,1.1513847141441302e-07
5650,,1.1513835411409249e-07
5651,,1.1513831823201533e-07
5652,,1.1513829540624148e-07
5653,,1.1513827696798928e-07
5654,,1.1513816421161089e-07
5655,,1.1513812520978674e-07
5656,,1.151381013357951e-07
5657,,1.1513808254581194e-07
5658,,1.1513797505313294e-07
5659,,1.1513793243850777e-07
5660,,1.1513790735121258e-07
5661,,1.1513788815129898e-07
5662,,1.1513778675955058e-07
5663,,1.1513773995940713e-07
5664,,1.1513771346307205e-07
5665,,1.1513769379177896e-07
5666,,1.1513759946590825e-07
5667,,1.1513754781459891e-07
5668,,1.1513751968788509e-07
5669,,1.1513749946854778e-07
5670,,1.1513748190722685e-07
5671,,1.151373560593433e-07
5672,,1.1513732604534988e-07
5673,,1.151373051910646e-07
5674,,1.1513728741567359e-07
5675,,1.1513716475679484e-07
5676,,1.1513713255351685e-07
5677,,1.1513711096428208e-07
5678,,1.151370929416445e-07
5679,,1.151369739776306e-07
5680,,1.1513693923821786e-07
5681,,1.1513691679674573e-07
5682,,1.1513689848830945e-07
5683,,1.1513678380408871e-07
5684,,1.1513674612785909e-07
5685,,1.1513672269827311e-07
5686,,1.1513670405654578e-07
5687,,1.1513659433299159e-07
5688,,1.1513655325235626e-07
5689,,1.1513652867977455e-07
5690,,1.1513650965475963e-07
5691,,1.1513640567499934e-07
5692,,1.1513636065043234e-07
5693,,1.1513633475281215e-07
5694,,1.1513631528145974e-07
5695,,1.1513621795948389e-07
5696,,1.151361683670152e-07
5697,,1.1513614093243912e-07
5698,,1.151361209456352e-07
5699,,1.1513603133506806e-07
5700,,1.1513597644896069e-07
5701,,1.1513594723573256e-07
5702,,1.1513592665090004e-07
5703,,1.1513590896780942e-07
5704,,1.1513578495751462e-07
5705,,1.1513575368238876e-07
5706,,1.1513573240564092e-07
5707,,1.1513571448762565e-07
5708,,1.1513559395753831e-07
5709,,1.1513556029467663e-07
5710,,1.1513553821528143e-07
5711,,1.1513552002845914e-07
5712,,1.1513540352992219e-07
5713,,1.1513536709991513e-07
5714,,1.151353440902606e-07
5715,,1.1513532559012449e-07
5716,,1.1513521376347219e-07
5717,,1.151351741270002e-07
5718,,1.1513515003985643e-07
5719,,1.1513513117814601e-07
5720,,1.1513502476211219e-07
5721,,1.1513498141226077e-07
5722,,1.1513495607690134e-07
5723,,1.151349367948489e-07
5724,,1.1513483665024498e-07
5725,,1.151347889959962e-07
5726,,1.1513476221371665e-07
5727,,1.1513474244575584e-07
5728,,1.1513464956618771e-07
5729,,1.1513459692490064e-07
5730,,1.1513456846719185e-07
5731,,1.1513454813658379e-07
5732,,1.1513453053758526e-07
5733,,1.1513440525493491e-07
5734,,1.1513437485574187e-07
5735,,1.1513435387237468e-07
5736,,1.1513433605355573e-07
5737,,1.1513421404966165e-07
5738,,1.1513418140007597e-07
5739,,1.1513415966113227e-07
5740,,1.1513414158818982e-07
5741,,1.1513402338177459e-07
5742,,1.1513398812613055e-07
5743,,1.1513396551102092e-07
5744,,1.1513394714405477e-07
5745,,1.1513383333684341e-07
5746,,1.1513379506135866e-07
5747,,1.1513377143143191e-07
5748,,1.1513375272261527e-07
5749,,1.1513364401429578e-07
5750,,1.1513360223948761e-07
5751,,1.1513357743323397e-07
5752,,1.1513355833066124e-07
5753,,1.1513345552794498e-07
5754,,1.1513340969908119e-07
5755,,1.1513338353009706e-07
5756,,1.1513336396952448e-07
5757,,1.1513326800911872e-07
5758,,1.1513321748404584e-07
5759,,1.1513318973770488e-07
5760,,1.1513316964500293e-07
5761,,1.1513308165400697e-07
5762,,1.1513302641159534e-07
5763,,1.1513299707885324e-07
5764,,1.151329764549492e-07
5765,,1.1513295875738193e-07
5766,,1.15132834952802e-07
5767,,1.1513280354044003e-07
5768,,1.1513278221670558e-07
5769,,1.1513276428492486e-07
5770,,1.1513264399175381e-07
5771,,1.1513261016870734e-07
5772,,1.151325880362811e-07
5773,,1.1513256983143572e-07
5774,,1.151324536071537e-07
5775,,1.1513241699192269e-07
5776,,1.1513239391912745e-07
5777,,1.151323753997789e-07
5778,,1.1513226389068164e-07
5779,,1.1513222403925281e-07
5780,,1.1513219988003201e-07
5781,,1.1513218099338312e-07
5782,,1.1513207494667296e-07
5783,,1.1513203134703528e-07
5784,,1.1513200592736813e-07
5785,,1.1513198661769134e-07
5786,,1.1513188689849672e-07
5787,,1.151318389548313e-07
5788,,1.1513181207622837e-07
5789,,1.1513179227583504e-07
5790,,1.1513169988871759e-07
5791,,1.1513164691259663e-07
5792,,1.1513161834275696e-07
5793,,1.1513159797478514e-07
5794,,1.1513158036366612e-07
5795,,1.1513145527465346e-07
5796,,1.151314247448076e-07
5797,,1.1513140371854461e-07
5798,,1.1513138588577247e-07
5799,,1.1513126410552546e-07
5800,,1.1513123130542799e-07
5801,,1.1513120951554752e-07
5802,,1.1513119142690592e-07
5803,,1.1513107347864969e-07
5804,,1.1513103804876589e-07
5805,,1.1513101537444095e-07
5806,,1.151309969878237e-07
5807,,1.1513088348116609e-07
5808,,1.1513084500269234e-07
5809,,1.1513082130443351e-07
5810,,1.1513080257426626e-07
5811,,1.1513069421165544e-07
5812,,1.1513065220194459e-07
5813,,1.1513062731729285e-07
5814,,1.1513060818808039e-07
5815,,1.1513050578596002e-07
5816,,1.1513045968501812e-07
5817,,1.1513043342599198e-07
5818,,1.1513041383474049e-07
5819,,1.1513031833789246e-07
5820,,1.151302674972718e-07
5821,,1.151302396445749e-07
5822,,1.1513021951784667e-07
5823,,1.1513013202240267e-07
5824,,1.1513007569103901e-07
5825,,1.1513004599298664e-07
5826,,1.1513002524545428e-07
5827,,1.1513000750567651e-07
5828,,1.1512988432524489e-07
5829,,1.1512985248780971e-07
5830,,1.1512983102181898e-07
5831,,1.1512981304119617e-07
5832,,1.1512969347070098e-07
5833,,1.1512965915592257e-07
5834,,1.1512963685838851e-07
5835,,1.1512961859851757e-07
5836,,1.1512950320855355e-07
5837,,1.1512946602331407e-07
5838,,1.1512944275945211e-07
5839,,1.151294241759792e-07
5840,,1.1512931363247637e-07
5841,,1.1512927312121565e-07
5842,,1.1512924874030552e-07
5843,,1.1512922978066917e-07
5844,,1.1512912485133953e-07
5845,,1.1512908048653624e-07
5846,,1.1512905481027146e-07
5847,,1.1512903541538393e-07
5848,,1.1512893699092097e-07
5849,,1.1512888816143248e-07
5850,,1.151288609843406e-07
5851,,1.1512884108597775e-07
5852,,1.1512875019804188e-07
5853,,1.1512869619575459e-07
5854,,1.1512866728020376e-07
5855,,1.1512864679753714e-07
5856,,1.1512862914657327e-07
5857,,1.1512850464580891e-07
5858,,1.1512847371540119e-07
5859,,1.1512845255500998e-07
5860,,1.1512843467692692e-07
5861,,1.1512831357682698e-07
5862,,1.151282803129516e-07
5863,,1.1512825836815012e-07
5864,,1.1512824022673492e-07
5865,,1.1512812306592266e-07
5866,,1.1512808709842452e-07
5867,,1.1512806424522319e-07
5868,,1.1512804579779823e-07
5869,,1.1512793320109236e-07
5870,,1.151278941008438e-07
5871,,1.1512787019485551e-07
5872,,1.1512785139335217e-07
5873,,1.1512774408543764e-07
5874,,1.1512770135471547e-07
5875,,1.1512767622842313e-07
5876,,1.1512765701779833e-07
5877,,1.1512755583620712e-07
5878,,1.1512750890127684e-07
5879,,1.1512748236096742e-07
5880,,1.1512746267614511e-07
5881,,1.1512736859404319e-07
5882,,1.1512731678667944e-07
5883,,1.1512728860809313e-07
5884,,1.1512726837234047e-07
5885,,1.1512725080686105e-07
5886,,1.1512712506176047e-07
5887,,1.1512709498770032e-07
5888,,1.1512707411336353e-07
5889,,1.1512705633295625e-07
5890,,1.151269337917145e-07
5891,,1.1512690151798392e-07
5892,,1.1512687990601155e-07
5893,,1.1512686187677628e-07
5894,,1.1512674304616078e-07
5895,,1.1512670822625975e-07
5896,,1.1512668575793799e-07
5897,,1.1512666744082989e-07
5898,,1.1512655291005455e-07
5899,,1.1512651513842228e-07
5900,,1.1512649167909337e-07
5901,,1.151264730289326e-07
5902,,1.1512636347903145e-07
5903,,1.1512632228913524e-07
5904,,1.1512629767989549e-07
5905,,1.1512627864313787e-07
5906,,1.1512617486472637e-07
5907,,1.1512612971328038e-07
5908,,1.1512610377391742e-07
5909,,1.1512608428988226e-07
5910,,1.1512598719773583e-07
5911,,1.1512593745728241e-07
5912,,1.1512590997491354e-07
5913,,1.151258899720454e-07
5914,,1.1512580062762994e-07
5915,,1.1512574556940119e-07
5916,,1.1512571629924857e-07
5917,,1.1512569569691834e-07
5918,,1.1512567800683181e-07
5919,,1.1512555410809626e-07
5920,,1.151255227681797e-07
5921,,1.1512550147019044e-07
5922,,1.1512548354620865e-07
5923,,1.1512536314395815e-07
5924,,1.151253294037452e-07
5925,,1.1512530729882966e-07
5926,,1.1512528910531045e-07
5927,,1.1512517275116616e-07
5928,,1.1512513623223565e-07
5929,,1.1512511319310361e-07
5930,,1.151250946846554e-07
5931,,1.1512498302345674e-07
5932,,1.1512494328400643e-07
5933,,1.1512491916280717e-07
5934,,1.1512490029201183e-07
5935,,1.1512479406576601e-07
5936,,1.151247505950757e-07
5937,,1.1512472522026941e-07
5938,,1.1512470592693618e-07
5939,,1.1512460599916744e-07
5940,,1.1512455820604878e-07
5941,,1.1512453137801728e-07
5942,,1.1512451159587874e-07
5943,,1.151244189669061e-07
5944,,1.151243661645755e-07
5945,,1.1512433765239111e-07
5946,,1.1512431730547356e-07
5947,,1.1512429970083766e-07
5948,,1.1512417452518055e-07
5949,,1.1512414406256539e-07
5950,,1.151241230606781e-07
5951,,1.1512410523611901e-07
5952,,1.151239833517338e-07
5953,,1.1512395062967624e-07
5954,,1.1512392886776167e-07
5955,,1.151239107886544e-07
5956,,1.1512379271895142e-07
5957,,1.151237573796824e-07
5958,,1.1512373473706584e-07
5959,,1.1512371636205819e-07
5960,,1.1512360271176487e-07
5961,,1.1512356433852372e-07
5962,,1.1512354067669946e-07
5963,,1.1512352196003593e-07
5964,,1.1512341342901351e-07
5965,,1.1512337154252703e-07
5966,,1.1512334669904176e-07
5967,,1.151233275849749e-07
5968,,1.1512322498778095e-07
5969,,1.1512317902898696e-07
5970,,1.1512315281729259e-07
5971,,1.1512313324229026e-07
5972,,1.1512303751866231e-07
5973,,1.1512298684140969e-07
5974,,1.1512295904453687e-07
5975,,1.1512293893771859e-07
5976,,1.1512285117697896e-07
5977,,1.1512279503427833e-07
5978,,1.1512276539999199e-07
5979,,1.1512274467540185e-07
5980,,1.15122726944621e-07
5981,,1.1512260366631281e-07
5982,,1.1512257190317364e-07
5983,,1.1512255046315196e-07
5984,,1.1512253249216638e-07
5985,,1.1512241280706602e-07
5986,,1.1512237857781876e-07
5987,,1.1512235630844145e-07
5988,,1.1512233806020854e-07
5989,,1.1512222253712968e-07
5990,,1.1512218544999128e-07
5991,,1.1512216222171149e-07
5992,,1.1512214364930223e-07
5993,,1.1512203294997014e-07
5994,,1.1512199255323817e-07
5995,,1.1512196821115779e-07
5996,,1.1512194926553704e-07
5997,,1.1512184415307906e-07
5998,,1.1512179992198127e-07
5999,,1.1512177429101308e-07
6000,,1.1512175491143053e-07
6001,,1.151216562741884e-07
6002,,1.151216075981212e-07
6003,,1.151215804739502e-07
6004,,1.1512156059332434e-07
6005,,1.151214694574857e-07
6006,,1.151214156327896e-07
6007,,1.1512138677826877e-07
6008,,1.1512136631544552e-07
6009,,1.1512134867285581e-07
6010,,1.151212240808125e-07
6011,,1.1512119322158639e-07
6012,,1.1512117208523836e-07
6013,,1.1512115421632203e-07
6014,,1.1512103300797449e-07
6015,,1.1512099982535952e-07
6016,,1.1512097790830436e-07
6017,,1.1512095977715633e-07
6018,,1.1512084248970772e-07
6019,,1.1512080661664275e-07
6020,,1.1512078379527875e-07
6021,,1.1512076536023268e-07
6022,,1.1512065261621027e-07
6023,,1.1512061362442709e-07
6024,,1.151205897546308e-07
6025,,1.1512057096738655e-07
6026,,1.1512046348683377e-07
6027,,1.1512042088267975e-07
6028,,1.1512039579875906e-07
6029,,1.151203766029765e-07
6030,,1.1512027522166466e-07
6031,,1.1512022843102592e-07
6032,,1.1512020194086799e-07
6033,,1.1512018227267871e-07
6034,,1.1512008795657654e-07
6035,,1.151200363154522e-07
6036,,1.1512000819559594e-07
6037,,1.1511998797991147e-07
6038,,1.1511997042036481e-07
6039,,1.1511984459106906e-07
6040,,1.1511981458224759e-07
6041,,1.1511979373172199e-07
6042,,1.1511977595963418e-07
6043,,1.1511965331748415e-07
6044,,1.1511962112037147e-07
6045,,1.1511959953453163e-07
6046,,1.1511958151497993e-07
6047,,1.1511946256674595e-07
6048,,1.1511942783441498e-07
6049,,1.1511940539701333e-07
6050,,1.1511938709100952e-07
6051,,1.1511927242205992e-07
6052,,1.1511923475344907e-07
6053,,1.1511921132808558e-07
6054,,1.1511919269054371e-07
6055,,1.1511908297962119e-07
6056,,1.1511904190750724e-07
6057,,1.1511901733938472e-07
6058,,1.1511899831711026e-07
6059,,1.1511889434967192e-07
6060,,1.1511884933461288e-07
6061,,1.1511882344198271e-07
6062,,1.1511880397509142e-07
6063,,1.1511870666255082e-07
6064,,1.1511865708029216e-07
6065,,1.1511862965188314e-07
6066,,1.1511860966800253e-07
6067,,1.151185200670383e-07
6068,,1.1511846519148247e-07
6069,,1.1511843598428884e-07
6070,,1.1511841540335064e-07
6071,,1.1511839772167862e-07
6072,,1.1511827372903866e-07
6073,,1.1511824246092266e-07
6074,,1.1511822118671488e-07
6075,,1.1511820327291744e-07
6076,,1.1511808275940284e-07
6077,,1.1511804910346503e-07
6078,,1.1511802702661214e-07
6079,,1.1511800884321643e-07
6080,,1.151178923591106e-07
6081,,1.1511785593684837e-07
6082,,1.1511783293148896e-07
6083,,1.1511781443488414e-07
6084,,1.1511770262175167e-07
6085,,1.1511766299387243e-07
6086,,1.1511763891097214e-07
6087,,1.1511762005311869e-07
6088,,1.1511751365057046e-07
6089,,1.151174703083606e-07
6090,,1.1511744497741558e-07
6091,,1.1511742570045635e-07
6092,,1.1511732556631859e-07
6093,,1.1511727792079572e-07
6094,,1.1511725114402478e-07
6095,,1.1511723138031764e-07
6096,,1.1511713850989083e-07
6097,,1.1511708588021847e-07
6098,,1.1511705742692599e-07
6099,,1.151170371001648e-07
6100,,1.1511701950415846e-07
6101,,1.1511689424019439e-07
6102,,1.1511686384593293e-07
6103,,1.1511684286587253e-07
6104,,1.1511682505126429e-07
6105,,1.1511670306295118e-07
6106,,1.1511667041961535e-07
6107,,1.1511664868425545e-07
6108,,1.1511663061608702e-07
6109,,1.1511651242445516e-07
6110,,1.1511647717493803e-07
6111,,1.1511645456434264e-07
6112,,1.1511643620045807e-07
6113,,1.1511632240789457e-07
6114,,1.151162841397508e-07
6115,,1.1511626051388985e-07
6116,,1.151162418096732e-07
6117,,1.1511613311319325e-07
6118,,1.1511609134801354e-07
6119,,1.1511606654590007e-07
6120,,1.1511604744633331e-07
6121,,1.1511594465538508e-07
6122,,1.1511589883652723e-07
6123,,1.1511587267256482e-07
6124,,1.1511585311517817e-07
6125,,1.1511575716515517e-07
6126,,1.1511570665128193e-07
6127,,1.151156789090544e-07
6128,,1.1511565882113306e-07
6129,,1.1511557079775277e-07
6130,,1.1511551484226188e-07
6131,,1.1511548527266586e-07
6132,,1.1511546456930797e-07
6133,,1.1511544684785118e-07
6134,,1.1511532347218825e-07
6135,,1.1511529178302128e-07
6136,,1.1511527036770103e-07
6137,,1.1511525240742606e-07
6138,,1.1511513260735265e-07
6139,,1.1511509846384496e-07
6140,,1.1511507622487337e-07
6141,,1.1511505798518392e-07
6142,,1.1511494232970221e-07
6143,,1.1511490534277648e-07
6144,,1.1511488214742165e-07
6145,,1.1511486358780663e-07
6146,,1.1511475273130813e-07
6147,,1.1511471244910665e-07
6148,,1.1511468814725242e-07
6149,,1.1511466921437027e-07
6150,,1.1511456392114638e-07
6151,,1.1511451982113859e-07
6152,,1.1511449423627148e-07
6153,,1.1511447487191657e-07
6154,,1.1511437602259928e-07
6155,,1.1511432750026944e-07
6156,,9.040042486710957
6157,,73363.93364289064
6158,,8.936803365224613
6159,,584.0413229741629
6160,,8.806191436653537
6161,,0.7871268204794226
6162,,5.621209019387554
6163,,0.7714963069243951
6164,,0.5900552679495663
6165,,5.4704073430447435
6166,,0.582352306419064
6167,,0.5101969869521168
6168,,0.48605893625741664
6169,,0.44363984818869245
6170,,2.392430896118414
6171,,0.4355260306897349
6172,,0.39531780022920676
6173,,0.35626650503316454
6174,,0.28215164498551487
6175,,0.19875801824301692
6176,,0.284894065081841
6177,,0.1821298567154362
6178,,0.1633943895674725
6179,,0.15840668507337788
6180,,0.14933032671618504
6181,,82.3335026695361
6182,,0.14740570276932324
6183,,0.8339830163686903
6184,,0.14552151371922725
6185,,0.23171462052500322
6186,,0.14119651535869335
6187,,0.13363541069413845
6188,,0.1278423218064259
6189,,0.13124907702333424
6190,,0.120571612310732
6191,,0.11886823054592591
6192,,0.11199861811770043
6193,,0.11133723010404063
6194,,0.11122707880150168
6195,,1.3862668830469307
6196,,0.10773289234701977
6197,,0.09664872420732189
6198,,0.09365885254378349
6199,,0.09343571243111426
6200,,0.09341857072604426
6201,,0.0934172509799272
6202,,0.09341714935490546
6203,,0.09341714152932518
6204,,0.09341714092671885
6205,,0.09341714088031593
6206,,0.09341714087674123
6207,,0.09341714087646702
6208,,0.09341714087644622
6209,,0.0934171408764442
6210,,0.09341714087644412
6211,,0.09341714087644412
6212,,0.03625101738351097
6213,,0.03792383682465286
6214,,0.025918466040095012
6215,,0.018882611382550377
6216,,0.018485960305673965
6217,,0.014963781547687155
6218,,0.01324698979716382
6219,,0.011512059955684717
6220,,0.006663100913196253
6221,,0.005094884546626557
6222,,0.004884103261786754
6223,,0.004728785483023652
6224,,0.004615768313837682
6225,,0.00441906062358827
6226,,0.0038142201931981572
6227,,0.003333423142932852
6228,,0.0029240877813682094
6229,,0.0024608805322282384
6230,,0.0019315889312506386
6231,,0.0016330055188170736
6232,,0.0013994567837166023
6233,,0.0012146884928617584
6234,,0.0010500628949146292
6235,,0.0009046423983531364
6236,,0.0007615889642410346
6237,,0.0006242565697949766
6238,,0.0005527999945416438
6239,,0.0005231952789946833
6240,,0.0004921631962518044
6241,,0.00044847566499971897
6242,,0.0004199387167985807
6243,,0.000401305701804939
6244,,0.00039489772149155607
6245,,0.0003891862834111648
6246,,0.0003822139478074462
6247,,0.0003665703207212035
6248,,0.00033445768631153985
6249,,0.00026341693392619537
6250,,0.00021697358119495522
6251,,0.0001498051369957394
6252,,0.00011175100625042998
6253,,0.00010227523689315359
6254,,9.983670127376054e-05
6255,,9.895014789480855e-05
6256,,9.812965617986559e-05
6257,,9.700485056719584e-05
6258,,9.519308849339566e-05
6259,,9.281356558621173e-05
6260,,8.975612510074149e-05
6261,,8.698009491771408e-05
6262,,8.520923832134095e-05
6263,,8.40438173170491e-05
6264,,8.272600751589446e-05
6265,,8.025398599338745e-05
6266,,7.565301528043831e-05
6267,,6.992927159369725e-05
6268,,6.514065827830009e-05
6269,,6.216207590247967e-05
6270,,5.967401389347388e-05
6271,,5.8615252407652275e-05
6272,,5.797593276961091e-05
6273,,5.762133908669365e-05
6274,,5.748870578166996e-05
6275,,5.741268512128993e-05
6276,,5.726210081102069e-05
6277,,5.6929633679260835e-05
6278,,5.635082897783975e-05
6279,,5.515617004459161e-05
6280,,5.307710930661951e-05
6281,,4.9683136052267094e-05
6282,,4.684955644431436e-05
6283,,4.477090940286623e-05
6284,,4.3535205748883096e-05
6285,,4.3366356599839966e-05
6286,,4.3288918008866444e-05
6287,,4.304912334882543e-05
6288,,4.236953718337915e-05
6289,,4.090041251178042e-05
6290,,3.7839677196358514e-05
6291,,3.2254278362786834e-05
6292,,2.4306348036395833e-05
6293,,1.7156852652806843e-05
6294,,1.3781614673722432e-05
6295,,1.2888214607725682e-05
6296,,1.2678620345442139e-05
6297,,1.2645667498942834e-05
6298,,1.2622754796121474e-05
6299,,1.2546507897009533e-05
6300,,1.23639724978025e-05
6301,,1.1976075294730137e-05
6302,,1.1179446125800214e-05
6303,,9.751976796964545e-06
6304,,7.94214455174682e-06
6305,,6.599982657387511e-06
6306,,6.002293139035551e-06
6307,,5.870197999819327e-06
6308,,5.850809661029263e-06
6309,,5.847620254877903e-06
6310,,5.844418754211986e-06
6311,,5.836426367414626e-06
6312,,5.809303138586266e-06
6313,,5.753753006926338e-06
6314,,5.638707840365567e-06
6315,,5.375040579872326e-06
6316,,4.935024521677844e-06
6317,,4.3634719841639405e-06
6318,,3.975358502583544e-06
6319,,3.7989977088789404e-06
6320,,3.770289730365972e-06
6321,,3.7665225507768174e-06
6322,,3.764231716998494e-06
6323,,3.7557413265432527e-06
6324,,3.734627163733066e-06
6325,,3.6854050490278143e-06
6326,,3.5746030226810892e-06
6327,,3.3367134683863507e-06
6328,,2.8746405211759494e-06
6329,,2.1441187047987093e-06
6330,,1.3453012487313767e-06
6331,,8.654935943819784e-07
6332,,7.082949686177439e-07
6333,,6.827174540197143e-07
6334,,6.796951431172352e-07
6335,,6.795415338137115e-07
6336,,6.794703472844153e-07
6337,,6.794611119821455e-07
6338,,6.794563838788635e-07
6339,,6.794523587391348e-07
6340,,6.794229946337993e-07
6341,,6.794159363456342e-07
6342,,6.794112600177642e-07
6343,,6.794072150188754e-07
6344,,6.793778888599397e-07
6345,,6.793709045326025e-07
6346,,6.793661556405384e-07
6347,,6.793620790700328e-07
6348,,6.793331662974076e-07
6349,,6.793259233183757e-07
6350,,6.793210657075428e-07
6351,,6.793169507613659e-07
6352,,6.792885972145914e-07
6353,,6.792809790211062e-07
6354,,6.792759898506156e-07
6355,,6.792718303263685e-07
6356,,6.792441415931142e-07
6357,,6.792360703916692e-07
6358,,6.792309287698502e-07
6359,,6.792267181284698e-07
6360,,6.791997948401414e-07
6361,,6.791911996054771e-07
6362,,6.791858836562181e-07
6363,,6.791816146426426e-07
6364,,6.791555636259191e-07
6365,,6.791463704319229e-07
6366,,6.791408560028262e-07
6367,,6.791365204190938e-07
6368,,6.791114599824222e-07
6369,,6.791015876947078e-07
6370,,6.790958475970728e-07
6371,,6.790914361087697e-07
6372,,6.790674995850314e-07
6373,,6.790568571640895e-07
6374,,6.790508605191125e-07
6375,,6.790463624651208e-07
6376,,6.790237011639995e-07
6377,,6.790121855625706e-07
6378,,6.790058971810164e-07
6379,,6.790013003538668e-07
6380,,6.789800866248815e-07
6381,,6.789675806681899e-07
6382,,6.789609603579326e-07
6383,,6.78956250777397e-07
6384,,6.789521711319057e-07
6385,,6.789230514343149e-07
6386,,6.789160532579786e-07
6387,,6.78911214889328e-07
6388,,6.789070908959113e-07
6389,,6.788786081940306e-07
6390,,6.788711795827478e-07
6391,,6.788661940269498e-07
6392,,6.788620191713948e-07
6393,,6.788342628130536e-07
6394,,6.788263435958415e-07
6395,,6.788211897345492e-07
6396,,6.788169565216268e-07
6397,,6.787900289801407e-07
6398,,6.787815502089295e-07
6399,,6.787762037947927e-07
6400,,6.787719035922989e-07
6401,,6.787459224420252e-07
6402,,6.787368051019978e-07
6403,,6.78731238264861e-07
6404,,6.787268611425248e-07
6405,,6.787019613680973e-07
6406,,6.786921148192214e-07
6407,,6.786862955248931e-07
6408,,6.786818300357783e-07
6409,,6.786581666676264e-07
6410,,6.78647486932606e-07
6411,,6.786413783365483e-07
6412,,6.786368112857764e-07
6413,,6.786145624921581e-07
6414,,6.786029301677542e-07
6415,,6.785964898722396e-07
6416,,6.785918060585842e-07
6417,,6.785711766497954e-07
6418,,6.785584546175706e-07
6419,,6.785516338235461e-07
6420,,6.785468157056479e-07
6421,,6.785426872050535e-07
6422,,6.785140719498063e-07
6423,,6.785068144519912e-07
6424,,6.785018417974576e-07
6425,,6.784976582056786e-07
6426,,6.784697956386697e-07
6427,,6.784620366869675e-07
6428,,6.784568861394442e-07
6429,,6.784526389752947e-07
6430,,6.784256412716513e-07
6431,,6.784173062422952e-07
6432,,6.784119508433792e-07
6433,,6.784076302895684e-07
6434,,6.783816268781193e-07
6435,,6.783726297315079e-07
6436,,6.78367038340577e-07
6437,,6.783626330480344e-07
6438,,6.78337773315195e-07
6439,,6.783280148085562e-07
6440,,6.78322151460742e-07
6441,,6.78317648299022e-07
6442,,6.782941047099157e-07
6443,,6.782834703479959e-07
6444,,6.782772934761257e-07
6445,,6.782726772524613e-07
6446,,6.782506490066989e-07
6447,,6.782390066212086e-07
6448,,6.782324681766441e-07
6449,,6.782277213221828e-07
6450,,6.782074385225969e-07
6451,,6.781946355442609e-07
6452,,6.781876799813717e-07
6453,,6.781827821340833e-07
6454,,6.78178616604509e-07
6455,,6.781503709160719e-07
6456,,6.781429339844533e-07
6457,,6.781378615907134e-07
6458,,6.781336325051773e-07
6459,,6.781062287304975e-07
6460,,6.780982361163949e-07
6461,,6.780929618877721e-07
6462,,6.780886591861627e-07
6463,,6.780622275352958e-07
6464,,6.780535932458604e-07
6465,,6.78048085580716e-07
6466,,6.780436975950187e-07
6467,,6.780183888398017e-07
6468,,6.780090133534574e-07
6469,,6.780032356339399e-07
6470,,6.779987488367409e-07
6471,,6.779747375767067e-07
6472,,6.779645056839249e-07
6473,,6.7795841548937e-07
6474,,6.779538141951801e-07
6475,,6.779313026696989e-07
6476,,6.779200809820836e-07
6477,,6.779136291456419e-07
6478,,6.77908895158144e-07
6479,,6.778881176787186e-07
6480,,6.778757517030175e-07
6481,,6.778688812372778e-07
6482,,6.778639934559649e-07
6483,,6.778598265486869e-07
6484,,6.778315323245076e-07
6485,,6.778241771606605e-07
6486,,6.778191111025573e-07
6487,,6.778148785164649e-07
6488,,6.777874396329122e-07
6489,,6.777795231704771e-07
6490,,6.777742504343499e-07
6491,,6.777699416076682e-07
6492,,6.777434931188066e-07
6493,,6.777349265370154e-07
6494,,6.777294141621188e-07
6495,,6.777250168363933e-07
6496,,6.776997154332555e-07
6497,,6.776903956941489e-07
6498,,6.776846054419145e-07
6499,,6.776801053812273e-07
6500,,6.77656132845754e-07
6501,,6.776459404585487e-07
6502,,6.776398279347181e-07
6503,,6.776352086115455e-07
6504,,6.776127758910103e-07
6505,,6.776015722124689e-07
6506,,6.775950858984198e-07
6507,,6.775903281229488e-07
6508,,6.775696800027579e-07
6509,,6.77557304197643e-07
6510,,6.775503842820746e-07
6511,,6.775454657632333e-07
6512,,6.775412850053609e-07
6513,,6.77513151782012e-07
6514,,6.77505728832462e-07
6515,,6.77500623689171e-07
6516,,6.774963736818356e-07
6517,,6.774691328302073e-07
6518,,6.774611262278628e-07
6519,,6.774558043934478e-07
6520,,6.774514739121805e-07
6521,,6.774252680933635e-07
6522,,6.774165842372235e-07
6523,,6.774110107876807e-07
6524,,6.774065867829963e-07
6525,,6.773815816887295e-07
6526,,6.773721118790406e-07
6527,,6.773662462531185e-07
6528,,6.773617135604743e-07
6529,,6.773381016333154e-07
6530,,6.773277196428172e-07
6531,,6.773215147105972e-07
6532,,6.773168557188881e-07
6533,,6.772948604951382e-07
6534,,6.772834197154069e-07
6535,,6.77276820734755e-07
6536,,6.772720149666028e-07
6537,,6.772678753521301e-07
6538,,6.772392262651744e-07
6539,,6.772321696239677e-07
6540,,6.772271932935095e-07
6541,,6.772229901819068e-07
6542,,6.771951557596522e-07
6543,,6.771875675584996e-07
6544,,6.77182393017717e-07
6545,,6.771781160496371e-07
6546,,6.771512273407995e-07
6547,,6.771430217031761e-07
6548,,6.771376168210366e-07
6549,,6.771332539703816e-07
6550,,6.771074632540688e-07
6551,,6.770985404023262e-07
6552,,6.770928678356676e-07
6553,,6.770884051121865e-07
6554,,6.770638893724751e-07
6555,,6.770541333525404e-07
6556,,6.77048149699205e-07
6557,,6.770435708407357e-07
6558,,6.770205357557737e-07
6559,,6.77009811826529e-07
6560,,6.770034666354847e-07
6561,,6.769987527437472e-07
6562,,6.769774373639725e-07
6563,,6.769655889269241e-07
6564,,6.769588235616867e-07
6565,,6.769539526625778e-07
6566,,6.769497890635562e-07
6567,,6.769214798929594e-07
6568,,6.769142261993259e-07
6569,,6.769091727431809e-07
6570,,6.769049410055024e-07
6571,,6.768775024428177e-07
6572,,6.768696811881505e-07
6573,,6.768644154813975e-07
6574,,6.768601044646743e-07
6575,,6.76833677172884e-07
6576,,6.768251962574723e-07
6577,,6.768196837785955e-07
6578,,6.768152805332735e-07
6579,,6.767900280377649e-07
6580,,6.767807803957344e-07
6581,,6.767749810022091e-07
6582,,6.767704704740434e-07
6583,,6.767465828788376e-07
6584,,6.767364440578572e-07
6585,,6.767303110770997e-07
6586,,6.767256757601856e-07
6587,,6.767033740847254e-07
6588,,6.766921993864651e-07
6589,,6.76685678567928e-07
6590,,6.766808981055332e-07
6591,,6.766604393011424e-07
6592,,6.766480605177558e-07
6593,,6.766410887757621e-07
6594,,6.766361395018585e-07
6595,,6.766319474681826e-07
6596,,6.766040438812492e-07
6597,,6.765965478679666e-07
6598,,6.765914022630746e-07
6599,,6.765871368306842e-07
6600,,6.765601685861889e-07
6601,,6.765520630231443e-07
6602,,6.765466890807629e-07
6603,,6.765423382379096e-07
6604,,6.765164568522095e-07
6605,,6.765076425765252e-07
6606,,6.765020030927969e-07
6607,,6.764975528702838e-07
6608,,6.764729345110181e-07
6609,,6.764632962335505e-07
6610,,6.764573479360586e-07
6611,,6.764527820913399e-07
6612,,6.764296316218099e-07
6613,,6.764190352735081e-07
6614,,6.764127278504129e-07
6615,,6.764080274971441e-07
6616,,6.763865831200595e-07
6617,,6.763748728181039e-07
6618,,6.763681477600528e-07
6619,,6.763632909326932e-07
6620,,6.763591346423572e-07
6621,,6.763308241244128e-07
6622,,6.763236133974878e-07
6623,,6.763185745528137e-07
6624,,6.763143501887714e-07
6625,,6.762869069384961e-07
6626,,6.762791314259795e-07
6627,,6.76273880860356e-07
6628,,6.762695772636348e-07
6629,,6.762431418952682e-07
6630,,6.762347095939469e-07
6631,,6.762292127639789e-07
6632,,6.76224816967348e-07
6633,,6.761995529920866e-07
6634,,6.761903569172117e-07
6635,,6.761845736545262e-07
6636,,6.761800705644123e-07
6637,,6.761561681432331e-07
6638,,6.761460838769663e-07
6639,,6.761399674579063e-07
6640,,6.761353395386421e-07
6641,,6.761130198000746e-07
6642,,6.761019026592885e-07
6643,,6.760953987617974e-07
6644,,6.760906256078706e-07
6645,,6.760701457202787e-07
6646,,6.760578274522153e-07
6647,,6.760508728902672e-07
6648,,6.760459307726249e-07
6649,,6.76041743964661e-07
6650,,6.760138747351725e-07
6651,,6.760063960361657e-07
6652,,6.760012573586685e-07
6653,,6.759969969834562e-07
6654,,6.759700636929575e-07
6655,,6.759619754036729e-07
6656,,6.759566080708278e-07
6657,,6.759522620765788e-07
6658,,6.759264166266969e-07
6659,,6.759176193687594e-07
6660,,6.759119860584818e-07
6661,,6.759075404197484e-07
6662,,6.758829594722563e-07
6663,,6.758733376809912e-07
6664,,6.758673949799972e-07
6665,,6.758628333949606e-07
6666,,6.758397224049334e-07
6667,,6.75829141666488e-07
6668,,6.758228390948071e-07
6669,,6.758181425991564e-07
6670,,6.757967405054129e-07
6671,,6.757850445079854e-07
6672,,6.757783233527891e-07
6673,,6.757734698905918e-07
6674,,6.757693177541216e-07
6675,,6.757410615328633e-07
6676,,6.757338535116091e-07
6677,,6.75728817433442e-07
6678,,6.757245969519162e-07
6679,,6.756972105715488e-07
6680,,6.756894362697174e-07
6681,,6.756841877425952e-07
6682,,6.756798877092891e-07
6683,,6.756535123588847e-07
6684,,6.756450794167724e-07
6685,,6.756395837467929e-07
6686,,6.75635191123925e-07
6687,,6.756099910119959e-07
6688,,6.756007920123876e-07
6689,,6.755950088457959e-07
6690,,6.755905084789927e-07
6691,,6.755666745800003e-07
6692,,6.755565845938369e-07
6693,,6.755504670032558e-07
6694,,6.755458412557691e-07
6695,,6.755235956782648e-07
6696,,6.755124694193836e-07
6697,,6.755059628191071e-07
6698,,6.755011911909125e-07
6699,,6.754807922511477e-07
6700,,6.754684607354288e-07
6701,,6.754615016484868e-07
6702,,6.754565602901007e-07
6703,,6.754523768234549e-07
6704,,6.754245751265692e-07
6705,,6.754170897224291e-07
6706,,6.754119508956893e-07
6707,,6.754076934928132e-07
6708,,6.753808318722543e-07
6709,,6.753727342809265e-07
6710,,6.753673657271154e-07
6711,,6.753630222687155e-07
6712,,6.753372533980608e-07
6713,,6.753284437546578e-07
6714,,6.753228079500658e-07
6715,,6.753183643409513e-07
6716,,6.752938657818253e-07
6717,,6.752842279351367e-07
6718,,6.75278281247044e-07
6719,,6.752737210911156e-07
6720,,6.75250699364851e-07
6721,,6.752400982267133e-07
6722,,6.752337898971182e-07
6723,,6.752290941268607e-07
6724,,6.752077894238123e-07
6725,,6.751960678808877e-07
6726,,6.751893388857442e-07
6727,,6.75184485321526e-07
6728,,6.75180336312211e-07
6729,,6.751521523144098e-07
6730,,6.751449339998535e-07
6731,,6.751398968504534e-07
6732,,6.751356791155945e-07
6733,,6.751083694635813e-07
6734,,6.751005819811332e-07
6735,,6.750953312444619e-07
6736,,6.750910335158265e-07
6737,,6.750647401746396e-07
6738,,6.750562906623531e-07
6739,,6.750507914497651e-07
6740,,6.750464006087743e-07
6741,,6.750212887106618e-07
6742,,6.750120691550385e-07
6743,,6.750062808835417e-07
6744,,6.750017816899347e-07
6745,,6.749780432841865e-07
6746,,6.749679280619709e-07
6747,,6.749618035325587e-07
6748,,6.749571782527524e-07
6749,,6.749350367016056e-07
6750,,6.749238797119867e-07
6751,,6.749173640278027e-07
6752,,6.749125920350521e-07
6753,,6.749084751680982e-07
6754,,6.748799384400516e-07
6755,,6.748729677573698e-07
6756,,6.748680250649561e-07
6757,,6.748638443113238e-07
6758,,6.748361209229411e-07
6759,,6.7482862098624e-07
6760,,6.748234796925132e-07
6761,,6.748192245668116e-07
6762,,6.747924465622114e-07
6763,,6.747843310027436e-07
6764,,6.747789586563091e-07
6765,,6.747746169693863e-07
6766,,6.747489379127954e-07
6767,,6.747401062823563e-07
6768,,6.747344651426572e-07
6769,,6.747300227107516e-07
6770,,6.747056212173078e-07
6771,,6.746959566843841e-07
6772,,6.746900028509768e-07
6773,,6.74685443183849e-07
6774,,6.746625269907849e-07
6775,,6.746518936720908e-07
6776,,6.746455760955452e-07
6777,,6.746408800071717e-07
6778,,6.746196907280742e-07
6779,,6.746079305865339e-07
6780,,6.746011898822453e-07
6781,,6.745963350638857e-07
6782,,6.745921888305982e-07
6783,,6.745640829339122e-07
6784,,6.745568500399002e-07
6785,,6.745518105401652e-07
6786,,6.745475951659496e-07
6787,,6.745203687605835e-07
6788,,6.745125633489562e-07
6789,,6.745073089867827e-07
6790,,6.745030131308577e-07
6791,,6.744768090408515e-07
6792,,6.744683376888483e-07
6793,,6.744628333629411e-07
6794,,6.744584438347125e-07
6795,,6.744334281843707e-07
6796,,6.744241822352886e-07
6797,,6.744183871154383e-07
6798,,6.744138885748842e-07
6799,,6.743902545767523e-07
6800,,6.743801076493109e-07
6801,,6.743739742469601e-07
6802,,6.74369348853006e-07
6803,,6.743473212297997e-07
6804,,6.743361263303979e-07
6805,,6.74329599422744e-07
6806,,6.743248264220751e-07
6807,,6.743207124417876e-07
6808,,6.742922527140444e-07
6809,,6.742852680613058e-07
6810,,6.742803233205207e-07
6811,,6.742761450608422e-07
6812,,6.742485035731198e-07
6813,,6.742409864694589e-07
6814,,6.742358419140539e-07
6815,,6.742315888265333e-07
6816,,6.742048984281911e-07
6817,,6.741967619746294e-07
6818,,6.741913849572303e-07
6819,,6.741870447732613e-07
6820,,6.741614599761852e-07
6821,,6.741526031096233e-07
6822,,6.74146955655354e-07
6823,,6.741425141054394e-07
6824,,6.741182146192535e-07
6825,,6.741085197939527e-07
6826,,6.741025577348197e-07
6827,,6.740979982230049e-07
6828,,6.74075193061147e-07
6829,,6.740645235639899e-07
6830,,6.740581955316702e-07
6831,,6.740534987586147e-07
6832,,6.740324310169733e-07
6833,,6.74020627837423e-07
6834,,6.740138740840577e-07
6835,,6.740090176034574e-07
6836,,6.740048740165256e-07
6837,,6.739768482241e-07
6838,,6.739695992625266e-07
6839,,6.739645569575548e-07
6840,,6.7396034380179e-07
6841,,6.739332028737202e-07
6842,,6.73925377880521e-07
6843,,6.739201193853107e-07
6844,,6.739158252484171e-07
6845,,6.738897129019425e-07
6846,,6.738812178743333e-07
6847,,6.738757078717011e-07
6848,,6.738713194770816e-07
6849,,6.738464028612331e-07
6850,,6.738371284708302e-07
6851,,6.738313258767377e-07
6852,,6.738268277947975e-07
6853,,6.738033013162711e-07
6854,,6.737931203977341e-07
6855,,6.737869774345078e-07
6856,,6.737823517081456e-07
6857,,6.737604414805453e-07
6858,,6.737492061432116e-07
6859,,6.737426672358919e-07
6860,,6.737378929860201e-07
6861,,6.737337818133108e-07
6862,,6.737054002155312e-07
6863,,6.736984007321143e-07
6864,,6.736934536721395e-07
6865,,6.736892778165507e-07
6866,,6.736617195041134e-07
6867,,6.736541842702679e-07
6868,,6.736490361553033e-07
6869,,6.736447850022363e-07
6870,,6.73618183643683e-07
6871,,6.736100252248656e-07
6872,,6.736046432021943e-07
6873,,6.736003044093112e-07
6874,,6.735748154790825e-07
6875,,6.735659321832728e-07
6876,,6.735602780423801e-07
6877,,6.735558372495704e-07
6878,,6.735316415724272e-07
6879,,6.735219151231978e-07
6880,,6.735159444214469e-07
6881,,6.735113849315737e-07
6882,,6.734886928185393e-07
6883,,6.734779856548945e-07
6884,,6.734716467019892e-07
6885,,6.734669490948884e-07
6886,,6.734460051599389e-07
6887,,6.734341572781398e-07
6888,,6.734273899574249e-07
6889,,6.734225316425224e-07
6890,,6.734183906454339e-07
6891,,6.73390445701305e-07
6892,,6.733831800911154e-07
6893,,6.733781347945911e-07
6894,,6.733739237900229e-07
6895,,6.733468691898319e-07
6896,,6.733390239621426e-07
6897,,6.733337611266416e-07
6898,,6.733294686308973e-07
6899,,6.733034489852664e-07
6900,,6.73294929555735e-07
6901,,6.732894136418594e-07
6902,,6.732850262997891e-07
6903,,6.732602098001758e-07
6904,,6.732509061546899e-07
6905,,6.732450958219259e-07
6906,,6.732405981059117e-07
6907,,6.732171803715907e-07
6908,,6.732069645557763e-07
6909,,6.732008117293055e-07
6910,,6.731961855724757e-07
6911,,6.731743941266459e-07
6912,,6.731631173219008e-07
6913,,6.73156566085297e-07
6914,,6.731517904704112e-07
6915,,6.731476820637287e-07
6916,,6.731193790583013e-07
6917,,6.731123643673412e-07
6918,,6.73107414865937e-07
6919,,6.731032413687968e-07
6920,,6.730757667518723e-07
6921,,6.730682129683897e-07
6922,,6.730630611538019e-07
6923,,6.730588118858401e-07
6924,,6.730323001669778e-07
6925,,6.730241193099958e-07
6926,,6.73018732122745e-07
6927,,6.730143946651752e-07
6928,,6.729890022874366e-07
6929,,6.729800920272486e-07
6930,,6.729744310224348e-07
6931,,6.729699909250815e-07
6932,,6.729458998406251e-07
6933,,6.729361411678008e-07
6934,,6.729301616187686e-07
6935,,16.68100687887136
6936,,83104.52810608271
6937,,16.550030064248073
6938,,577.9981101985209
6939,,16.357498129979053
6940,,3.200606112236815
6941,,214.5755715820203
6942,,3.156231089410295
6943,,2.0742378925829112
6944,,1.5366878964006219
6945,,1.4138788015376507
6946,,0.9307433478159738
6947,,0.6611788350380156
6948,,0.4418962484579669
6949,,0.5254229337337976
6950,,0.35760150928922463
6951,,0.3338563297008296
6952,,0.31647016598397965
6953,,0.3110190520291841
6954,,11.108765224905241
6955,,0.30696170285638597
6956,,0.2883684605246279
6957,,0.2785900190817266
6958,,0.2646631224382532
6959,,0.2631782419900021
6960,,0.2629309785523129
6961,,0.2628871367392296
6962,,0.2628792791349979
6963,,0.2628778681441136
6964,,0.2628776146851996
6965,,0.262877569153091
6966,,0.26287756097348014
6967,,0.262877559504049
6968,,0.26287755924007367
6969,,0.2628775591926538
6970,,0.2628775591841323
6971,,0.26287755918260014
6972,,0.26287755918232614
6973,,0.2628775591822753
6974,,0.26287755918226835
6975,,0.2628775591822668
6976,,0.2628775591822663
6977,,0.24947099802637987
6978,,0.21911443448324186
6979,,0.2181843615768133
6980,,0.21813418227291437
6981,,0.21813140268240244
6982,,0.21813124848867604
6983,,0.21813123993431632
6984,,0.21813123945973575
6985,,0.21813123943340673
6986,,0.2181312394319454
6987,,0.21813123943186447
6988,,0.2181312394318595
6989,,0.21813123943185936
6990,,0.21813123943185933
6991,,0.21813123943185933
6992,,35.5651708045831
6993,,0.21381535131092888
6994,,0.4088535427674049
6995,,0.20742680860177276
6996,,0.19692165417331206
6997,,0.2670965050703515
6998,,0.19294792057802654
6999,,0.17897368996371063
7000,,0.17209673709118592
7001,,0.1715352504597661
7002,,0.171486950810359
7003,,0.1714827775785552
7004,,0.17148241686115526
7005,,0.17148238568116062
7006,,0.1714823829859893
7007,,0.1714823827530221
7008,,0.17148238273288308
7009,,0.171482382731143
7010,,0.17148238273099212
7011,,0.17148238273097993
7012,,0.1714823827309789
7013,,0.1714823827309789
7014,,0.13649548237516795
7015,,0.1764881961953952
7016,,0.1162258279466166
7017,,0.10782889845513957
7018,,0.09942145325039758
7019,,34.0885576205974
7020,,0.09739265915415073
7021,,0.3448011366544077
7022,,0.09510276478124506
7023,,0.09024619670371513
7024,,0.09256125030511761
7025,,0.08724866246645761
7026,,0.08207106298806105
7027,,0.08099321447985375
7028,,0.08066741573532021
7029,,0.08055773280055223
7030,,0.08051945573763142
7031,,0.08050592967210973
7032,,0.08050112877130264
7033,,0.08049942208116043
7034,,0.08049881502539685
7035,,0.08049859905782028
7036,,0.08049852221927328
7037,,0.08049849488040021
7038,,0.08049848515324318
7039,,0.08049848169231327
7040,,0.08049848046091163
7041,,0.08049848002277893
7042,,0.08049847986689015
7043,,0.08049847981142261
7044,,0.08049847979169028
7045,,0.08049847978466888
7046,,0.08049847978216859
7047,,0.08049847978127857
7048,,0.08049847978096236
7049,,0.08049847978085332
7050,,0.08049847978081193
7051,,0.08049847978079633
7052,,0.07623198724953759
7053,,0.07452814462822853
7054,,0.07325496313113568
7055,,0.07136592063878787
7056,,0.15352479549748313
7057,,0.06331897767960934
7058,,0.05715862379970785
7059,,0.04932730953755101
7060,,0.041075818093592974
7061,,0.03597171314484682
7062,,0.033949162227369316
7063,,0.029036590940074825
7064,,0.029946792913673095
7065,,0.026678000777771865
7066,,0.02573606730822161
7067,,0.021510522452310794
7068,,0.018724856395248915
7069,,0.011506947019653631
7070,,0.010017531014721855
7071,,0.006860112592190189
7072,,0.005660496115398974
7073,,0.004741547221443641
7074,,0.004001112607069287
7075,,0.0036008057209369294
7076,,0.0034533837307958366
7077,,0.003338376207373569
7078,,0.003155260748699793
7079,,0.002922434174210952
7080,,0.0026478817730287343
7081,,0.0024822645046824114
7082,,0.002403559610792246
7083,,0.0023210479355203124
7084,,0.0021668061642209193
7085,,0.0019698128939136593
7086,,0.0019815049031320954
7087,,0.0019236062926237373
7088,,0.0018650827566025117
7089,,0.001846898907442754
7090,,0.001838467662200841
7091,,0.001826524634524625
7092,,0.0018026497949738228
7093,,0.001752602584446913
7094,,0.0016558788983886586
7095,,0.0014766665546853488
7096,,0.001136056710996532
7097,,0.0007019986498748549
7098,,0.00040933658714091656
7099,,0.0002989072715594727
7100,,0.0002742121735817898
7101,,0.0002690327788958624
7102,,0.00026425807051487846
7103,,0.00025450181717319556
7104,,0.0002471212782692578
7105,,0.00024293540894069454
7106,,0.00024053161644210842
7107,,0.00023895545558241877
7108,,0.0002348638992819788
7109,,0.0002275521638846284
7110,,0.0002167607950233127
7111,,0.00020645364919723546
7112,,0.00019968752753559595
7113,,0.0001921387521519023
7114,,0.00018508735520842977
7115,,0.00017217080076233957
7116,,0.00014970603314084184
7117,,0.00012369749650783122
7118,,0.00010719017656893072
7119,,0.00010107602451616306
7120,,9.895473540136397e-05
7121,,9.724096568424966e-05
7122,,9.433972879045442e-05
7123,,8.573182436379611e-05
7124,,7.011674659933745e-05
7125,,4.6334347723504505e-05
7126,,5.181687037708752e-05
7127,,3.7805635903221005e-05
7128,,2.11873205956115e-05
7129,,1.3494556400972349e-05
7130,,1.2125480461826083e-05
7131,,1.1967793603062185e-05
7132,,1.193550462277113e-05
7133,,1.1896825917275397e-05
7134,,1.1804994255495608e-05
7135,,1.16035177286044e-05
7136,,1.1300199449125545e-05
7137,,1.0949414774447428e-05
7138,,1.0536464770353197e-05
7139,,1.0405304791271135e-05
7140,,1.0377559718547344e-05
7141,,1.0363516848772489e-05
7142,,1.0339177002685092e-05
7143,,1.026714672537793e-05
7144,,1.0107009494504472e-05
7145,,9.744852322404429e-06
7146,,8.983184322013719e-06
7147,,7.543558361804774e-06
7148,,5.373573801494748e-06
7149,,3.1946871243027118e-06
7150,,2.1020594725807784e-06
7151,,1.727410603585697e-06
7152,,1.6373879029358462e-06
7153,,1.6224596156944631e-06
7154,,1.6204757732878073e-06
7155,,1.6200396476543805e-06
7156,,1.6197263736434583e-06
7157,,1.619092305618689e-06
7158,,1.6172500803106042e-06
7159,,1.6132419892702057e-06
7160,,1.6041307766005214e-06
7161,,1.5856283494144443e-06
7162,,1.5531311318802461e-06
7163,,1.5109480804846787e-06
7164,,1.4789005980675532e-06
7165,,1.4652074833577781e-06
7166,,1.4612826440472528e-06
7167,,1.4607140927598003e-06
7168,,1.4606209038846365e-06
7169,,1.4605963987532206e-06
7170,,1.4605775883378489e-06
7171,,1.4604480845215692e-06
7172,,1.4604092687906828e-06
7173,,1.4603874392781776e-06
7174,,1.460368736086174e-06
7175,,1.460232150421687e-06
7176,,1.4602003150993339e-06
7177,,1.4601788348547427e-06
7178,,1.4601600770921897e-06
7179,,1.4600225404138531e-06
7180,,1.4599920835325304e-06
7181,,1.4599704842999861e-06
7182,,1.4598748365807175e-06
7183,,1.4598089910247519e-06
7184,,1.45931815386917e-06
7185,,1.4581407711164343e-06
7186,,1.4561527721969982e-06
7187,,1.4516364521736272e-06
7188,,1.4416931684635173e-06
7189,,1.420712874346513e-06
7190,,1.3800789880617639e-06
7191,,1.315215768530287e-06
7192,,1.2482065142536043e-06
7193,,1.209776814104442e-06
7194,,1.1986960428275748e-06
7195,,1.196756740295084e-06
7196,,1.196570944828205e-06
7197,,1.1965450417525686e-06
7198,,1.1965332460894086e-06
7199,,1.1964733014734594e-06
7200,,1.1963760933729246e-06
7201,,1.1957251213966998e-06
7202,,1.1942552954918389e-06
7203,,1.1878738846085582e-06
7204,,1.1754781182243763e-06
7205,,1.1473907263515596e-06
7206,,1.0886329123908566e-06
7207,,9.79782049044261e-07
7208,,8.23125844044115e-07
7209,,6.788168519936871e-07
7210,,6.053051108947596e-07
7211,,5.856012215081526e-07
7212,,5.813400109347718e-07
7213,,5.810515564351737e-07
7214,,5.810359831458116e-07
7215,,5.810350251638972e-07
7216,,5.810347124647864e-07
7217,,5.81034434065333e-07
7218,,5.810320560878871e-07
7219,,5.810316837306208e-07
7220,,5.81031400209095e-07
7221,,5.810292195714486e-07
7222,,5.81028668177662e-07
7223,,5.810283677631405e-07
7224,,5.810268211551341e-07
7225,,5.810256981685201e-07
7226,,5.810253402684397e-07
7227,,5.810250557912445e-07
7228,,5.810228876409795e-07
7229,,5.810223302600933e-07
7230,,5.810220241139164e-07
7231,,5.810206399789973e-07
7232,,5.810193823833859e-07
7233,,5.810189993604021e-07
7234,,5.810187116419889e-07
7235,,5.81016655792521e-07
7236,,5.81015999332499e-07
7237,,5.810156811481265e-07
7238,,5.810154005595071e-07
7239,,5.810130876706061e-07
7240,,5.810126606154224e-07
7241,,5.810123677934654e-07
7242,,5.81010492242523e-07
7243,,5.810096757700429e-07
7244,,5.810093390934459e-07
7245,,5.810090563634862e-07
7246,,5.810068190149036e-07
7247,,5.810063249856548e-07
7248,,5.810060243818581e-07
7249,,5.810044224760089e-07
7250,,5.810033634074015e-07
7251,,5.810029984567459e-07
7252,,5.810027124017237e-07
7253,,5.810005912430237e-07
7254,,5.809999944039008e-07
7255,,5.809996816560068e-07
7256,,5.809994015330559e-07
7257,,5.809970695198702e-07
7258,,5.809966601867717e-07
7259,,5.809963688016559e-07
7260,,5.809944317464524e-07
7261,,5.809936724380667e-07
7262,,5.809933400895724e-07
7263,,5.809930575691291e-07
7264,,5.809908076145798e-07
7265,,5.809903260724153e-07
7266,,5.809900258029954e-07
7267,,5.809883916802946e-07
7268,,5.809873659190311e-07
7269,,5.80987000608395e-07
7270,,5.809867139428788e-07
7271,,5.809846037250315e-07
7272,,5.809839996602046e-07
7273,,5.809836838948575e-07
7274,,5.80983403126474e-07
7275,,5.809810884480732e-07
7276,,5.809806650942683e-07
7277,,5.809803709198982e-07
7278,,5.809785100752726e-07
7279,,5.809776882186591e-07
7280,,5.809773441011908e-07
7281,,5.809770595815547e-07
7282,,5.809748680552645e-07
7283,,5.809743375046721e-07
7284,,5.809740290617339e-07
7285,,5.809726349893148e-07
7286,,5.809714070711999e-07
7287,,5.809710086105471e-07
7288,,5.809707167038087e-07
7289,,5.809687642315521e-07
7290,,5.809680263537818e-07
7291,,5.809676895984258e-07
7292,,5.809674056014029e-07
7293,,5.809651893773877e-07
7294,,5.809646822110165e-07
7295,,5.809643751932457e-07
7296,,5.809629060988305e-07
7297,,5.809617503353438e-07
7298,,5.809613552469075e-07
7299,,5.809610630154853e-07
7300,,5.809591081155943e-07
7301,,5.809583755429043e-07
7302,,5.809580366023026e-07
7303,,5.809577519509482e-07
7304,,5.809555510716097e-07
7305,,5.809550321114083e-07
7306,,5.809547221301206e-07
7307,,5.809533261969036e-07
7308,,5.809521125131027e-07
7309,,5.809517044594071e-07
7310,,5.809514098071858e-07
7311,,5.80949522268796e-07
7312,,5.80948733999227e-07
7313,,5.809483849855245e-07
7314,,5.809480986277707e-07
7315,,5.809459473193101e-07
7316,,5.809453867749548e-07
7317,,5.809450698594271e-07
7318,,5.809447880738806e-07
7319,,5.809424924095538e-07
7320,,5.809420562517387e-07
7321,,5.809417571034784e-07
7322,,5.809400036889827e-07
7323,,5.809391019157833e-07
7324,,5.809387348400409e-07
7325,,5.809384456547618e-07
7326,,5.809363795572475e-07
7327,,5.809357466800609e-07
7328,,5.809354184842837e-07
7329,,5.809351349552066e-07
7330,,5.809328921781706e-07
7331,,5.809324110550584e-07
7332,,5.809321049711873e-07
7333,,5.809305618455186e-07
7334,,5.809294811041225e-07
7335,,5.809290864835668e-07
7336,,5.809287930854233e-07
7337,,5.809268553365057e-07
7338,,5.809261131279113e-07
7339,,5.80925768211292e-07
7340,,5.809254821388304e-07
7341,,5.809233171203269e-07
7342,,5.809227697373059e-07
7343,,5.809224535609318e-07
7344,,5.809221717408346e-07
7345,,5.80919875068317e-07
7346,,5.809194404808658e-07
7347,,5.809191410083122e-07
7348,,5.809173887759506e-07
7349,,5.809164883689099e-07
7350,,5.809161194045283e-07
7351,,5.80915829680861e-07
7352,,5.809137762427742e-07
7353,,5.809131337160307e-07
7354,,5.809128030859276e-07
7355,,5.809125190766753e-07
7356,,5.809102894667278e-07
7357,,5.809097977118985e-07
7358,,5.809094895568333e-07
7359,,5.809080023998667e-07
7360,,5.809068759121022e-07
7361,,5.809064726044595e-07
7362,,5.809061776650399e-07
7363,,5.80904283508926e-07
7364,,5.809035051610061e-07
7365,,5.809031538896892e-07
7366,,5.80902866744121e-07
7367,,5.809007329111057e-07
7368,,5.809001595127228e-07
7369,,5.808998389439101e-07
7370,,5.808995564034493e-07
7371,,5.80897281063829e-07
7372,,5.808968286330318e-07
7373,,5.808965262201861e-07
7374,,5.808948599975416e-07
7375,,5.808938873257775e-07
7376,,5.808935064721712e-07
7377,,5.80893214821687e-07
7378,,5.808912183487024e-07
7379,,5.80890527882441e-07
7380,,5.808901894710863e-07
7381,,5.808899042150213e-07
7382,,5.808877117655177e-07
7383,,5.808871887199116e-07
7384,,5.808868755349599e-07
7385,,5.808855372540968e-07
7386,,5.808842850947421e-07
7387,,5.808838615874448e-07
7388,,5.808835634262288e-07
7389,,5.808817651476689e-07
7390,,5.808809058144873e-07
7391,,5.808805416117329e-07
7392,,5.808802524100789e-07
7393,,5.808781799120008e-07
7394,,5.808775547034214e-07
7395,,5.808772258941775e-07
7396,,5.808769420540075e-07
7397,,5.808747057677191e-07
7398,,5.808742203683364e-07
7399,,5.808739127303454e-07
7400,,5.808724022942281e-07
7401,,5.80871297801398e-07
7402,,5.808708960480996e-07
7403,,5.808706010998354e-07
7404,,5.808687033131199e-07
7405,,5.808679293370121e-07
7406,,5.808675777239826e-07
7407,,5.808672903918879e-07
7408,,5.808651602912776e-07
7409,,5.808645845038788e-07
7410,,5.808642630000655e-07
7411,,5.80863980245871e-07
7412,,5.808617105701257e-07
7413,,5.80861253833177e-07
7414,,5.808609504394095e-07
7415,,5.808593087173949e-07
7416,,5.808583167708438e-07
7417,,5.808579316699608e-07
7418,,5.808576391887284e-07
7419,,5.808556651314275e-07
7420,,5.808549565500039e-07
7421,,5.808546146264103e-07
7422,,5.80854328733898e-07
7423,,5.808521542640445e-07
7424,,5.808516165339761e-07
7425,,5.808513006774824e-07
7426,,5.808510187687819e-07
7427,,5.808487232468808e-07
7428,,5.808482886954386e-07
7429,,5.808479886010971e-07
7430,,5.808462451069642e-07
7431,,5.808453403582678e-07
7432,,5.808449682119677e-07
7433,,5.808446776615277e-07
7434,,5.808426441748603e-07
7435,,5.808419865242933e-07
7436,,5.808416521827046e-07
7437,,5.808413674224771e-07
7438,,5.808391581995708e-07
7439,,5.808386502668874e-07
7440,,5.80838338852624e-07
7441,,5.808369377026795e-07
7442,,5.808357417426498e-07
7443,,5.808353246564174e-07
7444,,5.808350271722856e-07
7445,,5.808332034350884e-07
7446,,5.808323673980432e-07
7447,,5.808320055072327e-07
7448,,5.808317164975286e-07
7449,,5.808296358987988e-07
7450,,5.808290186027885e-07
7451,,5.808286902899417e-07
7452,,5.808284064386396e-07
7453,,5.808261695187845e-07
7454,,5.808256853283212e-07
7455,,5.808253774729539e-07
7456,,5.808238670617873e-07
7457,,5.808227645968144e-07
7458,,5.808223615025903e-07
7459,,5.808220661218907e-07
7460,,5.808201779723897e-07
7461,,5.808193970610358e-07
7462,,5.80819043437579e-07
7463,,5.808187556703355e-07
7464,,5.80816637041449e-07
7465,,5.808160523076172e-07
7466,,5.808157288883063e-07
7467,,5.808154457793836e-07
7468,,5.808131863672994e-07
7469,,5.808127214503305e-07
7470,,5.808124164939792e-07
7471,,5.808108172493958e-07
7472,,5.808097907470722e-07
7473,,5.808093990823183e-07
7474,,5.808091054262579e-07
7475,,5.808071646038828e-07
7476,,5.808064287465983e-07
7477,,5.808060819106653e-07
7478,,5.808057951753847e-07
7479,,5.808036452624078e-07
7480,,5.808030872988806e-07
7481,,5.808027679257805e-07
7482,,5.808024854276255e-07
7483,,5.808002074147904e-07
7484,,5.807997584366417e-07
7485,,5.807994558944161e-07
7486,,5.807977830418085e-07
7487,,5.807968194411427e-07
7488,,5.807964372828779e-07
7489,,5.807961450710108e-07
7490,,5.80794160348675e-07
7491,,5.807934620187344e-07
7492,,5.807931208657994e-07
7493,,5.807928349954795e-07
7494,,5.807906588609497e-07
7495,,5.807901233316035e-07
7496,,5.807898073616211e-07
7497,,5.807895253860572e-07
7498,,5.807872316933735e-07
7499,,5.807867961460096e-07
7500,,5.807864956479663e-07
7501,,5.807847606560976e-07
7502,,5.807838501241743e-07
7503,,5.807834760289025e-07
7504,,5.807831850440243e-07
7505,,5.807811630523111e-07
7506,,5.807804965677361e-07
7507,,5.807801602608101e-07
7508,,5.807798751319325e-07
7509,,5.807776766144533e-07
7510,,5.807771602277747e-07
7511,,5.807768471721842e-07
7512,,5.807754903874011e-07
7513,,5.807742585000562e-07
7514,,5.807738344782929e-07
7515,,5.807735357403977e-07
7516,,5.807717473478529e-07
7517,,5.807708823980045e-07
7518,,5.807705152565599e-07
7519,,5.807702253401974e-07
7520,,5.807681711476054e-07
7521,,5.807675321618059e-07
7522,,5.80767200055703e-07
7523,,5.807669155755778e-07
7524,,5.807646976234611e-07
7525,,5.807641978520575e-07
7526,,5.807638873415697e-07
7527,,5.807624534496186e-07
7528,,5.807612873218624e-07
7529,,5.807608733592329e-07
7530,,5.807605761651671e-07
7531,,5.807587411164738e-07
7532,,5.807579159714649e-07
7533,,5.807575549245738e-07
7534,,5.807572659462291e-07
7535,,5.80755183493413e-07
7536,,5.807545686342632e-07
7537,,5.80754240229609e-07
7538,,5.807539563226737e-07
7539,,5.807517212350694e-07
7540,,5.807512361105407e-07
7541,,5.807509278513531e-07
7542,,5.807494258977258e-07
7543,,5.807483177887433e-07
7544,,5.807479127314368e-07
7545,,5.807476169119814e-07
7546,,5.807457404963609e-07
7547,,5.807449506271861e-07
7548,,5.807445950025653e-07
7549,,5.807443068624924e-07
7550,,5.807421992471552e-07
7551,,5.807416058638752e-07
7552,,5.807412807658221e-07
7553,,5.807409973728225e-07
7554,,5.807387469724154e-07
7555,,5.807382749359378e-07
7556,,5.807379686976908e-07
7557,,5.807364058447413e-07
7558,,5.807353496257254e-07
7559,,5.807349525556113e-07
7560,,5.807346579713244e-07
7561,,5.807327444116986e-07
7562,,5.807319862090814e-07
7563,,5.807316354668182e-07
7564,,5.807313480845651e-07
7565,,5.807292177943774e-07
7566,,5.80728643758356e-07
7567,,5.807283216485025e-07
7568,,5.807280387219721e-07
7569,,5.807257744730907e-07
7570,,5.807253142739611e-07
7571,,5.807250098664487e-07
7572,,5.807233919104266e-07
7573,,5.807223826258412e-07
7574,,5.807219928050492e-07
7575,,5.807216993407795e-07
7576,,5.807197520666313e-07
7577,,5.807190226004119e-07
7578,,5.807186762989684e-07
7579,,5.807183896102557e-07
7580,,5.807162386791501e-07
7581,,5.807156822554035e-07
7582,,5.807153628735067e-07
7583,,5.807150803719888e-07
7584,,5.807128034842299e-07
7585,,5.80712354085718e-07
7586,,5.807120513524434e-07
7587,,5.807103830597777e-07
7588,,5.807094166424427e-07
7589,,5.807090334518314e-07
7590,,5.807087410222528e-07
7591,,5.807067628659216e-07
7592,,5.807060597173214e-07
7593,,5.807057174909849e-07
7594,,5.807054314363212e-07
7595,,5.807032615574997e-07
7596,,5.80702721301094e-07
7597,,5.807024044233861e-07
7598,,5.807021223143563e-07
7599,,5.806998338025019e-07
7600,,5.806993943435224e-07
7601,,5.80699093154347e-07
7602,,5.806973785188571e-07
7603,,5.806964515585436e-07
7604,,5.806960744863961e-07
7605,,5.806957830074532e-07
7606,,5.806937763615636e-07
7607,,5.806930974868588e-07
7608,,5.806927590258752e-07
7609,,5.806924735602822e-07
7610,,5.806902861703926e-07
7611,,5.806897608548835e-07
7612,,5.806894462973114e-07
7613,,5.806891645556256e-07
7614,,5.806868652799786e-07
7615,,5.806864350230512e-07
7616,,5.806861352678087e-07
7617,,5.806843776982568e-07
7618,,5.80683487289527e-07
7619,,5.806831158886543e-07
7620,,5.806828252938778e-07
7621,,5.806807922160392e-07
7622,,5.806801358624161e-07
7623,,5.806798009013625e-07
7624,,5.806795159859882e-07
7625,,5.806773123196455e-07
7626,,5.806768008899982e-07
7627,,5.806764884954899e-07
7628,,5.806751110925808e-07
7629,,5.806738977996104e-07
7630,,5.806734761135864e-07
7631,,5.806731776909099e-07
7632,,5.806713801496606e-07
7633,,5.806705237659478e-07
7634,,5.806701576517658e-07
7635,,5.806698678859217e-07
7636,,5.806678101641501e-07
7637,,5.806671748082042e-07
7638,,5.806668431115568e-07
7639,,5.80666558706761e-07
7640,,5.806643398537074e-07
7641,,5.806638413865072e-07
7642,,5.806635310087874e-07
7643,,5.806620930691694e-07
7644,,5.806609312760054e-07
7645,,5.806605175921806e-07
7646,,5.806602204201362e-07
7647,,5.806583855193657e-07
7648,,5.806575609354074e-07
7649,,5.806571997688554e-07
7650,,5.806569107763786e-07
7651,,5.806548300018696e-07
7652,,5.806542142880939e-07
7653,,5.806538856492666e-07
7654,,5.806536017251816e-07
7655,,5.806513686515262e-07
7656,,5.806508823194159e-07
7657,,5.806505738359346e-07
7658,,5.806490791903142e-07
7659,,5.806479656350932e-07
7660,,5.806475594556419e-07
7661,,5.806472634541789e-07
7662,,5.806453935299599e-07
7663,,5.806445987613223e-07
7664,,5.806442422327589e-07
7665,,5.806439539676043e-07
7666,,5.806418515632489e-07
7667,,5.806412542815067e-07
7668,,5.806409285159765e-07
7669,,5.806406450428433e-07
7670,,5.806383986144013e-07
7671,,5.806379236850505e-07
7672,,5.806376169751004e-07
7673,,5.806360690765431e-07
7674,,5.806350008196653e-07
7675,,5.806346016919722e-07
7676,,5.806343067909409e-07
7677,,5.806324039568737e-07
7678,,5.806316372038537e-07
7679,,5.806312850386513e-07
7680,,5.806309974578792e-07
7681,,5.806288747173084e-07
7682,,5.806282947655777e-07
7683,,5.806279717013299e-07
7684,,5.806276886552721e-07
7685,,5.806254296665749e-07
7686,,5.806249654590855e-07
7687,,5.806246604244359e-07
7688,,5.806230624162769e-07
7689,,5.806220367862759e-07
7690,,5.806216442951385e-07
7691,,5.80621350432397e-07
7692,,5.806194166130692e-07
7693,,5.806186762382026e-07
7694,,5.806183281831034e-07
7695,,5.806180412457768e-07
7696,,5.806158993518245e-07
7697,,5.806153357277349e-07
7698,,5.806150152068816e-07
7699,,5.806147325625749e-07
7700,,5.80612461741531e-07
7701,,5.806120076398448e-07
7702,,5.806117041834205e-07
7703,,5.806100589528573e-07
7704,,5.80609073493528e-07
7705,,5.806086872591081e-07
7706,,5.806083943770663e-07
7707,,5.806064313463272e-07
7708,,5.806057158371451e-07
7709,,5.806053716595253e-07
7710,,5.806050853321473e-07
7711,,5.80602925377537e-07
7712,,5.806023771478526e-07
7713,,5.806020590315702e-07
7714,,5.806017767643984e-07
7715,,5.805994947826647e-07
7716,,5.805990502163027e-07
7717,,5.805987482510144e-07
7718,,5.805970584640453e-07
7719,,5.805961109080857e-07
7720,,5.805957305785131e-07
7721,,5.805954386228736e-07
7722,,5.805934480241746e-07
7723,,5.805927559878999e-07
7724,,5.80592415467951e-07
7725,,5.805921297161506e-07
7726,,5.805899527121634e-07
7727,,5.805894190191544e-07
7728,,5.805891031710959e-07
7729,,5.805888212627788e-07
7730,,5.805865287427675e-07
7731,,5.805860931812808e-07
7732,,5.805857926223968e-07
7733,,5.805840607614113e-07
7734,,5.805831489998603e-07
7735,,5.805827742511574e-07
7736,,5.80582483168909e-07
7737,,5.805804665323922e-07
7738,,5.805797966677669e-07
7739,,5.805794596047778e-07
7740,,5.805791743964587e-07
7741,,5.805769812849488e-07
7742,,5.805764613277147e-07
7743,,5.805761476241422e-07
7744,,5.805758660569032e-07
7745,,5.805735635829015e-07
7746,,5.805731365306253e-07
7747,,5.805728373002349e-07
7748,,5.805710656784245e-07
7749,,5.805701877449471e-07
7750,,5.80569818267842e-07
7751,,5.805695280134606e-07
7752,,5.805674867704311e-07
7753,,5.805668378605329e-07
7754,,5.805665040695274e-07
7755,,5.805662193741636e-07
7756,,5.805640110411172e-07
7757,,5.805635040668752e-07
7758,,5.805631923919753e-07
7759,,5.805617951139944e-07
7760,,5.805605992588676e-07
7761,,5.805601802532486e-07
7762,,5.805598822851182e-07
7763,,5.805580730698552e-07
7764,,5.805572271204188e-07
7765,,5.805568626326905e-07
7766,,5.80556573159201e-07
7767,,5.805545086462106e-07
7768,,5.805538795567435e-07
7769,,5.805535488557185e-07
7770,,5.805532646483942e-07
7771,,5.805510419199521e-07
7772,,5.80550547227343e-07
7773,,5.805502374691022e-07
7774,,5.805487827708467e-07
7775,,5.805476357459907e-07
7776,,5.805472243485835e-07
7777,,5.805469275696206e-07
7778,,5.805450827970804e-07
7779,,5.805442671050749e-07
7780,,5.805439073376962e-07
7781,,5.80543618604043e-07
7782,,5.805415320803351e-07
7783,,5.805409217390593e-07
7784,,5.805405939640447e-07
7785,,5.805403102161231e-07
7786,,5.805380738721702e-07
7787,,5.80537590799546e-07
7788,,5.805372828563093e-07
7789,,5.805357738320354e-07
7790,,5.80534673005139e-07
7791,,5.805342688109627e-07
7792,,5.8053397315951e-07
7793,,5.805320947476555e-07
7794,,5.805313076815393e-07
7795,,5.805309523767922e-07
7796,,5.805306643452391e-07
7797,,5.805285569999937e-07
7798,,5.805279643985899e-07
7799,,5.805276393951463e-07
7800,,5.805273560838939e-07
7801,,5.805251068549115e-07
7802,,5.805246347793117e-07
7803,,5.805243285535096e-07
7804,,5.805227681180151e-07
7805,,5.805217110128457e-07
7806,,5.805213136359078e-07
7807,,5.805210190510549e-07
7808,,5.805191088034029e-07
7809,,5.805183488335577e-07
7810,,5.805179977554392e-07
7811,,5.805177103848234e-07
7812,,5.805155833323056e-07
7813,,21.68686270499018
7814,,106721.64101581954
7815,,21.52947821814306
7816,,733.8611251158059
7817,,21.295062144654775
7818,,2.694395234174067
7819,,1515.844991042182
7820,,2.6394532211892496
7821,,7.38966120084865
7822,,2.471707214481045
7823,,1.5279938747426618
7824,,1.458235933753324
7825,,0.9121610214672103
7826,,30.723742193299007
7827,,0.8868534849680215
7828,,0.49933079697086785
7829,,0.5212104825685743
7830,,0.4875639340128831
7831,,0.40278152046708954
7832,,2.062475043507005
7833,,0.35986110214606326
7834,,0.7073639275512194
7835,,0.3314639760484404
7836,,0.23396520933338327
7837,,0.15434820336039137
7838,,0.2979751493502173
7839,,0.14933766942405605
7840,,0.12014760613276486
7841,,0.10135079691331157
7842,,0.10032928965740197
7843,,0.10025044152017096
7844,,0.10024420303220462
7845,,0.1002437084810701
7846,,0.10024366926988883
7847,,0.10024366616093668
7848,,0.10024366591443572
7849,,0.1002436658948928
7850,,0.10024366589334129
7851,,0.10024366589321915
7852,,0.10024366589320964
7853,,0.10024366589320853
7854,,0.10024366589320852
7855,,0.08112682506994971
7856,,0.058104201150747894
7857,,0.0562964408208443
7858,,0.05577460237460574
7859,,0.055569178713446556
7860,,0.05547805599723488
7861,,0.05543544320680369
7862,,0.05541501739278844
7863,,0.055405109948691925
7864,,0.05540027670242823
7865,,0.05539791223389979
7866,,0.05539675392681316
7867,,0.055396186113394794
7868,,0.055395907674039575
7869,,0.05539577111334492
7870,,0.05539570413179026
7871,,0.05539567127678063
7872,,0.05539565516081897
7873,,0.05539564725558318
7874,,0.0553956433778699
7875,,0.055395641475752676
7876,,0.05539564054271313
7877,,0.05539564008503315
7878,,0.05539563986053149
7879,,0.055395639750404284
7880,,0.05539563969638508
7881,,0.055395639669887066
7882,,0.04034398912045617
7883,,0.03615827268237465
7884,,0.03200096191824706
7885,,0.026953876178527358
7886,,0.020841560675096092
7887,,0.01886794390225295
7888,,0.018087613063736203
7889,,0.016161990827418354
7890,,0.015461475683337816
7891,,0.014940914907873392
7892,,0.014076937113739786
7893,,0.012638572612079887
7894,,0.011342750145031624
7895,,0.009948080261708628
7896,,0.008610011855184634
7897,,0.007797152067087671
7898,,0.006962747359495241
7899,,0.006222580443296208
7900,,0.00578616482962248
7901,,0.005623141687552569
7902,,0.005511810025363235
7903,,0.005348052311577835
7904,,0.00505506980619037
7905,,0.004636023136554044
7906,,0.0040690022425716585
7907,,0.0037922082725289257
7908,,0.0036553742333002835
7909,,0.0036195678798669837
7910,,0.0035821627249093477
7911,,0.00347567177141403
7912,,0.00326567887937897
7913,,0.003041467966981232
7914,,0.002913439288913786
7915,,0.002844065220033314
7916,,0.002807220221881546
7917,,0.0027876705338609553
7918,,0.0027527578240291325
7919,,0.002689823476912971
7920,,0.0025855971963676685
7921,,0.002410426922573528
7922,,0.0021184312385807863
7923,,0.0016608173814467782
7924,,0.0011140579244784657
7925,,0.0006251289733583263
7926,,0.000447585964979371
7927,,0.0003611649822335877
7928,,0.0003493172451583071
7929,,0.00033644305154385953
7930,,0.00031514505380439916
7931,,0.00028534711550506865
7932,,0.00024374414130807814
7933,,0.00018989774658351524
7934,,0.00016106658033342134
7935,,0.00014815062455847286
7936,,0.00014000515360553767
7937,,0.00012575251391929888
7938,,0.00010633009619094557
7939,,8.457437704585758e-05
7940,,6.75582971647084e-05
7941,,6.291871127257777e-05
7942,,6.215555041874009e-05
7943,,6.201304070316042e-05
7944,,6.187855963285108e-05
7945,,6.146893029476723e-05
7946,,6.0857466485113684e-05
7947,,5.965901486953995e-05
7948,,5.756684027370726e-05
7949,,5.384067367504371e-05
7950,,4.868292794999512e-05
7951,,4.46590616650363e-05
7952,,4.259738142485315e-05
7953,,4.193662514480701e-05
7954,,4.146566216647222e-05
7955,,4.027565371293898e-05
7956,,3.8082821358737e-05
7957,,3.317703540235762e-05
7958,,2.485346144240388e-05
7959,,1.4940221602739555e-05
7960,,8.036818979909877e-06
7961,,4.885508112062197e-06
7962,,4.333456364734087e-06
7963,,4.2755810297807915e-06
7964,,4.266516300533635e-06
7965,,4.246940644577172e-06
7966,,4.143732687291821e-06
7967,,3.962562105425233e-06
7968,,3.592249733002311e-06
7969,,3.627299711347512e-06
7970,,3.3639657706383266e-06
7971,,2.8954824834277497e-06
7972,,2.4325831635186982e-06
7973,,2.287394806834998e-06
7974,,2.2633819830890094e-06
7975,,2.2602673397108203e-06
7976,,2.2595060314638425e-06
7977,,2.2584517692740866e-06
7978,,2.2561185550287796e-06
7979,,2.250690400309468e-06
7980,,2.2382092314893057e-06
7981,,2.2101434490916644e-06
7982,,2.149665364695459e-06
7983,,2.0311585349230582e-06
7984,,1.8400803594123003e-06
7985,,1.622639641915743e-06
7986,,1.4741284039744337e-06
7987,,1.4168975282572154e-06
7988,,1.403701814461385e-06
7989,,1.4006542853695997e-06
7990,,1.3977468189987687e-06
7991,,1.3911001465827648e-06
7992,,1.374425779796676e-06
7993,,1.3376857750045118e-06
7994,,1.2578085270478489e-06
7995,,1.1020925324732725e-06
7996,,8.425189919269987e-07
7997,,5.621328863152067e-07
7998,,3.482503031295314e-07
7999,,2.966482926551626e-07
8000,,2.7253477472444597e-07
8001,,2.660451383046472e-07
8002,,2.6548043067405256e-07
8003,,2.654511987570024e-07
8004,,2.654494830546185e-07
8005,,2.6544906850403145e-07
8006,,2.654487553577637e-07
8007,,2.654467303093827e-07
8008,,2.6544614309842583e-07
8009,,2.6544580428327366e-07
8010,,2.654455116002102e-07
8011,,2.654433869587974e-07
8012,,2.654429208006637e-07
8013,,2.65442591562007e-07
8014,,2.654410685414185e-07
8015,,2.6544017530260413e-07
8016,,2.6543972229138693e-07
8017,,2.65439390857482e-07
8018,,2.654378432376827e-07
8019,,2.654369925138635e-07
8020,,2.654365307854073e-07
8021,,2.654361934731266e-07
8022,,2.6543469512357925e-07
8023,,2.654338221498145e-07
8024,,2.6543334258706876e-07
8025,,2.6543299747119795e-07
8026,,2.6543270097357767e-07
8027,,2.654306599718304e-07
8028,,2.654301568336617e-07
8029,,2.654298024472491e-07
8030,,2.6542950239658946e-07
8031,,2.654275047276447e-07
8032,,2.6542697340035414e-07
8033,,2.6542660836473804e-07
8034,,2.654263042816683e-07
8035,,2.6542435628367173e-07
8036,,2.6542379240613027e-07
8037,,2.6542341527902954e-07
8038,,2.654231066497331e-07
8039,,2.6542121502607984e-07
8040,,2.654206140659108e-07
8041,,2.654202232803237e-07
8042,,2.6541990953110373e-07
8043,,2.6541808163342715e-07
8044,,2.654174386710198e-07
8045,,2.654170324790094e-07
8046,,2.65416712972604e-07
8047,,2.654149569914395e-07
8048,,2.654142665555432e-07
8049,,2.654138429998736e-07
8050,,2.654135170173689e-07
8051,,2.6541184214513465e-07
8052,,2.65411098107525e-07
8053,,2.654106549890341e-07
8054,,2.6541032172290587e-07
8055,,2.6540873831164663e-07
8056,,2.65407933763158e-07
8057,,2.654074686077838e-07
8058,,2.654071271477174e-07
8059,,2.65405646873925e-07
8060,,2.6540477402647384e-07
8061,,2.6540428403488755e-07
8062,,2.6540393335815026e-07
8063,,2.654036344734799e-07
8064,,2.654016194561274e-07
8065,,2.654011014816278e-07
8066,,2.654007404364913e-07
8067,,2.654004376323928e-07
8068,,2.653984706863399e-07
8069,,2.653979211758493e-07
8070,,2.653975484640547e-07
8071,,2.653972412595675e-07
8072,,2.6539532843509804e-07
8073,,2.6539474338026853e-07
8074,,2.653943575407816e-07
8075,,2.6539404539024526e-07
8076,,2.6539219351194056e-07
8077,,2.6539156838648376e-07
8078,,2.653911677732832e-07
8079,,2.653908500668293e-07
8080,,2.6538906682984847e-07
8081,,2.653883965311533e-07
8082,,2.6538797928602735e-07
8083,,2.6538765533484037e-07
8084,,2.653859494192471e-07
8085,,2.6538522818157456e-07
8086,,2.653847922193118e-07
8087,,2.653844612476152e-07
8088,,2.6538284244268303e-07
8089,,2.653820637605821e-07
8090,,2.653816067251934e-07
8091,,2.653812678603739e-07
8092,,2.653797472166463e-07
8093,,2.653789037449799e-07
8094,,2.6537842297861036e-07
8095,,2.6537807524413286e-07
8096,,2.653777773427884e-07
8097,,2.653757486682251e-07
8098,,2.6537524117895795e-07
8099,,2.6537488346825387e-07
8100,,2.65374581775039e-07
8101,,2.6537259913293177e-07
8102,,2.653720615454016e-07
8103,,2.6537169261994754e-07
8104,,2.6537138666597907e-07
8105,,2.6536945581839316e-07
8106,,2.653688843289139e-07
8107,,2.6536850279001764e-07
8108,,2.653681920513845e-07
8109,,2.653663194933748e-07
8110,,2.653657098099861e-07
8111,,2.6536531408399856e-07
8112,,2.6536499797020796e-07
8113,,2.653631910253852e-07
8114,,2.6536253830469266e-07
8115,,2.653621266210974e-07
8116,,2.6536180447017176e-07
8117,,2.65360071384554e-07
8118,,2.6535937016991844e-07
8119,,2.653589405313499e-07
8120,,2.6535861160201186e-07
8121,,2.653569616776654e-07
8122,,2.6535620580537363e-07
8123,,2.6535575596729865e-07
8124,,2.653554194192274e-07
8125,,2.653538631456821e-07
8126,,2.653530456661463e-07
8127,,2.653525730958084e-07
8128,,2.6535222798820794e-07
8129,,2.653519309757821e-07
8130,,2.6534989026199126e-07
8131,,2.653493921060341e-07
8132,,2.653490373789339e-07
8133,,2.653487366844639e-07
8134,,2.653467401616718e-07
8135,,2.653462132086383e-07
8136,,2.6534584767271807e-07
8137,,2.65345542844654e-07
8138,,2.6534359601706177e-07
8139,,2.6534303664447706e-07
8140,,2.653426589599935e-07
8141,,2.653423494890038e-07
8142,,2.653404585548668e-07
8143,,2.6533986268298643e-07
8144,,2.653394713404941e-07
8145,,2.6533915666326796e-07
8146,,2.653373286001184e-07
8147,,2.6533669162685344e-07
8148,,2.6533628493026694e-07
8149,,2.653359644042775e-07
8150,,2.6533420707795426e-07
8151,,2.653335238133687e-07
8152,,2.65333099854963e-07
8153,,2.6533277276250425e-07
8154,,2.6533109503384697e-07
8155,,2.653303596334851e-07
8156,,2.6532991626073026e-07
8157,,2.6532958179686967e-07
8158,,2.65327993648703e-07
8159,,2.653271995121162e-07
8160,,2.65326734306646e-07
8161,,2.6532639156472623e-07
8162,,2.65324904249009e-07
8163,,2.653240439391209e-07
8164,,2.653235541772774e-07
8165,,2.65323202137442e-07
8166,,2.653229023500011e-07
8167,,2.653208934626452e-07
8168,,2.653203760747306e-07
8169,,2.653200135922526e-07
8170,,2.653197097849279e-07
8171,,2.6531774869744373e-07
8172,,2.6531720023086566e-07
8173,,2.653168260159694e-07
8174,,2.6531651769798063e-07
8175,,2.653146103428856e-07
8176,,2.65314026902238e-07
8177,,2.653136395075413e-07
8178,,2.653133261300307e-07
8179,,2.653114791769419e-07
8180,,2.6531085637915145e-07
8181,,2.653104541765244e-07
8182,,2.653101351194896e-07
8183,,2.653083560858487e-07
8184,,2.653076889908201e-07
8185,,2.6530727014793683e-07
8186,,2.653069447191605e-07
8187,,2.653052420634402e-07
8188,,2.653045251030801e-07
8189,,2.653040875567903e-07
8190,,2.6530375497706546e-07
8191,,2.653021382307069e-07
8192,,2.6530136513025694e-07
8193,,2.6530090656255553e-07
8194,,2.653005659576114e-07
8195,,2.6529904585071124e-07
8196,,2.6529820953879627e-07
8197,,2.6529772734029314e-07
8198,,2.652973777256992e-07
8199,,2.652970787620038e-07
8200,,2.65295058851461e-07
8201,,2.65294550085428e-07
8202,,2.6529419035813254e-07
8203,,2.652938874746281e-07
8204,,2.652919136595766e-07
8205,,2.6529137502012844e-07
8206,,2.652910039367863e-07
8207,,2.652906966618815e-07
8208,,2.6528877462772216e-07
8209,,2.652882023955945e-07
8210,,2.6528781856008544e-07
8211,,2.652875063575713e-07
8212,,2.652856425032479e-07
8213,,2.6528503248528084e-07
8214,,2.652846343345209e-07
8215,,2.652843166058863e-07
8216,,2.652825181289919e-07
8217,,2.652818656090467e-07
8218,,2.652814513766487e-07
8219,,2.652811274509105e-07
8220,,2.652794024528413e-07
8221,,2.6527870211781943e-07
8222,,2.652782698235994e-07
8223,,2.6527793894565007e-07
8224,,2.652762965448567e-07
8225,,2.6527554240930853e-07
8226,,2.6527508982540394e-07
8227,,2.652747511490249e-07
8228,,2.6527320160745286e-07
8229,,2.6527238693277647e-07
8230,,2.6527191155195154e-07
8231,,2.652715641252796e-07
8232,,2.652712659120277e-07
8233,,2.652692361885852e-07
8234,,2.65268735193362e-07
8235,,2.6526837794971026e-07
8236,,2.652680759075548e-07
8237,,2.6526609074158343e-07
8238,,2.6526556096198546e-07
8239,,2.6526519270175713e-07
8240,,2.652648863734533e-07
8241,,2.6526295123146863e-07
8242,,2.6526238909958854e-07
8243,,2.652620084771754e-07
8244,,2.652616973395053e-07
8245,,2.6525981837332316e-07
8246,,2.652592198747992e-07
8247,,2.65258825375659e-07
8248,,2.6525850885129873e-07
8249,,2.652566929724125e-07
8250,,2.6525605359289713e-07
8251,,2.6525564351681726e-07
8252,,2.65255320950306e-07
8253,,2.652535759378e-07
8254,,2.652528905898485e-07
8255,,2.6525246303002855e-07
8256,,2.6525213368808804e-07
8257,,2.6525046829086643e-07
8258,,2.652497312522144e-07
8259,,2.652492840618199e-07
8260,,2.6524894712462916e-07
8261,,2.6524737118205784e-07
8262,,2.652465760115761e-07
8263,,2.65246106772669e-07
8264,,2.652457613215011e-07
8265,,2.652442859029505e-07
8266,,2.652434253463259e-07
8267,,2.652429313530324e-07
8268,,2.6524257635079614e-07
8269,,2.65242275073663e-07
8270,,2.6524027980580316e-07
8271,,2.6523975800558013e-07
8272,,2.652393922927217e-07
8273,,2.6523908681973914e-07
8274,,2.6523713999591504e-07
8275,,2.6523658696429303e-07
8276,,2.6523620923433857e-07
8277,,2.652358990628813e-07
8278,,2.652340066074526e-07
8279,,2.6523341848952354e-07
8280,,2.6523302728151306e-07
8281,,2.652327118423586e-07
8282,,2.6523088041527444e-07
8283,,2.652302528731691e-07
8284,,2.6522984654214764e-07
8285,,2.652295252037169e-07
8286,,2.6522776228799494e-07
8287,,2.652270904451346e-07
8288,,2.6522666714835415e-07
8289,,2.6522633919519303e-07
8290,,2.6522465320457225e-07
8291,,2.6522393157471996e-07
8292,,2.6522348923766674e-07
8293,,2.6522315387354655e-07
8294,,2.6522155426766444e-07
8295,,2.652207766766806e-07
8296,,2.652203129711759e-07
8297,,2.6521996929916646e-07
8298,,2.6521846671666694e-07
8299,,2.6521762621572103e-07
8300,,2.6521713852838994e-07
8301,,2.652167855465966e-07
8302,,2.652164849628342e-07
8303,,2.652144807191766e-07
8304,,2.652139661079395e-07
8305,,2.652136026892223e-07
8306,,2.6521329799534315e-07
8307,,2.6521134077519065e-07
8308,,2.6521079593908097e-07
8309,,2.652104208161748e-07
8310,,2.6521011151803567e-07
8311,,2.6520820704348634e-07
8312,,2.652076282720419e-07
8313,,2.652072400284294e-07
8314,,2.652069255742812e-07
8315,,2.652050802691456e-07
8316,,2.652044633876556e-07
8317,,2.652040604304733e-07
8318,,2.652037402006722e-07
8319,,2.6520196129165074e-07
8320,,2.6520130160986137e-07
8321,,2.6520088215152264e-07
8322,,2.652005554528299e-07
8323,,2.651988510482381e-07
8324,,2.651981432921197e-07
8325,,2.651977053271274e-07
8326,,2.6519737137970106e-07
8327,,2.651957505970311e-07
8328,,2.6519498883637933e-07
8329,,2.6519453011287977e-07
8330,,2.6519418804804054e-07
8331,,2.6519266113018025e-07
8332,,2.6519183869517927e-07
8333,,2.651913566826822e-07
8334,,2.65191005521709e-07
8335,,2.651907055675509e-07
8336,,2.6518869337362367e-07
8337,,2.6518818523202603e-07
8338,,2.6518782387818835e-07
8339,,2.651875198901676e-07
8340,,2.65185553440062e-07
8341,,2.6518501597966865e-07
8342,,2.6518464320469367e-07
8343,,2.6518433469747096e-07
8344,,2.651824195332152e-07
8345,,2.6518184917197017e-07
8346,,2.65181463596072e-07
8347,,2.65181150030924e-07
8348,,2.6517929237105874e-07
8349,,2.6517868508235367e-07
8350,,2.651782851595911e-07
8351,,2.6517796593180424e-07
8352,,2.651761727604195e-07
8353,,2.651755240235668e-07
8354,,2.6517510801711386e-07
8355,,2.6517478244882706e-07
8356,,2.6517306160483814e-07
8357,,2.651723663369953e-07
8358,,2.6517193230202697e-07
8359,,2.6517159963679425e-07
8360,,2.6516995992606546e-07
8361,,2.6516921241505423e-07
8362,,2.651687581677934e-07
8363,,2.651684175497196e-07
8364,,2.6516686886605567e-07
8365,,2.6516606269277516e-07
8366,,2.651655857828327e-07
8367,,2.6516523626147114e-07
8368,,2.651649368824929e-07
8369,,2.6516291766219963e-07
8370,,2.651624153378247e-07
8371,,2.6516205584574563e-07
8372,,2.6516175249608414e-07
8373,,2.651597778741327e-07
8374,,2.6515924704587636e-07
8375,,2.6515887638047134e-07
8376,,2.65158568591721e-07
8377,,2.6515664394344777e-07
8378,,2.6515608114401873e-07
8379,,2.65155697969175e-07
8380,,2.6515538520971695e-07
8381,,2.6515351656539133e-07
8382,,2.65152917905336e-07
8383,,2.651525207089376e-07
8384,,2.651522023887381e-07
8385,,2.651503965182558e-07
8386,,2.6514975762316164e-07
8387,,2.651493447214558e-07
8388,,2.651490201766207e-07
8389,,2.6514728467821225e-07
8390,,2.65146600641235e-07
8391,,2.651461701402659e-07
8392,,2.651458386273461e-07
8393,,2.651441820267615e-07
8394,,2.651434473330138e-07
8395,,2.6514299711136326e-07
8396,,2.6514265779772473e-07
8397,,2.6514108966930064e-07
8398,,2.6514029812460593e-07
8399,,2.651398257987206e-07
8400,,2.6513947775443204e-07
8401,,2.651391788944329e-07
8402,,2.651371534919782e-07
8403,,2.6513665639231156e-07
8404,,2.651362985725672e-07
8405,,2.6513599580508336e-07
8406,,2.6513401396748637e-07
8407,,2.651334890975423e-07
8408,,2.651331203327373e-07
8409,,2.6513281319280686e-07
8410,,2.651308801505328e-07
8411,,2.65130324149001e-07
8412,,2.6512994312743695e-07
8413,,2.6512963109780867e-07
8414,,2.65127752712626e-07
8415,,2.6512716180395483e-07
8416,,2.6512676706215207e-07
8417,,2.651264495595151e-07
8418,,2.6512463241091564e-07
8419,,2.65124002361231e-07
8420,,2.6512359224781615e-07
8421,,2.651232686240307e-07
8422,,2.6512152008900245e-07
8423,,2.651208461463692e-07
8424,,2.6512041881878277e-07
8425,,2.651200883442108e-07
8426,,2.651184166994812e-07
8427,,2.651176935254384e-07
8428,,2.6511724691656175e-07
8429,,2.6511690877736876e-07
8430,,2.651153233099022e-07
8431,,2.651145449129685e-07
8432,,2.6511407670587336e-07
8433,,2.6511372998921034e-07
8434,,2.651122411197428e-07
8435,,2.6511140077357123e-07
8436,,2.651109083666556e-07
8437,,2.651105520511431e-07
8438,,2.6511024980988666e-07
8439,,2.651082616234623e-07
8440,,2.65107742103334e-07
8441,,2.6510737504481744e-07
8442,,2.651070684916214e-07
8443,,2.6510512804477795e-07
8444,,2.6510457814280705e-07
8445,,2.65104199059783e-07
8446,,2.6510388768672516e-07
8447,,2.651020006899636e-07
8448,,2.651014167422771e-07
8449,,2.651010241991848e-07
8450,,2.6510070743449316e-07
8451,,2.650988802945206e-07
8452,,2.650982581861074e-07
8453,,2.650978505752119e-07
8454,,2.6509752778057097e-07
8455,,2.650957676759797e-07
8456,,2.6509510279434806e-07
8457,,2.6509467831591865e-07
8458,,2.6509434877621654e-07
8459,,2.650926637584204e-07
8460,,2.6509195092915754e-07
8461,,2.6509150756268003e-07
8462,,2.6509117047853953e-07
8463,,2.650895695774316e-07
8464,,2.650888029908816e-07
8465,,2.6508833847450463e-07
8466,,2.650879929498129e-07
8467,,2.650864862935232e-07
8468,,2.650856594292178e-07
8469,,2.65085171231452e-07
8470,,2.6508481626580443e-07
8471,,2.650845145034051e-07
8472,,2.6508252075081045e-07
8473,,2.65082006031073e-07
8474,,2.650816405011528e-07
8475,,2.6508133448319673e-07
8476,,2.650793875236839e-07
8477,,2.650788430959875e-07
8478,,2.6507846574861707e-07
8479,,2.6507815497053656e-07
8480,,2.6507626038310567e-07
8481,,2.6507568267543556e-07
8482,,2.650752921059153e-07
8483,,2.650749760075201e-07
8484,,2.650731400374378e-07
8485,,2.650725250533477e-07
8486,,2.6507211968544896e-07
8487,,2.65071797639066e-07
8488,,2.6507002729217986e-07
8489,,2.6506937054240604e-07
8490,,2.6506894861247023e-07
8491,,2.65068619914272e-07
8492,,2.650669230388101e-07
8493,,2.6506621948834385e-07
8494,,2.650657790270388e-07
8495,,2.650654428902496e-07
8496,,2.650638282841788e-07
8497,,2.6506307229029655e-07
8498,,2.650626110843944e-07
8499,,2.6506226663028747e-07
8500,,2.650607441564316e-07
8501,,2.650599293876188e-07
8502,,2.6505944495914873e-07
8503,,2.650590912056824e-07
8504,,2.6505878987796677e-07
8505,,2.6505679127115216e-07
8506,,2.6505628084974374e-07
8507,,2.650559166930193e-07
8508,,2.650556111570784e-07
8509,,2.650536584974882e-07
8510,,2.6505311896989284e-07
8511,,2.650527431804451e-07
8512,,2.65052432940491e-07
8513,,2.6505053168508763e-07
8514,,2.6504995957148484e-07
8515,,2.6504957076776436e-07
8516,,2.650492552701989e-07
8517,,2.650474115264807e-07
8518,,2.6504680292381087e-07
8519,,2.650463995616787e-07
8520,,2.650460781896702e-07
8521,,2.6504429880384853e-07
8522,,2.6504364933569594e-07
8523,,2.65043229690961e-07
8524,,2.650429017487114e-07
8525,,2.6504119438765425e-07
8526,,2.650404991537451e-07
8527,,2.650400612893137e-07
8528,,2.650397260048844e-07
8529,,2.6503809925750853e-07
8530,,2.650373527582294e-07
8531,,2.650368945104667e-07
8532,,2.650365510181201e-07
8533,,2.650350145085457e-07
8534,,2.650342105834899e-07
8535,,2.65033729527278e-07
8536,,2.650333768581332e-07
8537,,2.6503307592616686e-07
8538,,2.6503107311280977e-07
8539,,2.6503056653126624e-07
8540,,2.650302036049357e-07
8541,,2.650298985069693e-07
8542,,2.6502794088275855e-07
8543,,2.6502740574029536e-07
8544,,2.650270313421209e-07
8545,,2.650267215889191e-07
8546,,2.6502481450390717e-07
8547,,2.650242473922576e-07
8548,,2.6502386016817273e-07
8549,,2.650235452138864e-07
8550,,2.6502169465256925e-07
8551,,2.650210917580722e-07
8552,,2.6502069019211145e-07
8553,,2.650203694243613e-07
8554,,2.6501858208913663e-07
8555,,2.650179391393626e-07
8556,,2.650175215343765e-07
8557,,2.6501719427202496e-07
8558,,2.650154776670819e-07
8559,,2.6501478987252035e-07
8560,,2.6501435433286667e-07
8561,,2.650140198120421e-07
8562,,2.6501238233978216e-07
8563,,2.650116443385923e-07
8564,,2.650111887353665e-07
8565,,2.65010846103132e-07
8566,,2.6500929717457646e-07
8567,,2.650085029563901e-07
8568,,2.650080249132535e-07
8569,,2.6500767321642406e-07
8570,,2.650073726418781e-07
8571,,2.6500536619984555e-07
8572,,2.6500486305544886e-07
8573,,2.650045012258188e-07
8574,,2.650041965243865e-07
8575,,2.6500223460219554e-07
8576,,2.6500170337619517e-07
8577,,2.6500133022116116e-07
8578,,2.6500102090695603e-07
8579,,2.649991087530005e-07
8580,,2.649985461093633e-07
8581,,2.6499816029711184e-07
8582,,2.6499784582926624e-07
8583,,2.6499598931656497e-07
8584,,2.6499539152297123e-07
8585,,2.649949915584539e-07
8586,,2.649946713360267e-07
8587,,2.6499287703772716e-07
8588,,2.649922399119569e-07
8589,,2.649918241270399e-07
8590,,2.6499149747452027e-07
8591,,2.649897727497075e-07
8592,,2.6498909160846504e-07
8593,,2.649886581378108e-07
8594,,2.649883243015033e-07
8595,,2.6498667738739037e-07
8596,,2.6498594698346434e-07
8597,,2.64985493737924e-07
8598,,2.6498515187537587e-07
8599,,2.649835919929327e-07
8600,,2.6498280645158603e-07
8601,,2.6498233109457035e-07
8602,,2.649819802666231e-07
8603,,11.038632332637059
8604,,105023.86927918947
8605,,10.926966519986964
8606,,859.3705538272784
8607,,10.789776621131692
8608,,1.4888860810485174
8609,,2.7417716652586903
8610,,1.4508549635691697
8611,,1.2380710468667515
8612,,1.2225534429968827
8613,,1.1030806398180641
8614,,36.176221441373286
8615,,1.095336536678173
8616,,1.0588041713633018
8617,,0.9405201852981191
8618,,1.81243960629411
8619,,0.9352432874869977
8620,,0.9096651710692129
8621,,0.8627297239462077
8622,,0.813641324737989
8623,,0.8122701665646133
8624,,0.8122284353660509
8625,,0.8122271620305659
8626,,0.8122271231745137
8627,,0.8122271219888129
8628,,0.8122271219526314
8629,,0.8122271219515251
8630,,0.8122271219514943
8631,,0.812227121951494
8632,,0.812227121951494
8633,,0.39774312253977007
8634,,0.5702693288023736
8635,,0.38688317178988696
8636,,0.36737049547244566
8637,,2.612244802058194
8638,,0.36108685687120873
8639,,0.33266460123277436
8640,,0.31595552356644446
8641,,0.3153019308199748
8642,,0.3152690095259727
8643,,0.31526733139304364
8644,,0.3152672457998868
8645,,0.3152672414340738
8646,,0.31526724121138977
8647,,0.3152672412000332
8648,,0.3152672411994519
8649,,0.3152672411994204
8650,,0.3152672411994208
8651,,26.602092505184782
8652,,0.30924148960062375
8653,,0.40624740434163986
8654,,0.2969155573858296
8655,,0.28622418520525095
8656,,0.5885224840444431
8657,,0.2821679786323096
8658,,0.2799885419762718
8659,,0.26747941434656874
8660,,0.2681413821190217
8661,,0.2579112875391891
8662,,0.2510969251795801
8663,,0.1862471960320834
8664,,0.16400141403785135
8665,,0.16264678447876385
8666,,0.16255508423777323
8667,,0.16254883327379022
8668,,0.16254840695992034
8669,,0.1625483778845048
8670,,0.16254837590150037
8671,,0.16254837576625497
8672,,0.1625483757570299
8673,,0.16254837575640185
8674,,0.1625483757563595
8675,,0.16254837575635503
8676,,0.16254837575635472
8677,,0.16254837575635472
8678,,0.13408801173193102
8679,,0.04009890018581577
8680,,0.20809862196952367
8681,,0.03637201052826995
8682,,0.029193922447190875
8683,,0.027698816600856213
8684,,0.029361706354015953
8685,,0.026975284279274186
8686,,0.025617955948366952
8687,,0.01979345638320086
8688,,0.016400267795311303
8689,,0.015019195581253047
8690,,0.015370522134960476
8691,,0.014614700021983477
8692,,0.014310066418312777
8693,,0.013536650300822593
8694,,0.0123184197846104
8695,,0.01107437781230438
8696,,0.00915300041793788
8697,,0.006974412218546522
8698,,0.005427472497872732
8699,,0.004243892894160191
8700,,0.0034674080970977916
8701,,0.0029791180380594594
8702,,0.002641230936093437
8703,,0.0023077419056104923
8704,,0.0021619285362742347
8705,,0.0020584451416038947
8706,,0.001996565665364876
8707,,0.0019019772453374518
8708,,0.0018374098642723988
8709,,0.0017945807250874495
8710,,0.0017596765504509304
8711,,0.0017243232802897368
8712,,0.001666533274131283
8713,,0.001558686161713264
8714,,0.001364909369601987
8715,,0.001129999042370813
8716,,0.0009774876595925357
8717,,0.0009162131833885762
8718,,0.0008979779148958415
8719,,0.0008878439916334683
8720,,0.0008680819961655566
8721,,0.0008165475342765656
8722,,0.000746369423775814
8723,,0.0006765439015123354
8724,,0.0006139991162732167
8725,,0.0005629861385579083
8726,,0.000531626102066661
8727,,0.00048234299707230257
8728,,0.00038539954787025527
8729,,0.00031360783178529123
8730,,0.00024016855195397826
8731,,0.0002114133135149659
8732,,0.00020419037253791096
8733,,0.0002007535244270509
8734,,0.00019627396073236414
8735,,0.00018873230007028253
8736,,0.00017422439882542367
8737,,0.00014602031453669654
8738,,9.600676310344911e-05
8739,,5.1373294310196356e-05
8740,,2.631348683045098e-05
8741,,1.7129727648580968e-05
8742,,1.527306434615105e-05
8743,,1.4847884923950104e-05
8744,,1.4451727655514254e-05
8745,,1.371252424015414e-05
8746,,1.2215114108356977e-05
8747,,1.0180258433199573e-05
8748,,8.568237561198106e-06
8749,,7.892601426276463e-06
8750,,7.728984775783558e-06
8751,,7.699410525625239e-06
8752,,7.696204685947046e-06
8753,,7.691197433717232e-06
8754,,7.661557078145085e-06
8755,,7.605150095899142e-06
8756,,7.467999848037564e-06
8757,,7.178108917341885e-06
8758,,6.600693251747438e-06
8759,,5.660793955702898e-06
8760,,4.583781226141254e-06
8761,,3.814384418697313e-06
8762,,3.5416583008991596e-06
8763,,3.491987741978854e-06
8764,,3.483227136708627e-06
8765,,3.4808706494948715e-06
8766,,3.4775796768613545e-06
8767,,3.4687057338186517e-06
8768,,3.447646620815283e-06
8769,,3.399937359577492e-06
8770,,3.293073655960215e-06
8771,,3.0667610608411437e-06
8772,,2.6388302036909786e-06
8773,,1.995755112696531e-06
8774,,1.3398758969587895e-06
8775,,1.0026455104007053e-06
8776,,8.879526648920015e-07
8777,,8.529066212230189e-07
8778,,8.459404081029324e-07
8779,,8.44924020374517e-07
8780,,8.426422236983802e-07
8781,,8.367182394079362e-07
8782,,8.23535319383723e-07
8783,,7.949699889895911e-07
8784,,7.38942694902264e-07
8785,,6.487575655153004e-07
8786,,5.471851815728173e-07
8787,,4.871245182725286e-07
8788,,4.666091648811796e-07
8789,,4.6081101924977255e-07
8790,,4.6016543608416166e-07
8791,,4.6011192770027857e-07
8792,,4.6010854942230303e-07
8793,,4.6010797294619574e-07
8794,,4.6010763756454943e-07
8795,,4.601061237403486e-07
8796,,4.601048786310368e-07
8797,,4.601044304600921e-07
8798,,4.6010410559703383e-07
8799,,4.601021903254758e-07
8800,,4.6010130830283676e-07
8801,,4.6010089526743717e-07
8802,,4.6010057442738663e-07
8803,,4.6009851771440036e-07
8804,,4.600977602802973e-07
8805,,4.6009736270711434e-07
8806,,4.6009704369407507e-07
8807,,4.6009491848904356e-07
8808,,4.6009422158506344e-07
8809,,4.600938316294637e-07
8810,,4.600935132763579e-07
8811,,4.600913533926665e-07
8812,,4.6009068832793256e-07
8813,,4.600903015976046e-07
8814,,4.600899831228816e-07
8815,,4.600878088580788e-07
8816,,4.6008715894161895e-07
8817,,4.6008677242757347e-07
8818,,4.600864532160688e-07
8819,,4.600842790696876e-07
8820,,4.600836327082186e-07
8821,,4.600832440375764e-07
8822,,4.600829235491429e-07
8823,,4.600807613009989e-07
8824,,4.600801093091273e-07
8825,,4.6007971639994927e-07
8826,,4.6007939412248594e-07
8827,,4.600772542619056e-07
8828,,4.6007658861967944e-07
8829,,4.600761895228039e-07
8830,,4.6007586494337893e-07
8831,,4.6007375742340005e-07
8832,,4.600730706417626e-07
8833,,4.600726634277747e-07
8834,,4.6007233603175206e-07
8835,,4.600702707062025e-07
8836,,4.6006955546063535e-07
8837,,4.600691381607265e-07
8838,,4.600688073967174e-07
8839,,4.6006679436105063e-07
8840,,4.6006604322284734e-07
8841,,4.6006561378618304e-07
8842,,4.600652790638482e-07
8843,,4.6006332888959144e-07
8844,,4.600625341410305e-07
8845,,4.60062090373668e-07
8846,,4.600617510599049e-07
8847,,4.6005987502999135e-07
8848,,4.6005902848434294e-07
8849,,4.600585680154467e-07
8850,,4.60058223408547e-07
8851,,4.6005643373633345e-07
8852,,4.6005552658194486e-07
8853,,4.600550468214842e-07
8854,,4.600546961486439e-07
8855,,4.6005300617860647e-07
8856,,4.600520288189091e-07
8857,,4.600515269165146e-07
8858,,4.6005116931905735e-07
8859,,4.600495937624505e-07
8860,,4.600485356521008e-07
8861,,4.600480084407001e-07
8862,,4.600476429647675e-07
8863,,4.6004732693441507e-07
8864,,4.600450476056911e-07
8865,,4.6004449156481493e-07
8866,,4.6004411713541753e-07
8867,,4.600437983368549e-07
8868,,4.600415652817783e-07
8869,,4.600409764751434e-07
8870,,4.6004059189404895e-07
8871,,4.6004026995656077e-07
8872,,4.6003808937514426e-07
8873,,4.6003746338609476e-07
8874,,4.600370673037824e-07
8875,,4.600367418159457e-07
8876,,4.6003462066896216e-07
8877,,4.6003395254463087e-07
8878,,4.6003354343877954e-07
8879,,4.60033213939208e-07
8880,,4.6003116005908436e-07
8881,,4.600304442247835e-07
8882,,4.6003002039094095e-07
8883,,4.600296863487147e-07
8884,,4.6002770855716363e-07
8885,,4.6002693874316414e-07
8886,,4.6002649825484164e-07
8887,,4.600261590775219e-07
8888,,4.6002426731462825e-07
8889,,4.600234364539005e-07
8890,,4.6002297713681267e-07
8891,,4.60022632159378e-07
8892,,4.6002083763467054e-07
8893,,4.600199377563386e-07
8894,,4.6001945716685093e-07
8895,,4.600191056318517e-07
8896,,4.600174209892464e-07
8897,,4.600164431121215e-07
8898,,4.600159384774525e-07
8899,,4.6001557953915486e-07
8900,,4.6001401904314624e-07
8901,,4.6001295302717903e-07
8902,,4.6001242123299504e-07
8903,,4.6001205392860226e-07
8904,,4.6001173727615397e-07
8905,,4.600094680855179e-07
8906,,4.600089056117063e-07
8907,,4.600085288548978e-07
8908,,4.6000820929636393e-07
8909,,4.600059889453327e-07
8910,,4.6000539181271685e-07
8911,,4.6000500438153565e-07
8912,,4.6000468153864914e-07
8913,,4.6000251634505593e-07
8914,,4.600018800660511e-07
8915,,4.600014805804357e-07
8916,,4.600011540250024e-07
8917,,4.599990511212538e-07
8918,,4.5999837063033043e-07
8919,,4.5999795752839026e-07
8920,,4.599976267824198e-07
8921,,4.59995594223086e-07
8922,,4.5999486379832155e-07
8923,,4.5999443531714033e-07
8924,,4.5999409983551205e-07
8925,,4.5999214671466084e-07
8926,,4.5999135989470215e-07
8927,,4.5999091404621455e-07
8928,,4.5999057321795645e-07
8929,,4.599887098070014e-07
8930,,4.599878592975174e-07
8931,,4.599873938321761e-07
8932,,4.599870469627762e-07
8933,,4.599852848589199e-07
8934,,4.5998436241944565e-07
8935,,4.599838748016682e-07
8936,,4.5998352111285463e-07
8937,,4.599818734095092e-07
8938,,4.5998086973738336e-07
8939,,4.5998035710162494e-07
8940,,4.599799957104718e-07
8941,,4.5997968090849246e-07
8942,,4.599773817890458e-07
8943,,4.5997684089751425e-07
8944,,4.59976470807557e-07
8945,,4.599761533284127e-07
8946,,4.599738991780214e-07
8947,,4.599733263784017e-07
8948,,4.5997294646145683e-07
8949,,4.5997262595882806e-07
8950,,4.5997042258418677e-07
8951,,4.599698137483804e-07
8952,,4.5996942273483473e-07
8953,,4.5996909881652067e-07
8954,,4.5996695278255327e-07
8955,,4.5996630324917114e-07
8956,,4.599658997036682e-07
8957,,4.5996557192793765e-07
8958,,4.5996349063831826e-07
8959,,4.5996279514846844e-07
8960,,4.599623774492461e-07
8961,,4.5996204531831054e-07
8962,,4.599600371398711e-07
8963,,4.599592897478076e-07
8964,,4.599588560662509e-07
8965,,4.5995851901364435e-07
8966,,4.599565933961008e-07
8967,,4.5995578739070587e-07
8968,,4.5995533565705194e-07
8969,,4.5995499304958927e-07
8970,,4.5995316066051096e-07
8971,,4.5995228846257594e-07
8972,,4.599518163440469e-07
8973,,4.599514674576605e-07
8974,,4.599497403507462e-07
8975,,4.599487933999917e-07
8976,,4.5994829825970936e-07
8977,,4.599479422863372e-07
8978,,4.5994633406331283e-07
8979,,4.5994530269586884e-07
8980,,4.5994478155494127e-07
8981,,4.5994441757795706e-07
8982,,4.599441020084395e-07
8983,,4.599418169045386e-07
8984,,4.5994126640343953e-07
8985,,4.599408933842748e-07
8986,,4.5994057503519236e-07
8987,,4.599383366598424e-07
8988,,4.599377529996061e-07
8989,,4.599373697674104e-07
8990,,4.5993704827653277e-07
8991,,4.5993486266490284e-07
8992,,4.5993424155735006e-07
8993,,4.599338467943636e-07
8994,,4.5993352175385967e-07
8995,,4.5993139572353813e-07
8996,,4.5993073232600675e-07
8997,,4.5993032454190825e-07
8998,,4.599299954924486e-07
8999,,4.599279367389953e-07
9000,,4.599272255848091e-07
9001,,4.5992680309335003e-07
9002,,4.5992646951848477e-07
9003,,4.5992448673723204e-07
9004,,4.5992372164811436e-07
9005,,4.59923282545394e-07
9006,,4.599229438566203e-07
9007,,4.5992104686757274e-07
9008,,4.5992022086939696e-07
9009,,4.5991976301229933e-07
9010,,4.599194185485263e-07
9011,,4.5991761843838544e-07
9012,,4.5991672365569787e-07
9013,,4.5991624461154374e-07
9014,,4.5991589362739146e-07
9015,,4.5991420291417867e-07
9016,,4.5991323045328334e-07
9017,,4.59912727489155e-07
9018,,4.599123691363576e-07
9019,,4.599108019617255e-07
9020,,4.599097417787476e-07
9021,,4.599092117967808e-07
9022,,4.599088451263599e-07
9023,,4.5990852875971063e-07
9024,,4.5990625820975614e-07
9025,,4.5990569771391315e-07
9026,,4.5990532164870205e-07
9027,,4.5990500239308027e-07
9028,,4.599027803972935e-07
9029,,4.599021854454608e-07
9030,,4.5990179876943747e-07
9031,,4.599014762475334e-07
9032,,4.598993090783507e-07
9033,,4.598986752145783e-07
9034,,4.5989827655565756e-07
9035,,4.598979503480729e-07
9036,,4.598958450893499e-07
9037,,4.5989516727616257e-07
9038,,4.598947550860505e-07
9039,,4.5989442471439265e-07
9040,,4.598923893659449e-07
9041,,4.5989166192772317e-07
9042,,4.5989123445316644e-07
9043,,4.5989089937358515e-07
9044,,4.5988894297393267e-07
9045,,4.5988815948806903e-07
9046,,4.5988771475193194e-07
9047,,4.59887374360696e-07
9048,,4.5988550710638853e-07
9049,,4.5988466033042366e-07
9050,,4.598841961024834e-07
9051,,4.598838497111011e-07
9052,,4.598820831253033e-07
9053,,4.598811648730433e-07
9054,,4.5988067863141127e-07
9055,,4.5988032545999996e-07
9056,,4.5987867255475106e-07
9057,,4.5987767358238744e-07
9058,,4.5987716248115896e-07
9059,,4.5987680165674843e-07
9060,,4.59876487121918e-07
9061,,4.5987418699422503e-07
9062,,4.5987364781763735e-07
9063,,4.5987327834801675e-07
9064,,4.598729611531961e-07
9065,,4.598707057080792e-07
9066,,4.59870134827007e-07
9067,,4.5986975559372733e-07
9068,,4.5986943539332993e-07
9069,,4.598672304026195e-07
9070,,4.598666237149237e-07
9071,,4.598662334579056e-07
9072,,4.5986590986511576e-07
9073,,4.598637618444221e-07
9074,,4.598631147191551e-07
9075,,4.5986271200967426e-07
9076,,4.598623845848692e-07
9077,,4.598603008976248e-07
9078,,4.598596081085313e-07
9079,,4.5985919133694443e-07
9080,,4.598588595804238e-07
9081,,4.598568485410781e-07
9082,,4.5985610418020106e-07
9083,,4.5985567152478017e-07
9084,,4.598553348824887e-07
9085,,4.598534058749516e-07
9086,,4.5985260327503636e-07
9087,,4.598521526857782e-07
9088,,4.598518105193067e-07
9089,,4.598499741479931e-07
9090,,4.5984910577871086e-07
9091,,4.598486349309424e-07
9092,,4.598482865324397e-07
9093,,4.598465547665238e-07
9094,,4.5984561212202896e-07
9095,,4.5984511840060127e-07
9096,,4.5984476295893144e-07
9097,,4.598431493214781e-07
9098,,4.598421227961892e-07
9099,,4.5984160324096167e-07
9100,,4.5984123984387056e-07
9101,,4.598409245476769e-07
9102,,4.5983863835283565e-07
9103,,4.59838089622875e-07
9104,,4.598377172440122e-07
9105,,4.5983739918561436e-07
9106,,4.5983515941835644e-07
9107,,4.5983457774422103e-07
9108,,4.598341952166133e-07
9109,,4.5983387403398305e-07
9110,,4.598316866968722e-07
9111,,4.598310678115476e-07
9112,,4.598306738283572e-07
9113,,4.598303491222382e-07
9114,,4.598282209818877e-07
9115,,4.59827560076528e-07
9116,,4.5982715315425217e-07
9117,,4.598268244654518e-07
9118,,4.5982476317628716e-07
9119,,4.598240548174296e-07
9120,,4.598236332828508e-07
9121,,4.5982330009364384e-07
9122,,4.598213142917496e-07
9123,,4.598205523459699e-07
9124,,4.5982011430689845e-07
9125,,4.598197760381179e-07
9126,,4.598178754790528e-07
9127,,4.5981705301241475e-07
9128,,4.5981659633455365e-07
9129,,4.5981625232863466e-07
9130,,4.5981444802971574e-07
9131,,4.598135572185209e-07
9132,,4.5981307949064715e-07
9133,,4.5981272900380147e-07
9134,,4.5981103340659215e-07
9135,,4.598100654134989e-07
9136,,4.598095639141771e-07
9137,,4.598092061083816e-07
9138,,4.5980763326167953e-07
9139,,4.5980657810597035e-07
9140,,4.5980604976315556e-07
9141,,4.598056836921592e-07
9142,,4.598053676037503e-07
9143,,4.5980309587151514e-07
9144,,4.5980253721266405e-07
9145,,4.5980216180374044e-07
9146,,4.5980184284505437e-07
9147,,4.597996193546688e-07
9148,,4.597990264606046e-07
9149,,4.5979864051082955e-07
9150,,4.597983183066643e-07
9151,,4.597961492948574e-07
9152,,4.5979551773411866e-07
9153,,4.5979511987926335e-07
9154,,4.597947940091611e-07
9155,,4.59792686515296e-07
9156,,4.597920112886572e-07
9157,,4.5979159998730975e-07
9158,,4.5979126998206256e-07
9159,,4.597892319484629e-07
9160,,4.5978850741322894e-07
9161,,4.59788080926457e-07
9162,,4.5978774624405634e-07
9163,,4.59785786654487e-07
9164,,4.5978500643050757e-07
9165,,4.597845627932975e-07
9166,,4.5978422283459683e-07
9167,,4.597823518176953e-07
9168,,4.597815087101451e-07
9169,,4.597810457045714e-07
9170,,4.5978069977990183e-07
9171,,4.5977892879470276e-07
9172,,4.597780146607473e-07
9173,,4.5977752978336443e-07
9174,,4.597771771251711e-07
9175,,4.597755190949813e-07
9176,,4.597745247558434e-07
9177,,4.597740151781083e-07
9178,,4.5977365491475065e-07
9179,,4.5977334064399723e-07
9180,,4.597710395229021e-07
9181,,4.597705020494214e-07
9182,,4.597701331979113e-07
9183,,4.5976981628403303e-07
9184,,4.5976755956000125e-07
9185,,4.597669905811191e-07
9186,,4.5976661202764947e-07
9187,,4.597662921308496e-07
9188,,4.597640855377424e-07
9189,,4.597634809805509e-07
9190,,4.5976309147485183e-07
9191,,4.597627682049842e-07
9192,,4.597606182204677e-07
9193,,4.597599734856075e-07
9194,,4.5975957160549855e-07
9195,,4.597592445276993e-07
9196,,4.5975715846522543e-07
9197,,4.597564683561711e-07
9198,,4.5975605250368783e-07
9199,,4.597557211262967e-07
9200,,4.5975370724610725e-07
9201,,4.597529658968774e-07
9202,,4.5975253426118367e-07
9203,,4.5975219802878266e-07
9204,,4.597502656569492e-07
9205,,4.5974946643867873e-07
9206,,4.5974901698528175e-07
9207,,4.5974867526295464e-07
9208,,4.597468349358917e-07
9209,,4.5974597036899504e-07
9210,,4.5974550078678477e-07
9211,,4.597451528686504e-07
9212,,4.5974341648300727e-07
9213,,4.5974247811455306e-07
9214,,4.597419858028984e-07
9215,,4.597416308892607e-07
9216,,4.5974001187323813e-07
9217,,4.5973899016417166e-07
9218,,4.5973847218394604e-07
9219,,4.5973810936532937e-07
9220,,4.5973779433903585e-07
9221,,4.597355070625971e-07
9222,,4.597349600949016e-07
9223,,4.597345883514517e-07
9224,,4.5973427058112186e-07
9225,,4.5973202943718955e-07
9226,,4.5973144973299173e-07
9227,,4.597310679087848e-07
9228,,4.597307470343383e-07
9229,,4.597285579853129e-07
9230,,4.5972794130944776e-07
9231,,4.5972754809862703e-07
9232,,4.597272237239402e-07
9233,,4.59725093493747e-07
9234,,4.5972443506811647e-07
9235,,4.5972402900176786e-07
9236,,4.597237006688795e-07
9237,,4.597216368611874e-07
9238,,4.597209312843763e-07
9239,,4.5972051069834747e-07
9240,,4.597201778943988e-07
9241,,4.5971818909597173e-07
9242,,4.5971743027306276e-07
9243,,4.5971699328713913e-07
9244,,4.597166554364068e-07
9245,,4.59714751334669e-07
9246,,4.5971393237988777e-07
9247,,4.597134768753141e-07
9248,,4.5971313332316553e-07
9249,,4.597113248670272e-07
9250,,4.5971043800077756e-07
9251,,4.5970996158384334e-07
9252,,4.597096115919181e-07
9253,,4.5970791114125516e-07
9254,,4.5970694758775036e-07
9255,,4.5970644755081584e-07
9256,,4.597060902876688e-07
9257,,4.597045118043067e-07
9258,,4.5970346164353056e-07
9259,,4.5970293493407873e-07
9260,,4.5970256945702824e-07
9261,,4.5970225364709817e-07
9262,,4.5969998073972414e-07
9263,,4.596994239075331e-07
9264,,4.596990491547489e-07
9265,,4.5969873048941015e-07
9266,,4.596965055188788e-07
9267,,4.596959146690578e-07
9268,,4.5969552944054464e-07
9269,,4.5969520755299176e-07
9270,,4.596930367112014e-07
9271,,4.5969240744124334e-07
9272,,4.5969201038470314e-07
9273,,4.596916848573552e-07
9274,,4.5968957513774095e-07
9275,,4.5968890248482964e-07
9276,,4.59688492065471e-07
9277,,4.5968816242430724e-07
9278,,4.5968612172709146e-07
9279,,4.5968540007774047e-07
9280,,4.596849745715469e-07
9281,,4.59684640284312e-07
9282,,4.5968267752847346e-07
9283,,4.5968190054699536e-07
9284,,4.5968145799927885e-07
9285,,4.5968111846751637e-07
9286,,4.5967924372322723e-07
9287,,4.5967840425382706e-07
9288,,4.596779424642518e-07
9289,,4.5967759700736317e-07
9290,,4.5967582164884786e-07
9291,,4.5967491161490183e-07
9292,,4.5967442809025227e-07
9293,,4.596740759429808e-07
9294,,4.596724128179639e-07
9295,,4.5967142309095033e-07
9296,,4.596709150251836e-07
9297,,4.596705553215549e-07
9298,,4.5966901893269145e-07
9299,,4.596679392099486e-07
9300,,4.5966740342648717e-07
9301,,4.596670351872389e-07
9302,,4.5966671855593016e-07
9303,,4.596644605637099e-07
9304,,4.5966389347771956e-07
9305,,4.5966351559807214e-07
9306,,4.596631960024789e-07
9307,,4.596609878227135e-07
9308,,4.5966038538458355e-07
9309,,4.5965999662285124e-07
9310,,4.5965967367636926e-07
9311,,4.596575217415883e-07
9312,,4.5965687938398035e-07
9313,,4.59656478327329e-07
9314,,4.5965615159782764e-07
9315,,4.5965406317808416e-07
9316,,4.5965337573580463e-07
9317,,4.5965296079493545e-07
9318,,4.596526297924385e-07
9319,,4.596506130933759e-07
9320,,4.5964987473622297e-07
9321,,4.59649444115166e-07
9322,,4.5964910828683237e-07
9323,,4.5964717257618837e-07
9324,,4.5964637672312944e-07
9325,,4.5964592839516455e-07
9326,,4.596455871145109e-07
9327,,4.596437428613529e-07
9328,,4.5964288207340496e-07
9329,,4.5964241374964287e-07
9330,,4.596420663119472e-07
9331,,4.5964032533343766e-07
9332,,4.596393912169987e-07
9333,,4.596389003082467e-07
9334,,4.596385459162951e-07
9335,,4.596369215613901e-07
9336,,4.59635904634557e-07
9337,,4.596353882234611e-07
9338,,4.5963502597860534e-07
9339,,4.596347112236536e-07
9340,,4.596324228766735e-07
9341,,4.5963187766069663e-07
9342,,4.5963150654770093e-07
9343,,4.596311890650734e-07
9344,,4.596289465537664e-07
9345,,4.596283688096141e-07
9346,,4.5962798768184564e-07
9347,,4.596276671177289e-07
9348,,4.596254763660206e-07
9349,,4.596248618879405e-07
9350,,4.596244694476014e-07
9351,,4.5962414540247457e-07
9352,,4.5962201309770777e-07
9353,,4.596213571345073e-07
9354,,4.596209519201557e-07
9355,,4.596206239425767e-07
9356,,4.5961855763467283e-07
9357,,4.5961785482547064e-07
9358,,4.596174351827774e-07
9359,,4.5961710276307483e-07
9360,,4.5961511098429017e-07
9361,,4.5961435526652844e-07
9362,,4.596139193304498e-07
9363,,4.596135818951399e-07
9364,,4.5961167427404974e-07
9365,,4.5961085880752803e-07
9366,,4.596104044723349e-07
9367,,4.5961006137074275e-07
9368,,4.5960824878521587e-07
9369,,4.596073658419937e-07
9370,,4.5960689072599603e-07
9371,,4.5960654122810684e-07
9372,,4.5960483595681115e-07
9373,,4.596038768161105e-07
9374,,4.596033782329976e-07
9375,,4.5960302150898677e-07
9376,,4.5960143742451765e-07
9377,,4.596003922320961e-07
9378,,4.5959986714381397e-07
9379,,4.59599502259927e-07
9380,,4.595991867244285e-07
9381,,4.595969126540131e-07
9382,,4.595963576355857e-07
9383,,4.595959835370133e-07
9384,,4.5959566516397955e-07
9385,,4.595934387261285e-07
9386,,4.5959284990627953e-07
9387,,4.595924653976452e-07
9388,,4.595921438229871e-07
9389,,4.595899711681207e-07
9390,,4.5958934417517494e-07
9391,,7.680792406631071
9392,,106533.81760836403
9393,,7.600093393624537
9394,,820.3024999754042
9395,,7.4952374752077855
9396,,2.227472381723526
9397,,1.840808450464606
9398,,1.4288333374189899
9399,,4.462479716814191
9400,,1.4232349619913673
9401,,1.3760459715534223
9402,,1.2594016969766553
9403,,0.9911472059207338
9404,,0.5963395242956443
9405,,12.837228905655522
9406,,0.576425806891547
9407,,0.48800310353990844
9408,,0.4385032148767387
9409,,2.3800452462645016
9410,,0.4247016657465488
9411,,0.3905912125711143
9412,,0.36971025573002353
9413,,0.36828955066133456
9414,,0.3681815715130729
9415,,0.3681732986262474
9416,,0.3681726644062261
9417,,0.36817261578306526
9418,,0.3681726120553048
9419,,0.3681726117695114
9420,,0.368172611747599
9421,,0.36817261174592036
9422,,0.3681726117457941
9423,,0.36817261174578547
9424,,0.36817261174578503
9425,,0.368172611745785
9426,,0.2920072573020567
9427,,0.11783006622853255
9428,,0.33966226831325297
9429,,0.11225791934872055
9430,,0.07553557425641909
9431,,0.063011817770765
9432,,1.1945822039901055
9433,,0.06009257828218571
9434,,0.09336792471123406
9435,,0.056304940792248744
9436,,0.05340302193499668
9437,,0.04910827182410755
9438,,0.046278287350350236
9439,,0.04554485662398079
9440,,0.04521037413919451
9441,,0.04501080521740747
9442,,0.04486954965193471
9443,,0.04475581196844473
9444,,0.044653509619505954
9445,,0.04455112939584506
9446,,0.044436080444775115
9447,,0.0442865615741368
9448,,0.044042780728165705
9449,,0.04335412721688788
9450,,0.0395588051749239
9451,,0.034066479714640836
9452,,0.025538348110008133
9453,,0.02405192336018483
9454,,0.019845681222784756
9455,,0.018525092563484055
9456,,0.017286056037192174
9457,,0.016508971171616163
9458,,0.016151134165734448
9459,,0.015610480973169942
9460,,0.014217871020729632
9461,,0.012950369082399063
9462,,0.011927930990860878
9463,,0.01130232958058904
9464,,0.01075509038243356
9465,,0.00964363010988106
9466,,0.008361274432281686
9467,,0.006525052179840332
9468,,0.004868843367296064
9469,,0.004048781602200288
9470,,0.003621687346168788
9471,,0.0034751743698833923
9472,,0.0034171872415042475
9473,,0.0033555519453804398
9474,,0.003288954599398757
9475,,0.003200516193457497
9476,,0.00307705648404876
9477,,0.002907729296252723
9478,,0.0027002631339337366
9479,,0.002490567393517854
9480,,0.002239866527290316
9481,,0.0019260128789393516
9482,,0.0015275660054793953
9483,,0.0011899797303139992
9484,,0.0010238815778388039
9485,,0.0009405475546145905
9486,,0.0008711801004663071
9487,,0.0008004939330169367
9488,,0.0007691078801519738
9489,,0.0007609972469250705
9490,,0.0007571893196535926
9491,,0.0007514234747025225
9492,,0.0007386766424573036
9493,,0.0007133120768370884
9494,,0.0006671269697230418
9495,,0.0005908228092896644
9496,,0.000510448550348181
9497,,0.00046089437882761565
9498,,0.00043571826714020116
9499,,0.0004236191157541564
9500,,0.0004063512506894053
9501,,0.0003714850942196927
9502,,0.00031051299238314494
9503,,0.00023709569399077218
9504,,0.000194933244081487
9505,,0.0001817446848934262
9506,,0.00017800711140075688
9507,,0.00017605322276143995
9508,,0.00017328045358538265
9509,,0.0001696180765678515
9510,,0.00016592440566942881
9511,,0.0001627004665181445
9512,,0.00015896936304553853
9513,,0.00015071497240430598
9514,,0.00013630931847648763
9515,,0.00011202744394476238
9516,,8.342892089121567e-05
9517,,6.485446851497436e-05
9518,,5.887578341876854e-05
9519,,5.725116223296232e-05
9520,,5.646465246933245e-05
9521,,5.5612317066933176e-05
9522,,5.3831138681328005e-05
9523,,5.022105602381446e-05
9524,,4.29545220556967e-05
9525,,3.164472339053849e-05
9526,,2.0139447458286174e-05
9527,,1.4670015753404037e-05
9528,,1.3374580415047512e-05
9529,,1.3055690239260154e-05
9530,,1.3010844056155221e-05
9531,,1.300568815015078e-05
9532,,1.3002513415419455e-05
9533,,1.2995213035857145e-05
9534,,1.297914090784755e-05
9535,,1.2942291566863098e-05
9536,,1.2859352634722682e-05
9537,,1.2669844214032607e-05
9538,,1.2269174724101777e-05
9539,,1.1507617765233933e-05
9540,,1.0445715669380999e-05
9541,,9.472613812953046e-06
9542,,8.787438101616126e-06
9543,,8.383169155377382e-06
9544,,8.350037251654335e-06
9545,,8.346692434221837e-06
9546,,8.3448651560393e-06
9547,,8.339828716776415e-06
9548,,8.326133909467351e-06
9549,,8.293578906288145e-06
9550,,8.219302616956713e-06
9551,,8.053282789361132e-06
9552,,7.701979312391915e-06
9553,,7.040430551694721e-06
9554,,6.053801001939071e-06
9555,,5.3325655002372406e-06
9556,,4.821683502482844e-06
9557,,4.4038675705252114e-06
9558,,4.363459693320446e-06
9559,,4.357382748180584e-06
9560,,4.355720322848141e-06
9561,,4.35366353684991e-06
9562,,4.3485711353026925e-06
9563,,4.338644833788847e-06
9564,,4.3142808465705535e-06
9565,,4.259729642070627e-06
9566,,4.139005222684044e-06
9567,,3.895862901765316e-06
9568,,3.481600288800632e-06
9569,,2.969860330687694e-06
9570,,3.2747368141942684e-06
9571,,2.874353861572262e-06
9572,,2.5791194427576443e-06
9573,,2.441272462382111e-06
9574,,2.418324305794362e-06
9575,,2.4160747067582414e-06
9576,,2.415859637478633e-06
9577,,2.4158061527210246e-06
9578,,2.415771669406257e-06
9579,,2.415517880986716e-06
9580,,2.4146395664672847e-06
9581,,2.4116574484743054e-06
9582,,2.4053485386342957e-06
9583,,2.3908227774417357e-06
9584,,2.3577674989539867e-06
9585,,2.2838880655850987e-06
9586,,2.1262740433078607e-06
9587,,1.8237872757240619e-06
9588,,1.356133572530252e-06
9589,,8.646961613073828e-07
9590,,6.227070723385511e-07
9591,,5.152804553061361e-07
9592,,4.6506498082210744e-07
9593,,4.622134888164346e-07
9594,,4.6202721976185054e-07
9595,,4.619877328678985e-07
9596,,4.619845072621537e-07
9597,,4.6198392016769843e-07
9598,,4.619837439504349e-07
9599,,4.6198367646325164e-07
9600,,4.6198364536700905e-07
9601,,4.619836281171948e-07
9602,,4.6198361657480265e-07
9603,,4.6198360750700774e-07
9604,,4.619835614555213e-07
9605,,4.619835438966627e-07
9606,,4.6198353220810526e-07
9607,,4.61983523070908e-07
9608,,4.6198347757628953e-07
9609,,4.6198345968846426e-07
9610,,4.6198344784412516e-07
9611,,4.6198343863730636e-07
9612,,4.6198339372491693e-07
9613,,4.61983375494198e-07
9614,,4.6198336348695335e-07
9615,,4.6198335420249906e-07
9616,,4.619833099039004e-07
9617,,4.6198329130784596e-07
9618,,4.6198327913438834e-07
9619,,4.619832697748716e-07
9620,,4.61983226110946e-07
9621,,4.619832071366459e-07
9622,,4.6198319478813023e-07
9623,,4.619831853474462e-07
9624,,4.6198314234779747e-07
9625,,4.6198312297624344e-07
9626,,4.6198311044640184e-07
9627,,4.619831009212401e-07
9628,,4.6198305862725007e-07
9629,,4.619830389617199e-07
9630,,4.619830262966591e-07
9631,,4.6198301671073046e-07
9632,,4.6198297491822167e-07
9633,,4.619829548236881e-07
9634,,4.6198294196575244e-07
9635,,4.6198293228988613e-07
9636,,4.6198292404513487e-07
9637,,4.6198287070126053e-07
9638,,4.6198285763950543e-07
9639,,4.61982847871215e-07
9640,,4.6198283958708143e-07
9641,,4.619828082017048e-07
9642,,4.619828003945784e-07
9643,,4.619827690234067e-07
9644,,4.619827614108896e-07
9645,,4.6198270460407465e-07
9646,,4.6198269315210476e-07
9647,,4.619826845593257e-07
9648,,4.619826413557994e-07
9649,,4.6198262031160546e-07
9650,,4.6198260873658117e-07
9651,,4.619826000988564e-07
9652,,4.6198255743033167e-07
9653,,4.6198253603358554e-07
9654,,4.6198252432955083e-07
9655,,4.619825156380207e-07
9656,,4.619824737094936e-07
9657,,4.6198245246029714e-07
9658,,4.619824407928108e-07
9659,,4.619824321114981e-07
9660,,4.6198238985825184e-07
9661,,4.619823682064998e-07
9662,,4.6198235638907985e-07
9663,,4.619823476553938e-07
9664,,4.6198230606205333e-07
9665,,4.619822839660433e-07
9666,,4.619822719942753e-07
9667,,4.6198226320011086e-07
9668,,4.619822223184718e-07
9669,,4.6198219974499623e-07
9670,,4.6198218760097856e-07
9671,,4.6198217874468895e-07
9672,,4.6198213863115414e-07
9673,,4.619821155388944e-07
9674,,4.6198210321570723e-07
9675,,4.6198209429427374e-07
9676,,4.619820550002588e-07
9677,,4.619820313514672e-07
9678,,4.61982018835311e-07
9679,,4.6198200984413445e-07
9680,,4.6198197143234427e-07
9681,,4.619819471813547e-07
9682,,4.619819344624187e-07
9683,,4.619819253964977e-07
9684,,4.6198191757646995e-07
9685,,4.619818630326424e-07
9686,,4.6198185009494175e-07
9687,,4.619818409499507e-07
9688,,4.619818331019704e-07
9689,,4.619817789044886e-07
9690,,4.6198176573376946e-07
9691,,4.6198175650882077e-07
9692,,4.6198174862944495e-07
9693,,4.619816948006596e-07
9694,,4.619816813827663e-07
9695,,4.619816720671334e-07
9696,,4.619816641566688e-07
9697,,4.619816334088646e-07
9698,,4.619816253263256e-07
9699,,4.6198157823823714e-07
9700,,4.6198155949080297e-07
9701,,4.6198154898157276e-07
9702,,4.619815408552528e-07
9703,,4.6198149447014614e-07
9704,,4.6198147521934227e-07
9705,,4.6198146455882816e-07
9706,,4.61981456383385e-07
9707,,4.619814107558024e-07
9708,,4.6198139096583464e-07
9709,,4.619813801402251e-07
9710,,4.619813719132898e-07
9711,,4.6198132710126566e-07
9712,,4.6198130672764597e-07
9713,,4.619812957279077e-07
9714,,4.619812874453255e-07
9715,,4.6198124351016913e-07
9716,,4.6198122250861136e-07
9717,,4.6198121131944043e-07
9718,,4.6198120298153816e-07
9719,,4.619811599856362e-07
9720,,4.6198113830854034e-07
9721,,4.61981126918218e-07
9722,,4.6198111851622094e-07
9723,,4.6198107653423093e-07
9724,,4.6198105413035956e-07
9725,,4.619810425248317e-07
9726,,4.6198103405544445e-07
9727,,4.619809931584885e-07
9728,,4.6198096997378474e-07
9729,,4.6198095813418685e-07
9730,,4.6198094959460354e-07
9731,,4.6198090986517144e-07
9732,,4.6198088584382607e-07
9733,,4.619808737523065e-07
9734,,4.6198086513484534e-07
9735,,4.619808266864097e-07
9736,,4.619808020720882e-07
9737,,4.6198078981138315e-07
9738,,4.619807811417047e-07
9739,,4.619807437390052e-07
9740,,4.619807205471496e-07
9741,,4.61980708715958e-07
9742,,4.619807001881348e-07
9743,,4.619806605151884e-07
9744,,4.619806364303856e-07
9745,,4.6198062433911546e-07
9746,,4.6198061572906955e-07
9747,,4.6198057762933435e-07
9748,,4.6198055461795755e-07
9749,,4.619805428494549e-07
9750,,4.619805343466646e-07
9751,,4.6198049443515736e-07
9752,,4.6198047050870763e-07
9753,,4.619804584717788e-07
9754,,4.6198044988966655e-07
9755,,4.619804113333282e-07
9756,,4.619803864263732e-07
9757,,4.619803741036057e-07
9758,,4.619803654339907e-07
9759,,4.619803283450672e-07
9760,,4.619803029700851e-07
9761,,4.6198029051490763e-07
9762,,4.6198028181071993e-07
9763,,4.619802742275698e-07
9764,,4.619802189332961e-07
9765,,4.619802061579843e-07
9766,,4.619801973573161e-07
9767,,4.619801897445278e-07
9768,,4.619801349279885e-07
9769,,4.619801218116671e-07
9770,,4.619801129090085e-07
9771,,4.619801052651144e-07
9772,,4.6198005096056107e-07
9773,,4.6198003747590984e-07
9774,,4.619800284618245e-07
9775,,4.6198002078817213e-07
9776,,4.6197999042901036e-07
9777,,4.6197998219248855e-07
9778,,4.6197994017908707e-07
9779,,4.619799174983913e-07
9780,,4.6197990603910194e-07
9781,,4.619798977278151e-07
9782,,4.6197985708187306e-07
9783,,4.6197983340167826e-07
9784,,4.6197982165952584e-07
9785,,4.6197981326698904e-07
9786,,4.6197977409123676e-07
9787,,4.6197974933554427e-07
9788,,4.619797372890679e-07
9789,,4.619797288052795e-07
9790,,4.619796923057607e-07
9791,,4.619796720440718e-07
9792,,4.619796612704092e-07
9793,,4.619796531608328e-07
9794,,4.6197960902710603e-07
9795,,4.6197958789305425e-07
9796,,4.619795768743824e-07
9797,,4.6197956869273677e-07
9798,,4.6197952584120254e-07
9799,,4.619795037686714e-07
9800,,4.6197949248558093e-07
9801,,4.619794842284982e-07
9802,,4.6197944275181236e-07
9803,,4.6197941967077235e-07
9804,,4.619794081043888e-07
9805,,4.619793997666487e-07
9806,,4.6197935976719037e-07
9807,,4.619793356052279e-07
9808,,4.6197932373020396e-07
9809,,4.6197931530655315e-07
9810,,4.619792768981384e-07
9811,,4.619792515683188e-07
9812,,4.6197923936641587e-07
9813,,4.619792308484951e-07
9814,,4.619791942631004e-07
9815,,4.6197916972499865e-07
9816,,4.619791577495879e-07
9817,,4.619791492976822e-07
9818,,4.6197911150647167e-07
9819,,4.6197908639256285e-07
9820,,4.6197907425438346e-07
9821,,4.6197906575835395e-07
9822,,4.6197902875866193e-07
9823,,4.619790023906303e-07
9824,,4.6197898989910567e-07
9825,,4.6197898130303543e-07
9826,,4.619789738104164e-07
9827,,4.619789184240151e-07
9828,,4.6197890555412224e-07
9829,,4.6197889685220184e-07
9830,,4.6197888932823004e-07
9831,,4.619788344978366e-07
9832,,4.6197882122102967e-07
9833,,4.619788124020762e-07
9834,,4.61978804847028e-07
9835,,4.619787746017062e-07
9836,,4.6197876634126696e-07
9837,,4.6197872578912204e-07
9838,,4.619787026128717e-07
9839,,4.6197869107147584e-07
9840,,4.6197868276942334e-07
9841,,4.6197864288425555e-07
9842,,4.619786185641919e-07
9843,,4.6197860670225287e-07
9844,,4.619785983102476e-07
9845,,4.6197856009794737e-07
9846,,4.619785345475941e-07
9847,,4.61978522341662e-07
9848,,4.6197851385352155e-07
9849,,4.6197847744159067e-07
9850,,4.619784506434457e-07
9851,,4.6197843809028335e-07
9852,,4.619784295057717e-07
9853,,4.619784220289659e-07
9854,,4.619783666983728e-07
9855,,4.6197835374994473e-07
9856,,4.619783450532259e-07
9857,,4.619783375449736e-07
9858,,4.619782827968356e-07
9859,,4.6197826942081553e-07
9860,,4.619782606044383e-07
9861,,4.6197825306332744e-07
9862,,4.61978198939196e-07
9863,,4.619781851032701e-07
9864,,4.619781761583926e-07
9865,,4.619781685815993e-07
9866,,4.619781151268518e-07
9867,,4.6197810080113795e-07
9868,,4.6197809171893157e-07
9869,,4.619780841026923e-07
9870,,4.6197803136914984e-07
9871,,4.6197801651201147e-07
9872,,4.619780072815137e-07
9873,,4.619779996245145e-07
9874,,4.6197794766634036e-07
9875,,4.619779322387555e-07
9876,,4.6197792284981904e-07
9877,,4.619779151470227e-07
9878,,4.6197786402147207e-07
9879,,4.6197784798210446e-07
9880,,4.6197783842113007e-07
9881,,4.6197783066982384e-07
9882,,4.619777804419019e-07
9883,,4.61977763743179e-07
9884,,4.619777539974124e-07
9885,,4.6197774619763453e-07
9886,,4.6197771682182084e-07
9887,,4.6197770787150876e-07
9888,,4.6197770029660016e-07
9889,,4.6197764691036364e-07
9890,,4.619776325188959e-07
9891,,4.6197762343079854e-07
9892,,4.6197761581808156e-07
9893,,4.619775858921138e-07
9894,,4.6197757739365206e-07
9895,,4.6197756994938257e-07
9896,,4.619775395076409e-07
9897,,4.6197753142816727e-07
9898,,4.619774876081187e-07
9899,,4.6197746616406025e-07
9900,,4.6197745511945647e-07
9901,,4.6197744696286006e-07
9902,,4.6197740457763255e-07
9903,,4.619773820780393e-07
9904,,4.6197737073792933e-07
9905,,4.6197736250003057e-07
9906,,4.6197732165883624e-07
9907,,4.619772980225155e-07
9908,,4.6197728636392846e-07
9909,,4.6197727804172313e-07
9910,,4.6197725038469673e-07
9911,,4.6197724005237083e-07
9912,,4.6197723209404737e-07
9913,,4.6197718597720573e-07
9914,,4.619771662258554e-07
9915,,4.6197715565036144e-07
9916,,4.619771476246714e-07
9917,,4.6197710278220193e-07
9918,,4.619770820915949e-07
9919,,4.61977071256499e-07
9920,,4.6197706315911985e-07
9921,,4.6197701968436074e-07
9922,,4.6197699798769904e-07
9923,,4.619769868688002e-07
9924,,4.619769786929666e-07
9925,,4.6197693669004557e-07
9926,,4.619769139117405e-07
9927,,4.6197690248932055e-07
9928,,4.619768942314815e-07
9929,,4.6197685380963457e-07
9930,,4.6197682986533764e-07
9931,,4.6197681812152986e-07
9932,,4.61976809772706e-07
9933,,4.619767710493844e-07
9934,,4.619767458537778e-07
9935,,4.6197673376093773e-07
9936,,4.619767253141812e-07
9937,,4.61976688423871e-07
9938,,4.6197666188229204e-07
9939,,4.6197664941305115e-07
9940,,4.6197664085925796e-07
9941,,4.6197663339811165e-07
9942,,4.619766030070069e-07
9943,,4.61976594890074e-07
9944,,4.619765518038284e-07
9945,,4.6197652982307506e-07
9946,,4.6197651862503274e-07
9947,,4.61976510425827e-07
9948,,4.6197646884717997e-07
9949,,4.6197644575556057e-07
9950,,4.619764342485051e-07
9951,,4.6197642596509284e-07
9952,,4.619763860057763e-07
9953,,4.6197636172428775e-07
9954,,4.6197634988254126e-07
9955,,4.619763415051873e-07
9956,,4.6197630329145514e-07
9957,,4.619762777246799e-07
9958,,4.6197626552789906e-07
9959,,4.6197625705001765e-07
9960,,4.619762207876841e-07
9961,,4.619761956767441e-07
9962,,4.619761836048696e-07
9963,,4.619761751623601e-07
9964,,4.6197613817723744e-07
9965,,4.6197611207071994e-07
9966,,4.619760997199168e-07
9967,,4.619760912008663e-07
9968,,4.619760837475926e-07
9969,,4.6197602812457594e-07
9970,,4.6197601538020176e-07
9971,,4.619760067482064e-07
9972,,4.6197599926496986e-07
9973,,4.619759689451815e-07
9974,,4.6197596077013386e-07
9975,,4.6197591871407517e-07
9976,,4.6197589597859394e-07
9977,,4.6197588456592676e-07
9978,,4.619758763085857e-07
9979,,4.619758358437657e-07
9980,,4.6197581193690834e-07
9981,,4.6197580019872364e-07
9982,,4.6197579184960945e-07
9983,,4.619757530984537e-07
9984,,4.619757279289542e-07
9985,,4.619757158393304e-07
9986,,4.6197570739276246e-07
9987,,4.619756704822156e-07
9988,,4.6197564395896415e-07
9989,,4.619756314910635e-07
9990,,4.6197562293894795e-07
9991,,4.619756154761697e-07
9992,,4.619755600269162e-07
9993,,4.6197554715278304e-07
9994,,4.6197553848699516e-07
9995,,4.619755309941571e-07
9996,,4.619755007014516e-07
9997,,4.6197549250530843e-07
9998,,4.6197546444273345e-07
9999,,4.6197545443862244e-07
10000,,4.619754465717348e-07
10001,,4.6197539873026897e-07
10002,,4.6197538025776116e-07
10003,,4.6197537002872177e-07
10004,,4.6197536210125566e-07
10005,,4.619753154213169e-07
10006,,4.619752960928786e-07
10007,,4.6197528562729466e-07
10008,,4.619752776332669e-07
10009,,4.619752322009944e-07
10010,,4.6197521195226626e-07
10011,,4.619752012324308e-07
10012,,4.619751931658359e-07
10013,,4.6197514907927285e-07
10014,,4.619751278411034e-07
10015,,4.619751168441316e-07
10016,,4.619751087018399e-07
10017,,4.619750660602664e-07
10018,,4.6197504375603596e-07
10019,,4.6197503246369065e-07
10020,,4.619750242394508e-07
10021,,4.619749831524259e-07
10022,,4.619749597048277e-07
10023,,4.61974948092325e-07
10024,,4.6197493977744376e-07
10025,,4.619749003625432e-07
10026,,4.6197487568553235e-07
10027,,4.6197486373109236e-07
10028,,4.619748553212183e-07
10029,,4.6197481770233405e-07
10030,,4.619747917014885e-07
10031,,4.619747793794775e-07
10032,,4.619747708666808e-07
10033,,4.6197476341665547e-07
10034,,4.6197473298984997e-07
10035,,4.6197472490085245e-07
10036,,4.619746812568306e-07
10037,,4.6197465969362243e-07
10038,,4.619746486056555e-07
10039,,4.6197464043604425e-07
10040,,4.619745982742923e-07
10041,,4.619745756173939e-07
10042,,4.619745642258872e-07
10043,,4.619745559745396e-07
10044,,4.619745154040679e-07
10045,,4.619744915780002e-07
10046,,4.619744798598121e-07
10047,,4.619744715149193e-07
10048,,4.6197443265679706e-07
10049,,4.6197440756877733e-07
10050,,4.619743955009277e-07
10051,,4.619743870580312e-07
10052,,4.6197435011971334e-07
10053,,4.619743248661272e-07
10054,,4.6197431274855046e-07
10055,,4.6197430429506207e-07
10056,,4.6197426752318855e-07
10057,,4.619742408990953e-07
10058,,4.61974228402987e-07
10059,,4.6197421984141585e-07
10060,,4.619742123762567e-07
10061,,4.6197415697422076e-07
10062,,4.619741440667441e-07
10063,,4.619741353915293e-07
10064,,4.6197412789368216e-07
10065,,4.619740730912213e-07
10066,,4.6197405974379817e-07
10067,,4.619740509448974e-07
10068,,4.6197404341209646e-07
10069,,4.619739892519259e-07
10070,,4.619739754321621e-07
10071,,4.619739665003139e-07
10072,,4.6197395893354504e-07
10073,,4.6197392887654406e-07
10074,,4.619739204895415e-07
10075,,4.6197388244400154e-07
10076,,4.619738567575051e-07
10077,,4.6197384452219266e-07
10078,,4.619738360347819e-07
10079,,4.619738285894897e-07
10080,,4.6197377280669573e-07
10081,,4.619737601791102e-07
10082,,4.6197375158158987e-07
10083,,4.61973744104867e-07
10084,,4.619736888951371e-07
10085,,4.619736758476797e-07
10086,,4.619736671322694e-07
10087,,4.619736596245895e-07
10088,,4.619736050248654e-07
10089,,4.619735915263667e-07
10090,,4.619735826864572e-07
10091,,4.6197357514349733e-07
10092,,4.619735212059008e-07
10093,,4.6197350722088583e-07
10094,,4.6197349824466196e-07
10095,,4.619734906649683e-07
10096,,4.6197346064689865e-07
10097,,4.619734522272853e-07
10098,,4.619734147855141e-07
10099,,4.619733886566531e-07
10100,,4.619733762944044e-07
10101,,4.6197336777302136e-07
10102,,4.6197336031960444e-07
10103,,4.619733299036223e-07
10104,,4.6197332180580164e-07
10105,,4.6197327830000523e-07
10106,,4.619732566362595e-07
10107,,4.619732455183987e-07
10108,,4.6197323734107496e-07
10109,,4.619731953295621e-07
10110,,4.619731725669096e-07
10111,,4.619731611432585e-07
10112,,4.619731528800614e-07
10113,,4.6197311247688713e-07
10114,,4.6197308852686575e-07
10115,,4.6197307677670564e-07
10116,,4.6197306842043604e-07
10117,,4.6197303019537337e-07
10118,,4.619730073139036e-07
10119,,4.619729958593197e-07
10120,,4.619729875864191e-07
10121,,4.6197294735605734e-07
10122,,4.619729232819704e-07
10123,,4.619729114937099e-07
10124,,4.619729031301024e-07
10125,,4.619728646377669e-07
10126,,4.6197283928346485e-07
10127,,4.6197282713638674e-07
10128,,4.6197281867368046e-07
10129,,4.6197278205541076e-07
10130,,4.6197275532257216e-07
10131,,4.6197274279178066e-07
10132,,4.6197273422229646e-07
10133,,4.6197272675483594e-07
10134,,4.61972671399187e-07
10135,,4.6197265845746016e-07
10136,,4.6197264977399994e-07
10137,,4.6197264227245636e-07
10138,,4.6197258752292756e-07
10139,,4.619725741352552e-07
10140,,4.619725653246352e-07
10141,,4.619725577918263e-07
10142,,4.6197252762761775e-07
10143,,4.6197251932563385e-07
10144,,4.6197247965209355e-07
10145,,4.619724551653777e-07
10146,,4.619724432637748e-07
10147,,4.6197243486920746e-07
10148,,4.6197239697840184e-07
10149,,4.619723711815945e-07
10150,,4.6197235891355095e-07
10151,,4.619723504140165e-07
10152,,4.6197234296714013e-07
10153,,4.6197228723371014e-07
10154,,4.619722745718036e-07
10155,,4.619722659629348e-07
10156,,4.619722584855831e-07
10157,,4.619722033243276e-07
10158,,4.6197219023925087e-07
10159,,4.61972181514504e-07
10160,,4.619721740050904e-07
10161,,4.6197214376524466e-07
10162,,4.619721355249629e-07
10163,,4.619720947230724e-07
10164,,4.619720710694566e-07
10165,,4.6197205939696597e-07
10166,,4.619720510652503e-07
10167,,4.619720119623476e-07
10168,,4.619719870588925e-07
10169,,4.6197197503711377e-07
10170,,4.619719666107155e-07
10171,,4.619719293357666e-07
10172,,4.619719030830447e-07
10173,,4.6197189068907176e-07
10174,,4.6197188215501423e-07
10175,,4.6197187469925494e-07
10176,,4.6197184429164156e-07
10177,,4.619718361869371e-07
10178,,4.619717928081843e-07
10179,,4.6197177105105223e-07
10180,,4.61971759908208e-07
10181,,4.619717517249528e-07
10182,,4.6197170985119856e-07
10183,,4.6197168698549205e-07
10184,,4.619716755337195e-07
10185,,4.6197166726356326e-07
10186,,4.6197162701116037e-07
10187,,4.6197160295330873e-07
10188,,4.6197159116857486e-07
10189,,4.6197158280597834e-07
10190,,4.6197154429234235e-07
10191,,4.619715189545134e-07
10192,,4.619715068114085e-07
10193,,4.619714983508892e-07
10194,,26.827006018790804
10195,,76910.30626071274
10196,,26.656783176279966
10197,,492.8763199196272
10198,,26.37775325456622
10199,,7.525896674344061
10200,,7.437936807084782
10201,,2.9803401524069084
10202,,7.300618985767507
10203,,2.9435905999450322
10204,,2.5030084620987396
10205,,2.4880647362480666
10206,,171.72551688806632
10207,,2.47371801594394
10208,,2.596448705297243
10209,,2.3226857291003333
10210,,2.212944688709197
10211,,2.1916592899471214
10212,,19.689469562285883
10213,,2.1816416576706765
10214,,2.031532047046204
10215,,1.9693787325150094
10216,,1.96833251354241
10217,,1.9683128568578019
10218,,1.9683124868020232
10219,,1.968312479835101
10220,,1.9683124797039333
10221,,1.968312479701471
10222,,1.9683124797014222
10223,,1.9683124797014218
10224,,1.9683124797014218
10225,,1.9045844754682755
10226,,1.9033823680626356
10227,,1.90335912192964
10228,,1.9033586721854356
10229,,1.9033586634841315
10230,,1.9033586633157848
10231,,1.9033586633125257
10232,,1.9033586633124657
10233,,1.903358663312463
10234,,1.903358663312463
10235,,1.8409956548467787
10236,,1.839786745611926
10237,,1.8397627231302038
10238,,1.8397622455410443
10239,,1.8397622360460424
10240,,1.8397622358572676
10241,,1.8397622358535202
10242,,1.8397622358534413
10243,,1.8397622358534422
10244,,1.778775478375747
10245,,1.7775628191142292
10246,,1.777538096667136
10247,,1.7775375923962362
10248,,1.777537582110371
10249,,1.7775375819005639
10250,,1.7775375818962906
10251,,1.7775375818961971
10252,,1.7775375818961963
10253,,1.7775375818961963
10254,,5189.09457801444
10255,,1.6784177608395678
10256,,39.810491871980446
10257,,1.5509266994558895
10258,,0.5699046579053809
10259,,45.076265623097434
10260,,0.543574621943038
10261,,0.6288420042747197
10262,,0.4830366507850285
10263,,0.5585457860266135
10264,,0.4656198069596642
10265,,0.38003450564922714
10266,,0.3717129671443492
10267,,0.296273261690655
10268,,61.01491968920063
10269,,0.29347476425788843
10270,,0.7568102390143077
10271,,0.2906174493006349
10272,,0.2721359352832086
10273,,0.2649295438072462
10274,,0.2645985142178065
10275,,0.2645829187191718
10276,,0.2645821831142303
10277,,0.264582148415449
10278,,0.26458214677869024
10279,,0.2645821467014884
10280,,0.26458214669784386
10281,,0.26458214669767044
10282,,0.2645821466976606
10283,,0.26458214669766045
10284,,0.26458214669766045
10285,,0.09331080672891423
10286,,0.05284520289531171
10287,,0.048903242187250826
10288,,0.02696566220528497
10289,,0.06211522790190712
10290,,0.02524433833909575
10291,,0.02335375952040881
10292,,0.022265314156096564
10293,,0.019884099082954017
10294,,0.016414470398811894
10295,,0.013889406092916487
10296,,0.01265411905299065
10297,,0.011963029081655028
10298,,0.011081493012528613
10299,,0.010360364645813077
10300,,0.009559269521726248
10301,,0.008618454037183839
10302,,0.007692807605619947
10303,,0.006204797060532111
10304,,0.005142234297900583
10305,,0.004708464706126686
10306,,0.004560251343046117
10307,,0.004359549510634262
10308,,0.004143614511649675
10309,,0.0037281518604212346
10310,,0.0031503860935240234
10311,,0.002613335010406019
10312,,0.0020565661036211547
10313,,0.001941914499376711
10314,,0.0019102689794582132
10315,,0.0018891040074686788
10316,,0.0018456124522770532
10317,,0.001766335419537615
10318,,0.00159541574042635
10319,,0.0012871665274829024
10320,,0.001307610984553962
10321,,0.0011528673540746606
10322,,0.0010402862656632677
10323,,0.0009822911924939398
10324,,0.000952399407186159
10325,,0.0009207278576632726
10326,,0.0008783343943264009
10327,,0.000847341475849759
10328,,0.0008287481975857878
10329,,0.0008168151909561991
10330,,0.0007982938418292802
10331,,0.0007686243665388699
10332,,0.0007156242388952252
10333,,0.0005704947930860422
10334,,0.0004468058975375664
10335,,0.00025599388818146185
10336,,0.00019934270664565047
10337,,0.00018456923277589436
10338,,0.00018214949659010646
10339,,0.00018016270437481793
10340,,0.0001760509214272121
10341,,0.00016846821419175874
10342,,0.00015294246700309482
10343,,0.00012666228828669095
10344,,9.849438508778807e-05
10345,,6.744771340973795e-05
10346,,5.034146754671702e-05
10347,,4.248015797296907e-05
10348,,4.166588173517323e-05
10349,,4.102295059658756e-05
10350,,4.0078114976595144e-05
10351,,3.9507770485497106e-05
10352,,3.869096136193643e-05
10353,,3.778354380685576e-05
10354,,3.7298042820263016e-05
10355,,3.709274979137247e-05
10356,,3.694453926897655e-05
10357,,3.684373761631243e-05
10358,,3.6703019089200426e-05
10359,,3.641971214618594e-05
10360,,3.582780932742278e-05
10361,,3.466200426227278e-05
10362,,3.269813437730702e-05
10363,,3.015106732462722e-05
10364,,2.8034336533633144e-05
10365,,2.6965707465153433e-05
10366,,2.633483742840549e-05
10367,,2.5948785637223303e-05
10368,,2.5246367238781047e-05
10369,,2.3808767920938125e-05
10370,,2.116996006203579e-05
10371,,1.749520660862677e-05
10372,,2.457333263517201e-05
10373,,1.674325076517494e-05
10374,,1.4311762975587487e-05
10375,,1.3235332806566834e-05
10376,,1.3038519347281451e-05
10377,,1.3000579374357458e-05
10378,,1.2966952228501405e-05
10379,,1.2859960995428167e-05
10380,,1.2617638301687562e-05
10381,,1.208047550076339e-05
10382,,1.0983305723706145e-05
10383,,9.076387587454072e-06
10384,,7.052621114991686e-06
10385,,5.278770902600552e-06
10386,,4.044716054285906e-06
10387,,3.831369860057173e-06
10388,,3.8125487735100525e-06
10389,,3.810751115508512e-06
10390,,3.809946598517693e-06
10391,,3.808415175617589e-06
10392,,3.8042525687725555e-06
10393,,3.7950315615204023e-06
10394,,3.773857811013825e-06
10395,,3.7273068763671873e-06
10396,,3.6314281225163837e-06
10397,,3.460817357092168e-06
10398,,3.2309711252055235e-06
10399,,3.7219121793061034e-06
10400,,3.187550795300179e-06
10401,,3.005023879198762e-06
10402,,2.9025082283335183e-06
10403,,2.8732098657447736e-06
10404,,2.855783030667772e-06
10405,,2.820466994617099e-06
10406,,2.7323986252949693e-06
10407,,2.5610306659990083e-06
10408,,2.298979721952447e-06
10409,,2.0322050114572596e-06
10410,,1.8856845445123008e-06
10411,,1.8520389175692284e-06
10412,,1.8399447730394773e-06
10413,,1.8383157188807746e-06
10414,,1.8381617223790865e-06
10415,,1.838077696184568e-06
10416,,1.8380139365362953e-06
10417,,1.8374921226930388e-06
10418,,1.8335253727736575e-06
10419,,1.8234496523174992e-06
10420,,1.8006012727713894e-06
10421,,1.74923267335016e-06
10422,,1.6387447992900405e-06
10423,,1.4166000532274732e-06
10424,,1.0518945361675166e-06
10425,,6.61576165189517e-07
10426,,3.89267832533493e-07
10427,,2.3019846404245313e-07
10428,,1.9715269116944188e-07
10429,,1.880634961849153e-07
10430,,1.8555041789713941e-07
10431,,1.85373096704289e-07
10432,,1.8536256943979916e-07
10433,,1.8536182845956577e-07
10434,,1.85361717490041e-07
10435,,1.8536168346197818e-07
10436,,1.8536166380606602e-07
10437,,1.853616472010353e-07
10438,,1.8536152560056691e-07
10439,,1.8536149396341107e-07
10440,,1.8536147472486037e-07
10441,,1.8536145820580016e-07
10442,,1.8536133452193861e-07
10443,,1.8536130454887473e-07
10444,,1.8536128565804385e-07
10445,,1.8536126921302234e-07
10446,,1.8536114374195563e-07
10447,,1.8536111518987128e-07
10448,,1.8536109660347727e-07
10449,,1.8536108022419873e-07
10450,,1.8536095318483297e-07
10451,,1.8536092587657572e-07
10452,,1.853609075584521e-07
10453,,1.8536082566057335e-07
10454,,1.8536076281738285e-07
10455,,1.853607366039721e-07
10456,,1.8536071852231037e-07
10457,,1.8536063097592015e-07
10458,,1.8536057261518835e-07
10459,,1.8536054736772923e-07
10460,,1.853605294932547e-07
10461,,1.853604369678852e-07
10462,,1.853603825589946e-07
10463,,1.853603581632387e-07
10464,,1.8536034047337837e-07
10465,,1.8536024355083473e-07
10466,,1.8536019263092138e-07
10467,,1.8536016898609007e-07
10468,,1.85360151458055e-07
10469,,1.8536005066007606e-07
10470,,1.8536000281546217e-07
10471,,1.8535997983460903e-07
10472,,1.8535996244841602e-07
10473,,1.8535985823276198e-07
10474,,1.8535981310240678e-07
10475,,1.8535979070531128e-07
10476,,1.8535977344377664e-07
10477,,1.8535966621486197e-07
10478,,1.853596234771524e-07
10479,,1.8535960159390485e-07
10480,,1.8535958444349942e-07
10481,,1.8535947456241147e-07
10482,,1.8535943393229094e-07
10483,,1.8535941250045592e-07
10484,,1.8535939544761844e-07
10485,,1.853592832342949e-07
10486,,1.8535924445688218e-07
10487,,1.853592234242328e-07
10488,,1.8535920645491463e-07
10489,,1.8535909219443027e-07
10490,,1.8535905504660444e-07
10491,,1.8535903436030532e-07
10492,,1.8535901746479852e-07
10493,,1.853589014123495e-07
10494,,1.8535886569092427e-07
10495,,1.8535884530900702e-07
10496,,1.8535882847936154e-07
10497,,1.8535871085730655e-07
10498,,1.853586763860152e-07
10499,,1.8535865626892693e-07
10500,,1.8535863949462264e-07
10501,,1.8535852050822418e-07
10502,,1.853584871255873e-07
10503,,1.853584672392883e-07
10504,,1.853584505133754e-07
10505,,1.8535833034200183e-07
10506,,1.8535829790687871e-07
10507,,1.853582782183449e-07
10508,,1.8535826153453793e-07
10509,,1.8535814033866827e-07
10510,,1.8535810872211206e-07
10511,,1.853580892059669e-07
10512,,1.8535807255717923e-07
10513,,1.8535795048249894e-07
10514,,1.853579195714586e-07
10515,,1.853579002001303e-07
10516,,1.8535788358009727e-07
10517,,1.8535776075637757e-07
10518,,1.853577304493599e-07
10519,,1.853577112011498e-07
10520,,1.853576946048533e-07
10521,,1.853575711506832e-07
10522,,1.8535754135364725e-07
10523,,1.8535752220849067e-07
10524,,1.853575056339378e-07
10525,,1.8535738165109458e-07
10526,,1.853573522817535e-07
10527,,1.853573332213174e-07
10528,,1.853573166628733e-07
10529,,1.8535719224775326e-07
10530,,1.8535716323115997e-07
10531,,1.853571442384306e-07
10532,,1.8535712769292708e-07
10533,,1.8535700293177443e-07
10534,,1.853569741993899e-07
10535,,1.8535695525983117e-07
10536,,1.8535693872367464e-07
10537,,1.853568136935774e-07
10538,,1.8535678518686102e-07
10539,,1.8535676628572098e-07
10540,,1.8535674975651443e-07
10541,,1.8535668177372038e-07
10542,,1.8535666360589585e-07
10543,,1.8535657326239034e-07
10544,,1.8535651819868212e-07
10545,,1.853564927776625e-07
10546,,1.8535647463337792e-07
10547,,1.8535638351315188e-07
10548,,1.85356329099706e-07
10549,,1.85356303791959e-07
10550,,1.8535628566697996e-07
10551,,1.8535619397690832e-07
10552,,1.853561400493842e-07
10553,,1.8535611481711696e-07
10554,,1.8535609670129424e-07
10555,,1.853560046329071e-07
10556,,1.8535595104198016e-07
10557,,1.8535592585269558e-07
10558,,1.8535590773695026e-07
10559,,1.853558154673883e-07
10560,,1.853557620744647e-07
10561,,1.8535573689732903e-07
10562,,1.8535571877749262e-07
10563,,1.8535562646289448e-07
10564,,1.853555731452532e-07
10565,,1.8535554795150054e-07
10566,,1.8535552981834783e-07
10567,,1.8535543760580046e-07
10568,,1.853553842483159e-07
10569,,1.853553590119031e-07
10570,,1.8535534086006666e-07
10571,,1.8535524888678802e-07
10572,,1.853551953843729e-07
10573,,1.8535517007991456e-07
10574,,1.8535515190642375e-07
10575,,1.853550602954492e-07
10576,,1.8535500654838202e-07
10577,,1.8535498115601647e-07
10578,,1.8535496295259726e-07
10579,,1.8535487181921929e-07
10580,,1.8535481773934283e-07
10581,,1.853547922376761e-07
10582,,1.8535477400127866e-07
10583,,1.8535468345300513e-07
10584,,1.8535462895622347e-07
10585,,1.8535460332536327e-07
10586,,1.8535458505029024e-07
10587,,1.8535449518962466e-07
10588,,1.8535444019663485e-07
10589,,1.8535441441894647e-07
10590,,1.8535439610296817e-07
10591,,1.8535430702241848e-07
10592,,1.85354251460061e-07
10593,,1.853542255172359e-07
10594,,1.853542071562492e-07
10595,,1.853541189460719e-07
10596,,1.85354062745498e-07
10597,,1.8535403662294578e-07
10598,,1.8535401820968392e-07
10599,,1.8535393095478442e-07
10600,,1.8535387404904858e-07
10601,,1.8535384773164838e-07
10602,,1.853538292658366e-07
10603,,1.8535374304644975e-07
10604,,1.8535368537482598e-07
10605,,1.8535365884571662e-07
10606,,1.8535364032179697e-07
10607,,1.8535355521795895e-07
10608,,1.8535349671990657e-07
10609,,1.8535346996565704e-07
10610,,1.8535345138226285e-07
10611,,1.8535336746316853e-07
10612,,1.8535330808173247e-07
10613,,1.853532810884316e-07
10614,,1.8535326244098513e-07
10615,,1.85353179783086e-07
10616,,1.8535311946273083e-07
10617,,1.8535309221704832e-07
10618,,1.853530735010145e-07
10619,,1.8535299217254218e-07
10620,,1.853529308603016e-07
10621,,1.85352903349569e-07
10622,,1.853528845642175e-07
10623,,1.8535286803161538e-07
10624,,1.8535274227500007e-07
10625,,1.8535271448614185e-07
10626,,1.8535269562703963e-07
10627,,1.8535267907456733e-07
10628,,1.8535255370755566e-07
10629,,1.853525256273537e-07
10630,,1.8535250669043542e-07
10631,,1.8535249011815753e-07
10632,,1.853523651564307e-07
10633,,1.853523367740803e-07
10634,,1.8535231775726243e-07
10635,,1.8535230116448907e-07
10636,,1.853521766205196e-07
10637,,1.8535214792475474e-07
10638,,1.853521288231341e-07
10639,,1.8535211220924479e-07
10640,,1.8535204436404336e-07
10641,,1.8535202609924896e-07
10642,,1.8535193550740443e-07
10643,,1.8535188121157755e-07
10644,,1.853518554895327e-07
10645,,1.853518371594288e-07
10646,,1.8535174785313049e-07
10647,,1.853516925948051e-07
10648,,1.8535166661723459e-07
10649,,1.8535164822223542e-07
10650,,1.8535156024846494e-07
10651,,1.8535150398910377e-07
10652,,1.853514777492641e-07
10653,,1.8535145928340682e-07
10654,,1.8535137269454637e-07
10655,,1.8535131539564529e-07
10656,,1.853512888844077e-07
10657,,1.8535127034784748e-07
10658,,1.8535118519004572e-07
10659,,1.853511268149502e-07
10660,,1.8535110002276191e-07
10661,,1.8535108141273936e-07
10662,,1.853509977337557e-07
10663,,1.8535093824759145e-07
10664,,1.8535091116292626e-07
10665,,1.853508924781079e-07
10666,,1.8535081033003347e-07
10667,,1.853507496934605e-07
10668,,1.8535072230884185e-07
10669,,1.8535070354520563e-07
10670,,1.8535062297615024e-07
10671,,1.853505611520852e-07
10672,,1.8535053345760638e-07
10673,,1.8535051461242665e-07
10674,,1.85350498061868e-07
10675,,1.8535037262423824e-07
10676,,1.853503446105892e-07
10677,,1.853503256806447e-07
10678,,1.85350309109656e-07
10679,,1.8535024110535555e-07
10680,,1.8535022297099578e-07
10681,,1.853501296456667e-07
10682,,1.8535007743637223e-07
10683,,1.8535005223293145e-07
10684,,1.8535003403303465e-07
10685,,1.8534994200669778e-07
10686,,1.8534988882049312e-07
10687,,1.853498633619753e-07
10688,,1.8534984509614414e-07
10689,,1.8534975440930457e-07
10690,,1.8534970021524558e-07
10691,,1.853496744943763e-07
10692,,1.8534965616002887e-07
10693,,1.8534956685365414e-07
10694,,1.853495116197985e-07
10695,,1.8534948562950976e-07
10696,,1.853494672253957e-07
10697,,1.8534937933917873e-07
10698,,1.853493230378841e-07
10699,,1.853492967686296e-07
10700,,1.8534927828975327e-07
10701,,1.8534919186789445e-07
10702,,1.8534913446394338e-07
10703,,1.853491079095867e-07
10704,,1.853490893577276e-07
10705,,1.853490044402248e-07
10706,,1.853489459041097e-07
10707,,1.8534891905370324e-07
10708,,1.8534890042503873e-07
10709,,1.853488170576629e-07
10710,,1.8534875735610127e-07
10711,,1.8534873020201244e-07
10712,,1.8534871149438506e-07
10713,,1.8534862972272978e-07
10714,,1.8534856881748073e-07
10715,,1.8534854135179216e-07
10716,,1.8534852256335453e-07
10717,,1.8534844243652702e-07
10718,,1.853483809240124e-07
10719,,1.853483532993276e-07
10720,,1.8534833446959993e-07
10721,,1.8534831792247154e-07
10722,,1.853481924057969e-07
10723,,1.853481644549852e-07
10724,,1.8534814554209386e-07
10725,,1.8534812897222755e-07
10726,,1.8534800390016283e-07
10727,,1.8534797561463055e-07
10728,,1.8534795661510045e-07
10729,,1.8534794002238437e-07
10730,,1.853478154087071e-07
10731,,1.8534778677695163e-07
10732,,1.8534776768720236e-07
10733,,1.853477510719987e-07
10734,,1.8534762693047905e-07
10735,,1.853475979441426e-07
10736,,1.8534757876202274e-07
10737,,1.8534756212441207e-07
10738,,1.8534749435547743e-07
10739,,1.853474760296074e-07
10740,,1.8534738651800945e-07
10741,,1.853473314479498e-07
10742,,1.8534730549312e-07
10743,,1.853472870970217e-07
10744,,1.853471990228918e-07
10745,,1.8534714286963267e-07
10746,,1.8534711663489436e-07
10747,,1.8534709816525995e-07
10748,,1.8534701156918416e-07
10749,,1.8534695430290096e-07
10750,,1.8534692777954025e-07
10751,,1.8534690923476038e-07
10752,,1.853468241563077e-07
10753,,1.8534676574727194e-07
10754,,1.853467389258904e-07
10755,,1.8534672030515118e-07
10756,,1.853466367877375e-07
10757,,1.8534657720282895e-07
10758,,1.8534655007640484e-07
10759,,1.8534653137664333e-07
10760,,1.8534644946396668e-07
10761,,1.8534638866920288e-07
10762,,1.8534636122986696e-07
10763,,1.853463424478733e-07
10764,,1.8534626218582942e-07
10765,,1.8534620014998215e-07
10766,,1.8534617238827068e-07
10767,,1.8534615352110697e-07
10768,,1.8534613696412947e-07
10769,,1.8534601164251436e-07
10770,,1.8534598354660107e-07
10771,,1.8534596459508308e-07
10772,,1.8534594801572495e-07
10773,,1.8534582314615433e-07
10774,,1.8534579471108095e-07
10775,,1.8534577566999303e-07
10776,,1.8534575906918578e-07
10777,,1.8534563466306758e-07
10778,,1.8534560587746464e-07
10779,,1.8534558674674242e-07
10780,,1.8534557012188325e-07
10781,,1.853454461949149e-07
10782,,1.8534541704767313e-07
10783,,1.8534539782284153e-07
10784,,1.853453811752434e-07
10785,,1.8534531344531094e-07
10786,,1.8534529508957083e-07
10787,,1.8534520621355212e-07
10788,,1.8534515066618655e-07
10789,,1.85345124588078e-07
10790,,1.8534510615918635e-07
10791,,1.8534501874256568e-07
10792,,1.8534496209646394e-07
10793,,1.853449357326074e-07
10794,,1.853449172309734e-07
10795,,1.8534483131441486e-07
10796,,1.8534477353743973e-07
10797,,1.853447468808751e-07
10798,,1.8534472830217224e-07
10799,,1.853446439284299e-07
10800,,1.8534458499134057e-07
10801,,1.8534455803224068e-07
10802,,1.8534453937442757e-07
10803,,1.8534445658630894e-07
10804,,1.8534439645485643e-07
10805,,1.8534436918567098e-07
10806,,1.85344350448433e-07
10807,,1.8534426928665503e-07
10808,,1.853442079303169e-07
10809,,1.8534418034346274e-07
10810,,1.8534416152366197e-07
10811,,1.85344144979507e-07
10812,,1.8534401941917676e-07
10813,,1.8534399150433045e-07
10814,,1.853439725991121e-07
10815,,1.8534395603285278e-07
10816,,1.8534383091787054e-07
10817,,1.8534380266833802e-07
10818,,1.8534378367520792e-07
10819,,1.8534376708642489e-07
10820,,1.8534364243222603e-07
10821,,1.8534361383567018e-07
10822,,1.8534359475399522e-07
10823,,1.8534357814039322e-07
10824,,1.8534345395870725e-07
10825,,1.853434250064966e-07
10826,,1.85343405831723e-07
10827,,1.8534338919591721e-07
10828,,1.8534326549834464e-07
10829,,1.853432361811874e-07
10830,,1.8534321691223382e-07
10831,,1.8534320025114895e-07
10832,,1.8534307705091672e-07
10833,,1.85343047360106e-07
10834,,1.8534302799351688e-07
10835,,1.8534301130729448e-07
10836,,1.853428886202668e-07
10837,,1.8534285854163912e-07
10838,,1.8534283907623627e-07
10839,,1.8534282236382321e-07
10840,,1.853427002017767e-07
10841,,1.853426697280694e-07
10842,,1.8534265015825296e-07
10843,,1.853426334195609e-07
10844,,1.8534251179907515e-07
10845,,1.8534248091837458e-07
10846,,1.8534246124310817e-07
10847,,1.853424444760223e-07
10848,,1.8534232341149366e-07
10849,,1.8534229211371255e-07
10850,,1.853422723288096e-07
10851,,1.8534225553482319e-07
10852,,1.853421350403991e-07
10853,,1.853421033109133e-07
10854,,1.8534208341589985e-07
10855,,1.8534206659278753e-07
10856,,1.853419466864366e-07
10857,,1.8534191451458686e-07
10858,,1.853418945036361e-07
10859,,1.8534187765104215e-07
10860,,1.8534175834747614e-07
10861,,1.8534172572139875e-07
10862,,1.8534170559422255e-07
10863,,1.853416887102138e-07
10864,,1.853415700260542e-07
10865,,1.8534153693522028e-07
10866,,1.8534151668403836e-07
10867,,1.8534149976900835e-07
10868,,1.8534138172182644e-07
10869,,1.8534134815048897e-07
10870,,1.8534132777617273e-07
10871,,1.8534131082992477e-07
10872,,1.8534119343723997e-07
10873,,1.853411593713758e-07
10874,,1.8534113887049305e-07
10875,,1.8534112189056523e-07
10876,,1.8534100517024924e-07
10877,,1.8534097059928874e-07
10878,,1.8534094996525235e-07
10879,,1.8534093295027553e-07
10880,,1.853408169225034e-07
10881,,1.853407818297086e-07
10882,,1.853407610619342e-07
10883,,1.8534074401285821e-07
10884,,1.853406286935865e-07
10885,,1.853405930683163e-07
10886,,1.8534057216090699e-07
10887,,1.8534055507516607e-07
10888,,1.8534044048596744e-07
10889,,1.853404043097134e-07
10890,,1.8534038325993168e-07
10891,,1.8534036613606925e-07
10892,,1.853402522987852e-07
10893,,1.853402155577578e-07
10894,,1.8534019436057786e-07
10895,,1.8534017720009652e-07
10896,,1.8534006413260487e-07
10897,,1.8534002681174442e-07
10898,,1.8534000546389176e-07
10899,,1.8533998826345012e-07
10900,,1.8533987598916702e-07
10901,,1.8533983807074248e-07
10902,,1.853398165680339e-07
10903,,1.853397993282859e-07
10904,,1.8533968786800211e-07
10905,,1.8533964933615616e-07
10906,,1.8533962767497571e-07
10907,,1.8533961039235165e-07
10908,,1.8533949977036032e-07
10909,,1.8533946060829903e-07
10910,,1.853394387822802e-07
10911,,1.8533942145815417e-07
10912,,1.8533931169417127e-07
10913,,1.8533927188674645e-07
10914,,1.8533924989202566e-07
10915,,1.8533923252395042e-07
10916,,1.8533912364445116e-07
10917,,1.853390831692339e-07
10918,,1.8533906100336367e-07
10919,,1.8533904359112803e-07
10920,,1.853389356194896e-07
10921,,1.853388944601212e-07
10922,,1.8533887211620578e-07
10923,,1.853388546585793e-07
10924,,1.853387476189872e-07
10925,,1.8533870575789613e-07
10926,,1.8533868323266508e-07
10927,,1.8533866572532672e-07
10928,,1.8533855964662083e-07
10929,,1.8533851706301577e-07
10930,,1.853384943497797e-07
10931,,1.8533847679566222e-07
10932,,1.8533837170066768e-07
10933,,1.8533832837512436e-07
10934,,1.853383054676238e-07
10935,,1.8533828786385518e-07
10936,,1.853381837841361e-07
10937,,1.8533813969364146e-07
10938,,1.853381165900235e-07
10939,,1.8533809893490224e-07
10940,,1.8533799589324193e-07
10941,,1.8533795102139216e-07
10942,,1.8533792771273626e-07
10943,,1.8533791000427983e-07
10944,,1.8533780803342575e-07
10945,,1.8533776235520324e-07
10946,,1.853377388396569e-07
10947,,1.8533772107519247e-07
10948,,1.8533762020530216e-07
10949,,1.8533757369801415e-07
10950,,1.8533754996647618e-07
10951,,1.85337532148192e-07
10952,,1.8533743240661572e-07
10953,,1.8533738504919375e-07
10954,,1.853373610978198e-07
10955,,1.8533734322053907e-07
10956,,1.853372446400975e-07
10957,,1.8533719640877512e-07
10958,,1.8533717222973868e-07
10959,,1.853371542944032e-07
10960,,1.8533705690586503e-07
10961,,1.8533700777653232e-07
10962,,1.8533698336376805e-07
10963,,1.8533696536829905e-07
10964,,1.853368692065486e-07
10965,,1.8533681915436076e-07
10966,,1.8533679450207977e-07
10967,,1.8533677644308682e-07
10968,,1.8533668154027925e-07
10969,,1.8533663054041485e-07
10970,,1.8533660564182205e-07
10971,,1.8533658752039669e-07
10972,,1.853364939121395e-07
10973,,1.8533644193515473e-07
10974,,1.8533641678398155e-07
10975,,1.8533639859673074e-07
10976,,1.853363063191532e-07
10977,,1.853362533413137e-07
10978,,1.8533622792789967e-07
10979,,1.853362096728684e-07
10980,,1.8533611876381597e-07
10981,,1.85336064754796e-07
10982,,1.8533603907712737e-07
10983,,1.8533602075188725e-07
10984,,1.8533593124696453e-07
10985,,1.8533587618062757e-07
10986,,1.853358502278595e-07
10987,,1.8533583183143654e-07
10988,,1.8533574376867322e-07
10989,,1.8533568761652692e-07
10990,,1.853356613798894e-07
10991,,1.853356429121863e-07
10992,,1.8533555633350338e-07
10993,,1.8533549906287417e-07
10994,,1.853354725369762e-07
10995,,1.8533545399214802e-07
10996,,1.8533536893977291e-07
10997,,1.8533531052061088e-07
10998,,1.8533528369609822e-07
10999,,1.8533526507535707e-07
11000,,1.853351815879443e-07
11001,,1.853351219886084e-07
11002,,1.8533509485882625e-07
11003,,1.8533507615812125e-07
11004,,1.8533499428147714e-07
11005,,1.8533493346852972e-07
11006,,1.8533490602475384e-07
11007,,1.8533488724173947e-07
11008,,1.853348070215987e-07
11009,,1.8533474523726924e-07
11010,,1.8533471753956474e-07
11011,,1.853346986919205e-07
11012,,1.8533468214066445e-07
11013,,1.8533455673914955e-07
11014,,1.8533452871147064e-07
11015,,1.8533450977684592e-07
11016,,1.8533449320239233e-07
11017,,1.853343682531403e-07
11018,,1.853343398864365e-07
11019,,1.8533432086331317e-07
11020,,1.8533430426782107e-07
11021,,1.853341797820833e-07
11022,,1.853341510649514e-07
11023,,1.8533413195236277e-07
11024,,1.8533411533152706e-07
11025,,1.853339913213909e-07
11026,,1.853339622471492e-07
11027,,1.8533394304028776e-07
11028,,1.8533392639632108e-07
11029,,1.8533380287651094e-07
11030,,1.8533377343146454e-07
11031,,1.8533375413072015e-07
11032,,23.507368247556116
11033,,73840.60842039778
11034,,23.33972649812657
11035,,515.4511047846056
11036,,23.089800349939257
11037,,5.587225875168752
11038,,1300.599034675979
11039,,5.509221872191213
11040,,4.927491014339091
11041,,3.7320305907746394
11042,,1.2912023690236865
11043,,11.796574722763832
11044,,1.281269953171205
11045,,1.2017330078373007
11046,,1.0480040348156936
11047,,1.0435023752284764
11048,,1.04334383282131
11049,,1.0433382148517112
11050,,1.0433380157351257
11051,,1.0433380086778328
11052,,1.043338008427699
11053,,1.0433380084188302
11054,,1.0433380084185142
11055,,1.0433380084184993
11056,,1.0433380084184984
11057,,1.0433380084184984
11058,,0.8979250590307275
11059,,0.6107900199933598
11060,,0.47097716758578595
11061,,0.4685100427535441
11062,,0.46842295788194926
11063,,0.4684198195991443
11064,,0.46841970642061986
11065,,0.46841970233885666
11066,,0.4684197021916456
11067,,0.46841970218634055
11068,,0.46841970218614465
11069,,0.46841970218614004
11070,,0.46841970218613976
11071,,0.46841970218613976
11072,,0.3817534464999854
11073,,0.37914337413797883
11074,,0.37874538236085603
11075,,134.83777514034549
11076,,0.37488533475575453
11077,,0.36436279534626576
11078,,0.34929743484609477
11079,,0.33620023412309813
11080,,0.320557335561514
11081,,0.31994748522641403
11082,,0.3199191426844924
11083,,0.3199178152377685
11084,,0.3199177530431886
11085,,0.31991775012915236
11086,,0.31991774999261535
11087,,0.31991774998622097
11088,,0.3199177499859179
11089,,0.3199177499859046
11090,,0.319917749985904
11091,,0.31991774998590394
11092,,0.31991774998590394
11093,,7.761655326929955
11094,,0.3100327428328136
11095,,0.2678869505423377
11096,,0.25360816165301897
11097,,0.24584604569587173
11098,,0.2144926213811225
11099,,0.2099086592809542
11100,,0.18030443343167601
11101,,0.2873780831445925
11102,,0.1735576418002356
11103,,0.1636878320434896
11104,,0.16620583064744154
11105,,0.14890995507441193
11106,,0.13365570428460288
11107,,0.10364994868159597
11108,,0.07318341288728829
11109,,0.06511967310567925
11110,,0.06279317160079409
11111,,0.11849275799156622
11112,,0.0561580025017445
11113,,0.05172946898737235
11114,,0.03018250183963126
11115,,0.020126774750742968
11116,,0.023853262945684434
11117,,0.015744547288281723
11118,,0.014010482318056522
11119,,0.012333553281737894
11120,,0.01196279304109473
11121,,0.011738893023975768
11122,,0.010174004614805672
11123,,0.008210196703065754
11124,,0.00624596210651687
11125,,0.006463186855378588
11126,,0.0055043131025305945
11127,,0.004890730643685686
11128,,0.00465542899535354
11129,,0.004577422420089578
11130,,0.004467911057141631
11131,,0.004169576485076578
11132,,0.0037440476742022838
11133,,0.0031984913645430827
11134,,0.0027764617062162296
11135,,0.0025811414679803705
11136,,0.002504079905252438
11137,,0.002437777719435408
11138,,0.002329702657359282
11139,,0.0021655335314163322
11140,,0.002041596244897081
11141,,0.001971910551917491
11142,,0.0018982387353921667
11143,,0.0017880180950940146
11144,,0.0015792383795065704
11145,,0.0013682923864741722
11146,,0.0012536064855612802
11147,,0.0011923554795089874
11148,,0.0011611811449952528
11149,,0.0011168406677726087
11150,,0.0010476551874891498
11151,,0.0009619321469961858
11152,,0.0008629119309059887
11153,,0.0007414082045094855
11154,,0.0005643359623568809
11155,,0.00039215700795141895
11156,,0.00028408864696938415
11157,,0.00024525070343656103
11158,,0.0002358914969238173
11159,,0.0002335491729788972
11160,,0.0002318119371554316
11161,,0.00023012487669593366
11162,,0.00022783712713654093
11163,,0.00022516049772320314
11164,,0.00022175140010632745
11165,,0.00021734798466919482
11166,,0.0002129312811907432
11167,,0.00020914247414641858
11168,,0.0002063992051197703
11169,,0.0002037510981221698
11170,,0.0001997576447318283
11171,,0.00019282280578781757
11172,,0.00017816544066184034
11173,,0.0001565954808804664
11174,,0.00013994471450719646
11175,,0.00012448185352635679
11176,,0.00011897073012938124
11177,,0.00011649384457782555
11178,,0.00011547468955563403
11179,,0.00011477032980769548
11180,,0.00011409849664319006
11181,,0.00011298596457282254
11182,,0.00010982919335315848
11183,,0.00010431686761683533
11184,,9.470230298972655e-05
11185,,8.306488816055491e-05
11186,,7.464526447070098e-05
11187,,7.150444232057882e-05
11188,,7.044803372751374e-05
11189,,7.003680656574385e-05
11190,,6.933433569627552e-05
11191,,6.75361709139047e-05
11192,,6.422417156195861e-05
11193,,5.779439703925231e-05
11194,,4.950193474457505e-05
11195,,4.298912905120098e-05
11196,,3.979851060930222e-05
11197,,3.859009797879838e-05
11198,,3.841332381519404e-05
11199,,3.832299341485885e-05
11200,,3.813882689981545e-05
11201,,3.746422784603682e-05
11202,,3.6128535472784816e-05
11203,,3.3163152832721306e-05
11204,,2.7616788269614636e-05
11205,,1.9725303698663794e-05
11206,,1.3926508586733282e-05
11207,,8.303437580932096e-06
11208,,5.4241731413769275e-06
11209,,5.113438348897128e-06
11210,,5.090252244650528e-06
11211,,5.087836085146484e-06
11212,,5.086405608349618e-06
11213,,5.081228967101622e-06
11214,,5.069764075890445e-06
11215,,5.042038128426963e-06
11216,,4.981996023078483e-06
11217,,4.857980222002083e-06
11218,,4.638756026259518e-06
11219,,4.347441413676655e-06
11220,,4.17067450132638e-06
11221,,4.061660897084424e-06
11222,,3.983861044937509e-06
11223,,3.970790729908381e-06
11224,,3.968656442953942e-06
11225,,3.968088180237848e-06
11226,,3.967525127422092e-06
11227,,3.966318497620566e-06
11228,,3.96387589209905e-06
11229,,3.959161147156111e-06
11230,,3.9509304774102545e-06
11231,,3.936900079814598e-06
11232,,3.904616675141265e-06
11233,,3.824061927336324e-06
11234,,3.6700026935665455e-06
11235,,3.3913149876318344e-06
11236,,3.0468611487818704e-06
11237,,2.7873616039624568e-06
11238,,2.684912230611695e-06
11239,,2.661453871331694e-06
11240,,2.658503585104398e-06
11241,,2.6581381448116192e-06
11242,,2.658056832148241e-06
11243,,2.6580215128964106e-06
11244,,2.6578222857473444e-06
11245,,2.6574397852868998e-06
11246,,2.655177857002718e-06
11247,,2.650512097333648e-06
11248,,2.6284497884067866e-06
11249,,2.5907519553694416e-06
11250,,2.281963451862499e-06
11251,,8.845532028862434e-07
11252,,3.453445994741042e-07
11253,,2.471139076469786e-07
11254,,2.3655120510258237e-07
11255,,2.3577005443700622e-07
11256,,2.3572103002188826e-07
11257,,2.3571803327915094e-07
11258,,2.3571770165369262e-07
11259,,2.3571763298409218e-07
11260,,2.3571760655809544e-07
11261,,2.3571758867238236e-07
11262,,2.35717506033147e-07
11263,,2.3571744732259533e-07
11264,,2.357174221188113e-07
11265,,2.3571740438298386e-07
11266,,2.3571731618715603e-07
11267,,2.3571726233511338e-07
11268,,2.3571723778943596e-07
11269,,2.3571722011663805e-07
11270,,2.357171287877105e-07
11271,,2.357170777769564e-07
11272,,2.3571705354782676e-07
11273,,2.3571703587073204e-07
11274,,2.357169430546304e-07
11275,,2.3571689355615503e-07
11276,,2.3571686937820444e-07
11277,,2.3571685164134183e-07
11278,,2.3571675863036646e-07
11279,,2.3571670961867556e-07
11280,,2.3571668527903916e-07
11281,,2.3571666742915652e-07
11282,,2.3571657531024685e-07
11283,,2.357165259391279e-07
11284,,2.3571650124326546e-07
11285,,2.3571648323546166e-07
11286,,2.357163929734995e-07
11287,,2.357163425034838e-07
11288,,2.357163172741516e-07
11289,,2.357162990605899e-07
11290,,2.3571621155973678e-07
11291,,2.3571615931153492e-07
11292,,2.3571613337270813e-07
11293,,2.3571611490509487e-07
11294,,2.3571603105389787e-07
11295,,2.3571597637074752e-07
11296,,2.3571594954331088e-07
11297,,2.3571593077158918e-07
11298,,2.3571591438189272e-07
11299,,2.3571579369242078e-07
11300,,2.3571576579389813e-07
11301,,2.357157466622918e-07
11302,,2.3571573015463726e-07
11303,,2.357156113012351e-07
11304,,2.3571558212847611e-07
11305,,2.3571556258002399e-07
11306,,2.3571554593630086e-07
11307,,2.3571542922242496e-07
11308,,2.3571539856280168e-07
11309,,2.3571537852803246e-07
11310,,2.35715361728216e-07
11311,,2.35715247492585e-07
11312,,2.3571521510467978e-07
11313,,2.3571519451130877e-07
11314,,2.357151775305766e-07
11315,,2.3571506615145936e-07
11316,,2.3571503176859335e-07
11317,,2.3571501053280898e-07
11318,,2.3571499334607973e-07
11319,,2.3571488524686936e-07
11320,,2.357148485695894e-07
11321,,2.3571482659898908e-07
11322,,2.35714809175674e-07
11323,,2.3571470483750094e-07
11324,,2.3571466552971955e-07
11325,,2.357146427148623e-07
11326,,2.3571462501979424e-07
11327,,2.3571452498571748e-07
11328,,2.357144826679655e-07
11329,,2.357144588874276e-07
11330,,2.3571444088405747e-07
11331,,2.3571434577259746e-07
11332,,2.3571430000742037e-07
11333,,2.3571427512441229e-07
11334,,2.3571425677071273e-07
11335,,2.3571416728173122e-07
11336,,2.3571411758102473e-07
11337,,2.3571409143877813e-07
11338,,2.3571407267851223e-07
11339,,2.3571398961483798e-07
11340,,2.3571393541869267e-07
11341,,2.3571390783796522e-07
11342,,2.3571388861720237e-07
11343,,2.3571387203298087e-07
11344,,2.357137535571539e-07
11345,,2.357137243339196e-07
11346,,2.3571370458534704e-07
11347,,2.3571368783121965e-07
11348,,2.3571357204492456e-07
11349,,2.357135409418191e-07
11350,,2.3571352058745197e-07
11351,,2.3571350364121526e-07
11352,,2.357133909267171e-07
11353,,2.357133576774796e-07
11354,,2.357133366361138e-07
11355,,2.3571331946707774e-07
11356,,2.3571321026118074e-07
11357,,2.357131745601965e-07
11358,,2.357131527305451e-07
11359,,2.3571313530666563e-07
11360,,2.3571303011566364e-07
11361,,2.357129916106651e-07
11362,,2.3571296887859157e-07
11363,,2.3571295116365372e-07
11364,,2.357128505636848e-07
11365,,2.3571280885485157e-07
11366,,2.3571278509007364e-07
11367,,2.357127670431095e-07
11368,,2.357126716938192e-07
11369,,2.3571262631958165e-07
11370,,2.357126013747709e-07
11371,,2.3571258294452586e-07
11372,,2.357124936051395e-07
11373,,2.357124440371783e-07
11374,,2.3571241773884041e-07
11375,,2.357123988744302e-07
11376,,2.3571231641347211e-07
11377,,2.3571226204682455e-07
11378,,2.357122342006868e-07
11379,,2.3571221483429145e-07
11380,,2.357121981874451e-07
11381,,2.3571208039019516e-07
11382,,2.3571205077015034e-07
11383,,2.3571203083020345e-07
11384,,2.3571201399671387e-07
11385,,2.3571189911811535e-07
11386,,2.3571186746346766e-07
11387,,2.35711846865836e-07
11388,,2.3571182981850702e-07
11389,,2.3571171828391424e-07
11390,,2.3571168430286736e-07
11391,,2.3571166294870795e-07
11392,,2.357116456564028e-07
11393,,2.3571153795937985e-07
11394,,2.3571150130507245e-07
11395,,2.357114790849218e-07
11396,,2.3571146151226344e-07
11397,,2.3571135821257937e-07
11398,,2.3571131849704915e-07
11399,,2.357112952843753e-07
11400,,2.3571127738874057e-07
11401,,2.35711179136219e-07
11402,,2.3571113590734683e-07
11403,,2.3571111155643422e-07
11404,,2.3571109328818295e-07
11405,,2.3571100082425632e-07
11406,,2.3571095356930712e-07
11407,,2.3571092790799554e-07
11408,,2.3571090921521627e-07
11409,,2.3571082339707526e-07
11410,,2.357107715184176e-07
11411,,2.3571074435426765e-07
11412,,2.35710725172182e-07
11413,,2.3571070857404107e-07
11414,,2.3571058979852642e-07
11415,,2.357105609075042e-07
11416,,2.3571054116407533e-07
11417,,2.357105243830267e-07
11418,,2.3571040845946985e-07
11419,,2.357103775874781e-07
11420,,2.3571035719923388e-07
11421,,2.3571034020767575e-07
11422,,2.3571022755901018e-07
11423,,2.3571019441001244e-07
11424,,2.3571017327863528e-07
11425,,2.3571015604584563e-07
11426,,2.3571004716194142e-07
11427,,2.3571001139825938e-07
11428,,2.357099894126403e-07
11429,,2.3570997190230146e-07
11430,,2.3570986734528303e-07
11431,,2.3570982857495418e-07
11432,,2.3570980561034602e-07
11433,,2.3570978777915983e-07
11434,,2.3570968819432232e-07
11435,,2.3570964597150462e-07
11436,,2.3570962187945436e-07
11437,,2.3570960368001878e-07
11438,,2.35709509814316e-07
11439,,2.3570946361912332e-07
11440,,2.357094382306063e-07
11441,,2.3570941960723611e-07
11442,,2.3570933231773503e-07
11443,,2.357092815549757e-07
11444,,2.3570925467623162e-07
11445,,2.3570923556561227e-07
11446,,2.3570921898458682e-07
11447,,2.3570909982476667e-07
11448,,2.357090712315343e-07
11449,,2.357090515600534e-07
11450,,2.3570903479562183e-07
11451,,2.3570891848075843e-07
11452,,2.357088879122228e-07
11453,,2.3570886759638555e-07
11454,,2.3570885062186414e-07
11455,,2.3570873757558034e-07
11456,,2.357087047396911e-07
11457,,2.3570868367903852e-07
11458,,2.3570866646156097e-07
11459,,2.3570855718076987e-07
11460,,2.357085217330954e-07
11461,,2.357084998175098e-07
11462,,2.357084823202773e-07
11463,,2.3570837736936613e-07
11464,,2.357083389183931e-07
11465,,2.3570831602050274e-07
11466,,2.357082981993999e-07
11467,,2.3570819823524666e-07
11468,,2.35708156325177e-07
11469,,2.3570813229575303e-07
11470,,2.3570811410422605e-07
11471,,2.3570801987666113e-07
11472,,2.3570797398628828e-07
11473,,2.357079486529172e-07
11474,,2.3570793003529832e-07
11475,,2.3570784241470555e-07
11476,,2.357077919408968e-07
11477,,2.357077651092485e-07
11478,,2.357077459974972e-07
11479,,2.3570772941221346e-07
11480,,2.357076102351412e-07
11481,,2.3570758167429233e-07
11482,,2.3570756199748728e-07
11483,,2.3570754522627826e-07
11484,,2.3570742891819274e-07
11485,,2.3570739836760912e-07
11486,,2.357073780384635e-07
11487,,2.357073610551225e-07
11488,,2.3570724805163646e-07
11489,,2.357072152080257e-07
11490,,2.357071941284663e-07
11491,,2.35707176899004e-07
11492,,2.3570706770280217e-07
11493,,2.3570703222072007e-07
11494,,2.3570701027580122e-07
11495,,2.3570699276034088e-07
11496,,2.3570688794945265e-07
11497,,2.3570684942869964e-07
11498,,2.3570682648659238e-07
11499,,2.357068086437091e-07
11500,,2.3570670888357713e-07
11501,,2.357066668609378e-07
11502,,2.357066427711898e-07
11503,,2.3570662455140484e-07
11504,,2.3570653061092608e-07
11505,,2.357064845546532e-07
11506,,2.357064591409821e-07
11507,,2.3570644048788493e-07
11508,,2.3570635324760395e-07
11509,,2.3570630254789857e-07
11510,,2.357062756105835e-07
11511,,2.3570625645882682e-07
11512,,2.357062398563834e-07
11513,,2.3570612088608891e-07
11514,,2.357060921927661e-07
11515,,2.357060724640726e-07
11516,,2.357060556723808e-07
11517,,2.3570593962243266e-07
11518,,2.3570590890618945e-07
11519,,2.3570588851194986e-07
11520,,2.357058715026702e-07
11521,,2.3570575881815588e-07
11522,,2.3570572577065942e-07
11523,,2.3570570461170665e-07
11524,,2.3570568735156347e-07
11525,,2.357055785454665e-07
11526,,2.3570554280895436e-07
11527,,2.3570552076767897e-07
11528,,2.3570550321790042e-07
11529,,2.357053988798876e-07
11530,,2.357053600480083e-07
11531,,2.3570533699002329e-07
11532,,2.3570531910614297e-07
11533,,2.3570521991732938e-07
11534,,2.3570517751817731e-07
11535,,2.3570515328981394e-07
11536,,2.3570513502033066e-07
11537,,2.3570504176322295e-07
11538,,2.3570499525280158e-07
11539,,2.357049696740655e-07
11540,,2.3570495096192347e-07
11541,,2.3570486454673784e-07
11542,,2.3570481329699584e-07
11543,,2.3570478616041353e-07
11544,,2.3570476693812817e-07
11545,,2.3570475031203733e-07
11546,,2.357046316952987e-07
11547,,2.3570460276469755e-07
11548,,2.357045829511418e-07
11549,,2.3570456613245215e-07
11550,,2.357044505003096e-07
11551,,2.3570441950278967e-07
11552,,2.3570439900913747e-07
11553,,2.3570438196656768e-07
11554,,2.3570426977567116e-07
11555,,2.357042363933217e-07
11556,,2.357042151192347e-07
11557,,2.357041978184927e-07
11558,,2.3570408959428026e-07
11559,,2.3570405346591575e-07
11560,,2.3570403128760444e-07
11561,,2.357040136899608e-07
11562,,2.3570391003829896e-07
11563,,2.3570387074201493e-07
11564,,2.3570384752226077e-07
11565,,2.35703829583514e-07
11566,,2.3570373120160558e-07
11567,,2.3570368825623653e-07
11568,,2.3570366383635088e-07
11569,,2.3570364550266798e-07
11570,,2.3570355319738332e-07
11571,,2.357035060417669e-07
11572,,2.357034802403521e-07
11573,,2.357034614520015e-07
11574,,2.3570337614992982e-07
11575,,2.357033241433139e-07
11576,,2.3570329674899562e-07
11577,,2.3570327743616974e-07
11578,,2.357032607787086e-07
11579,,2.3570314260974777e-07
11580,,2.3570311337479142e-07
11581,,2.3570309345836425e-07
11582,,2.3570307660399817e-07
11583,,2.3570296149259497e-07
11584,,2.3570293013906525e-07
11585,,2.3570290952572385e-07
11586,,2.3570289244286253e-07
11587,,2.3570278086084173e-07
11588,,2.3570274706301704e-07
11589,,2.3570272564642112e-07
11590,,2.3570270829870196e-07
11591,,2.3570260078430318e-07
11592,,2.3570256416907295e-07
11593,,2.357025418265884e-07
11594,,2.3570252417611832e-07
11595,,2.3570242134980536e-07
11596,,2.3570238148723287e-07
11597,,2.3570235807782195e-07
11598,,2.3570234007392852e-07
11599,,2.357022426558089e-07
11600,,2.3570219904889557e-07
11601,,2.3570217440871401e-07
11602,,2.357021559993281e-07
11603,,2.3570206481582256e-07
11604,,2.3570201689216141e-07
11605,,2.3570199083001798e-07
11606,,2.357019719566396e-07
11607,,2.3570188796145258e-07
11608,,2.357018350596857e-07
11609,,2.3570180735972107e-07
11610,,2.3570178794823657e-07
11611,,2.357017712573403e-07
11612,,2.3570165359848462e-07
11613,,2.3570162401437668e-07
11614,,2.3570160397920385e-07
11615,,2.3570158708601544e-07
11616,,2.3570147256808493e-07
11617,,2.357014408080714e-07
11618,,2.3570142005797302e-07
11619,,2.3570140292763467e-07
11620,,2.3570129203440804e-07
11621,,2.3570125776439502e-07
11622,,2.357012361900323e-07
11623,,2.3570121879020085e-07
11624,,2.357011120732924e-07
11625,,2.3570107491121264e-07
11626,,2.3570105238574873e-07
11627,,2.3570103467219663e-07
11628,,2.3570093277240304e-07
11629,,2.3570089227316797e-07
11630,,2.3570086865031118e-07
11631,,2.3570085057604997e-07
11632,,2.3570075423198833e-07
11633,,2.3570070988639965e-07
11634,,2.3570068499968149e-07
11635,,2.3570066650886553e-07
11636,,2.357005765713591e-07
11637,,2.3570052778803817e-07
11638,,2.3570050144287403e-07
11639,,2.3570048247333268e-07
11640,,2.357003999177017e-07
11641,,2.357003460249666e-07
11642,,2.3570031799642972e-07
11643,,2.3570029847219876e-07
11644,,2.357002817470327e-07
11645,,2.3570016464282893e-07
11646,,2.357001346759401e-07
11647,,2.35700114514025e-07
11648,,2.3570009757801084e-07
11649,,2.3569998370546086e-07
11650,,2.356999515000943e-07
11651,,2.356999306047776e-07
11652,,2.356999134266095e-07
11653,,2.3569980327709304e-07
11654,,2.35699768493487e-07
11655,,2.3569974674812394e-07
11656,,2.35699729291669e-07
11657,,2.3569962343780519e-07
11658,,2.3569958568136238e-07
11659,,2.356995629579227e-07
11660,,2.356995451799711e-07
11661,,2.356994442760158e-07
11662,,2.3569940308986305e-07
11663,,2.356993792408062e-07
11664,,2.3569936109173143e-07
11665,,2.356992659002045e-07
11666,,2.3569922075901437e-07
11667,,2.3569919560691628e-07
11668,,2.3569917703018064e-07
11669,,2.3569908842485497e-07
11670,,2.356990387241813e-07
11671,,2.3569901207400018e-07
11672,,2.356989930019105e-07
11673,,2.3569897642482508e-07
11674,,2.3569885703183696e-07
11675,,2.3569882865141237e-07
11676,,2.3569880901201582e-07
11677,,2.356987922474445e-07
11678,,2.3569867573342313e-07
11679,,2.3569864535954755e-07
11680,,2.3569862506364602e-07
11681,,2.356986080824433e-07
11682,,2.3569849489175122e-07
11683,,2.3569846221646192e-07
11684,,2.3569844116486928e-07
11685,,2.356984239342192e-07
11686,,2.3569831457399119e-07
11687,,2.3569827924702345e-07
11688,,2.3569825732242841e-07
11689,,2.3569823980654325e-07
11690,,2.3569813486346288e-07
11691,,2.3569809647807347e-07
11692,,2.356980735456476e-07
11693,,2.3569805569934204e-07
11694,,2.3569795585059741e-07
11695,,2.3569791393666671e-07
11696,,2.3569788984541725e-07
11697,,2.3569787161775291e-07
11698,,2.3569777764235253e-07
11699,,2.3569773166257146e-07
11700,,2.3569770623268463e-07
11701,,2.3569768756471178e-07
11702,,2.356976003632798e-07
11703,,2.3569754969117005e-07
11704,,2.3569752271935023e-07
11705,,2.3569750354331326e-07
11706,,2.3569748693126033e-07
11707,,2.3569736807490496e-07
11708,,2.356973393237165e-07
11709,,2.3569731956110757e-07
11710,,2.3569730275609274e-07
11711,,2.356971868642465e-07
11712,,2.3569715606130346e-07
11713,,2.3569713562496225e-07
11714,,2.3569711859737634e-07
11715,,2.3569700612109704e-07
11716,,2.3569697295181084e-07
11717,,2.3569695173644208e-07
11718,,2.3569693445469355e-07
11719,,2.3569682592048558e-07
11720,,2.3569679002043552e-07
11721,,2.3569676790897977e-07
11722,,2.356967503306881e-07
11723,,2.3569664634032684e-07
11724,,2.356966072950903e-07
11725,,2.356965841469138e-07
11726,,2.3569656623005037e-07
11727,,2.3569646748106886e-07
11728,,2.3569642480770965e-07
11729,,2.3569640046537434e-07
11730,,2.3569638215366666e-07
11731,,2.356962894492022e-07
11732,,2.3569624259053758e-07
11733,,2.3569621687173419e-07
11734,,2.3569619810848266e-07
11735,,2.356961123733924e-07
11736,,2.3569606068848532e-07
11737,,2.3569603338194125e-07
11738,,2.3569601409648125e-07
11739,,2.35695997446871e-07
11740,,2.3569587914849084e-07
11741,,2.356958500116838e-07
11742,,2.356958301226709e-07
11743,,2.3569581327751664e-07
11744,,2.3569574740457375e-07
11745,,2.356957293404942e-07
11746,,2.3569563282557875e-07
11747,,2.356955886066619e-07
11748,,2.3569556375397671e-07
11749,,2.356955452771613e-07
11750,,2.356954551477866e-07
11751,,2.3569540650614982e-07
11752,,2.356953802015327e-07
11753,,2.3569536124415008e-07
11754,,2.3569527848196198e-07
11755,,2.3569522473948667e-07
11756,,2.3569519675619138e-07
11757,,2.3569517724766103e-07
11758,,2.3569516052635593e-07
11759,,2.3569504335452042e-07
11760,,2.3569501343812055e-07
11761,,2.3569499329195018e-07
11762,,2.3569497636194892e-07
11763,,2.356948624137316e-07
11764,,2.3569483026529446e-07
11765,,2.3569480938574798e-07
11766,,2.356947922122339e-07
11767,,2.3569468198052659e-07
11768,,2.3569464725884004e-07
11769,,2.3569462553342716e-07
11770,,2.3569460808280832e-07
11771,,2.3569450213617726e-07
11772,,2.3569446444762653e-07
11773,,2.3569444174504635e-07
11774,,2.3569442397376116e-07
11775,,2.3569432296746912e-07
11776,,2.3569428185845675e-07
11777,,2.3569425803176257e-07
11778,,2.3569423988904905e-07
11779,,2.3569414458332982e-07
11780,,2.356940995267624e-07
11781,,2.356940744017675e-07
11782,,2.3569405583248365e-07
11783,,2.356939670992595e-07
11784,,2.3569391749250152e-07
11785,,2.3569389086987276e-07
11786,,2.356938718074362e-07
11787,,2.3569385523246808e-07
11788,,2.356937357987283e-07
11789,,2.3569370745003815e-07
11790,,2.3569368781925164e-07
11791,,2.3569367105782468e-07
11792,,2.356935544988953e-07
11793,,2.3569352416005864e-07
11794,,2.356935038753558e-07
11795,,2.356934868983382e-07
11796,,2.3569337365520957e-07
11797,,2.356933410204878e-07
11798,,2.3569331998031624e-07
11799,,2.3569330275443586e-07
11800,,2.3569319333553458e-07
11801,,2.356931580527447e-07
11802,,2.3569313614182612e-07
11803,,2.356931186281585e-07
11804,,2.3569301362144733e-07
11805,,2.3569297528458315e-07
11806,,2.3569295236846738e-07
11807,,2.3569293452512249e-07
11808,,2.356928346044138e-07
11809,,2.3569279274499e-07
11810,,2.3569276867187582e-07
11811,,2.356927504496754e-07
11812,,2.356926563912079e-07
11813,,2.3569261047220722e-07
11814,,2.356925850603841e-07
11815,,2.3569256639806722e-07
11816,,2.3569247910552562e-07
11817,,2.3569242850188262e-07
11818,,2.3569240155182565e-07
11819,,2.3569238238210067e-07
11820,,2.3569236577226624e-07
11821,,2.356922468863062e-07
11822,,2.3569221815853287e-07
11823,,2.3569219840254136e-07
11824,,2.3569218160069124e-07
11825,,2.356920656751348e-07
11826,,2.3569203489788977e-07
11827,,2.3569201446908014e-07
11828,,2.3569199744411886e-07
11829,,2.3569188493131783e-07
11830,,2.3569185179274386e-07
11831,,2.3569183058542985e-07
11832,,2.356918133070751e-07
11833,,2.3569170472859111e-07
11834,,2.3569166886452418e-07
11835,,2.356916467623079e-07
11836,,2.3569162918741061e-07
11837,,2.3569152514845786e-07
11838,,2.3569148614027464e-07
11839,,2.3569146300511703e-07
11840,,2.3569144508952613e-07
11841,,2.3569134628638758e-07
11842,,2.356913036541405e-07
11843,,2.356912793245636e-07
11844,,2.3569126101825418e-07
11845,,2.356911682510054e-07
11846,,2.356911214384236e-07
11847,,2.3569109573456242e-07
11848,,2.3569107697552501e-07
11849,,2.3569099117150526e-07
11850,,2.356909395372993e-07
11851,,2.3569091224915878e-07
11852,,2.356908929678166e-07
11853,,2.3569087632100586e-07
11854,,2.3569075800061228e-07
11855,,2.3569072888229343e-07
11856,,14.058063520450355
11857,,29184.95363546542
11858,,13.968346223121454
11859,,214.18382739033487
11860,,13.839432730551415
11861,,9.262233503056697
11862,,7.337478735779383
11863,,5.282413160502983
11864,,5.265739910653912
11865,,5.265573565618319
11866,,5.26557190220672
11867,,5.265571885572612
11868,,5.265571885406271
11869,,5.265571885404602
11870,,5.265571885404587
11871,,5.265571885404587
11872,,245.22927435563886
11873,,5.169709927579526
11874,,2.653188209517106
11875,,2.183614725804608
11876,,2.1795622944754216
11877,,2.1795218344909184
11878,,2.179521429897502
11879,,2.17952142585157
11880,,2.179521425811118
11881,,2.179521425810712
11882,,2.179521425810708
11883,,2.179521425810708
11884,,105.03454078048532
11885,,2.15570280003109
11886,,1.3911954557625623
11887,,1.1548095308638686
11888,,1.1527775261039677
11889,,1.1527450402446737
11890,,1.15274451646218
11891,,1.1527445080158747
11892,,1.152744507879673
11893,,1.1527445078774727
11894,,1.152744507877443
11895,,1.1527445078774419
11896,,1.1527445078774419
11897,,499.2724982210524
11898,,1.1431825921071683
11899,,4.52978157992073
11900,,1.1298472075116375
11901,,1.015174188144538
11902,,1.0783142602904034
11903,,0.9943889698645242
11904,,0.917002060803023
11905,,0.8845088313233133
11906,,0.8834311430554809
11907,,0.8833885286623445
11908,,0.8833868323839095
11909,,0.883386764845268
11910,,0.8833867621561413
11911,,0.8833867620490661
11912,,0.8833867620448032
11913,,0.8833867620446354
11914,,0.8833867620446308
11915,,0.8833867620446308
11916,,0.8519557622603963
11917,,0.8505764176156789
11918,,0.8505090551238158
11919,,0.8505057486018266
11920,,0.8505055862590678
11921,,0.8505055782883069
11922,,0.8505055778969599
11923,,0.8505055778777407
11924,,0.8505055778767995
11925,,0.8505055778767505
11926,,0.8505055778767492
11927,,0.8505055778767492
11928,,0.8176448457205759
11929,,0.8158963156806844
11930,,0.815796599478426
11931,,0.8157908906293005
11932,,0.8157905637193992
11933,,0.8157905449990817
11934,,0.8157905439270758
11935,,0.815790543865685
11936,,0.8157905438621714
11937,,0.81579054386197
11938,,0.8157905438619568
11939,,0.8157905438619534
11940,,0.8157905438619533
11941,,0.8157905438619533
11942,,0.7818118749439296
11943,,0.779769924211218
11944,,0.7796400735129664
11945,,0.7796317868420398
11946,,0.7796312578929637
11947,,0.7796312241289612
11948,,0.779631221973731
11949,,0.7796312218361562
11950,,0.7796312218273745
11951,,0.779631221826815
11952,,0.779631221826779
11953,,0.7796312218267729
11954,,0.7796312218267729
11955,,0.7462613654689475
11956,,0.7572262681396887
11957,,0.3960079060736584
11958,,0.28244550109367816
11959,,7.029987522480334
11960,,0.2735992508123867
11961,,0.2668048966558715
11962,,0.23822187176990745
11963,,0.2273810015310707
11964,,0.2139380316583232
11965,,0.21208921592660607
11966,,0.21127730731406555
11967,,0.21073995662432637
11968,,0.2102849265042076
11969,,0.2098188169145826
11970,,0.209254769705406
11971,,0.20847852580434043
11972,,7.8012980205356035
11973,,0.20547251067209632
11974,,0.20045170903168322
11975,,0.18816243277642344
11976,,0.16493270499478213
11977,,0.14013571237968928
11978,,0.12244892029804687
11979,,0.12106325761391656
11980,,0.3229957240901048
11981,,0.10520802701635258
11982,,0.08246401447852739
11983,,0.07491739688277936
11984,,0.07346943295719921
11985,,0.06351353657004394
11986,,0.08899540944156588
11987,,0.06036696439613444
11988,,0.05781378072848766
11989,,0.05367343591723587
11990,,0.049024402699875604
11991,,0.04427052778995954
11992,,0.03987384413111495
11993,,0.03368293821871967
11994,,0.03055135483533961
11995,,0.027972555775666545
11996,,0.02713013536732904
11997,,0.02435698408234648
11998,,0.021199964160519436
11999,,0.01594487734577066
12000,,0.010761696569776104
12001,,0.008909428973502012
12002,,0.00812592898489705
12003,,0.007508257903264194
12004,,0.00647461005959773
12005,,0.005686312900014665
12006,,0.005012680808382314
12007,,0.004452596115750964
12008,,0.003911756699819315
12009,,0.003126078198480381
12010,,0.002078624996964809
12011,,0.0018517085113373757
12012,,0.0017249697947401828
12013,,0.0017008586792134784
12014,,0.0016922686622536614
12015,,0.0016783688208944368
12016,,0.0016486106169810622
12017,,0.0015938269398967503
12018,,0.0015024581044151923
12019,,0.0013041028832019208
12020,,0.0009852815515600764
12021,,0.0007293997977669014
12022,,0.0005740175603110596
12023,,0.00048357202891179335
12024,,0.00047338077624643575
12025,,0.00046355271482789685
12026,,0.0004396197731321719
12027,,0.0004138969943439652
12028,,0.0003936646103450046
12029,,0.0003777165783752422
12030,,0.0003575838126855665
12031,,0.0003289618924070679
12032,,0.0003053175777244816
12033,,0.0002807283298276585
12034,,0.0002512530650923853
12035,,0.00021626668057410695
12036,,0.00018338758152723847
12037,,0.00016283412324984866
12038,,0.00015465236357507884
12039,,0.00015297948572177018
12040,,0.000152465859671096
12041,,0.00015192390351047544
12042,,0.00015091728257582727
12043,,0.0001484748657478231
12044,,0.00014337749397534864
12045,,0.00013351003165787845
12046,,0.00012036475928997391
12047,,0.00010580828730347765
12048,,9.55752036541111e-05
12049,,9.050987847704119e-05
12050,,8.945956000612333e-05
12051,,8.845554637538212e-05
12052,,8.63218761899392e-05
12053,,8.050477268365649e-05
12054,,7.094635867548495e-05
12055,,5.8673257779718475e-05
12056,,5.023678638053696e-05
12057,,4.7255560926319974e-05
12058,,4.660792581783398e-05
12059,,4.647566765927713e-05
12060,,4.6351803187232635e-05
12061,,4.6053756558496306e-05
12062,,4.5255681050493676e-05
12063,,4.3512515211821325e-05
12064,,3.978403372663872e-05
12065,,3.279760143780638e-05
12066,,2.315217875762931e-05
12067,,1.4167106542854278e-05
12068,,6.286415837546465e-06
12069,,4.644147837721693e-06
12070,,4.445549851210165e-06
12071,,4.429970457430429e-06
12072,,4.428048963219099e-06
12073,,4.426918054999926e-06
12074,,4.4234789228845375e-06
12075,,4.407186613449878e-06
12076,,4.3750556735177195e-06
12077,,4.304998534090164e-06
12078,,4.162248061157682e-06
12079,,3.92625089726931e-06
12080,,3.6300179891150164e-06
12081,,3.4218714216828345e-06
12082,,3.325572222229811e-06
12083,,3.3080345477821447e-06
12084,,3.305419087750437e-06
12085,,3.303464640443954e-06
12086,,3.2950061207321647e-06
12087,,3.278028538811667e-06
12088,,3.2358848021683757e-06
12089,,3.1453770354176036e-06
12090,,2.9529208427307893e-06
12091,,2.5906595653235613e-06
12092,,2.0598850724543858e-06
12093,,1.5642395774022933e-06
12094,,1.2918187017119e-06
12095,,1.1859877330571271e-06
12096,,1.1722067696127604e-06
12097,,1.1710356261617868e-06
12098,,1.1709328549164471e-06
12099,,1.1709147926408672e-06
12100,,1.170909096261375e-06
12101,,1.1709038372109626e-06
12102,,1.1708702928025139e-06
12103,,1.1708565371080775e-06
12104,,1.1708483461469648e-06
12105,,1.170842011141648e-06
12106,,1.1708363720191824e-06
12107,,1.1708309985394629e-06
12108,,1.1708257271008485e-06
12109,,1.1708030523585195e-06
12110,,1.1707830143907637e-06
12111,,1.1707754354211905e-06
12112,,1.1707747793289577e-06
12113,,1.170774401014017e-06
12114,,1.170771702337949e-06
12115,,1.1707707697244391e-06
12116,,1.170770381087372e-06
12117,,1.1707682523984328e-06
12118,,1.17076677392488e-06
12119,,1.170766363250087e-06
12120,,1.1707659958689066e-06
12121,,1.170762802848503e-06
12122,,1.1707420984738996e-06
12123,,1.1707301515285253e-06
12124,,1.1707292103953352e-06
12125,,1.1707287830356736e-06
12126,,1.17072694366714e-06
12127,,1.170725291384603e-06
12128,,1.1707247783063953e-06
12129,,1.1707243772312399e-06
12130,,1.1707216989336332e-06
12131,,1.1707208687216888e-06
12132,,1.170720388899478e-06
12133,,1.1707199899679893e-06
12134,,1.1707172660816502e-06
12135,,1.1707164910129468e-06
12136,,1.1707160080320158e-06
12137,,1.1707156073115462e-06
12138,,1.1707129159846087e-06
12139,,1.1707121221122232e-06
12140,,1.17071162990992e-06
12141,,1.1707112260915521e-06
12142,,1.1707085864721263e-06
12143,,1.1707077578170323e-06
12144,,1.1707072533466453e-06
12145,,1.1707068455589528e-06
12146,,1.1707042712018242e-06
12147,,1.1707033975408011e-06
12148,,1.1707028781099209e-06
12149,,1.170702465559521e-06
12150,,1.1706999696012524e-06
12151,,1.1706990413410774e-06
12152,,1.1706985042058116e-06
12153,,1.1706980860537137e-06
12154,,1.1706956822540183e-06
12155,,1.1706946894767832e-06
12156,,1.1706941317160667e-06
12157,,1.1706937070724465e-06
12158,,1.170691410252756e-06
12159,,1.170690342340477e-06
12160,,1.1706897607603008e-06
12161,,1.170689328649584e-06
12162,,1.1706871551079973e-06
12163,,1.1706860004332069e-06
12164,,1.1706853914959864e-06
12165,,1.1706849508248558e-06
12166,,1.1706829186243155e-06
12167,,1.1706816643271038e-06
12168,,1.1706810240990347e-06
12169,,1.1706805736554464e-06
12170,,1.1706801820151555e-06
12171,,1.1706773347172434e-06
12172,,1.170676658792622e-06
12173,,1.1706761972051622e-06
12174,,1.1706758021035828e-06
12175,,1.1706730123943868e-06
12176,,1.1706722958129893e-06
12177,,1.1706718215519483e-06
12178,,1.1706714225160967e-06
12179,,1.170668698267236e-06
12180,,1.1706679354511136e-06
12181,,1.1706674467845127e-06
12182,,1.17066704326547e-06
12183,,1.170664393380628e-06
12184,,1.1706635780307038e-06
12185,,1.1706630730030375e-06
12186,,1.170662664397231e-06
12187,,1.170660098927932e-06
12188,,1.1706592239187756e-06
12189,,1.170658700319897e-06
12190,,1.1706582859410151e-06
12191,,1.1706558162525612e-06
12192,,1.170654873539381e-06
12193,,1.1706543288655425e-06
12194,,1.1706539079326397e-06
12195,,1.1706515469022153e-06
12196,,1.1706505273673407e-06
12197,,1.170649958786079e-06
12198,,1.1706495304260486e-06
12199,,1.170647292622319e-06
12200,,1.1706461859565865e-06
12201,,1.1706455902639391e-06
12202,,1.1706451534717671e-06
12203,,1.1706430553997977e-06
12204,,1.1706418499158844e-06
12205,,1.1706412234784264e-06
12206,,1.1706407771264642e-06
12207,,1.1706388374907953e-06
12208,,1.1706375199470416e-06
12209,,1.1706368586533798e-06
12210,,1.1706364014556735e-06
12211,,1.1706360077502905e-06
12212,,1.1706331968506502e-06
12213,,1.170632496028899e-06
12214,,1.1706320265459788e-06
12215,,1.1706316290214584e-06
12216,,1.1706288815253073e-06
12217,,1.1706281358945483e-06
12218,,1.170627652477641e-06
12219,,1.1706272506246803e-06
12220,,1.170624574997873e-06
12221,,1.170623778564381e-06
12222,,1.1706232793513272e-06
12223,,1.1706228725898225e-06
12224,,1.1706202784240007e-06
12225,,1.1706194243977582e-06
12226,,1.170618907276037e-06
12227,,1.1706184949499295e-06
12228,,1.1706159931198132e-06
12229,,1.1706150738101754e-06
12230,,1.1706145363822787e-06
12231,,1.1706141177449656e-06
12232,,1.1706117205752076e-06
12233,,1.1706107272614398e-06
12234,,1.170610166815504e-06
12235,,1.1706097410232787e-06
12236,,1.1706074624815664e-06
12237,,1.1706063852729335e-06
12238,,1.170605798736473e-06
12239,,1.1706053648332653e-06
12240,,1.1706032207575006e-06
12241,,1.1706020484456978e-06
12242,,1.1706014323318944e-06
12243,,1.1706009892321494e-06
12244,,1.17059899757687e-06
12245,,1.1705977174597641e-06
12246,,1.1705970678122293e-06
12247,,1.1705966142886416e-06
12248,,1.170596221772871e-06
12249,,1.17059339306972e-06
12250,,1.1705927054125552e-06
12251,,1.170592240070847e-06
12252,,1.1705918438856494e-06
12253,,1.1705890761502588e-06
12254,,1.1705883454084268e-06
12255,,1.1705878666711094e-06
12256,,1.1705874663242088e-06
12257,,1.1705847676912528e-06
12258,,1.1705839881032628e-06
12259,,1.1705834941768149e-06
12260,,1.170583089110155e-06
12261,,1.1705804687939915e-06
12262,,1.1705796338405226e-06
12263,,1.1705791226989863e-06
12264,,1.1705787122831052e-06
12265,,1.1705761807400595e-06
12266,,1.1705752830210006e-06
12267,,1.1705747523564767e-06
12268,,1.1705743358785462e-06
12269,,1.1705719049475169e-06
12270,,1.1705709360865931e-06
12271,,1.1705703832983766e-06
12272,,1.1705699599392992e-06
12273,,1.1705676430507634e-06
12274,,1.1705665935418903e-06
12275,,1.1705660156719012e-06
12276,,1.1705655845167061e-06
12277,,1.1705633968907998e-06
12278,,1.1705622559648252e-06
12279,,1.1705616496607297e-06
12280,,1.1705612096663022e-06
12281,,1.1705591685543665e-06
12282,,1.1705579239965597e-06
12283,,1.170557285462109e-06
12284,,1.170556835448785e-06
12285,,1.1705564440775527e-06
12286,,1.1705535983795924e-06
12287,,1.1705529233054253e-06
12288,,1.1705524619316849e-06
12289,,1.1705520670348412e-06
12290,,1.1705492799446389e-06
12291,,1.1705485634569355e-06
12292,,1.170548089203699e-06
12293,,1.170547690307373e-06
12294,,1.1705449696448009e-06
12295,,1.1705442062062105e-06
12296,,1.1705437173543164e-06
12297,,1.170543313917935e-06
12298,,1.1705406685441517e-06
12299,,1.1705398518857346e-06
12300,,1.1705393464806442e-06
12301,,1.1705389379065524e-06
12302,,1.1705363778651751e-06
12303,,1.1705355008765866e-06
12304,,1.170534976711352e-06
12305,,1.170534562302452e-06
12306,,1.1705320989821044e-06
12307,,1.1705311536042164e-06
12308,,1.170530608171169e-06
12309,,1.1705301871518173e-06
12310,,1.1705278334559116e-06
12311,,1.1705268105549215e-06
12312,,1.170526241014455e-06
12313,,1.1705258125046418e-06
12314,,1.1705235830625605e-06
12315,,1.170522472283826e-06
12316,,1.1705218754123211e-06
12317,,1.1705214384056518e-06
12318,,1.1705193498053198e-06
12319,,1.170518139412933e-06
12320,,1.1705175115607699e-06
12321,,1.1705170649171198e-06
12322,,1.1705151359570483e-06
12323,,1.1705138126483611e-06
12324,,1.170513149675127e-06
12325,,1.170512692113666e-06
12326,,1.17051229845539e-06
12327,,1.1705094927932978e-06
12328,,1.170508790006962e-06
12329,,1.170508320067235e-06
12330,,1.1705079225656164e-06
12331,,1.1705051807569046e-06
12332,,1.1705044328416228e-06
12333,,1.1705039488700805e-06
12334,,1.1705035470073384e-06
12335,,1.1705008775746718e-06
12336,,1.17050007849792e-06
12337,,1.170499578616795e-06
12338,,1.170499171814346e-06
12339,,1.1704965844057188e-06
12340,,1.1704957273402215e-06
12341,,1.170495209426454e-06
12342,,1.1704947970178645e-06
12343,,1.170492302586152e-06
12344,,1.1704913797800371e-06
12345,,1.17049084142417e-06
12346,,1.1704904226586726e-06
12347,,1.1704880336071026e-06
12348,,1.1704870362867791e-06
12349,,1.1704864747528517e-06
12350,,1.1704860487849544e-06
12351,,1.1704837791755624e-06
12352,,1.170482697386009e-06
12353,,1.1704821095806352e-06
12354,,1.1704816754456623e-06
12355,,1.1704795412209958e-06
12356,,1.1704783636763584e-06
12357,,1.1704777460927999e-06
12358,,1.1704773026969354e-06
12359,,1.1704753219311918e-06
12360,,1.1704740358436791e-06
12361,,1.170473384500338e-06
12362,,1.170472930612448e-06
12363,,1.170472538147042e-06
12364,,1.1704697146568388e-06
12365,,1.1704690250444688e-06
12366,,1.1704685592575086e-06
12367,,1.1704681630996876e-06
12368,,1.1704654009917556e-06
12369,,1.1704646679980038e-06
12370,,1.1704641887236632e-06
12371,,1.170463788370804e-06
12372,,1.1704610958339527e-06
12373,,1.170460313667394e-06
12374,,1.1704598191023748e-06
12375,,1.1704594139969897e-06
12376,,1.1704568003149703e-06
12377,,1.170455962404339e-06
12378,,1.1704554505012055e-06
12379,,1.1704550400142746e-06
12380,,1.1704525157030571e-06
12381,,1.1704516146030928e-06
12382,,1.1704510830471066e-06
12383,,1.1704506664502298e-06
12384,,1.170448243439845e-06
12385,,1.170447270710656e-06
12386,,1.1704467168781414e-06
12387,,1.170446293358987e-06
12388,,1.1704439851653229e-06
12389,,1.1704429312387509e-06
12390,,1.1704423521570687e-06
12391,,1.170441920783939e-06
12392,,1.1704397427294146e-06
12393,,1.170438596763872e-06
12394,,1.17043798905186e-06
12395,,1.1704375487860244e-06
12396,,1.1704355182457155e-06
12397,,1.1704342679392921e-06
12398,,1.1704336277820227e-06
12399,,1.1704331774207151e-06
12400,,1.170432786104414e-06
12401,,1.1704299455087457e-06
12402,,1.1704292685625848e-06
12403,,1.1704288067671564e-06
12404,,1.1704284119019076e-06
12405,,1.170425630311541e-06
12406,,1.1704249116657096e-06
12407,,1.1704244369029206e-06
12408,,1.1704240380081493e-06
12409,,1.1704213232949373e-06
12410,,1.17042055738318e-06
12411,,1.170420067919124e-06
12412,,1.1704196644609748e-06
12413,,1.1704170255471385e-06
12414,,1.1704162060494612e-06
12415,,1.1704156999253896e-06
12416,,1.1704152912855398e-06
12417,,1.1704127382822567e-06
12418,,1.1704118580502372e-06
12419,,1.170411333036051e-06
12420,,1.1704109185265225e-06
12421,,1.170408462902129e-06
12422,,1.170407513808662e-06
12423,,1.1704069673869179e-06
12424,,1.170406546223359e-06
12425,,1.1704042009669413e-06
12426,,1.1704031738256503e-06
12427,,1.17040260312845e-06
12428,,1.1704021744194898e-06
12429,,1.170399954262444e-06
12430,,1.1703988386472986e-06
12431,,1.1703982404324269e-06
12432,,1.170397803169951e-06
12433,,1.1703957248129555e-06
12434,,1.1703945089048758e-06
12435,,1.1703938794982857e-06
12436,,1.1703934325387718e-06
12437,,1.1703915149043038e-06
12438,,1.1703901853130095e-06
12439,,1.1703895205448139e-06
12440,,1.1703890625909338e-06
12441,,1.1703886689708084e-06
12442,,1.1703858686728106e-06
12443,,1.1703851638261908e-06
12444,,1.1703846934074407e-06
12445,,1.170384295914626e-06
12446,,1.1703815599102807e-06
12447,,1.1703808096222827e-06
12448,,1.1703803250765724e-06
12449,,1.1703799231969544e-06
12450,,1.1703772600524639e-06
12451,,1.1703764582567715e-06
12452,,1.1703759576993182e-06
12453,,1.170375550839976e-06
12454,,1.1703729702840648e-06
12455,,1.17037211010469e-06
12456,,1.1703715913823236e-06
12457,,1.1703711788849708e-06
12458,,1.1703686919315021e-06
12459,,1.1703677655685676e-06
12460,,1.1703672262659617e-06
12461,,1.1703668073686355e-06
12462,,1.1703644265138315e-06
12463,,1.1703634251253825e-06
12464,,1.1703628624909403e-06
12465,,1.1703624363419734e-06
12466,,1.1703601757392604e-06
12467,,1.1703590893070003e-06
12468,,1.1703585002202225e-06
12469,,1.1703580658501277e-06
12470,,1.1703559415555899e-06
12471,,1.1703547587178325e-06
12472,,1.1703541396482843e-06
12473,,1.1703536959576609e-06
12474,,1.1703517261606386e-06
12475,,1.1703504340427017e-06
12476,,1.1703497809861437e-06
12477,,1.1703493267246744e-06
12478,,1.1703489343044885e-06
12479,,1.1703461160564476e-06
12480,,1.1703454244721934e-06
12481,,1.1703449582311444e-06
12482,,1.1703445620927822e-06
12483,,1.1703418056417689e-06
12484,,1.1703410703804941e-06
12485,,1.1703405905614815e-06
12486,,1.1703401901997722e-06
12487,,1.170337503794886e-06
12488,,1.170336719023337e-06
12489,,1.1703362238057164e-06
12490,,1.1703358186652207e-06
12491,,1.1703332116457493e-06
12492,,1.1703323707542457e-06
12493,,1.1703318580833283e-06
12494,,1.170331447518794e-06
12495,,1.1703289304829745e-06
12496,,1.1703280259674107e-06
12497,,1.1703274935138285e-06
12498,,1.170327076798233e-06
12499,,1.170324661749663e-06
12500,,1.1703236851166238e-06
12501,,1.1703231302374929e-06
12502,,1.1703227065511167e-06
12503,,1.1703204070964915e-06
12504,,1.1703193487188535e-06
12505,,1.170318768412771e-06
12506,,1.170318336825059e-06
12507,,1.1703161683959913e-06
12508,,1.1703150173519369e-06
12509,,1.1703144082218542e-06
12510,,1.17031396767316e-06
12511,,1.1703119477585928e-06
12512,,1.1703106916652575e-06
12513,,1.1703100498705847e-06
12514,,1.1703095991635185e-06
12515,,1.170309207903671e-06
12516,,1.1703063724214875e-06
12517,,1.170305693589497e-06
12518,,1.1703052313660373e-06
12519,,1.1703048365288639e-06
12520,,1.170302060454573e-06
12521,,1.170301339636405e-06
12522,,1.1703008643624774e-06
12523,,1.1703004654712044e-06
12524,,1.1702977567325323e-06
12525,,1.1702969883250262e-06
12526,,1.1702964982520449e-06
12527,,1.170296094758204e-06
12528,,1.170293462331859e-06
12529,,1.1702926399767932e-06
12530,,1.17029213312734e-06
12531,,1.1702917244259694e-06
12532,,1.1702891784937687e-06
12533,,1.1702882949846567e-06
12534,,1.1702877691193552e-06
12535,,1.1702873545045004e-06
12536,,1.1702849066107956e-06
12537,,1.1702839537832674e-06
12538,,1.1702834063590153e-06
12539,,1.1702829850419695e-06
12540,,1.170280648268711e-06
12541,,1.1702796168567766e-06
12542,,1.170279044993278e-06
12543,,1.170278616085395e-06
12544,,1.1702764052623667e-06
12545,,1.170275284774877e-06
12546,,1.1702746852042485e-06
12547,,1.1702742476817452e-06
12548,,1.1702721796231586e-06
12549,,1.170270958161853e-06
12550,,1.1702703271888418e-06
12551,,1.170269879902643e-06
12552,,1.1702694897571056e-06
12553,,1.1702666377392847e-06
12554,,1.1702659711655775e-06
12555,,1.1702655128107989e-06
12556,,1.1702651192264058e-06
12557,,1.170262324320109e-06
12558,,1.1702616173915484e-06
12559,,1.1702611464885554e-06
12560,,1.1702607490085352e-06
12561,,1.170258018822933e-06
12562,,1.1702572661487246e-06
12563,,1.1702567810208345e-06
12564,,1.1702563791223428e-06
12565,,1.170253722296831e-06
12566,,1.1702529177663446e-06
12567,,1.1702524165138756e-06
12568,,1.1702520096047086e-06
12569,,1.1702494359239468e-06
12570,,1.170248572609932e-06
12571,,1.1702480530774999e-06
12572,,1.1702476404860369e-06
12573,,1.1702451610456448e-06
12574,,1.170244231099997e-06
12575,,1.1702436908444886e-06
12576,,1.1702432718117517e-06
12577,,1.170240899193791e-06
12578,,1.1702398937082936e-06
12579,,1.170239329961222e-06
12580,,1.1702389036269423e-06
12581,,1.1702366520782587e-06
12582,,1.1702355609725517e-06
12583,,1.170234970592163e-06
12584,,1.1702345359850363e-06
12585,,1.1702324216680934e-06
12586,,1.170231233497884e-06
12587,,1.170230612934065e-06
12588,,1.1702301689387668e-06
12589,,1.1702282101737966e-06
12590,,1.1702269119800706e-06
12591,,1.1702262571925176e-06
12592,,1.1702258025591623e-06
12593,,1.1702254101866103e-06
12594,,1.1702225971938792e-06
12595,,1.1702219036202792e-06
12596,,1.1702214369239891e-06
12597,,1.1702210408033257e-06
12598,,1.1702182900318894e-06
12599,,1.1702175524856688e-06
12600,,1.170217072115704e-06
12601,,1.170216671745984e-06
12602,,1.1702139914984582e-06
12603,,1.1702132041025997e-06
12604,,1.1702127082300401e-06
12605,,1.170212303046524e-06
12606,,1.1702097027214725e-06
12607,,1.1702088588232199e-06
12608,,1.1702083453800316e-06
12609,,1.170207934738049e-06
12610,,1.170205425006034e-06
12611,,1.1702045170529379e-06
12612,,1.1702039836939173e-06
12613,,1.1702035668600837e-06
12614,,1.1702011598089653e-06
12615,,1.170200179249655e-06
12616,,1.1701996233023874e-06
12617,,1.1701991994492686e-06
12618,,1.1701969087840156e-06
12619,,1.1701958459188928e-06
12620,,1.1701952643793617e-06
12621,,1.1701948325686042e-06
12622,,1.1701926738172771e-06
12623,,1.170191517652744e-06
12624,,1.170190907096594e-06
12625,,1.1701904662640267e-06
12626,,1.1701884570389957e-06
12627,,1.1701871951164391e-06
12628,,1.1701865516671971e-06
12629,,1.1701861006072278e-06
12630,,1.1701857094019391e-06
12631,,1.170182879055551e-06
12632,,1.1701821983163897e-06
12633,,1.1701817356678319e-06
12634,,1.1701813408594455e-06
12635,,1.1701785703248551e-06
12636,,1.1701778473191699e-06
12637,,1.1701773715249953e-06
12638,,1.1701769726321516e-06
12639,,1.1701742698898462e-06
12640,,1.1701734989698293e-06
12641,,1.1701730082751347e-06
12642,,1.1701726047545151e-06
12643,,1.1701699788469978e-06
12644,,1.1701691536092084e-06
12645,,1.170168646028195e-06
12646,,1.1701682372580858e-06
12647,,1.1701656984301044e-06
12648,,1.1701648116262413e-06
12649,,1.1701642848928198e-06
12650,,1.1701638701711837e-06
12651,,1.1701614300524162e-06
12652,,1.1701604734534742e-06
12653,,1.170159925017275e-06
12654,,1.1701595035509998e-06
12655,,1.170157175306246e-06
12656,,1.1701561395897777e-06
12657,,1.1701555665527214e-06
12658,,1.17015513743524e-06
12659,,1.1701529359949e-06
12660,,1.1701518106000154e-06
12661,,1.1701512096675252e-06
12662,,1.1701507718823933e-06
12663,,1.170148714171803e-06
12664,,1.1701474871194588e-06
12665,,1.1701468545655954e-06
12666,,1.1701464069478e-06
12667,,1.1701460168655236e-06
12668,,1.1701431698642356e-06
12669,,1.17014250147124e-06
12670,,1.1701420427157114e-06
12671,,1.1701416491662398e-06
12672,,1.1701388596627201e-06
12673,,1.1701381506382174e-06
12674,,1.1701376792491827e-06
12675,,1.1701372817753365e-06
12676,,1.1701345574373404e-06
12677,,1.1701338023569882e-06
12678,,1.1701333166445052e-06
12679,,1.170132914724731e-06
12680,,1.1701302642445108e-06
12681,,1.1701294569555202e-06
12682,,1.1701289550037974e-06
12683,,1.1701285480392418e-06
12684,,1.1701259812740399e-06
12685,,1.170125114796354e-06
12686,,1.1701245944419347e-06
12687,,1.1701241817629058e-06
12688,,1.1701217098732646e-06
12689,,1.1701207763119004e-06
12690,,1.1701202350940025e-06
12691,,1.170119815923534e-06
12692,,1.1701174515836221e-06
12693,,1.1701164419713078e-06
12694,,1.1701158771001082e-06
12695,,1.1701154505815874e-06
12696,,1.1701132081338489e-06
12697,,1.1701121123143355e-06
12698,,18.626596485688268
12699,,97925.72838941743
12700,,18.480394051606403
12701,,708.7098058280544
12702,,18.274298806914203
12703,,2.7632961659545403
12704,,188.74952417786696
12705,,2.718810290120429
12706,,1.4844040878601619
12707,,1.1667675988236483
12708,,0.9835408315742433
12709,,0.730470419017862
12710,,0.5442485968283789
12711,,0.5421545711438456
12712,,0.5421152626279722
12713,,0.5421145184658454
12714,,0.5421145043756189
12715,,0.5421145041088318
12716,,0.5421145041037785
12717,,0.5421145041036818
12718,,0.5421145041036795
12719,,0.5421145041036795
12720,,0.4115045696108547
12721,,0.4093211406550889
12722,,0.40924981085272577
12723,,0.40924743763439714
12724,,0.40924735862713485
12725,,0.4092473559968373
12726,,0.40924735590927014
12727,,0.40924735590635497
12728,,0.4092473559062584
12729,,0.4092473559062546
12730,,0.4092473559062546
12731,,127.72989864370084
12732,,0.3999549509132549
12733,,1.1008226946745558
12734,,0.385466811862357
12735,,0.344361218510846
12736,,0.2989295961033298
12737,,0.2720094926289268
12738,,1.2715882758983315
12739,,0.26820314123509786
12740,,0.24856211793539681
12741,,0.2143218271493914
12742,,0.18938105161315547
12743,,0.1885063947906225
12744,,0.18842755083173038
12745,,0.18841995096018954
12746,,0.1884192137348762
12747,,0.18841914217639133
12748,,0.18841913523018142
12749,,0.1884191345559045
12750,,0.18841913449045228
12751,,0.18841913448409858
12752,,0.18841913448348185
12753,,0.1884191344834217
12754,,0.1884191344834179
12755,,0.18841913448341707
12756,,0.1884191344834167
12757,,0.1884191344834167
12758,,33.28963577771827
12759,,0.18598490595324924
12760,,0.42350604060000774
12761,,0.18330157832302327
12762,,0.17873993153397838
12763,,0.17497359026922527
12764,,0.16937893213497407
12765,,0.16877203007530692
12766,,0.16867027964112108
12767,,0.16865209931661393
12768,,0.16864881458451286
12769,,0.16864821992537318
12770,,0.16864811223085516
12771,,0.16864809272578132
12772,,0.16864808919308175
12773,,0.16864808855324784
12774,,0.16864808843736181
12775,,0.16864808841637494
12776,,0.1686480884125743
12777,,0.16864808841188242
12778,,0.16864808841176046
12779,,0.16864808841173737
12780,,0.1686480884117329
12781,,0.16864808841173176
12782,,0.16864808841173176
12783,,291.5162940797763
12784,,0.1658671882109768
12785,,2.953639381852786
12786,,0.1637617578763421
12787,,0.1625340854559126
12788,,0.1592293968062865
12789,,0.15727395033828687
12790,,0.1553054817983267
12791,,0.14974253068129054
12792,,0.14864090704955213
12793,,0.14841880841526625
12794,,0.14837387254817808
12795,,0.14836477445413254
12796,,0.14836293211115228
12797,,0.1483625590300468
12798,,0.14836248347932682
12799,,0.14836246817992527
12800,,0.14836246508171666
12801,,0.14836246445431414
12802,,0.14836246432726238
12803,,0.1483624643015344
12804,,0.1483624642963233
12805,,0.1483624642952684
12806,,0.1483624642950537
12807,,0.1483624642950106
12808,,0.14836246429500305
12809,,0.14836246429500138
12810,,0.14836246429500033
12811,,0.14836246429500027
12812,,0.14836246429500027
12813,,0.08433048382372595
12814,,0.044110315718120144
12815,,0.04635839279574246
12816,,0.04022266171799105
12817,,0.0378457731744872
12818,,0.034036801095713054
12819,,0.025675369512403942
12820,,0.02079087567843813
12821,,0.07130647999882042
12822,,0.018746347324750532
12823,,0.01699889567462284
12824,,0.01638058463409952
12825,,0.016013881161390568
12826,,0.01571620957567278
12827,,0.014807554768007953
12828,,0.014086927940896138
12829,,0.013065805623623214
12830,,0.011277473481935264
12831,,0.00880902124698093
12832,,0.006102543548570722
12833,,0.004769965186572827
12834,,0.003824455824169359
12835,,0.002682158727304129
12836,,0.0015156740284977739
12837,,0.0010895497220482604
12838,,0.0009555007222910638
12839,,0.0009041774879668685
12840,,0.0008606374632315643
12841,,0.0007905753367416611
12842,,0.0007094147739274065
12843,,0.0006161331795702109
12844,,0.0005618222934074755
12845,,0.0005365564384679875
12846,,0.0005065601496178458
12847,,0.00045808100958211
12848,,0.0003791367476264485
12849,,0.0002934532593514549
12850,,0.00019130424409909898
12851,,0.00013138066809890764
12852,,0.0001037087104546506
12853,,9.486116711465596e-05
12854,,9.231067578439691e-05
12855,,9.150103508147951e-05
12856,,9.086287502366565e-05
12857,,8.987845954571022e-05
12858,,8.800210975760137e-05
12859,,8.475146643686113e-05
12860,,7.993751482342284e-05
12861,,7.826984997492552e-05
12862,,7.754397605450435e-05
12863,,7.712189456784175e-05
12864,,7.691275130289969e-05
12865,,7.66543800220934e-05
12866,,7.613991780894147e-05
12867,,7.528061344947966e-05
12868,,7.370883766615362e-05
12869,,6.976778480934875e-05
12870,,6.214889146217093e-05
12871,,5.561824801500488e-05
12872,,5.0955680292190686e-05
12873,,4.821952158193969e-05
12874,,4.7683197553387424e-05
12875,,4.7501759015452965e-05
12876,,4.7345997376937646e-05
12877,,4.678536655450567e-05
12878,,4.530727742868884e-05
12879,,4.287979685736501e-05
12880,,3.9426712418372645e-05
12881,,3.604414928735757e-05
12882,,3.413771104497657e-05
12883,,3.3652941157034e-05
12884,,3.3493480116181186e-05
12885,,3.3439964079029814e-05
12886,,3.327636205804326e-05
12887,,3.295997325551224e-05
12888,,3.2245137847516185e-05
12889,,3.093659962019923e-05
12890,,2.899420177055949e-05
12891,,3.9215021538158636e-05
12892,,2.876182099829194e-05
12893,,2.7156388754980266e-05
12894,,2.630599485570937e-05
12895,,2.609038737539992e-05
12896,,2.6039642752850072e-05
12897,,2.5991060072553183e-05
12898,,2.5798009593576997e-05
12899,,2.541804406873386e-05
12900,,2.458219095647223e-05
12901,,2.2909594618453112e-05
12902,,2.014149925892688e-05
12903,,1.681088635505213e-05
12904,,1.4469950498519757e-05
12905,,1.2984825410083285e-05
12906,,1.2794594398377193e-05
12907,,1.2775674916471039e-05
12908,,1.2771388819732333e-05
12909,,1.2759506001086998e-05
12910,,1.2715857751313749e-05
12911,,1.2627269246855302e-05
12912,,1.243827477892086e-05
12913,,1.1984372642510305e-05
12914,,1.1048469702075147e-05
12915,,9.254992834946195e-06
12916,,6.8486476868540256e-06
12917,,4.504664031374694e-06
12918,,3.6321656943466978e-06
12919,,3.4598327090012204e-06
12920,,3.4335843032681113e-06
12921,,3.426050051676296e-06
12922,,3.419457981756071e-06
12923,,3.404343871379584e-06
12924,,3.3649900385257254e-06
12925,,3.279351355627866e-06
12926,,3.113023546514813e-06
12927,,2.864251463870826e-06
12928,,2.6204981178265174e-06
12929,,2.490252319586833e-06
12930,,2.453864249149149e-06
12931,,2.448607230604209e-06
12932,,2.448137353949375e-06
12933,,2.4480934961783055e-06
12934,,2.448080057572224e-06
12935,,2.448068032909044e-06
12936,,2.4479646000596045e-06
12937,,2.4474043959660923e-06
12938,,2.4463841450604184e-06
12939,,2.438069256357123e-06
12940,,2.3801926882963335e-06
12941,,2.2544478259058104e-06
12942,,2.0461613388329584e-06
12943,,1.7453529431490017e-06
12944,,1.4972917479074953e-06
12945,,1.2348591492094509e-06
12946,,1.1961676792129939e-06
12947,,1.1919110893619828e-06
12948,,1.1915961864379064e-06
12949,,1.1915771188610341e-06
12950,,1.1915753827125508e-06
12951,,1.1915743974036325e-06
12952,,1.1915679662465196e-06
12953,,1.1915651448547457e-06
12954,,1.1915640776456049e-06
12955,,1.1915631274246135e-06
12956,,1.1915551047532668e-06
12957,,1.1915537790704665e-06
12958,,1.1915528024207768e-06
12959,,1.1915457417469377e-06
12960,,1.191543555403112e-06
12961,,1.1915424860838684e-06
12962,,1.191541532565797e-06
12963,,1.191533599676369e-06
12964,,1.1915322008274168e-06
12965,,1.191531209502228e-06
12966,,1.1915246080554405e-06
12967,,1.1915220278601803e-06
12968,,1.191520899882453e-06
12969,,1.1915199386850108e-06
12970,,1.19151226181928e-06
12971,,1.191510639041884e-06
12972,,1.1915096190867008e-06
12973,,1.19150397273214e-06
12974,,1.1915005558582093e-06
12975,,1.1914993219072472e-06
12976,,1.1914983465441798e-06
12977,,1.1914911211717197e-06
12978,,1.191489107055758e-06
12979,,1.1914880342575213e-06
12980,,1.1914870774751168e-06
12981,,1.1914791957286914e-06
12982,,1.1914777644419176e-06
12983,,1.1914767589058267e-06
12984,,1.1914704059605017e-06
12985,,1.1914676537448958e-06
12986,,1.1914664660391628e-06
12987,,1.1914654887444847e-06
12988,,1.191458141323009e-06
12989,,1.191456271444608e-06
12990,,1.1914551861410198e-06
12991,,1.1914542208150167e-06
12992,,1.191446454284901e-06
12993,,1.1914449559031496e-06
12994,,1.1914439140599375e-06
12995,,1.191438091244137e-06
12996,,1.1914350088174699e-06
12997,,1.1914336683910714e-06
12998,,1.191432645318609e-06
12999,,1.191426172594116e-06
13000,,1.191423664708165e-06
13001,,1.191422392731445e-06
13002,,1.1914213780522151e-06
13003,,1.1914146213544957e-06
13004,,1.1914123633363517e-06
13005,,1.1914111221457128e-06
13006,,1.1914101114703202e-06
13007,,1.1914032249792831e-06
13008,,1.191401080113625e-06
13009,,1.1913998537791864e-06
13010,,1.1913988452512699e-06
13011,,1.191391894306662e-06
13012,,1.1913898046795989e-06
13013,,1.1913885864255566e-06
13014,,1.1913875792418606e-06
13015,,1.1913805917270577e-06
13016,,1.191378532658146e-06
13017,,1.191377319571827e-06
13018,,1.1913763133920154e-06
13019,,1.1913693013300232e-06
13020,,1.19136726219311e-06
13021,,1.1913660530066805e-06
13022,,1.191365047670226e-06
13023,,1.1913580163297858e-06
13024,,1.1913559924813324e-06
13025,,1.1913547866261598e-06
13026,,1.1913537820674223e-06
13027,,1.19134673382427e-06
13028,,1.1913447231853739e-06
13029,,1.1913435203980187e-06
13030,,1.1913425165801951e-06
13031,,1.1913354525685408e-06
13032,,1.1913334541561632e-06
13033,,1.1913322543001875e-06
13034,,1.1913312512027648e-06
13035,,1.1913241720150543e-06
13036,,1.1913221853254017e-06
13037,,1.191320988328306e-06
13038,,1.1913199859340782e-06
13039,,1.1913128919225307e-06
13040,,1.1913109166639685e-06
13041,,1.1913097224734633e-06
13042,,1.191308720779896e-06
13043,,1.191301612186306e-06
13044,,1.191299648161505e-06
13045,,1.1912984567413292e-06
13046,,1.191297455735329e-06
13047,,1.191290332755067e-06
13048,,1.1912883798155837e-06
13049,,1.191287191124838e-06
13050,,1.1912861907967154e-06
13051,,1.191279053607556e-06
13052,,1.1912771116128292e-06
13053,,1.19127592562712e-06
13054,,1.1912749259727908e-06
13055,,1.1912677747360487e-06
13056,,1.1912658435567287e-06
13057,,1.1912646602453465e-06
13058,,1.1912636612561855e-06
13059,,1.1912564961282112e-06
13060,,1.1912545756490396e-06
13061,,1.1912533949792673e-06
13062,,1.191252396652257e-06
13063,,1.1912452177829891e-06
13064,,1.1912433078867677e-06
13065,,1.1912421298336104e-06
13066,,1.191241132155259e-06
13067,,1.1912339396972251e-06
13068,,1.1912320402670524e-06
13069,,1.1912308648034028e-06
13070,,1.1912298677659896e-06
13071,,1.1912226618724933e-06
13072,,1.1912207727972015e-06
13073,,1.1912195998869288e-06
13074,,1.1912186034907378e-06
13075,,1.1912113842958107e-06
13076,,1.191209505468351e-06
13077,,1.1912083350880787e-06
13078,,1.1912073393221277e-06
13079,,1.1912001069761674e-06
13080,,1.191198238282323e-06
13081,,1.1911970704071523e-06
13082,,1.191196075264087e-06
13083,,1.1911888299151204e-06
13084,,1.1911869712411162e-06
13085,,1.1911858058451508e-06
13086,,1.191184811317925e-06
13087,,1.1911775530954368e-06
13088,,1.191175704338525e-06
13089,,1.1911745413957001e-06
13090,,1.1911735474787862e-06
13091,,1.1911662765293509e-06
13092,,1.1911644375856104e-06
13093,,1.1911632770617123e-06
13094,,1.1911622837546356e-06
13095,,1.1911550002121476e-06
13096,,1.191153170969687e-06
13097,,1.191152012844727e-06
13098,,1.1911510201313355e-06
13099,,1.1911437241401381e-06
13100,,1.191141904492803e-06
13101,,1.1911407487464786e-06
13102,,1.191139756624341e-06
13103,,1.191132448313818e-06
13104,,1.1911306381618495e-06
13105,,1.1911294847637894e-06
13106,,1.191128493221803e-06
13107,,1.1911211727276274e-06
13108,,1.1911193719709956e-06
13109,,1.1911182208933482e-06
13110,,1.1911172299331574e-06
13111,,1.1911098973833907e-06
13112,,1.191108105920673e-06
13113,,1.1911069571373132e-06
13114,,1.1911059667524064e-06
13115,,1.191098622279738e-06
13116,,1.1910968400154216e-06
13117,,1.1910956935039984e-06
13118,,1.191094703681722e-06
13119,,1.19108734741747e-06
13120,,1.1910855742421516e-06
13121,,1.1910844299780148e-06
13122,,1.1910834407245109e-06
13123,,1.19107607279133e-06
13124,,1.1910743086114749e-06
13125,,1.191073166572104e-06
13126,,1.1910721778721673e-06
13127,,1.1910647984001779e-06
13128,,1.1910630431195007e-06
13129,,1.1910619032806964e-06
13130,,1.1910609151276041e-06
13131,,1.1910535242421863e-06
13132,,1.1910517777673026e-06
13133,,1.1910506401064574e-06
13134,,1.1910496524937582e-06
13135,,1.191042250321565e-06
13136,,1.191040512552164e-06
13137,,1.191039377042866e-06
13138,,1.1910383899710662e-06
13139,,1.1910309766299901e-06
13140,,1.1910292474775879e-06
13141,,1.1910281140971875e-06
13142,,1.1910271275563996e-06
13143,,1.1910197031685777e-06
13144,,1.1910179825402958e-06
13145,,1.1910168512682347e-06
13146,,1.1910158652522116e-06
13147,,1.1910084299376793e-06
13148,,1.1910067177379527e-06
13149,,1.1910055885509802e-06
13150,,1.1910046030568401e-06
13151,,1.1909971569354272e-06
13152,,1.190995453074971e-06
13153,,1.1909943259481913e-06
13154,,1.1909933409695583e-06
13155,,1.1909858841587773e-06
13156,,1.1909841885487991e-06
13157,,1.1909830634624209e-06
13158,,1.1909820789942764e-06
13159,,1.1909746116081993e-06
13160,,1.190972924158786e-06
13161,,1.1909718010929627e-06
13162,,1.1909708171258757e-06
13163,,1.190963339278951e-06
13164,,1.1909616599058836e-06
13165,,1.190960538833136e-06
13166,,1.1909595553663647e-06
13167,,1.1909520671790564e-06
13168,,1.1909503957875188e-06
13169,,1.1909492766920885e-06
13170,,1.190948293718545e-06
13171,,1.1909407952937874e-06
13172,,1.1909391318058376e-06
13173,,1.1909380146639183e-06
13174,,1.1909370321792404e-06
13175,,1.1909295236314454e-06
13176,,1.190927867959777e-06
13177,,1.1909267527484366e-06
13178,,1.1909257707460694e-06
13179,,1.1909182521884164e-06
13180,,1.1909166042464495e-06
13181,,1.190915490952449e-06
13182,,1.1909145094277344e-06
13183,,1.1909069809599367e-06
13184,,1.190905340668623e-06
13185,,1.1909042292647663e-06
13186,,1.1908994654755298e-06
13187,,1.1908957099499946e-06
13188,,1.1908940772284788e-06
13189,,1.190892967694988e-06
13190,,1.1908881643386507e-06
13191,,1.1908844391567147e-06
13192,,1.190882813915525e-06
13193,,1.1908817062375983e-06
13194,,1.1908768637461394e-06
13195,,1.190873168580672e-06
13196,,1.1908715507432047e-06
13197,,1.1908704448949268e-06
13198,,1.190865563685362e-06
13199,,1.1908618982132594e-06
13200,,1.1908602877017614e-06
13201,,1.1908591836641956e-06
13202,,1.1908542641609348e-06
13203,,1.1908506280597533e-06
13204,,1.1908490247927054e-06
13205,,1.1908479225493647e-06
13206,,1.1908429651636457e-06
13207,,1.1908393581178317e-06
13208,,1.1908377620191415e-06
13209,,1.1908366615489718e-06
13210,,1.1908316666903952e-06
13211,,1.1908280883802724e-06
13212,,1.1908264993769311e-06
13213,,1.190825400658049e-06
13214,,1.190820368729302e-06
13215,,1.1908168188584644e-06
13216,,1.1908152368662664e-06
13217,,1.190814139884144e-06
13218,,1.190809071288727e-06
13219,,1.1908055495431264e-06
13220,,1.190803974488351e-06
13221,,1.190802879225773e-06
13222,,1.1907977743527408e-06
13223,,1.1907942804314863e-06
13224,,1.1907927122454965e-06
13225,,1.1907916186780263e-06
13226,,1.1907864779233424e-06
13227,,1.1907830115285109e-06
13228,,1.1907814501292652e-06
13229,,1.19078035824336e-06
13230,,1.1907751819935103e-06
13231,,1.190771742829327e-06
13232,,1.1907701881462004e-06
13233,,1.1907690979235792e-06
13234,,1.1907638865622772e-06
13235,,1.1907604743301922e-06
13236,,1.1907589262953843e-06
13237,,1.190757837717743e-06
13238,,1.1907525916233076e-06
13239,,1.1907492060380261e-06
13240,,1.1907476645762856e-06
13241,,1.190746577624964e-06
13242,,1.1907412971711998e-06
13243,,1.1907379379425179e-06
13244,,1.1907364029860825e-06
13245,,1.1907353176446789e-06
13246,,1.190730003201822e-06
13247,,1.190726670049362e-06
13248,,1.1907251415228221e-06
13249,,1.19072405777491e-06
13250,,1.1907187097183848e-06
13251,,1.1907154023582823e-06
13252,,1.190713880195542e-06
13253,,1.19071279802267e-06
13254,,1.19070741670196e-06
13255,,1.1907041348620047e-06
13256,,1.1907026189955228e-06
13257,,1.1907015383810576e-06
13258,,1.1906961241657633e-06
13259,,1.1906928675630446e-06
13260,,1.1906913579256209e-06
13261,,1.1906902788521132e-06
13262,,1.1906848320946135e-06
13263,,1.1906816004626577e-06
13264,,1.1906800969853402e-06
13265,,1.1906790194353253e-06
13266,,1.1906735404901327e-06
13267,,1.1906703335548559e-06
13268,,1.1906688361778707e-06
13269,,1.1906677601331608e-06
13270,,1.1906622493394894e-06
13271,,1.1906590668439185e-06
13272,,1.1906575754928637e-06
13273,,1.1906565009424826e-06
13274,,1.1906509586510817e-06
13275,,1.1906478003292375e-06
13276,,1.1906463149410836e-06
13277,,1.1906452418665138e-06
13278,,1.1906396684127924e-06
13279,,1.1906365340033414e-06
13280,,1.1906350545132731e-06
13281,,1.1906339828999002e-06
13282,,1.1906283786240362e-06
13283,,1.190625267868754e-06
13284,,1.1906237942137702e-06
13285,,1.1906227240496284e-06
13286,,1.1906170892853173e-06
13287,,1.1906140019238268e-06
13288,,1.190612534046464e-06
13289,,1.1906114653127543e-06
13290,,1.1906058003847534e-06
13291,,1.1906027361717034e-06
13292,,1.1906012740046113e-06
13293,,1.1906002066864088e-06
13294,,1.1905945119174339e-06
13295,,1.1905914706081854e-06
13296,,1.1905900140924702e-06
13297,,1.1905889481711657e-06
13298,,1.1905832238934932e-06
13299,,1.19058020523475e-06
13300,,1.190578754301555e-06
13301,,1.190577689769361e-06
13302,,1.1905719362937884e-06
13303,,1.1905689400420792e-06
13304,,1.190567494645601e-06
13305,,1.1905664314773564e-06
13306,,1.1905606491261566e-06
13307,,1.1905576750411768e-06
13308,,1.1905562351140164e-06
13309,,1.1905551733033282e-06
13310,,1.1905493623798386e-06
13311,,1.1905464102233586e-06
13312,,1.190544975710132e-06
13313,,1.1905439152355017e-06
13314,,1.1905380760575e-06
13315,,1.1905351455921772e-06
13316,,1.1905337164291094e-06
13317,,1.190532657283381e-06
13318,,1.1905267901485586e-06
13319,,1.190523881142346e-06
13320,,1.1905224572765894e-06
13321,,1.190521399443281e-06
13322,,1.1905155046588794e-06
13323,,1.1905126168770803e-06
13324,,1.190511198249986e-06
13325,,1.1905101417174192e-06
13326,,1.1905042195757912e-06
13327,,1.1905013527965999e-06
13328,,1.1904999393481623e-06
13329,,1.1904988840980056e-06
13330,,1.190492934898391e-06
13331,,1.190490088893337e-06
13332,,1.1904886805753328e-06
13333,,1.1904876265912316e-06
13334,,1.1904816506295113e-06
13335,,1.1904788251705251e-06
13336,,1.1904774219255506e-06
13337,,1.1904763691983658e-06
13338,,1.1904703667583521e-06
13339,,1.1904675616295956e-06
13340,,1.1904661633985955e-06
13341,,1.1904651119185778e-06
13342,,1.1904590832871996e-06
13343,,1.190456298271582e-06
13344,,1.1904549050014665e-06
13345,,1.1904538547510431e-06
13346,,1.1904478002114476e-06
13347,,1.1904450350885286e-06
13348,,1.1904436467263574e-06
13349,,1.1904425976929023e-06
13350,,1.1904365175254023e-06
13351,,1.1904337720779903e-06
13352,,1.1904323885756798e-06
13353,,1.190431340746335e-06
13354,,1.190425235228207e-06
13355,,1.1904225092496019e-06
13356,,1.1904211305507206e-06
13357,,1.1904200839099806e-06
13358,,1.1904139533172015e-06
13359,,1.1904112465952556e-06
13360,,1.1904098726493673e-06
13361,,1.190408827191919e-06
13362,,1.1904026717902437e-06
13363,,1.190399984116658e-06
13364,,1.19039861487501e-06
13365,,1.1903975705787293e-06
13366,,1.1903913906380904e-06
13367,,1.1903887218125555e-06
13368,,1.190387357225341e-06
13369,,1.1903863140792734e-06
13370,,1.190380109867217e-06
13371,,1.1903774596843935e-06
13372,,1.1903760996905367e-06
13373,,1.1903750576933275e-06
13374,,1.1903688294672123e-06
13375,,1.190366197727729e-06
13376,,1.190364842289648e-06
13377,,1.1903638014134903e-06
13378,,1.1903575494400109e-06
13379,,1.1903549359433132e-06
13380,,1.190353585006908e-06
13381,,1.1903525452527838e-06
13382,,1.1903462697790254e-06
13383,,1.1903436743266643e-06
13384,,1.190342327845879e-06
13385,,1.1903412891971965e-06
13386,,1.1903349904877486e-06
13387,,1.1903324128875903e-06
13388,,1.190331070812673e-06
13389,,1.1903300332542506e-06
13390,,1.1903237115551744e-06
13391,,1.1903211516152676e-06
13392,,1.1903198139017416e-06
13393,,1.1903187774230088e-06
13394,,1.1903124329822864e-06
13395,,1.1903098905142072e-06
13396,,1.190308557111313e-06
13397,,1.1903075217004026e-06
13398,,1.1903011547658798e-06
13399,,1.190298629579699e-06
13400,,1.19029730044577e-06
13401,,1.1902962660940677e-06
13402,,1.1902898769079136e-06
13403,,1.1902873688145907e-06
13404,,1.190286043900509e-06
13405,,1.1902850105987279e-06
13406,,1.1902785993962035e-06
13407,,1.1902761082184756e-06
13408,,1.190274787479347e-06
13409,,1.1902737552095535e-06
13410,,1.1902673222360752e-06
13411,,1.1902648477870905e-06
13412,,1.1902635311791098e-06
13413,,1.1902624999377467e-06
13414,,1.1902560454212009e-06
13415,,1.1902535875274503e-06
13416,,1.1902522750015357e-06
13417,,1.190251244771738e-06
13418,,1.1902447689550504e-06
13419,,1.190242327425804e-06
13420,,1.1902410189459577e-06
13421,,1.1902399897186602e-06
13422,,1.1902334928237453e-06
13423,,1.1902310674932963e-06
13424,,1.1902297630101658e-06
13425,,1.1902287347754833e-06
13426,,1.1902222170304731e-06
13427,,1.1902198077257057e-06
13428,,1.190218507196045e-06
13429,,1.1902174799456069e-06
13430,,1.1902109415791692e-06
13431,,1.190208548120321e-06
13432,,1.1902072515069056e-06
13433,,1.1902062252239092e-06
13434,,1.1901996664607996e-06
13435,,1.1901972886781288e-06
13436,,1.1901959959348542e-06
13437,,1.1901949706159243e-06
13438,,1.1901883916718894e-06
13439,,1.1901860294000792e-06
13440,,1.190184740488596e-06
13441,,1.1901837161138296e-06
13442,,1.190177117209667e-06
13443,,1.190174770284617e-06
13444,,1.1901734851586723e-06
13445,,1.1901724617268724e-06
13446,,1.1901658430776017e-06
13447,,1.190163511329591e-06
13448,,1.1901622299501206e-06
13449,,1.1901612074520482e-06
13450,,1.1901545692687971e-06
13451,,1.190152252534263e-06
13452,,1.190150974861477e-06
13453,,1.1901499532856522e-06
13454,,1.1901432957807175e-06
13455,,1.1901409938989398e-06
13456,,1.1901397198940242e-06
13457,,1.1901386992272407e-06
13458,,1.1901320226144931e-06
13459,,1.190129735424966e-06
13460,,1.190128465048764e-06
13461,,1.1901274452805582e-06
13462,,1.1901207497641123e-06
13463,,1.1901184771075582e-06
13464,,1.1901172103224123e-06
13465,,1.190116191449082e-06
13466,,1.190109477228665e-06
13467,,1.190107218953907e-06
13468,,1.1901059557178341e-06
13469,,1.1901049377214093e-06
13470,,1.190098205005751e-06
13471,,1.1900959609531423e-06
13472,,1.190094701232709e-06
13473,,1.1900936841097676e-06
13474,,1.190086933095649e-06
13475,,1.1900847031117035e-06
13476,,1.1900834468665034e-06
13477,,1.1900824306035144e-06
13478,,1.1900756614926703e-06
13479,,1.1900734454307562e-06
13480,,1.1900721926181195e-06
13481,,1.1900711772124704e-06
13482,,1.1900643901958726e-06
13483,,1.1900621879023042e-06
13484,,1.1900609384920965e-06
13485,,1.190059923931439e-06
13486,,1.1900531192007916e-06
13487,,1.1900509305299743e-06
13488,,1.1900496844815817e-06
13489,,1.190048670761479e-06
13490,,1.1900418485102893e-06
13491,,1.1900396733142895e-06
13492,,1.1900384305924982e-06
13493,,1.1900374176962907e-06
13494,,1.190030578119331e-06
13495,,1.1900284162529687e-06
13496,,1.1900271768240103e-06
13497,,1.1900261647441105e-06
13498,,1.1900193080259772e-06
13499,,1.1900171593466793e-06
13500,,1.1900159231723556e-06
13501,,1.1900149119034507e-06
13502,,1.1900080382276945e-06
13503,,1.1900059025903877e-06
13504,,1.1900046696440838e-06
13505,,1.1900036591738265e-06
13506,,1.1899967687255652e-06
13507,,1.1899946459904432e-06
13508,,1.1899934162294162e-06
13509,,1.1899924065530052e-06
13510,,1.1899854995112518e-06
13511,,1.189983389542388e-06
13512,,1.1899821629359419e-06
13513,,1.1899811540430025e-06
13514,,1.1899742305885741e-06
13515,,1.1899721332496495e-06
13516,,1.1899709097584607e-06
13517,,1.1899699016404412e-06
13518,,1.1899629619528069e-06
13519,,1.189960877104896e-06
13520,,1.1899596567010958e-06
13521,,1.189958649350319e-06
13522,,1.1899516936043949e-06
13523,,1.1899496211165716e-06
13524,,1.1899484037627237e-06
13525,,1.189947397170616e-06
13526,,1.1899404255365645e-06
13527,,1.1899383652748816e-06
13528,,1.1899371509395064e-06
13529,,1.1899361451013587e-06
13530,,1.189929157753972e-06
13531,,1.1899271095833971e-06
13532,,1.1899258982360968e-06
13533,,1.1899248931414511e-06
13534,,1.1899178902505544e-06
13535,,1.1899158540435057e-06
13536,,1.189914645654358e-06
13537,,1.1899136412888874e-06
13538,,1.189906623031049e-06
13539,,1.189904598653223e-06
13540,,1.1899033931870619e-06
13541,,1.1899023895504813e-06
13542,,1.1898953560787969e-06
13543,,1.1898933434149508e-06
13544,,1.1898921408342992e-06
13545,,1.1898911379232494e-06
13546,,1.1898840894049792e-06
13547,,1.1898820883190744e-06
13548,,41.357265031084246
13549,,76639.37949327004
13550,,41.128527378245714
13551,,471.35894175958265
13552,,40.72350517282189
13553,,14.051137560793544
13554,,13.886794358514761
13555,,3.2485619652509903
13556,,124.80695359319304
13557,,3.2065864327839497
13558,,1.6873935180084825
13559,,3.8520357067353723
13560,,1.6777417267438293
13561,,1.6000019165190955
13562,,4.285409130370921
13563,,1.5930904758148783
13564,,1.5488936417447587
13565,,1.4959437150502626
13566,,1.4945016925775545
13567,,1.4944608918344449
13568,,1.4944597361757048
13569,,1.4944597034413083
13570,,1.4944597025141046
13571,,1.4944597024878332
13572,,1.494459702487092
13573,,1.494459702487061
13574,,1.4944597024870614
13575,,1.0962532697453944
13576,,0.6191116696580279
13577,,0.9752602999965537
13578,,0.6047734360860337
13579,,0.45028625899111324
13580,,0.4453539740168246
13581,,0.44513098245040256
13582,,0.4451207580309193
13583,,0.44512028892862904
13584,,0.4451202674053069
13585,,0.44512026641777475
13586,,0.4451202663724612
13587,,0.4451202663703832
13588,,0.44512026637029045
13589,,0.4451202663702877
13590,,0.44512026637028634
13591,,0.44512026637028634
13592,,0.30691107456523437
13593,,0.30121072491521844
13594,,0.3008687499702597
13595,,0.3008478143375361
13596,,0.3008465310809119
13597,,0.3008464524173225
13598,,0.3008464475952248
13599,,0.3008464472996311
13600,,0.3008464472815077
13601,,0.30084644728040116
13602,,0.3008464472803301
13603,,0.30084644728032534
13604,,0.30084644728032545
13605,,3.600097757753151
13606,,0.24861993399798496
13607,,0.130100216018133
13608,,0.887739361813135
13609,,0.10940132181235576
13610,,0.07488951586653887
13611,,0.04856072826793053
13612,,0.037358597036493
13613,,0.03604093620763704
13614,,0.026850560947718746
13615,,0.026258708764658197
13616,,0.025146777623353923
13617,,0.02362903021921151
13618,,0.02230662400360548
13619,,0.01791045505714172
13620,,0.014620335598970897
13621,,0.013245800320983065
13622,,0.012708934735789542
13623,,0.012457998123860645
13624,,0.01218732001659788
13625,,0.011738095953225329
13626,,0.011040746764870296
13627,,0.009705236233984059
13628,,0.008659675874234626
13629,,0.008135364599015952
13630,,0.007852293696540126
13631,,0.007511103247579243
13632,,0.007039706080583404
13633,,0.0063263628441678375
13634,,0.0053429403847704724
13635,,0.004937334092618886
13636,,0.00480846132603011
13637,,0.004685730645890477
13638,,0.004488025959278133
13639,,0.0041077723849214706
13640,,0.0034764153006452162
13641,,0.003171375732374574
13642,,0.002865347209682926
13643,,0.0027121496064330826
13644,,0.0026376757825264797
13645,,0.0025439613666095786
13646,,0.0024104391210622964
13647,,0.0021608517015166712
13648,,0.001514843820264576
13649,,0.0013790740792171403
13650,,0.0006225926261494897
13651,,0.00032551273642767104
13652,,0.00023152336669199017
13653,,0.0002101712475961302
13654,,0.00020371203074600545
13655,,0.00020112143226057175
13656,,0.00019952975795915713
13657,,0.00019737531171233944
13658,,0.0001942010428678094
13659,,0.00019289730838600372
13660,,0.00019136003548713177
13661,,0.00019019646967216084
13662,,0.00018845916632394643
13663,,0.0001858039211199048
13664,,0.0001826605269761425
13665,,0.00017975537393459417
13666,,0.00017794300105654178
13667,,0.00017680525343554912
13668,,0.00017536270178299658
13669,,0.00017319884890199474
13670,,0.00016906119810811157
13671,,0.00016336121210354715
13672,,0.00015674846684500586
13673,,0.0001503956384220347
13674,,0.00014512707450813948
13675,,0.00014033084879333665
13676,,0.00013857827613214478
13677,,0.00013772505915308093
13678,,0.0001370524423062775
13679,,0.0001364057747665607
13680,,0.000134805019089988
13681,,0.00013173833274599604
13682,,0.0001257306462667671
13683,,0.00011619993377153632
13684,,0.00010561661443687962
13685,,0.00011614041852447892
13686,,0.00010237624991101262
13687,,9.743115279252765e-05
13688,,9.551222157420789e-05
13689,,9.486657449594831e-05
13690,,9.425118332367941e-05
13691,,9.284954129096381e-05
13692,,8.986425940089041e-05
13693,,8.345824570147384e-05
13694,,7.103280415681574e-05
13695,,5.0694884411160944e-05
13696,,2.6464838289726164e-05
13697,,1.2347664105715721e-05
13698,,6.377840077505585e-06
13699,,3.924440459986032e-06
13700,,3.692990642810248e-06
13701,,3.665666383408947e-06
13702,,3.659287098354726e-06
13703,,3.6544646573038666e-06
13704,,3.649628752005017e-06
13705,,3.64159407423671e-06
13706,,3.6231882883278125e-06
13707,,3.5839530971708257e-06
13708,,3.4992919783459736e-06
13709,,3.3319869798413446e-06
13710,,3.0664787096158696e-06
13711,,2.808425184866434e-06
13712,,2.6076868971446904e-06
13713,,2.489079123861641e-06
13714,,2.4745330244610884e-06
13715,,2.4733930219716487e-06
13716,,2.473149429068528e-06
13717,,2.472818771579967e-06
13718,,2.4720031218021317e-06
13719,,2.4698936099109245e-06
13720,,2.4654105863882327e-06
13721,,2.4559663341356544e-06
13722,,2.438990876170967e-06
13723,,2.415615370986411e-06
13724,,2.400222386215897e-06
13725,,2.3887249000920054e-06
13726,,2.383499125288731e-06
13727,,2.3826507799972156e-06
13728,,2.3824389505983516e-06
13729,,2.3823486253251824e-06
13730,,2.382305069357225e-06
13731,,2.38210821135435e-06
13732,,2.381889804990149e-06
13733,,2.3817043074105874e-06
13734,,2.3803689414108326e-06
13735,,2.377665904912148e-06
13736,,2.3720177092183783e-06
13737,,2.359836441620686e-06
13738,,2.3331466009605568e-06
13739,,2.2771521171952485e-06
13740,,2.1714254348849824e-06
13741,,2.0113672992195433e-06
13742,,1.847824112983365e-06
13743,,1.7583113753422278e-06
13744,,1.7319218434702234e-06
13745,,1.7280136040148383e-06
13746,,1.7276536499680467e-06
13747,,1.727616595786114e-06
13748,,1.7276036428480617e-06
13749,,1.7275920129047021e-06
13750,,1.7274933696178853e-06
13751,,1.7274780028282695e-06
13752,,1.7274660180520747e-06
13753,,1.7273761873844266e-06
13754,,1.7273535264738766e-06
13755,,1.7273403410883289e-06
13756,,1.7272792383926146e-06
13757,,1.7272115021788895e-06
13758,,1.7267720425803081e-06
13759,,1.7259724411160577e-06
13760,,1.7223928080381793e-06
13761,,1.7151124968274624e-06
13762,,1.6982350019935996e-06
13763,,1.6608589624804482e-06
13764,,1.582233217321391e-06
13765,,1.4357901614595684e-06
13766,,1.2217090067031065e-06
13767,,1.0159857320449114e-06
13768,,9.074773228341872e-07
13769,,8.78006481349603e-07
13770,,8.73825154541787e-07
13771,,8.734637995866824e-07
13772,,8.734411465125338e-07
13773,,8.734398826115303e-07
13774,,8.734396767411524e-07
13775,,8.734395380987886e-07
13776,,8.734385933915156e-07
13777,,8.734382435079301e-07
13778,,8.734380889827731e-07
13779,,8.7343795414363e-07
13780,,8.734368580467031e-07
13781,,8.734366466398672e-07
13782,,8.734365040390975e-07
13783,,8.734356487549338e-07
13784,,8.734352298594184e-07
13785,,8.734350581432306e-07
13786,,8.734349199086578e-07
13787,,8.734339099440493e-07
13788,,8.734336284974641e-07
13789,,8.73433472473413e-07
13790,,8.734333361061777e-07
13791,,8.734322617250694e-07
13792,,8.734320371486169e-07
13793,,8.734318879621481e-07
13794,,8.734311389239765e-07
13795,,8.734306494746898e-07
13796,,8.734304500117624e-07
13797,,8.734303039558521e-07
13798,,8.734294495571073e-07
13799,,8.734290525561662e-07
13800,,8.734288647108056e-07
13801,,8.734287201778964e-07
13802,,8.734278161555959e-07
13803,,8.734274623502424e-07
13804,,8.7342728023352e-07
13805,,8.734271365023267e-07
13806,,8.734262073749593e-07
13807,,8.734258751797918e-07
13808,,8.734256961436935e-07
13809,,8.734255528825102e-07
13810,,8.734246097793034e-07
13811,,8.734242894491823e-07
13812,,8.734241122522747e-07
13813,,8.734239692954002e-07
13814,,8.734230175423039e-07
13815,,8.734227044569973e-07
13816,,8.734225284752191e-07
13817,,8.734223857287437e-07
13818,,8.734214281131289e-07
13819,,8.734211198973179e-07
13820,,8.734209447715522e-07
13821,,8.734208021794668e-07
13822,,8.734198403291724e-07
13823,,8.734195356188404e-07
13824,,8.734193611256206e-07
13825,,8.734192186422096e-07
13826,,8.73418253651858e-07
13827,,8.734179515498573e-07
13828,,8.734177775207333e-07
13829,,8.73417635115699e-07
13830,,8.734166677994634e-07
13831,,8.734163676477681e-07
13832,,8.734161939546456e-07
13833,,8.734160515996612e-07
13834,,8.734150826221429e-07
13835,,8.734147838955152e-07
13836,,8.73414610425085e-07
13837,,8.734144680954746e-07
13838,,8.734134980153206e-07
13839,,8.734132002642366e-07
13840,,8.734130269197751e-07
13841,,8.734128845989476e-07
13842,,8.734119139218486e-07
13843,,8.734116167509414e-07
13844,,8.734114434464651e-07
13845,,8.734113011123913e-07
13846,,8.734103302793984e-07
13847,,8.734100333396395e-07
13848,,8.734098599985647e-07
13849,,8.734097176330378e-07
13850,,8.734087470472198e-07
13851,,8.734084500250507e-07
13852,,8.734082765714504e-07
13853,,8.734081341583536e-07
13854,,8.734071641925396e-07
13855,,8.734068667917293e-07
13856,,8.734066931679497e-07
13857,,8.734065506943552e-07
13858,,8.734055816773665e-07
13859,,8.734052836411233e-07
13860,,8.73405109784506e-07
13861,,8.734049672353e-07
13862,,8.734039994797719e-07
13863,,8.734037005688462e-07
13864,,8.734035264202004e-07
13865,,8.734033837840924e-07
13866,,8.734024175792488e-07
13867,,8.734021175599535e-07
13868,,8.734019430771323e-07
13869,,8.734018003375578e-07
13870,,8.73400835949105e-07
13871,,8.734005346213915e-07
13872,,8.734003597496181e-07
13873,,8.734002168990441e-07
13874,,8.733992545762991e-07
13875,,8.733989517459542e-07
13876,,8.733987764357074e-07
13877,,8.733986334668743e-07
13878,,8.733976734391377e-07
13879,,8.733973689227177e-07
13880,,8.733971931389279e-07
13881,,8.733970500385807e-07
13882,,8.733960925299895e-07
13883,,8.733957861565268e-07
13884,,8.733956098582377e-07
13885,,8.733954666185737e-07
13886,,8.73394511830378e-07
13887,,8.733942034447105e-07
13888,,8.733940265939918e-07
13889,,8.733938832024268e-07
13890,,8.733929313357404e-07
13891,,8.733926207815484e-07
13892,,8.733924433423216e-07
13893,,8.733922997961562e-07
13894,,8.733913510379979e-07
13895,,8.733910381648038e-07
13896,,8.733908601051494e-07
13897,,8.733907163907098e-07
13898,,8.733897709211641e-07
13899,,8.73389455597209e-07
13900,,8.733892768789301e-07
13901,,8.733891329905167e-07
13902,,8.733881909825608e-07
13903,,8.733878730726243e-07
13904,,8.733876936680054e-07
13905,,8.733875495964598e-07
13906,,8.733866112181967e-07
13907,,8.733862905908251e-07
13908,,8.733861104703033e-07
13909,,8.733859662097603e-07
13910,,8.733850316183164e-07
13911,,8.733847081574897e-07
13912,,8.733845272834645e-07
13913,,8.733843828258692e-07
13914,,8.733834521847655e-07
13915,,8.733831257607682e-07
13916,,8.733829441086881e-07
13917,,8.733827994500255e-07
13918,,8.733818729104014e-07
13919,,8.733815434079832e-07
13920,,8.733813609482754e-07
13921,,8.733812160790649e-07
13922,,8.733802937878575e-07
13923,,8.733799610941489e-07
13924,,8.733797777998799e-07
13925,,8.733796327107203e-07
13926,,8.733787148208731e-07
13927,,8.733783788197676e-07
13928,,8.733781946626073e-07
13929,,8.733780493474511e-07
13930,,8.733771360054542e-07
13931,,8.733767965855967e-07
13932,,8.733766115388478e-07
13933,,8.733764659925579e-07
13934,,8.733755573372664e-07
13935,,8.733752143900739e-07
13936,,8.733750284242904e-07
13937,,8.733748826378168e-07
13938,,8.733739788194104e-07
13939,,8.733736322322638e-07
13940,,8.733734453225493e-07
13941,,8.733732992931559e-07
13942,,8.733724004434962e-07
13943,,8.733720501160603e-07
13944,,8.733718622327875e-07
13945,,8.733717159511481e-07
13946,,8.733708222211561e-07
13947,,8.733704680389772e-07
13948,,8.733702791554969e-07
13949,,8.733701326141129e-07
13950,,8.733692441390107e-07
13951,,8.733688859963386e-07
13952,,8.733686960895451e-07
13953,,8.73368549284556e-07
13954,,8.733676662080845e-07
13955,,8.733673039948306e-07
13956,,8.733671130364043e-07
13957,,8.733669659602211e-07
13958,,8.733660884218604e-07
13959,,8.733657220342118e-07
13960,,8.733655299932753e-07
13961,,8.733653826390166e-07
13962,,8.733645107846024e-07
13963,,8.7336414011118e-07
13964,,8.733639469627577e-07
13965,,8.733637993237238e-07
13966,,8.733629332908768e-07
13967,,8.733625582271981e-07
13968,,8.733623639461713e-07
13969,,8.73362216013155e-07
13970,,8.733613559468799e-07
13971,,8.733609763855145e-07
13972,,8.733607809422083e-07
13973,,8.733606327082563e-07
13974,,8.733597787537367e-07
13975,,8.73359394581551e-07
13976,,8.733591979494787e-07
13977,,8.733590494063815e-07
13978,,8.733582017108808e-07
13979,,8.733578128213059e-07
13980,,8.733576149694189e-07
13981,,8.733574661127789e-07
13982,,8.73356624820992e-07
13983,,8.733562310965412e-07
13984,,8.733560320007186e-07
13985,,8.733558828262758e-07
13986,,8.733550480825252e-07
13987,,8.733546494181304e-07
13988,,8.733544490457523e-07
13989,,8.733542995414147e-07
13990,,8.733534715020682e-07
13991,,8.733530677789546e-07
13992,,8.733528661023795e-07
13993,,8.733527162623823e-07
13994,,8.733518950807579e-07
13995,,8.733514861815547e-07
13996,,8.733512831733314e-07
13997,,8.733511329918341e-07
13998,,8.733503188124241e-07
13999,,8.733499046262828e-07
14000,,8.733497002575708e-07
14001,,8.733495497231207e-07
14002,,8.733487427100667e-07
14003,,8.733483231175839e-07
14004,,8.733481173528069e-07
14005,,8.733479664597774e-07
14006,,8.733471667712064e-07
14007,,8.73346741651493e-07
14008,,8.73346534462319e-07
14009,,8.733463832064059e-07
14010,,8.733455909989646e-07
14011,,8.733451602284812e-07
14012,,8.733449515870742e-07
14013,,8.733447999553714e-07
14014,,8.733440153944699e-07
14015,,8.733435788498829e-07
14016,,8.733433687254598e-07
14017,,8.733432167088697e-07
14018,,8.733424399588608e-07
14019,,8.733419975170429e-07
14020,,8.733417858771268e-07
14021,,8.733416334694833e-07
14022,,8.733408646998674e-07
14023,,8.733404162332612e-07
14024,,8.73340203042235e-07
14025,,8.733400502365597e-07
14026,,8.733392896161501e-07
14027,,8.73338834997587e-07
14028,,8.733386202170291e-07
14029,,8.733384670098517e-07
14030,,8.733377147078308e-07
14031,,8.733372538091048e-07
14032,,8.733370374143256e-07
14033,,8.73336883790362e-07
14034,,8.733361399868377e-07
14035,,8.733356726661001e-07
14036,,8.733354546231334e-07
14037,,8.733353005720177e-07
14038,,8.733345654482722e-07
14039,,8.733340915749754e-07
14040,,8.733338718457575e-07
14041,,8.733337173633478e-07
14042,,8.733329911002311e-07
14043,,8.733325105345932e-07
14044,,8.733322890842305e-07
14045,,8.733321341577964e-07
14046,,8.733314169391992e-07
14047,,8.733309295437536e-07
14048,,8.73330706337706e-07
14049,,8.733305509578897e-07
14050,,8.733298429775266e-07
14051,,8.733293486055293e-07
14052,,8.733291236070705e-07
14053,,8.733289677679007e-07
14054,,8.733282692117444e-07
14055,,8.733277677206451e-07
14056,,8.733275408914412e-07
14057,,8.733273845820396e-07
14058,,8.733266956480816e-07
14059,,8.733261868911048e-07
14060,,8.733259581916746e-07
14061,,8.733258014045452e-07
14062,,8.733251222866549e-07
14063,,8.733246061143099e-07
14064,,8.733243755094873e-07
14065,,8.733242182298218e-07
14066,,8.733240797798379e-07
14067,,8.73323025393041e-07
14068,,8.733227928427561e-07
14069,,8.733226350631921e-07
14070,,8.733224964843382e-07
14071,,8.73321444729004e-07
14072,,8.733212101939108e-07
14073,,8.733210519051909e-07
14074,,8.733209131928709e-07
14075,,8.733198641246724e-07
14076,,8.733196275581949e-07
14077,,8.733194687507032e-07
14078,,8.733193299080571e-07
14079,,8.733182835752344e-07
14080,,8.733180449461057e-07
14081,,8.733178856031232e-07
14082,,8.733177466234071e-07
14083,,8.733167030886691e-07
14084,,8.733164623461623e-07
14085,,8.733163024606612e-07
14086,,8.733161633424391e-07
14087,,8.733151226604591e-07
14088,,8.733148797661099e-07
14089,,8.733147193281113e-07
14090,,8.733145800687593e-07
14091,,8.733135422957123e-07
14092,,8.733132972006689e-07
14093,,8.733131362000479e-07
14094,,8.733129967976817e-07
14095,,8.733119619955608e-07
14096,,8.733117146590105e-07
14097,,8.733115530796721e-07
14098,,8.733114135272172e-07
14099,,8.733103817554931e-07
14100,,8.733101321329381e-07
14101,,8.733099699652711e-07
14102,,8.733098302639111e-07
14103,,8.733088015837722e-07
14104,,8.733085496273127e-07
14105,,8.733083868624551e-07
14106,,8.733082470029107e-07
14107,,8.733072214778579e-07
14108,,8.733069671383419e-07
14109,,8.733068037627411e-07
14110,,8.733066637502206e-07
14111,,8.733056414400024e-07
14112,,8.733053846719084e-07
14113,,8.733052206724262e-07
14114,,8.733050804955532e-07
14115,,8.73304061468239e-07
14116,,8.733038022248915e-07
14117,,8.733036375863872e-07
14118,,8.733034972477946e-07
14119,,8.733024815707834e-07
14120,,8.733022197945844e-07
14121,,8.733020545099542e-07
14122,,8.733019140042834e-07
14123,,8.733009017435098e-07
14124,,8.733006373883925e-07
14125,,8.733004714386039e-07
14126,,8.733003307632005e-07
14127,,8.732993219890199e-07
14128,,8.732990550019074e-07
14129,,8.732988883769934e-07
14130,,8.732987475277838e-07
14131,,8.732977423082018e-07
14132,,8.732974726366618e-07
14133,,8.732973053226477e-07
14134,,8.732971642943764e-07
14135,,8.732961627066073e-07
14136,,8.732958902956506e-07
14137,,8.732957222742175e-07
14138,,8.73295581069792e-07
14139,,8.732945831779301e-07
14140,,8.732943079717237e-07
14141,,8.732941392334503e-07
14142,,8.732939978435703e-07
14143,,8.732930037300492e-07
14144,,8.732927256740278e-07
14145,,8.732925562036167e-07
14146,,8.7329241462563e-07
14147,,8.732914243615153e-07
14148,,8.732911433974227e-07
14149,,8.732909731801901e-07
14150,,8.732908314101349e-07
14151,,8.732898450749962e-07
14152,,8.73289561140675e-07
14153,,8.732893901653282e-07
14154,,8.732892481990007e-07
14155,,8.732882658720878e-07
14156,,8.732879789135803e-07
14157,,8.732878071577894e-07
14158,,8.732876649888168e-07
14159,,8.732866867519694e-07
14160,,8.732863967065318e-07
14161,,8.732862241598059e-07
14162,,8.732860817885991e-07
14163,,8.732851077196553e-07
14164,,8.732848145233699e-07
14165,,8.732846411673528e-07
14166,,8.732844985912381e-07
14167,,8.732835287775567e-07
14168,,8.732832323679049e-07
14169,,8.732830581870762e-07
14170,,8.73282915397485e-07
14171,,8.732819499200395e-07
14172,,8.732816502368945e-07
14173,,8.73281475215059e-07
14174,,8.732813322067882e-07
14175,,8.732803711588077e-07
14176,,8.732800681296066e-07
14177,,8.732798922491609e-07
14178,,8.732797490254824e-07
14179,,8.732787924885594e-07
14180,,8.732784860498257e-07
14181,,8.732783092929604e-07
14182,,8.732781658437224e-07
14183,,8.732772139121314e-07
14184,,8.732769039974345e-07
14185,,8.732767263450771e-07
14186,,8.732765826677662e-07
14187,,8.732756354323009e-07
14188,,8.732753219703547e-07
14189,,8.732751434071207e-07
14190,,8.732749994939727e-07
14191,,8.732740570533994e-07
14192,,8.732737399709523e-07
14193,,8.732735604792252e-07
14194,,8.732734163275325e-07
14195,,8.732724787720213e-07
14196,,8.732721579995505e-07
14197,,8.732719775608011e-07
14198,,8.732718331655389e-07
14199,,8.732709005964522e-07
14200,,8.732705760569113e-07
14201,,8.732703946499835e-07
14202,,8.732702500069961e-07
14203,,8.732693225246311e-07
14204,,8.732689941441443e-07
14205,,8.732688117502594e-07
14206,,8.732686668519598e-07
14207,,8.732677445555994e-07
14208,,8.732674122613371e-07
14209,,8.732672288583238e-07
14210,,8.732670837043401e-07
14211,,8.73266166695988e-07
14212,,8.732658304044288e-07
14213,,8.732656459792431e-07
14214,,8.732655005603311e-07
14215,,8.732645889495034e-07
14216,,8.732642485805474e-07
14217,,8.73264063109619e-07
14218,,8.732639174221554e-07
14219,,8.73263011313677e-07
14220,,8.732626667890818e-07
14221,,8.732624802470311e-07
14222,,8.73262334286482e-07
14223,,8.73261433793465e-07
14224,,8.732610850288857e-07
14225,,8.732608973974248e-07
14226,,8.73260751158855e-07
14227,,8.732598563944316e-07
14228,,8.73259503298239e-07
14229,,8.732593145571457e-07
14230,,8.732591680320048e-07
14231,,8.732582791080832e-07
14232,,8.732579216013874e-07
14233,,8.732577317298274e-07
14234,,8.732575849129575e-07
14235,,8.732567019464955e-07
14236,,8.732563399394946e-07
14237,,8.732561489100476e-07
14238,,8.732560017988093e-07
14239,,8.732551249083867e-07
14240,,8.732547583119783e-07
14241,,8.732545661025482e-07
14242,,8.732544186870691e-07
14243,,8.732535479969883e-07
14244,,8.732531767156023e-07
14245,,8.732529833057613e-07
14246,,8.732528355815419e-07
14247,,8.732519712103734e-07
14248,,8.732515951569824e-07
14249,,8.732514005209826e-07
14250,,8.732512524812848e-07
14251,,8.732503945605866e-07
14252,,8.732500136358706e-07
14253,,8.732498177468832e-07
14254,,8.732496693858937e-07
14255,,8.732488180447372e-07
14256,,8.732484321494484e-07
14257,,8.7324823498155e-07
14258,,8.732480862940914e-07
14259,,8.732472416663805e-07
14260,,8.732468506981605e-07
14261,,8.732466522342611e-07
14262,,8.732465032107903e-07
14263,,8.732456654220645e-07
14264,,8.73245269288136e-07
14265,,8.73245069493579e-07
14266,,8.732449201301258e-07
14267,,8.732440893233813e-07
14268,,8.732436879161943e-07
14269,,8.732434867682726e-07
14270,,8.732433370550223e-07
14271,,8.732425133667383e-07
14272,,8.732421065845761e-07
14273,,8.732419040522152e-07
14274,,8.73241753988273e-07
14275,,8.732409375598742e-07
14276,,8.732405252887803e-07
14277,,8.732403213530446e-07
14278,,8.732401709230606e-07
14279,,8.732393619018146e-07
14280,,8.732389440357517e-07
14281,,8.732387386608925e-07
14282,,8.732385878662696e-07
14283,,8.732377863985874e-07
14284,,8.732373628251444e-07
14285,,8.732371559860394e-07
14286,,8.732370048146143e-07
14287,,8.732362110507972e-07
14288,,8.732357816568357e-07
14289,,8.732355733216229e-07
14290,,8.732354217668235e-07
14291,,8.73234635863632e-07
14292,,8.732342005326105e-07
14293,,8.73233990670962e-07
14294,,8.732338387249138e-07
14295,,8.732330608378776e-07
14296,,8.732326194495687e-07
14297,,8.732324080343652e-07
14298,,8.732322556879746e-07
14299,,8.732314859776863e-07
14300,,8.732310384163655e-07
14301,,8.732308254097837e-07
14302,,8.732306726557384e-07
14303,,8.732299112871694e-07
14304,,8.732294574209269e-07
14305,,8.732292428026616e-07
14306,,8.732290896321083e-07
14307,,8.732283367693935e-07
14308,,8.732278764797406e-07
14309,,8.732276602065745e-07
14310,,8.732275066100525e-07
14311,,8.732267624252854e-07
14312,,8.732262955789163e-07
14313,,8.732260776233775e-07
14314,,8.732259235993395e-07
14315,,8.732251882620056e-07
14316,,8.73224714729952e-07
14317,,8.732244950588017e-07
14318,,8.732243405900478e-07
14319,,8.732236142803371e-07
14320,,8.7322313393343e-07
14321,,8.732229125073064e-07
14322,,8.732227575890383e-07
14323,,8.732220404871608e-07
14324,,8.7322155317951e-07
14325,,8.732213299700994e-07
14326,,8.732211745939029e-07
14327,,8.732204668818225e-07
14328,,8.73219972479012e-07
14329,,8.732197474497588e-07
14330,,8.732195916042298e-07
14331,,8.732188934724707e-07
14332,,8.732183918336888e-07
14333,,8.732181649416308e-07
14334,,8.732180086214911e-07
14335,,8.732173202548455e-07
14336,,8.732168112399688e-07
14337,,8.732165824514054e-07
14338,,8.73216425644478e-07
14339,,8.732157472435442e-07
14340,,8.732152306976743e-07
14341,,8.732149999773038e-07
14342,,8.732148426730641e-07
14343,,8.732147042276834e-07
14344,,8.73213650211119e-07
14345,,8.732134175183791e-07
14346,,8.732132597099122e-07
14347,,8.732131211331415e-07
14348,,8.732120697816606e-07
14349,,8.732118350736741e-07
14350,,8.732116767524408e-07
14351,,8.732115380421514e-07
14352,,8.732104894068892e-07
14353,,8.732102526524662e-07
14354,,8.73210093797145e-07
14355,,8.732099549539738e-07
14356,,8.732089090920816e-07
14357,,8.732086702425739e-07
14358,,8.732085108559512e-07
14359,,8.732083718731562e-07
14360,,8.73207328834476e-07
14361,,8.732070878546152e-07
14362,,8.732069279122925e-07
14363,,8.732067887914747e-07
14364,,8.73205748641387e-07
14365,,8.732055054789328e-07
14366,,8.732053449844499e-07
14367,,8.73205205716422e-07
14368,,8.73204168504588e-07
14369,,8.732039231251631e-07
14370,,8.732037620551079e-07
14371,,4.926747359266577
14372,,88367.49929215603
14373,,4.867583350690974
14374,,694.3201540101842
14375,,4.7926514547951795
14376,,2.9722880045253883
14377,,1.690698462419312
14378,,1.7752133234194616
14379,,1.6481505358408353
14380,,1.6171533422344149
14381,,2.472957312003075
14382,,1.5999174190486265
14383,,1.5428169302730408
14384,,1.5497693473699936
14385,,1.4644737040816131
14386,,1.4056617465518215
14387,,1.4041911599858372
14388,,1.4041519776831537
14389,,1.4041509319685368
14390,,1.4041509040588067
14391,,1.4041509033139097
14392,,1.4041509032940278
14393,,1.4041509032935011
14394,,1.4041509032934802
14395,,1.4041509032934802
14396,,0.9304080491885287
14397,,0.7122154500255333
14398,,0.6182234464748244
14399,,0.5712444986615842
14400,,1.2472030578847368
14401,,0.5594491265441373
14402,,0.5294012338408822
14403,,0.4915148155537157
14404,,0.4214421661167776
14405,,0.14817730275615418
14406,,0.09970959854018763
14407,,0.2515165557282801
14408,,0.0892309475946371
14409,,0.07530211040756657
14410,,0.511541109211519
14411,,0.07112799100496367
14412,,0.0622501783441375
14413,,0.05597404861085321
14414,,0.05111478270837832
14415,,0.05046722896086602
14416,,0.05031584330617878
14417,,0.050275952381369
14418,,0.05026510981087385
14419,,0.050262137896627986
14420,,0.050261321429843825
14421,,0.050261096982261284
14422,,0.050261035270676525
14423,,0.05026101830234344
14424,,0.050261013636639075
14425,,0.05026101235372513
14426,,0.050261012000966575
14427,,0.0502610119039694
14428,,0.05026101187729861
14429,,0.05026101186996477
14430,,0.050261011867949394
14431,,0.05026101186739434
14432,,0.050261011867241454
14433,,0.050261011867200535
14434,,0.05026101186718817
14435,,0.05026101186718468
14436,,0.050261011867184534
14437,,0.05087653679883176
14438,,0.04528491033130475
14439,,0.048103574905540555
14440,,0.04320377352457324
14441,,0.04002858718095971
14442,,0.031249094891346023
14443,,0.02643434494820953
14444,,0.02161665873700069
14445,,0.025300585658096546
14446,,0.02039207174294018
14447,,0.019613213902371703
14448,,0.019187848995175064
14449,,0.0181036264090685
14450,,0.016357543745044965
14451,,0.01327602671026653
14452,,0.011947219768669052
14453,,0.011020694580493215
14454,,0.00992308628201067
14455,,0.00831424655785697
14456,,0.0065828110029781265
14457,,0.004565958957997987
14458,,0.0029533780946550876
14459,,0.0023409271263979646
14460,,0.002046209217199174
14461,,0.0017756833660161082
14462,,0.0014749969487047527
14463,,0.0012305816396885798
14464,,0.0009917394167146313
14465,,0.0009358033763673501
14466,,0.0009183621207995134
14467,,0.0009144035413866303
14468,,0.0009111750583532894
14469,,0.0009035147414725769
14470,,0.0008905917033587267
14471,,0.0008662500939060492
14472,,0.0008109219980679422
14473,,0.0006918165718196946
14474,,0.0005100732627475338
14475,,0.00035611541096277764
14476,,0.00023588886374002754
14477,,0.00020956312328569555
14478,,0.00020503987526821203
14479,,0.00020317331929753604
14480,,0.0001999833738199702
14481,,0.00019200710944822585
14482,,0.00017519669415027455
14483,,0.00015848377049653016
14484,,0.00014421465847336225
14485,,0.00013570889894945294
14486,,0.00013147857930631386
14487,,0.0001285585712917666
14488,,0.00012397811275235954
14489,,0.00011915627712430372
14490,,0.00011629125153084177
14491,,0.00011548475852957094
14492,,0.00011521695384016247
14493,,0.00011495730124049421
14494,,0.0001143103213968959
14495,,0.00011332573011750192
14496,,0.00011113555199049618
14497,,0.0001061079681048394
14498,,9.625624618794053e-05
14499,,8.369683264926995e-05
14500,,7.2219867120314e-05
14501,,6.667009865705182e-05
14502,,6.47769689569451e-05
14503,,6.413085254184628e-05
14504,,6.347528605149648e-05
14505,,6.102047139140334e-05
14506,,5.680132880705422e-05
14507,,5.1856414632488635e-05
14508,,4.888948109150494e-05
14509,,4.78378492172124e-05
14510,,4.758770409678767e-05
14511,,4.74667975920618e-05
14512,,4.721670903712581e-05
14513,,4.6623091310797354e-05
14514,,4.521794234697736e-05
14515,,4.239947640882332e-05
14516,,3.744205712033289e-05
14517,,3.1081787304923725e-05
14518,,2.632410045602962e-05
14519,,2.4010311770439166e-05
14520,,2.3574496556788273e-05
14521,,2.352310009778596e-05
14522,,2.3513292716541547e-05
14523,,2.3493582808633707e-05
14524,,2.3415245840205007e-05
14525,,2.325118413263182e-05
14526,,2.2941433344214143e-05
14527,,2.2079246785884066e-05
14528,,2.052235454976471e-05
14529,,1.7950490213631887e-05
14530,,1.5328410952039196e-05
14531,,1.3195328972860556e-05
14532,,1.2594267091489447e-05
14533,,1.249101339595438e-05
14534,,1.2470304367903835e-05
14535,,1.2428468927611385e-05
14536,,1.2237839836240287e-05
14537,,1.1871963645511107e-05
14538,,1.1018293726876164e-05
14539,,9.489550318273231e-06
14540,,7.269935314377271e-06
14541,,5.223767971458563e-06
14542,,4.0246452271888615e-06
14543,,3.5607543532585155e-06
14544,,3.5080854829601864e-06
14545,,3.504720672153218e-06
14546,,3.504490003168162e-06
14547,,3.50446540665785e-06
14548,,3.5044530351601312e-06
14549,,3.5043768017621474e-06
14550,,3.5043381467599225e-06
14551,,3.5043248577269515e-06
14552,,3.504312980356994e-06
14553,,3.5042127725417686e-06
14554,,3.5041970203324503e-06
14555,,3.5041847865543173e-06
14556,,3.5040931076848513e-06
14557,,3.5040702304046664e-06
14558,,3.5040568913293616e-06
14559,,3.503991554003712e-06
14560,,3.5038722800840823e-06
14561,,3.502974160237586e-06
14562,,3.4997605639018234e-06
14563,,3.4916924078790847e-06
14564,,3.476076384665599e-06
14565,,3.4441380764606413e-06
14566,,3.3819764324919475e-06
14567,,3.2632263521741244e-06
14568,,3.0264100555151448e-06
14569,,2.6358646286232897e-06
14570,,2.2836926899513305e-06
14571,,2.0974066564053722e-06
14572,,2.0376570151264544e-06
14573,,2.0295576461846556e-06
14574,,2.0288189706201183e-06
14575,,2.028760531838892e-06
14576,,2.0287554803588555e-06
14577,,2.0287526330122756e-06
14578,,2.0287339555731196e-06
14579,,2.0287258223298435e-06
14580,,2.0287227509179795e-06
14581,,2.028720000368631e-06
14582,,2.0286968008773067e-06
14583,,2.028692946812752e-06
14584,,2.028690106992528e-06
14585,,2.028672436814324e-06
14586,,2.0286638316280977e-06
14587,,2.0286603197559594e-06
14588,,2.028657485653762e-06
14589,,2.0286547495398596e-06
14590,,2.028632867297032e-06
14591,,2.0286279851266947e-06
14592,,2.028624911113937e-06
14593,,2.028622133797345e-06
14594,,2.0286092480415093e-06
14595,,2.028596873255081e-06
14596,,2.028592541039994e-06
14597,,2.028589552655383e-06
14598,,2.0285867889229833e-06
14599,,2.028571568850796e-06
14600,,2.028561143437251e-06
14601,,2.0285571347349295e-06
14602,,2.028554200191531e-06
14603,,2.0285514454754835e-06
14604,,2.028534412329144e-06
14605,,2.028525498527472e-06
14606,,2.0285217427762083e-06
14607,,2.028518850605607e-06
14608,,2.0285161030148576e-06
14609,,2.0284976157101144e-06
14610,,2.028489914213641e-06
14611,,2.028486361456484e-06
14612,,2.028483503313391e-06
14613,,2.0284807614598124e-06
14614,,2.028461104845529e-06
14615,,2.028454378243321e-06
14616,,2.0284509887543453e-06
14617,,2.0284481579795343e-06
14618,,2.0284454207518814e-06
14619,,2.0284248236871274e-06
14620,,2.028418881256658e-06
14621,,2.028415623096095e-06
14622,,2.0284128143472242e-06
14623,,2.028410080848052e-06
14624,,2.028388727404899e-06
14625,,2.028383415735378e-06
14626,,2.0283802632209807e-06
14627,,2.0283774722056998e-06
14628,,2.028374741709456e-06
14629,,2.028352779945495e-06
14630,,2.028347975655037e-06
14631,,2.0283449081283043e-06
14632,,2.0283421313773076e-06
14633,,2.028329692502934e-06
14634,,2.0283169523153574e-06
14635,,2.0283125561537707e-06
14636,,2.028309556999259e-06
14637,,2.0283067917324293e-06
14638,,2.028292000777622e-06
14639,,2.0282812211959654e-06
14640,,2.0282771533271383e-06
14641,,2.0282742091753084e-06
14642,,2.028271453163961e-06
14643,,2.028254770345816e-06
14644,,2.0282455678351242e-06
14645,,2.028241764044611e-06
14646,,2.0282388641419626e-06
14647,,2.028236115575478e-06
14648,,2.028217911083329e-06
14649,,2.028209977128044e-06
14650,,2.0282063857669025e-06
14651,,2.028203521471837e-06
14652,,2.028200778906448e-06
14653,,2.0281813505043863e-06
14654,,2.028174436945746e-06
14655,,2.028171016463111e-06
14656,,2.0281681808191093e-06
14657,,2.028165443092663e-06
14658,,2.028145030293272e-06
14659,,2.0281389375259077e-06
14660,,2.028135654509596e-06
14661,,2.028132841917367e-06
14662,,2.0281301080912755e-06
14663,,2.0281089035607484e-06
14664,,2.028103471020652e-06
14665,,2.028100298581126e-06
14666,,2.0280975045406624e-06
14667,,2.0280947738633795e-06
14668,,2.028072932565023e-06
14669,,2.028068031105464e-06
14670,,2.02806494762798e-06
14671,,2.02806216852114e-06
14672,,2.0280502954701595e-06
14673,,2.0280370869693504e-06
14674,,2.0280326127094198e-06
14675,,2.0280296007906283e-06
14676,,2.0280268337051072e-06
14677,,2.028012498619186e-06
14678,,2.028001342353781e-06
14679,,2.027997211734505e-06
14680,,2.027994257388851e-06
14681,,2.0279914999871424e-06
14682,,2.0279751845724296e-06
14683,,2.0279656790976693e-06
14684,,2.0279618249004247e-06
14685,,2.027958916875258e-06
14686,,2.02795616726864e-06
14687,,2.027938259014417e-06
14688,,2.0279300814053144e-06
14689,,2.02792644956332e-06
14690,,2.0279235788065434e-06
14691,,2.027920835479104e-06
14692,,2.0279016460660948e-06
14693,,2.027894536566239e-06
14694,,2.0278910835936596e-06
14695,,2.0278882428263946e-06
14696,,2.027885504555869e-06
14697,,2.0278652846937953e-06
14698,,2.02785903436413e-06
14699,,2.027855725284392e-06
14700,,2.0278529086429983e-06
14701,,2.027850174452034e-06
14702,,2.0278291258048837e-06
14703,,2.0278235665818414e-06
14704,,2.0278203732506095e-06
14705,,2.0278175760328345e-06
14706,,2.027814845131022e-06
14707,,2.0277931299073225e-06
14708,,2.027788126609865e-06
14709,,2.0277850263982863e-06
14710,,2.0277822448077017e-06
14711,,2.0277795165629196e-06
14712,,2.0277572652419674e-06
14713,,2.027752709129179e-06
14714,,2.0277496838240106e-06
14715,,2.02774691481439e-06
14716,,2.0277330572674274e-06
14717,,2.0277215062562655e-06
14718,,2.027717309861685e-06
14719,,2.0277143448196526e-06
14720,,2.027711585938635e-06
14721,,2.027695655386965e-06
14722,,2.0276858324035815e-06
14723,,2.0276819253628635e-06
14724,,2.0276790088067677e-06
14725,,2.0276762580844027e-06
14726,,2.0276586601261927e-06
14727,,2.027650227148735e-06
14728,,2.0276465528676385e-06
14729,,2.0276436753231316e-06
14730,,2.027640931170658e-06
14731,,2.0276219920577393e-06
14732,,2.027614677188231e-06
14733,,2.0276111901480787e-06
14734,,2.0276083439946942e-06
14735,,2.0276056051338953e-06
14736,,2.0275855873141567e-06
14737,,2.0275791718374854e-06
14738,,2.0275758354177215e-06
14739,,2.0275730145218875e-06
14740,,2.0275702799337e-06
14741,,2.0275493944900965e-06
14742,,2.027543702486653e-06
14743,,2.0275404872368195e-06
14744,,2.0275376866630186e-06
14745,,2.0275349555148765e-06
14746,,2.027513372263802e-06
14747,,2.0275082622132555e-06
14748,,2.0275051444364038e-06
14749,,2.0275023602236342e-06
14750,,2.0274996318609684e-06
14751,,2.027477487375243e-06
14752,,2.0274728454520866e-06
14753,,2.0274698061001557e-06
14754,,2.0274670350505637e-06
14755,,2.027453677865688e-06
14756,,2.0274417130889726e-06
14757,,2.027437447733378e-06
14758,,2.027434471459365e-06
14759,,2.027431711014566e-06
14760,,2.0274161836685138e-06
14761,,2.0274060278890727e-06
14762,,2.0274020654410022e-06
14763,,2.0273991399258386e-06
14764,,2.027396388018704e-06
14765,,2.0273791151071645e-06
14766,,2.02737041446829e-06
14767,,2.027366695692348e-06
14768,,2.0273638110093974e-06
14769,,2.027361065978961e-06
14770,,2.027342389040662e-06
14771,,2.0273348589069267e-06
14772,,2.0273313361439374e-06
14773,,2.0273284843204385e-06
14774,,2.027325744835172e-06
14775,,2.027305938588629e-06
14776,,2.0272993500090116e-06
14777,,2.027295984926775e-06
14778,,2.027293159545319e-06
14779,,2.027290424525155e-06
14780,,2.027269709967504e-06
14781,,2.027263878776271e-06
14782,,2.027260640538919e-06
14783,,2.027257836427026e-06
14784,,2.0272551050117947e-06
14785,,2.0272336599025573e-06
14786,,2.0272284379517486e-06
14787,,2.0272253017549804e-06
14788,,2.0272225147741703e-06
14789,,2.027219786262159e-06
14790,,2.0271977535863205e-06
14791,,2.0271930217122745e-06
14792,,2.027189967606949e-06
14793,,2.0271871944113664e-06
14794,,2.02717436145471e-06
14795,,2.027161963024987e-06
14796,,2.0271576253759985e-06
14797,,2.0271546373109046e-06
14798,,2.027151875210089e-06
14799,,2.027136770285625e-06
14800,,2.027126265697906e-06
14801,,2.027122245162529e-06
14802,,2.0271193102338637e-06
14803,,2.0271165570677845e-06
14804,,2.0270996246716103e-06
14805,,2.0270906434832265e-06
14806,,2.0270868780468177e-06
14807,,2.0270839858692628e-06
14808,,2.0270812399007953e-06
14809,,2.027062837576109e-06
14810,,2.027055081809663e-06
14811,,2.0270515215853017e-06
14812,,2.0270486638020287e-06
14813,,2.0270459236365724e-06
14814,,2.0270263389953237e-06
14815,,2.027019568964312e-06
14816,,2.0270161738134256e-06
14817,,2.027013343711817e-06
14818,,2.0270106082161333e-06
14819,,2.0269900726188023e-06
14820,,2.026984095510342e-06
14821,,2.026980833161072e-06
14822,,2.026978025330649e-06
14823,,2.0269752936059672e-06
14824,,2.0269539931376976e-06
14825,,2.026948653872797e-06
14826,,2.0269454983480083e-06
14827,,2.0269427084457866e-06
14828,,2.0269399797638246e-06
14829,,2.026918064122673e-06
14830,,2.0269132379451876e-06
14831,,2.0269101683652318e-06
14832,,2.0269073928876445e-06
14833,,2.0268951092778607e-06
14834,,2.0268822562638466e-06
14835,,2.026877842811352e-06
14836,,2.0268748423817137e-06
14837,,2.0268720785238536e-06
14838,,2.0268574162106123e-06
14839,,2.0268465459809823e-06
14840,,2.026842464540698e-06
14841,,2.026839519732414e-06
14842,,2.026836765230201e-06
14843,,2.0268201895831806e-06
14844,,2.02681091430902e-06
14845,,2.0268070999477903e-06
14846,,2.026804199892514e-06
14847,,2.0268014529270238e-06
14848,,2.026783338283031e-06
14849,,2.0267753459969477e-06
14850,,2.0267717464805735e-06
14851,,2.0267688824427973e-06
14852,,2.026766141538319e-06
14853,,2.0267467890110455e-06
14854,,2.0267398287728782e-06
14855,,2.026736402088485e-06
14856,,2.0267335670231387e-06
14857,,2.026730831013932e-06
14858,,2.026710482811103e-06
14859,,2.026704352761699e-06
14860,,2.0267010651141957e-06
14861,,2.0266982533656077e-06
14862,,2.0266955213000133e-06
14863,,2.0266743722675534e-06
14864,,2.0266689100221733e-06
14865,,2.02666573422794e-06
14866,,2.026662941247122e-06
14867,,2.026660212361804e-06
14868,,2.026638419221805e-06
14869,,2.0266334941792287e-06
14870,,2.026630408363933e-06
14871,,2.0266276304843862e-06
14872,,2.0266249041717494e-06
14873,,2.0266025929937533e-06
14874,,2.0265981000815812e-06
14875,,2.0265950866556424e-06
14876,,2.0265923209419776e-06
14877,,2.0265781223955727e-06
14878,,2.0265668688989784e-06
14879,,2.0265627236032295e-06
14880,,2.0265597684182487e-06
14881,,2.026557012494525e-06
14882,,2.0265408106317557e-06
14883,,2.0265312270770147e-06
14884,,2.0265273614204045e-06
14885,,2.0265244530936286e-06
14886,,2.0265217050492857e-06
14887,,2.0265038917975766e-06
14888,,2.026495651570099e-06
14889,,2.0264920108524866e-06
14890,,2.026489140230995e-06
14891,,2.026486398544332e-06
14892,,2.0264672891544237e-06
14893,,2.0264601295110502e-06
14894,,2.026456669757531e-06
14895,,2.026453829474224e-06
14896,,2.026451092901662e-06
14897,,2.02643094098456e-06
14898,,2.0264246505802333e-06
14899,,2.0264213364005272e-06
14900,,2.0264185205247293e-06
14901,,2.0264157880848374e-06
14902,,2.0263947976385865e-06
14903,,2.0263892064590442e-06
14904,,2.0263860093909766e-06
14905,,2.0263832131597434e-06
14906,,2.026380484050769e-06
14907,,2.0263588191647983e-06
14908,,2.026353790457565e-06
14909,,2.026350687606164e-06
14910,,2.02634790719311e-06
14911,,2.026345180768959e-06
14912,,2.026322973441386e-06
14913,,2.0263183972082715e-06
14914,,2.026315370147079e-06
14915,,2.0263126024679075e-06
14916,,2.02629888993101e-06
14917,,2.026287234626393e-06
14918,,2.0262830223701348e-06
14919,,2.026280056293324e-06
14920,,2.026277298856768e-06
14921,,2.0262614886731956e-06
14922,,2.0262515819307266e-06
14923,,2.026247662473609e-06
14924,,2.0262447454526614e-06
14925,,2.026241996278727e-06
14926,,2.0262244988010775e-06
14927,,2.0262159986292277e-06
14928,,2.0262123147135225e-06
14929,,2.0262094371676194e-06
14930,,2.02620669464124e-06
14931,,2.026187839969904e-06
14932,,2.026180471275794e-06
14933,,2.026176976833953e-06
14934,,2.02617413105673e-06
14935,,2.0261713938818207e-06
14936,,2.0261514475617988e-06
14937,,2.026144989043026e-06
14938,,2.0261416470299426e-06
14939,,2.0261388268133524e-06
14940,,2.0261360939624297e-06
14941,,2.0261152695862745e-06
14942,,2.026109543228797e-06
14943,,2.0261063238422503e-06
14944,,2.0261035241973625e-06
14945,,2.0261007948260008e-06
14946,,2.0260792642147306e-06
14947,,2.026074126831132e-06
14948,,2.026071006096217e-06
14949,,2.026068223007276e-06
14950,,2.026065496450555e-06
14951,,2.026043397820754e-06
14952,,2.026038734224323e-06
14953,,2.0260356928500213e-06
14954,,2.0260329230903905e-06
14955,,2.0260197198593876e-06
14956,,2.0260076433391398e-06
14957,,2.026003360870505e-06
14958,,2.0260003833553002e-06
14959,,2.0259976243166315e-06
14960,,2.0259822245503034e-06
14961,,2.0259719790018345e-06
14962,,2.0259680031308347e-06
14963,,2.0259650769841584e-06
14964,,2.02596232658923e-06
14965,,2.0259451599814354e-06
14966,,2.025936387301679e-06
14967,,2.0259326580667805e-06
14968,,2.025929773255488e-06
14969,,2.025927029823175e-06
14970,,2.0259084420204337e-06
14971,,2.0259008541489947e-06
14972,,2.0258973233261577e-06
14973,,2.0258944717753976e-06
14974,,2.025891733947581e-06
14975,,2.025872003000128e-06
14976,,2.0258653682188827e-06
14977,,2.025861997009287e-06
14978,,2.025859172219093e-06
14979,,2.025856438916633e-06
14980,,2.025835788479384e-06
14981,,2.025829920390322e-06
14982,,2.0258266775883705e-06
14983,,2.025823874331456e-06
14984,,2.0258211446787175e-06
14985,,2.0257997546819012e-06
14986,,2.025794503341119e-06
14987,,2.0257913638389745e-06
14988,,2.025788577923502e-06
14989,,2.0257858512080747e-06
14990,,2.025763866375786e-06
14991,,2.0257591111718225e-06
14992,,2.0257560547766773e-06
14993,,2.025753282811491e-06
14994,,2.0257406133868397e-06
14995,,2.025728095230203e-06
14996,,2.0257237391297385e-06
14997,,2.0257207495999815e-06
14998,,2.025717988870966e-06
14999,,2.0257030192352367e-06
15000,,2.0256924184411514e-06
15001,,2.025688383409409e-06
15002,,2.0256854476760786e-06
15003,,2.0256826959935116e-06
15004,,2.0256658760990713e-06
15005,,2.0256568176947257e-06
15006,,2.025653040937791e-06
15007,,2.025650148482056e-06
15008,,2.0256474040873326e-06
15009,,2.0256290958988188e-06
15010,,2.025621278228843e-06
15011,,2.0256177092457724e-06
15012,,2.025614851613093e-06
15013,,2.025612113092802e-06
15014,,2.0255926077647578e-06
15015,,2.0255857881765215e-06
15016,,2.025582386337188e-06
15017,,2.025579556740161e-06
15018,,2.025576822946415e-06
15019,,2.025556354700749e-06
15020,,2.0255503380041947e-06
15021,,2.0255470706351864e-06
15022,,2.025544263590125e-06
15023,,2.0255415336070263e-06
15024,,2.0255202908556435e-06
15025,,2.025514920028491e-06
15026,,2.0255117608377463e-06
15027,,2.0255089719420535e-06
15028,,2.02550624504496e-06
15029,,2.025484379335579e-06
15030,,2.0254795280775787e-06
15031,,2.025476455913764e-06
15032,,2.0254736816287225e-06
15033,,2.025461571654038e-06
15034,,2.025448590481293e-06
15035,,2.025444157178171e-06
15036,,2.0254411550369883e-06
15037,,2.0254383925111624e-06
15038,,2.025423873649117e-06
15039,,2.025412900415809e-06
15040,,2.02540880333601e-06
15041,,2.0254058575264023e-06
15042,,2.02540310447491e-06
15043,,2.0253866479215906e-06
15044,,2.0253772899430316e-06
15045,,2.0253734633417754e-06
15046,,2.0253705628551758e-06
15047,,2.025367817433981e-06
15048,,2.025349802234379e-06
15049,,2.025341743612234e-06
15050,,2.0253381346031353e-06
15051,,2.02533527059142e-06
15052,,2.0253325313109274e-06
15053,,2.0253132623820724e-06
15054,,2.0253062490091293e-06
15055,,2.0253028150463044e-06
15056,,2.025299980376737e-06
15057,,2.0252972460497804e-06
15058,,2.0252769686674516e-06
15059,,2.025270796131155e-06
15060,,2.025267502987503e-06
15061,,2.0252646919404148e-06
15062,,2.025261961606426e-06
15063,,2.0252408730800743e-06
15064,,2.0252353769446104e-06
15065,,2.0252321970898985e-06
15066,,2.025229405047937e-06
15067,,2.0252266779422862e-06
15068,,2.0252049369868927e-06
15069,,2.025199984985828e-06
15070,,2.0251968962699916e-06
15071,,2.0251941195291106e-06
15072,,2.0251913950224734e-06
15073,,2.025169129319327e-06
15074,,2.025164615042089e-06
15075,,2.025161599653759e-06
15076,,2.0251588352290347e-06
15077,,2.025144788852148e-06
15078,,2.0251334250865332e-06
15079,,2.0251292629333024e-06
15080,,2.0251263065449342e-06
15081,,2.0251235520347468e-06
15082,,2.0251074762835387e-06
15083,,2.025097804174081e-06
15084,,2.025093925291908e-06
15085,,2.025091016370634e-06
15086,,2.025088269851844e-06
15087,,2.0250705616898183e-06
15088,,2.0250622504125177e-06
15089,,2.025058599415836e-06
15090,,2.0250557286874344e-06
15091,,2.025052988602678e-06
15092,,2.0250339673662144e-06
15093,,2.0250267507923544e-06
15094,,2.0250232831210444e-06
15095,,2.0250204431207134e-06
15096,,2.0250177082203547e-06
15097,,2.024997630788315e-06
15098,,2.0249912948439744e-06
15099,,2.0249879746542566e-06
15100,,2.024985159391537e-06
15101,,2.024982428669642e-06
15102,,2.0249615016733926e-06
15103,,2.0249558741478923e-06
15104,,2.024952672609186e-06
15105,,2.024949877251363e-06
15106,,2.0249471498983455e-06
15107,,2.024925539576539e-06
15108,,2.0249204819314236e-06
15109,,2.0249173758497264e-06
15110,,2.024914596510655e-06
15111,,2.0249118718872486e-06
15112,,2.0248897119527307e-06
15113,,2.0248851127550753e-06
15114,,2.0248820834629478e-06
15115,,2.024879317025639e-06
15116,,2.0248657658717766e-06
15117,,2.0248539926239065e-06
15118,,2.024849762224556e-06
15119,,2.0248467947185167e-06
15120,,2.0248440386642538e-06
15121,,2.0248283620232344e-06
15122,,2.0248183605333366e-06
15123,,2.0248144268129946e-06
15124,,2.024811509025004e-06
15125,,2.024808761335182e-06
15126,,2.024791374951536e-06
15127,,2.024782798737423e-06
15128,,2.024779103691358e-06
15129,,2.024776225904235e-06
15130,,2.0247734849530065e-06
15131,,2.0247547232687316e-06
15132,,2.0247472936138903e-06
15133,,2.0247437905812125e-06
15134,,2.0247409449807445e-06
15135,,2.024738209457444e-06
15136,,2.024718341509979e-06
15137,,2.024711834206006e-06
15138,,2.024708485638353e-06
15139,,2.0247056659389567e-06
15140,,2.024702934790704e-06
15141,,2.024682177015136e-06
15142,,2.0246764116900692e-06
15143,,2.024673187389644e-06
15144,,2.0246703885387447e-06
15145,,2.024667660917872e-06
15146,,2.024646187410867e-06
15147,,2.024641018971108e-06
15148,,2.024637894652217e-06
15149,,2.0246351125736615e-06
15150,,2.024632387810307e-06
15151,,2.0246103386153657e-06
15152,,2.024605650349139e-06
15153,,2.0246026064622335e-06
15154,,2.024599837898879e-06
15155,,2.024586805895906e-06
15156,,2.0245746032145047e-06
15157,,2.024570301228743e-06
15158,,2.0245673220559384e-06
15159,,2.024564564365461e-06
15160,,2.0245493060758617e-06
15161,,2.0245389591564303e-06
15162,,2.0245349679229218e-06
15163,,2.0245320408185523e-06
15164,,2.0245292918820903e-06
15165,,2.024512242749766e-06
15166,,2.0245033887002754e-06
15167,,2.024499647453247e-06
15168,,2.024496762243782e-06
15169,,2.02449402036647e-06
15170,,2.024475530686292e-06
15171,,2.0244678775710867e-06
15172,,2.024464337439095e-06
15173,,2.024461485936676e-06
15174,,27.4063111779813
15175,,77349.420902525
15176,,27.228476217553442
15177,,520.5636228807323
15178,,26.951420056670003
15179,,7.808126640066057
15180,,7.72317985511113
15181,,3.608524581233255
15182,,7.396632793394724
15183,,3.5714984718073532
15184,,3.1596972565524437
15185,,3.1443308566034847
15186,,2.933004223446093
15187,,85.81023820107913
15188,,2.923871179503757
15189,,3.051550510378488
15190,,2.8757734769165713
15191,,2.8221757165988293
15192,,3.859754773446208
15193,,2.8065135509255326
15194,,2.7309618907433704
15195,,2.6271812552763607
15196,,2.553086042564707
15197,,1.9620204982769365
15198,,1.660833904008595
15199,,3.055086851126636
15200,,1.5762795061227513
15201,,1.3661351573959708
15202,,0.805503292464836
15203,,0.7047801971759777
15204,,0.6036088878816284
15205,,0.5341553752229008
15206,,0.533062309020208
15207,,0.5330366355213804
15208,,0.5330360273688667
15209,,0.5330360129600912
15210,,0.5330360126187076
15211,,0.5330360126106163
15212,,0.5330360126104273
15213,,0.5330360126104186
15214,,0.5330360126104189
15215,,46.56570327020725
15216,,0.5248053393359237
15217,,0.6191612641684032
15218,,0.49416595541360997
15219,,0.46872393646428223
15220,,4.6245320127445675
15221,,0.46244861068107107
15222,,0.4309580050289328
15223,,0.4130127372617527
15224,,0.41231545526689406
15225,,0.41228299551559905
15226,,0.4122814723372921
15227,,0.41228140083520953
15228,,0.41228139747865167
15229,,0.41228139732108043
15230,,0.41228139731368324
15231,,0.41228139731333907
15232,,0.41228139731332164
15233,,0.4122813973133208
15234,,0.41228139731332064
15235,,0.41228139731332064
15236,,1.9528923735151554e+24
15237,,1.999897830305397e+18
15238,,0.41228139721514295
15239,,2519133964523.973
15240,,0.41228064315547075
15241,,17414399.859552067
15242,,0.41119587262900503
15243,,28425.929103938866
15244,,0.40481998096768135
15245,,250.08429092785093
15246,,0.3981808612361911
15247,,2.334128596170568
15248,,0.39076431637676523
15249,,0.363050678009415
15250,,0.3629272479489196
15251,,0.3628788866586827
15252,,0.36272826718161133
15253,,0.3624045526254123
15254,,0.3616485672306801
15255,,0.3599300605174147
15256,,0.3560511236094227
15257,,0.34769613065591914
15258,,0.33008834604715054
15259,,0.29976695019214317
15260,,0.24789480350298343
15261,,0.18215459625668082
15262,,0.11518244041233903
15263,,0.0956426957519052
15264,,0.06933351326298176
15265,,0.05992928948284909
15266,,0.05199151298959969
15267,,0.04592541228807205
15268,,0.03712453053028707
15269,,0.03783155187945305
15270,,0.036733420324825385
15271,,0.037022395862429704
15272,,0.036323953427330115
15273,,0.035529736439836805
15274,,0.03388749962662211
15275,,0.02877817425567207
15276,,0.022041456009509117
15277,,0.018360823918758977
15278,,0.017379414109787834
15279,,0.016488134240510655
15280,,0.015306498185429371
15281,,0.012996072042376624
15282,,0.009605185018205228
15283,,0.007108205792521955
15284,,0.006601889525924522
15285,,0.006176968882776975
15286,,0.005917758330334435
15287,,0.005513225717566324
15288,,0.004922151775982267
15289,,0.004391942046629645
15290,,0.0040185392728824074
15291,,0.0037813319382803685
15292,,0.003575807291116998
15293,,0.00331489415989695
15294,,0.003026796025648364
15295,,0.0029335963363142626
15296,,0.002904578442709105
15297,,0.0028864784350303746
15298,,0.0028523085285832445
15299,,0.0027913741802729508
15300,,0.0026669645733125467
15301,,0.0023701207400009315
15302,,0.0019217283271518604
15303,,0.0014425050565816829
15304,,0.000815167885408555
15305,,0.0006642907599307282
15306,,0.000628305581652856
15307,,0.0006119120979070693
15308,,0.0006005380051174095
15309,,0.0005900115023066436
15310,,0.0005783658387482992
15311,,0.000561024308818352
15312,,0.00053822476087453
15313,,0.0005209116391730166
15314,,0.0004989374895880668
15315,,0.0004745504376748509
15316,,0.00044421491265616143
15317,,0.00042307389620178454
15318,,0.00041110691850246
15319,,0.0004017962503723915
15320,,0.0003900303653984336
15321,,0.0003745124381569242
15322,,0.00035476774744707914
15323,,0.00034573703364044794
15324,,0.000342055537755216
15325,,0.00033728448349573545
15326,,0.00032662564737322527
15327,,0.00030476476939534606
15328,,0.0002673265498422884
15329,,0.00021866186930875713
15330,,0.0004667892925435427
15331,,0.0002137376576942721
15332,,0.00018032036361883405
15333,,0.00016755433994054958
15334,,0.00016507300495639547
15335,,0.00016475004240359454
15336,,0.00016461019735126558
15337,,0.00016425716433321854
15338,,0.00016349527730073564
15339,,0.00016219994258364492
15340,,0.00016048893485029125
15341,,0.00015913050299706512
15342,,0.00015808552470530677
15343,,0.0001579248797088754
15344,,0.00015787119435865343
15345,,0.00015777206120605323
15346,,0.00015750427531601645
15347,,0.00015691055579946313
15348,,0.0001555300678607181
15349,,0.00015242754021570727
15350,,0.00014563992936195337
15351,,0.00013199187335423645
15352,,0.00010880098495731532
15353,,8.165886001783983e-05
15354,,6.237511300262637e-05
15355,,4.998459949253205e-05
15356,,4.8189525777557e-05
15357,,4.799653199036615e-05
15358,,4.7963421855878634e-05
15359,,4.789347252633172e-05
15360,,4.753028745354434e-05
15361,,4.681035176110392e-05
15362,,4.517121320657104e-05
15363,,4.177322170504741e-05
15364,,3.505171102355485e-05
15365,,2.4767072214267723e-05
15366,,1.4149987065899034e-05
15367,,8.130132853846092e-06
15368,,6.302143094065691e-06
15369,,6.019854405461541e-06
15370,,5.990065604176347e-06
15371,,5.986101803568565e-06
15372,,5.976637078045856e-06
15373,,5.935063194346069e-06
15374,,5.865020669162939e-06
15375,,5.320676611343548e-06
15376,,3.963273323132632e-06
15377,,3.598769950587784e-06
15378,,3.2885180593618892e-06
15379,,3.2724028892538223e-06
15380,,3.2713568378753985e-06
15381,,3.271200244292484e-06
15382,,3.2711416347167076e-06
15383,,3.2711226765815787e-06
15384,,3.271110558951726e-06
15385,,3.271101474892715e-06
15386,,3.271094243526402e-06
15387,,3.271062724106685e-06
15388,,3.2710575548580404e-06
15389,,3.27105334838027e-06
15390,,3.271028615320388e-06
15391,,3.2710223858737305e-06
15392,,3.2710184263585023e-06
15393,,3.271015057445597e-06
15394,,3.2709911885426626e-06
15395,,3.2709853846193814e-06
15396,,3.2709816535120292e-06
15397,,3.2709784332546144e-06
15398,,3.2709546242750103e-06
15399,,3.2709489705377773e-06
15400,,3.2709452911342356e-06
15401,,3.270942098281502e-06
15402,,3.270918245702406e-06
15403,,3.2709126699833383e-06
15404,,3.2709090048018047e-06
15405,,3.270905816143965e-06
15406,,3.2708819327471313e-06
15407,,3.2708763992749472e-06
15408,,3.2708727355857205e-06
15409,,3.2708695453006152e-06
15410,,3.270845663480821e-06
15411,,3.270840143298837e-06
15412,,3.2708364728373004e-06
15413,,3.2708332782178585e-06
15414,,3.2708094342592397e-06
15415,,3.270803899451133e-06
15416,,3.270800214641192e-06
15417,,3.2707970135328186e-06
15418,,3.2707732453338465e-06
15419,,3.270767667630515e-06
15420,,3.2707639607686915e-06
15421,,3.2707607509982057e-06
15422,,3.2707370981869063e-06
15423,,3.270731448339359e-06
15424,,3.2707277113427025e-06
15425,,3.2707244906402938e-06
15426,,3.2707009949605695e-06
15427,,3.270695242315412e-06
15428,,3.2706914666165642e-06
15429,,3.2706882325299487e-06
15430,,3.270664938383601e-06
15431,,3.270659050480638e-06
15432,,3.2706552268691666e-06
15433,,3.270651976755305e-06
15434,,3.2706289317718983e-06
15435,,3.2706228739264397e-06
15436,,3.2706189924579487e-06
15437,,3.2706157234224387e-06
15438,,3.2705929790840626e-06
15439,,3.2705867139296115e-06
15440,,3.270582763789749e-06
15441,,3.270579472668284e-06
15442,,3.270557084960716e-06
15443,,3.270550571955176e-06
15444,,3.2705465413210416e-06
15445,,3.2705432246337614e-06
15446,,3.270521254784467e-06
15447,,3.2705144497157205e-06
15448,,3.270510325591329e-06
15449,,3.2705069794709836e-06
15450,,3.2704854947688984e-06
15451,,3.2704783491434565e-06
15452,,3.270474117192154e-06
15453,,3.2704707373818928e-06
15454,,3.270449812013738e-06
15455,,3.2704422724577058e-06
15456,,3.2704379168091214e-06
15457,,3.2704344985688348e-06
15458,,3.270414214659593e-06
15459,,3.2704062221682178e-06
15460,,3.270401725226951e-06
15461,,3.2703982632692995e-06
15462,,3.270378711923373e-06
15463,,3.2703702011279975e-06
15464,,3.270365543311838e-06
15465,,3.2703620317584575e-06
15466,,3.2703433143189342e-06
15467,,3.2703342125635614e-06
15468,,3.2703293720568504e-06
15469,,3.2703258043296803e-06
15470,,3.270308033709016e-06
15471,,3.270298260120089e-06
15472,,3.2702932125832163e-06
15473,,3.270289581326177e-06
15474,,3.2702728835415076e-06
15475,,3.270262347919844e-06
15476,,3.2702570661419006e-06
15477,,3.2702533631420294e-06
15478,,3.2702501360833025e-06
15479,,3.2702264806011977e-06
15480,,3.270220934160967e-06
15481,,3.27021715020127e-06
15482,,3.2702138984746953e-06
15483,,3.27019066341315e-06
15484,,3.270184818228483e-06
15485,,3.270180942992357e-06
15486,,3.2701776634624626e-06
15487,,3.270154902241234e-06
15488,,3.270148720151467e-06
15489,,3.2701447420675057e-06
15490,,3.2701414312225976e-06
15491,,3.2701192037215295e-06
15492,,3.2701126419532003e-06
15493,,3.2701085480415477e-06
15494,,3.270105201943455e-06
15495,,3.2700835753345167e-06
15496,,3.270076585911965e-06
15497,,3.2700723616043697e-06
15498,,3.2700689758350238e-06
15499,,3.270048025490409e-06
15500,,3.270040554580962e-06
15501,,3.2700361835473994e-06
15502,,3.2700327531299515e-06
15503,,3.2700125636408227e-06
15504,,3.2700045508599877e-06
15505,,3.2700000147343554e-06
15506,,3.2699965340975222e-06
15507,,3.2699772004225097e-06
15508,,3.2699685779776872e-06
15509,,3.269963856165973e-06
15510,,3.2699603190414896e-06
15511,,3.269941947808766e-06
15512,,3.2699326395697433e-06
15513,,3.269927708937518e-06
15514,,3.269924108295844e-06
15515,,3.2699068192426026e-06
15516,,3.269896739742197e-06
15517,,3.269891574298445e-06
15518,,3.269887902246377e-06
15519,,3.2698718298389213e-06
15520,,3.269860883094552e-06
15521,,3.2698554536628883e-06
15522,,3.269851701310269e-06
15523,,3.269848458870112e-06
15524,,3.269825074795996e-06
15525,,3.2698193485876116e-06
15526,,3.2698155059709003e-06
15527,,3.269812236134124e-06
15528,,3.2697893206631995e-06
15529,,3.269783260850333e-06
15530,,3.269779316766018e-06
15531,,3.2697760161137335e-06
15532,,3.269753627239296e-06
15533,,3.2697471924424857e-06
15534,,3.2697431343066736e-06
15535,,3.269739799021784e-06
15536,,3.2697180018551706e-06
15537,,3.269711145596169e-06
15538,,3.269706959260354e-06
15539,,3.269703585034137e-06
15540,,3.26968245277526e-06
15541,,3.269675122814056e-06
15542,,3.2696707924001656e-06
15543,,3.2696673744058358e-06
15544,,3.2696469892658045e-06
15545,,3.269639126924375e-06
15546,,3.2696346345860744e-06
15547,,3.2696311673908876e-06
15548,,3.2696116217574225e-06
15549,,3.269603161111941e-06
15550,,3.269598486781945e-06
15551,,3.2695949642794806e-06
15552,,3.269576361962265e-06
15553,,3.2695672289204636e-06
15554,,3.2695623500709598e-06
15555,,3.2695587653957688e-06
15556,,3.26954122304801e-06
15557,,3.269531334375967e-06
15558,,3.269526225658909e-06
15559,,3.269522571130167e-06
15560,,3.269506219799123e-06
15561,,3.2694954819651545e-06
15562,,3.2694901149409817e-06
15563,,3.2694863818850205e-06
15564,,3.2694831459421056e-06
15565,,3.2694596767507884e-06
15566,,3.2694540194380846e-06
15567,,3.2694501981277133e-06
15568,,3.2694469354089726e-06
15569,,3.269423924409634e-06
15570,,3.269417940885522e-06
15571,,3.269414020390991e-06
15572,,3.2694107275659015e-06
15573,,3.2693882313325203e-06
15574,,3.269381881227479e-06
15575,,3.269377849265025e-06
15576,,3.269374522592021e-06
15577,,3.26935260470292e-06
15578,,3.269345842644813e-06
15579,,3.2693416854165565e-06
15580,,3.2693383206938223e-06
15581,,3.2693170525774272e-06
15582,,3.2693098275838487e-06
15583,,3.269305529575471e-06
15584,,3.2693021220968134e-06
15585,,3.2692815840285805e-06
15586,,3.2692738388220145e-06
15587,,3.269269382599069e-06
15588,,3.269265927057494e-06
15589,,3.2692462092233336e-06
15590,,3.2692378794374877e-06
15591,,3.269233245421723e-06
15592,,3.269229735860245e-06
15593,,3.269210939616223e-06
15594,,3.269201952920347e-06
15595,,3.269197119106771e-06
15596,,3.269193548822621e-06
15597,,3.2691757880621254e-06
15598,,3.2691660631807354e-06
15599,,3.2691610048434135e-06
15600,,3.269157366317511e-06
15601,,3.269140769014322e-06
15602,,3.2691302146208005e-06
15603,,3.269124903969208e-06
15604,,3.269121188747835e-06
15605,,3.2691179589473114e-06
15606,,3.2690944121742273e-06
15607,,3.269088817986819e-06
15608,,3.2690850165678073e-06
15609,,3.2690817606116104e-06
15610,,3.2690586613927065e-06
15611,,3.269052748579671e-06
15612,,3.2690488502925134e-06
15613,,3.2690455649374957e-06
15614,,3.2690229685205088e-06
15615,,3.2690166976568663e-06
15616,,3.2690126904966917e-06
15617,,3.2690093720916452e-06
15618,,3.268987340561233e-06
15619,,3.268980667341094e-06
15620,,3.268976537839851e-06
15621,,3.268973182282526e-06
15622,,3.268951785387125e-06
15623,,3.2689446600312678e-06
15624,,3.2689403930360913e-06
15625,,3.2689369957166833e-06
15626,,3.268916311858185e-06
15627,,3.268908678428355e-06
15628,,3.26890425691592e-06
15629,,3.2689008126596724e-06
15630,,3.268880929921034e-06
15631,,3.2688727255514928e-06
15632,,3.268868130399075e-06
15633,,3.268864633377743e-06
15634,,3.2688456507367363e-06
15635,,3.2688368047918424e-06
15636,,3.2688320145102584e-06
15637,,3.268828458189689e-06
15638,,3.2688104868849377e-06
15639,,3.2688009199910607e-06
15640,,3.268795910425364e-06
15641,,3.268792287461284e-06
15642,,3.2687754524572663e-06
15643,,3.268765075422401e-06
15644,,3.2687598194392094e-06
15645,,3.2687561215768476e-06
15646,,3.2687528977778304e-06
15647,,3.2687292759226414e-06
15648,,3.268723743025715e-06
15649,,3.2687199609826392e-06
15650,,3.2687167116492633e-06
15651,,3.2686935269073054e-06
15652,,3.268687682841744e-06
15653,,3.268683806184646e-06
15654,,3.268680528136316e-06
15655,,3.2686578344796776e-06
15656,,3.268651640723272e-06
15657,,3.2686476577462702e-06
15658,,3.268644347422165e-06
15659,,3.268622205469306e-06
15660,,3.268615618764701e-06
15661,,3.268611516302401e-06
15662,,3.2686081696976903e-06
15663,,3.2685866475742814e-06
15664,,3.268579619302926e-06
15665,,3.2685753825684893e-06
15666,,3.268571995175795e-06
15667,,3.2685511694493e-06
15668,,3.2685436449685018e-06
15669,,3.2685392573334046e-06
15670,,3.26853582410071e-06
15671,,3.268515780792006e-06
15672,,3.2685076987201003e-06
15673,,3.2685031415074714e-06
15674,,3.268499656746813e-06
15675,,3.268480492528928e-06
15676,,3.268471783877604e-06
15677,,3.268467036094526e-06
15678,,3.2684634934288305e-06
15679,,3.268445316914594e-06
15680,,3.2684359041633373e-06
15681,,3.2684309422303694e-06
15682,,3.268427334479705e-06
15683,,3.26841026773431e-06
15684,,3.2684000637887247e-06
15685,,3.268394861193085e-06
15686,,3.2683911802894817e-06
15687,,3.268375360492199e-06
15688,,3.2683642674441023e-06
15689,,3.268358794411089e-06
15690,,3.2683550313002392e-06
15691,,3.268351788439522e-06
15692,,3.268328520441479e-06
15693,,3.2683227435068778e-06
15694,,3.268318888000264e-06
15695,,3.2683156171075066e-06
15696,,3.2682928287278833e-06
15697,,3.2682867102812865e-06
15698,,3.2682827509377023e-06
15699,,3.2682794485261494e-06
15700,,3.268257198970929e-06
15701,,3.2682506967706805e-06
15702,,3.268246620739237e-06
15703,,3.2682432828948268e-06
15704,,3.2682216387112225e-06
15705,,3.2682147052531076e-06
15706,,3.2682104980934066e-06
15707,,3.26820712041423e-06
15708,,3.268186156369169e-06
15709,,3.2681787383110653e-06
15710,,3.26817438377893e-06
15711,,3.268170961332624e-06
15712,,3.2681507614420884e-06
15713,,3.2681427988261054e-06
15714,,3.268138278673144e-06
15715,,3.268134805920008e-06
15716,,3.268115464585766e-06
15717,,3.268106890039782e-06
15718,,3.268102183773597e-06
15719,,3.2680986544652838e-06
15720,,3.2680802777751423e-06
15721,,3.2680710155970643e-06
15722,,3.2680661001839027e-06
15723,,3.2680625073119175e-06
15724,,3.2680452144757917e-06
15725,,3.2680351795811524e-06
15726,,3.268030029145402e-06
15727,,3.26802636483971e-06
15728,,3.268010289817706e-06
15729,,3.2679993866130583e-06
15730,,3.267993972062162e-06
15731,,3.267990227466688e-06
15732,,3.267986990967988e-06
15733,,3.267963641857403e-06
15734,,3.2679579305074896e-06
15735,,3.267954095682746e-06
15736,,3.2679508318046825e-06
15737,,3.2679279511189255e-06
15738,,3.267921906245802e-06
15739,,3.2679179700161896e-06
15740,,3.26791467535612e-06
15741,,3.2678923209351944e-06
15742,,3.267885901270838e-06
15743,,3.2678818510859192e-06
15744,,3.2678785218172678e-06
15745,,3.267856758640726e-06
15746,,3.2678499178101057e-06
15747,,3.267845739550898e-06
15748,,3.2678423713972525e-06
15749,,3.2678212724754993e-06
15750,,3.2678139583777143e-06
15751,,3.2678096361890104e-06
15752,,3.267806224315362e-06
15753,,3.26778587170602e-06
15754,,3.2677780257794152e-06
15755,,3.2677735418542424e-06
15756,,3.2677700808403682e-06
15757,,3.2677505667428203e-06
15758,,3.2677421231881905e-06
15759,,3.2677374575038807e-06
15760,,3.267733941262682e-06
15761,,3.2677153692912872e-06
15762,,3.2677062541716086e-06
15763,,3.2677013842271e-06
15764,,3.267697805915014e-06
15765,,3.267680292483767e-06
15766,,3.2676704227227234e-06
15767,,3.2676653232487975e-06
15768,,3.267661675164202e-06
15769,,3.2676453510990793e-06
15770,,3.2676346333336438e-06
15771,,3.267629275922199e-06
15772,,3.2676255494312254e-06
15773,,3.2676223191649648e-06
15774,,3.2675988910519275e-06
15775,,3.267593243786659e-06
15776,,3.267589429180709e-06
15777,,3.267586172171181e-06
15778,,3.2675632015645323e-06
15779,,3.2675572285739187e-06
15780,,3.267553314934404e-06
15781,,3.267550027865622e-06
15782,,3.2675275712376044e-06
15783,,3.2675212322192867e-06
15784,,3.2675172072853988e-06
15785,,3.2675138864260244e-06
15786,,3.2674920072397522e-06
15787,,3.2674852569049403e-06
15788,,3.267481106896884e-06
15789,,3.2674777480574024e-06
15790,,3.2674565176241025e-06
15791,,3.2674493050828575e-06
15792,,3.2674450145157116e-06
15793,,3.2674416129823676e-06
15794,,3.267421111432847e-06
15795,,3.2674133794985354e-06
15796,,3.267408930976698e-06
15797,,3.267405481457876e-06
15798,,3.2673857988451057e-06
15799,,3.267377483248025e-06
15800,,3.2673728572223995e-06
15801,,3.2673693537656085e-06
15802,,3.2673505912791302e-06
15803,,3.267341619817308e-06
15804,,3.267336794314069e-06
15805,,3.267333230236959e-06
15806,,3.2673155015639887e-06
15807,,3.2673057931071643e-06
15808,,3.2673007434342957e-06
15809,,3.2672971112245538e-06
15810,,3.2672805441350016e-06
15811,,3.267270007500452e-06
15812,,3.267264705919558e-06
15813,,3.267260997136263e-06
15814,,3.2672577729787726e-06
15815,,3.267234267930186e-06
15816,,3.2672286832737104e-06
15817,,3.2672248884349e-06
15818,,3.2672216381691213e-06
15819,,3.2671985799458693e-06
15820,,3.2671926771787327e-06
15821,,3.267188785625779e-06
15822,,3.2671855060109407e-06
15823,,3.267162949767281e-06
15824,,3.267156689530595e-06
15825,,3.2671526892937693e-06
15826,,3.267149376667942e-06
15827,,3.2671273843960877e-06
15828,,3.2671207224559612e-06
15829,,3.267116600077262e-06
15830,,3.267113250358655e-06
15831,,3.2670918916924066e-06
15832,,3.2670847783619563e-06
15833,,3.267080518704721e-06
15834,,3.267077127301897e-06
15835,,3.267056480501743e-06
15836,,3.2670488599162314e-06
15837,,3.267044445994783e-06
15838,,3.267041007729234e-06
15839,,3.2670211607460216e-06
15840,,3.267012970157591e-06
15841,,3.2670083828769196e-06
15842,,3.267004891935292e-06
15843,,3.2669859435838147e-06
15844,,3.266977112464081e-06
15845,,3.266972330375858e-06
15846,,3.2669687802308813e-06
15847,,3.2669508415525675e-06
15848,,3.2669412906598e-06
15849,,3.26693628964924e-06
15850,,3.2669326729692322e-06
15851,,3.2669158687440278e-06
15852,,3.2669055090285425e-06
15853,,3.266900262003626e-06
15854,,3.2668965705439854e-06
15855,,3.2668933523835205e-06
15856,,3.266869772393488e-06
15857,,3.2668642489122912e-06
15858,,3.2668604734118326e-06
15859,,3.266857229745277e-06
15860,,3.2668340861634333e-06
15861,,3.2668282520076197e-06
15862,,3.2668243820534596e-06
15863,,3.266821109730878e-06
15864,,3.2667984564155884e-06
15865,,3.266792273146349e-06
15866,,3.266788297050768e-06
15867,,3.266784992497222e-06
15868,,3.266762889987033e-06
15869,,3.26675631441789e-06
15870,,3.2667522190288993e-06
15871,,3.2667488782506913e-06
15872,,3.2667273945599502e-06
15873,,3.2667203781412178e-06
15874,,3.266716148698369e-06
15875,,3.2667127672017965e-06
15876,,3.2666919787656804e-06
15877,,3.2666844669591456e-06
15878,,3.2666800868561156e-06
15879,,3.2666766595990993e-06
15880,,3.266656652294374e-06
15881,,3.2666485838084484e-06
15882,,3.266644034409864e-06
15883,,3.2666405557101597e-06
15884,,3.2666214260536127e-06
15885,,3.2666127320146094e-06
15886,,3.266607992351298e-06
15887,,3.2666044558444588e-06
15888,,3.266586312272934e-06
15889,,3.2665769152919553e-06
15890,,3.2665719618360614e-06
15891,,3.266568360345495e-06
15892,,3.2665513247255653e-06
15893,,3.2665411378366128e-06
15894,,3.266535944112401e-06
15895,,3.2665322695897353e-06
15896,,3.2665164788629028e-06
15897,,3.2665054043484347e-06
15898,,3.266499940633533e-06
15899,,3.266496184034901e-06
15900,,3.2664929468465036e-06
15901,,3.266469720120861e-06
15902,,3.266463952994396e-06
15903,,3.26646010415924e-06
15904,,3.266456838977124e-06
15905,,3.2664340910752435e-06
15906,,3.2664279830115177e-06
15907,,3.2664240305075175e-06
15908,,3.266420733855442e-06
15909,,3.2663985239029016e-06
15910,,3.2663920326992033e-06
15911,,3.266387963707946e-06
15912,,3.26638463168105e-06
15913,,3.2663630260970574e-06
15914,,3.2663561043659265e-06
15915,,3.266351904445167e-06
15916,,3.2663485326575083e-06
15917,,3.2663276060905156e-06
15918,,3.2663202005573667e-06
15919,,3.2663158535023166e-06
15920,,3.2663124370263987e-06
15921,,3.26629227335261e-06
15922,,3.2662843241483983e-06
15923,,3.266279811763097e-06
15924,,3.266276345043574e-06
15925,,3.2662570385251416e-06
15926,,3.2662484783897144e-06
15927,,3.2662437801944603e-06
15928,,3.2662402570238905e-06
15929,,3.266221913559453e-06
15930,,3.266212666924134e-06
15931,,3.2662077599307715e-06
15932,,3.2662041732964877e-06
15933,,3.2661869119052955e-06
15934,,3.2661768938291505e-06
15935,,3.266171752190829e-06
15936,,3.26616809423606e-06
15937,,3.2661520486506736e-06
15938,,3.2661411637021317e-06
15939,,3.2661357583816077e-06
15940,,3.2661320202797183e-06
15941,,3.2661287894319242e-06
15942,,3.266105481706235e-06
15943,,3.2660997800803165e-06
15944,,3.266095951895478e-06
15945,,3.2660926937083334e-06
15946,,3.2660698536435407e-06
15947,,3.266063819042145e-06
15948,,3.26605988961794e-06
15949,,3.2660566007039056e-06
15950,,3.266034286026191e-06
15951,,3.2660278772530566e-06
15952,,3.266023834058837e-06
15953,,3.2660205106033282e-06
15954,,3.2659987861876375e-06
15955,,3.265991956947861e-06
15956,,3.265987785894098e-06
15957,,3.265984423602057e-06
15958,,3.265963362350355e-06
15959,,3.265956060622039e-06
15960,,3.2659517458761526e-06
15961,,3.265948339951314e-06
15962,,3.2659280237794233e-06
15963,,3.2659201910892205e-06
15964,,3.2659157148810976e-06
15965,,3.265912259890287e-06
15966,,3.2658927808493974e-06
15967,,3.2658843515232796e-06
15968,,3.2658796938521057e-06
15969,,3.2658761837225124e-06
15970,,3.2658576452444583e-06
15971,,3.2658485454689403e-06
15972,,3.265843683877267e-06
15973,,3.265840111775741e-06
15974,,3.265822630098963e-06
15975,,3.265812776915722e-06
15976,,3.265807686171568e-06
15977,,3.2658040444263333e-06
15978,,3.2657877501384534e-06
15979,,3.265777050354256e-06
15980,,28.8310604575577
15981,,82474.55193371305
15982,,28.64883290884172
15983,,527.298518553258
15984,,28.349267315473185
15985,,7.773706230155028
15986,,7.670684547980192
15987,,2.629091146164736
15988,,4.519892098739401
15989,,2.607944313438188
15990,,2.494534032283248
15991,,5.133361885412688
15992,,2.485441896208256
15993,,2.426832744581669
15994,,2.400968082936021
15995,,2.212722399223898
15996,,4.5367332710573365
15997,,2.2007994970882887
15998,,2.0841741178694777
15999,,3.7673642607196327
16000,,2.0762236930358258
16001,,2.0180435693065033
16002,,2.1920739326093033
16003,,2.0059264310518117
16004,,1.9862396447291688
16005,,1.8993462856141987
16006,,1.824407283441839
16007,,1.82272046997494
16008,,1.8226808790578524
16009,,1.8226799489178387
16010,,1.8226799270648424
16011,,1.8226799265514277
16012,,1.8226799265393567
16013,,1.8226799265390752
16014,,1.822679926539071
16015,,1.822679926539071
16016,,1.196076272009452
16017,,3.825755468778854
16018,,1.180063787495623
16019,,1.0754594091879053
16020,,0.5616356856039032
16021,,0.4953547695232706
16022,,0.2988889981888581
16023,,0.17203771366902873
16024,,0.49303919531070933
16025,,0.1498813270259086
16026,,0.13370931006048467
16027,,0.6132220295255478
16028,,0.12531869743649987
16029,,0.11122924643775678
16030,,0.11251350344299176
16031,,0.10475688311077717
16032,,0.15843732505825825
16033,,0.10210019760953
16034,,0.09892816077076245
16035,,0.097961911696748
16036,,0.09759441758669063
16037,,0.09744212508097086
16038,,0.09737670937701554
16039,,0.09734817275518574
16040,,0.09733563965130639
16041,,0.0973301188129161
16042,,0.09732768369487076
16043,,0.09732660899836805
16044,,0.09732613457905444
16045,,0.0973259251254887
16046,,0.09732583264827611
16047,,0.09732579181715953
16048,,0.09732577378898025
16049,,0.09732576582895179
16050,,0.09732576231433508
16051,,0.09732576076251627
16052,,0.09732576007733419
16053,,0.09732575977480375
16054,,0.09732575964122504
16055,,0.09732575958224553
16056,,0.09732575955620522
16057,,0.09732575954470593
16058,,0.09732575953962967
16059,,0.09732575953738885
16060,,0.09405774302026433
16061,,0.07029469745307045
16062,,0.06117312323661284
16063,,0.05577273837006888
16064,,0.061202816508567744
16065,,0.05432860315346818
16066,,0.05302790862346199
16067,,0.04877058204870232
16068,,0.04363712861395534
16069,,0.03471624953544201
16070,,0.03288582584322993
16071,,0.02451248166862686
16072,,0.03773373969688798
16073,,0.022090552486598657
16074,,0.020902669132633483
16075,,0.01996460126468668
16076,,0.018990584457687688
16077,,0.017260847472391053
16078,,0.014605413308733403
16079,,0.011233496052162126
16080,,0.00870038481716589
16081,,0.007613994295549465
16082,,0.007120429193949556
16083,,0.00662102401889042
16084,,0.00590186672500827
16085,,0.004991761485141424
16086,,0.004291188758191918
16087,,0.0040559196353987595
16088,,0.003975612515628193
16089,,0.0038962296474528762
16090,,0.0037445057301306343
16091,,0.0034469237250730088
16092,,0.0028078633124876363
16093,,0.0023233605614037477
16094,,0.0017834719547284927
16095,,0.0017194410185508873
16096,,0.0017025613679582912
16097,,0.0016979594720050765
16098,,0.0016916068440598977
16099,,0.001674737561710985
16100,,0.001645584820687232
16101,,0.0015914572856984739
16102,,0.0015044767033631455
16103,,0.001376562017820231
16104,,0.001102636040404929
16105,,0.0007834712853906756
16106,,0.0005993023967669549
16107,,0.0005168503782802291
16108,,0.00048595341877075084
16109,,0.00048037598561919147
16110,,0.0004754752334592287
16111,,0.0004675851000006425
16112,,0.00045649369563781795
16113,,0.000452564504882463
16114,,0.00045150272623358147
16115,,0.00045092930295885606
16116,,0.00044985055796613706
16117,,0.00044775820389979205
16118,,0.0004443427348054691
16119,,0.0004380215712351117
16120,,0.00043290841379337475
16121,,0.0004291087283432567
16122,,0.00042713934490052155
16123,,0.0004261054388331192
16124,,0.00042455856925284306
16125,,0.0004206230285639712
16126,,0.00041504741017283004
16127,,0.0004058254325447031
16128,,0.0003839250543163363
16129,,0.00035103019527469773
16130,,0.0003049320691630429
16131,,0.00026953044763895355
16132,,0.0002493480884620245
16133,,0.0002436126249179398
16134,,0.00024103876753739928
16135,,0.00023942418640348639
16136,,0.00023510037552183072
16137,,0.00022895481991926602
16138,,0.0002185159157753955
16139,,0.00020260247761208817
16140,,0.00018155144019034987
16141,,0.00017074001214571638
16142,,0.0001629764285480679
16143,,0.00016025067461147968
16144,,0.00015959363966357748
16145,,0.0001591093474369291
16146,,0.00015805608759765198
16147,,0.00015585354466159449
16148,,0.00015122924209408538
16149,,0.00014234273482215755
16150,,0.00012826083257950954
16151,,0.00011223315949558793
16152,,0.00010342161953726358
16153,,9.938252421679667e-05
16154,,9.756806904878405e-05
16155,,9.738610527106189e-05
16156,,9.726151551934363e-05
16157,,9.6895022988011e-05
16158,,9.609114186721456e-05
16159,,9.426838516666692e-05
16160,,9.032485465495591e-05
16161,,8.234935873758477e-05
16162,,6.833145479470734e-05
16163,,4.950961014064886e-05
16164,,0.00036511334024092286
16165,,4.843270581071482e-05
16166,,3.4116875204917745e-05
16167,,2.7966725627756523e-05
16168,,2.6723798671251667e-05
16169,,2.6576944052521708e-05
16170,,2.6562078080086248e-05
16171,,2.655466827319513e-05
16172,,2.6531151313550743e-05
16173,,2.64783752338693e-05
16174,,2.6356983863429024e-05
16175,,2.6084512840469028e-05
16176,,2.549666369443633e-05
16177,,2.4339573335838263e-05
16178,,2.2463738857247437e-05
16179,,2.0714155556537847e-05
16180,,1.9179156247136923e-05
16181,,1.8459654320028237e-05
16182,,1.8296786617817923e-05
16183,,1.8280840189664835e-05
16184,,1.8274522585533225e-05
16185,,1.826123712076677e-05
16186,,1.8232920917999262e-05
16187,,1.8166861015593406e-05
16188,,1.801564811507448e-05
16189,,1.767196182174841e-05
16190,,1.6913184025975125e-05
16191,,1.5342628847090184e-05
16192,,1.251280381016005e-05
16193,,8.624133578101731e-06
16194,,1.1083881836746146e-05
16195,,7.675919084728502e-06
16196,,4.822591020342949e-06
16197,,3.48979963249371e-06
16198,,3.2478057163835116e-06
16199,,3.2195763296410456e-06
16200,,3.217032045476354e-06
16201,,3.216715800982212e-06
16202,,3.2166266580662322e-06
16203,,3.216602363118536e-06
16204,,3.2165893227009853e-06
16205,,3.2165803639357256e-06
16206,,3.21657309872585e-06
16207,,3.2165313171844004e-06
16208,,3.2165175567499077e-06
16209,,3.216508267862863e-06
16210,,3.2165008621183788e-06
16211,,3.216460496135156e-06
16212,,3.2164458632620354e-06
16213,,3.21643620345787e-06
16214,,3.2164286409565394e-06
16215,,3.2163898589449225e-06
16216,,3.2163742472137866e-06
16217,,3.216364173753468e-06
16218,,3.216356436556804e-06
16219,,3.2163194199518425e-06
16220,,3.2163027167112202e-06
16221,,3.216292182303518e-06
16222,,3.216284250432877e-06
16223,,3.216249200611133e-06
16224,,3.2162312810066967e-06
16225,,3.216220233028098e-06
16226,,3.2162120842372095e-06
16227,,3.21620516006508e-06
16228,,3.2161599504952983e-06
16229,,3.216148330331442e-06
16230,,3.2161399398494048e-06
16231,,3.216132913624124e-06
16232,,3.2160887367778704e-06
16233,,3.21607647911145e-06
16234,,3.216067819330855e-06
16235,,3.2160606793846607e-06
16236,,3.2160176527033066e-06
16237,,3.2160046848246584e-06
16238,,3.2159957249897118e-06
16239,,3.215988458315276e-06
16240,,3.215946712707958e-06
16241,,3.2159329535438837e-06
16242,,3.215923659404119e-06
16243,,3.21591625150536e-06
16244,,3.2158759327474303e-06
16245,,3.215861292057868e-06
16246,,3.2158516254455725e-06
16247,,3.215844060174711e-06
16248,,3.2158053307264792e-06
16249,,3.2157897078961518e-06
16250,,3.2157796262812147e-06
16251,,3.21577188565675e-06
16252,,3.2157349264493817e-06
16253,,3.215718209488658e-06
16254,,3.21570766550102e-06
16255,,3.215699729488162e-06
16256,,3.2156647421491813e-06
16257,,3.215646806172745e-06
16258,,3.2156357470408045e-06
16259,,3.215627593315192e-06
16260,,3.215620667986564e-06
16261,,3.215575508397153e-06
16262,,3.215563875337131e-06
16263,,3.215555479026921e-06
16264,,3.215548451221537e-06
16265,,3.2155043278142647e-06
16266,,3.2154920553040565e-06
16267,,3.215483388685306e-06
16268,,3.2154762466945848e-06
16269,,3.2154332773287353e-06
16270,,3.215420292417147e-06
16271,,3.2154113246418267e-06
16272,,3.215404055378362e-06
16273,,3.2153623714242933e-06
16274,,3.215348592781121e-06
16275,,3.2153392894416693e-06
16276,,3.2153318783719544e-06
16277,,3.215291626115762e-06
16278,,3.2152769632081273e-06
16279,,3.215267285995267e-06
16280,,3.215259716899286e-06
16281,,3.2152210593876747e-06
16282,,3.2152054112610246e-06
16283,,3.215195317491083e-06
16284,,3.2151875723023814e-06
16285,,3.2151506911012595e-06
16286,,3.2151339454029024e-06
16287,,3.2151233875184208e-06
16288,,3.2151154461172068e-06
16289,,3.2150805435971516e-06
16290,,3.2150625750210613e-06
16291,,3.215051500041649e-06
16292,,3.2150433399971644e-06
16293,,3.215036413109816e-06
16294,,3.2149913106000294e-06
16295,,3.2149796595042334e-06
16296,,3.214971255850388e-06
16297,,3.2149642260282364e-06
16298,,3.2149201638404116e-06
16299,,3.2149078708544427e-06
16300,,3.2148991957534062e-06
16301,,3.214892051212488e-06
16302,,3.214849147705511e-06
16303,,3.2148361395893804e-06
16304,,3.214827162046637e-06
16305,,3.2148198896643777e-06
16306,,3.2147782767381266e-06
16307,,3.214764471844888e-06
16308,,3.2147551573049077e-06
16309,,3.214747742469811e-06
16310,,3.2147075670264e-06
16311,,3.2146928744573627e-06
16312,,3.214683184449958e-06
16313,,3.2146756108613336e-06
16314,,3.214637036623668e-06
16315,,3.214621355031575e-06
16316,,3.214611246685339e-06
16317,,3.214603496204401e-06
16318,,3.21456670548638e-06
16319,,3.2145499220590707e-06
16320,,3.2145393476188855e-06
16321,,3.21453140002111e-06
16322,,3.2144965960482777e-06
16323,,3.2144785849818845e-06
16324,,3.2144674912177233e-06
16325,,3.214459323987292e-06
16326,,3.2144523952762133e-06
16327,,3.2144073543236596e-06
16328,,3.2143956819680286e-06
16329,,3.214387270014968e-06
16330,,3.2143802378696266e-06
16331,,3.2143362418503266e-06
16332,,3.214323924828893e-06
16333,,3.214315240178996e-06
16334,,3.214308092782419e-06
16335,,3.2142652605676582e-06
16336,,3.214252225337569e-06
16337,,3.2142432368570413e-06
16338,,3.21423596099883e-06
16339,,3.2141944251028485e-06
16340,,3.21418058963738e-06
16341,,3.2141712626178748e-06
16342,,3.2141638436205913e-06
16343,,3.2141237516025544e-06
16344,,3.2141090246117276e-06
16345,,3.214099320401423e-06
16346,,3.2140917418943803e-06
16347,,3.214053258217915e-06
16348,,3.214037537908923e-06
16349,,3.2140274134230674e-06
16350,,3.2140196571728774e-06
16351,,3.213982964987791e-06
16352,,3.213966138048125e-06
16353,,3.2139555453126226e-06
16354,,3.2139475910040897e-06
16355,,3.2139128944572888e-06
16356,,3.2138948345218133e-06
16357,,3.213883720059792e-06
16358,,3.2138755450657094e-06
16359,,3.2138686143541806e-06
16360,,3.2138236379047156e-06
16361,,3.2138119421766377e-06
16362,,3.213803521272308e-06
16363,,3.2137964866204976e-06
16364,,3.213752560008906e-06
16365,,3.2137402166309735e-06
16366,,3.2137315217342515e-06
16367,,3.2137243712469603e-06
16368,,3.213681613923107e-06
16369,,3.2136685489962976e-06
16370,,3.2136595488026315e-06
16371,,3.213652269231906e-06
16372,,3.2136108143301164e-06
16373,,3.213596945451489e-06
16374,,3.213587605095003e-06
16375,,3.2135801816734014e-06
16376,,3.2135401774522167e-06
16377,,3.2135254129159675e-06
16378,,3.2135156935333405e-06
16379,,3.2135081098208388e-06
16380,,3.213469721546391e-06
16381,,3.2134539590542484e-06
16382,,3.213443817380509e-06
16383,,3.2134360550455166e-06
16384,,3.213399466728711e-06
16385,,3.213382592455432e-06
16386,,3.213371980265955e-06
16387,,3.2133640188897634e-06
16388,,3.2133294356595726e-06
16389,,3.2133113226435066e-06
16390,,3.2133001862098743e-06
16391,,3.2132920030545173e-06
16392,,3.2132850702170578e-06
16393,,3.2132401602415717e-06
16394,,3.213228439740048e-06
16395,,3.2132200094601172e-06
16396,,3.2132129721587234e-06
16397,,3.2131691171352632e-06
16398,,3.213156745847257e-06
16399,,3.2131480402126544e-06
16400,,3.2131408865008913e-06
16401,,3.2130982064601365e-06
16402,,3.213085110136062e-06
16403,,3.2130760976953605e-06
16404,,3.2130688142411456e-06
16405,,3.2130274429866013e-06
16406,,3.213013538817002e-06
16407,,3.213004184521665e-06
16408,,3.2129967564991905e-06
16409,,3.21295684302057e-06
16410,,3.2129420388423997e-06
16411,,3.2129323036509793e-06
16412,,3.212924714527862e-06
16413,,3.212886424892074e-06
16414,,3.2128706179204553e-06
16415,,3.2128604583381526e-06
16416,,3.2128526896877984e-06
16417,,3.2128162088276205e-06
16418,,3.212799284676106e-06
16419,,3.212788652248308e-06
16420,,3.2127806835514204e-06
16421,,3.2127462176021197e-06
16422,,3.212728048677311e-06
16423,,3.212716889405921e-06
16424,,3.2127086978152106e-06
16425,,3.212701762766123e-06
16426,,3.2126569206200156e-06
16427,,3.2126451743731355e-06
16428,,3.212636734413059e-06
16429,,3.2126296943692355e-06
16430,,3.2125859124365588e-06
16431,,3.2125735121678845e-06
16432,,3.2125647954649493e-06
16433,,3.2125576384100705e-06
16434,,3.2125150373345784e-06
16435,,3.2125019084227015e-06
16436,,3.2124928833616355e-06
16437,,3.2124855959076145e-06
16438,,3.2124443101532303e-06
16439,,3.2124303693769228e-06
16440,,3.2124210007367678e-06
16441,,3.2124135679755458e-06
16442,,3.212373747279035e-06
16443,,3.2123589020148995e-06
16444,,3.2123491505592335e-06
16445,,3.2123415558702398e-06
16446,,3.212303367142173e-06
16447,,3.2122875140912957e-06
16448,,3.21227733609975e-06
16449,,3.212269560973851e-06
16450,,3.212233190063794e-06
16451,,3.2122162142653836e-06
16452,,3.212205561041122e-06
16453,,3.212197584849302e-06
16454,,3.212163238939357e-06
16455,,3.2121450121711955e-06
16456,,3.212133829436728e-06
16457,,3.2121256292206616e-06
16458,,3.212118691882187e-06
16459,,3.212073918539132e-06
16460,,3.212062145869086e-06
16461,,3.21205369600294e-06
16462,,3.212046653135349e-06
16463,,3.212002945370453e-06
16464,,3.211990515379173e-06
16465,,3.2119817873601254e-06
16466,,3.2119746268719103e-06
16467,,3.211932105947815e-06
16468,,3.2119189436206375e-06
16469,,3.2119099056733145e-06
16470,,3.2119026141208806e-06
16471,,3.2118614151781094e-06
16472,,3.211847436880368e-06
16473,,3.211838053595019e-06
16474,,3.2118306159934965e-06
16475,,3.2117908895349574e-06
16476,,3.211776002166528e-06
16477,,3.2117662341176266e-06
16478,,3.211758633751547e-06
16479,,3.2117205475378013e-06
16480,,3.211704647276657e-06
16481,,3.2116944505144388e-06
16482,,3.211686668783409e-06
16483,,3.211650409611968e-06
16484,,3.211633380930192e-06
16485,,3.211622706500457e-06
16486,,3.211614722674829e-06
16487,,3.2115804987841442e-06
16488,,3.21156221278004e-06
16489,,3.211551006139678e-06
16490,,3.2115427971317884e-06
16491,,3.2115358574660147e-06
16492,,3.21149115364409e-06
16493,,3.211479354043308e-06
16494,,3.211470894113926e-06
16495,,3.2114638483649067e-06
16496,,3.211420215568755e-06
16497,,3.211407755288406e-06
16498,,3.2113990157627292e-06
16499,,3.211391851792209e-06
16500,,3.2113494118955644e-06
16501,,3.2113362155410332e-06
16502,,3.2113271644956912e-06
16503,,3.2113198687775666e-06
16504,,3.2112787576259963e-06
16505,,3.211264741122731e-06
16506,,3.211255342971916e-06
16507,,3.211247900443923e-06
16508,,3.2112082693055223e-06
16509,,3.211193339093756e-06
16510,,3.211183554186996e-06
16511,,3.2111759480600117e-06
16512,,3.2111379655606833e-06
16513,,3.211122017277766e-06
16514,,3.211111801447148e-06
16515,,3.2111040130182295e-06
16516,,3.2110678669187285e-06
16517,,3.2110507844282067e-06
16518,,3.2110400884859593e-06
16519,,3.2110320969155992e-06
16520,,3.2109979965116305e-06
16521,,3.2109796502753364e-06
16522,,3.2109684193845086e-06
16523,,3.2109602014597485e-06
16524,,3.210953259412078e-06
16525,,3.2109086256746388e-06
16526,,3.2108967987678164e-06
16527,,3.2108883286379632e-06
16528,,3.2108812799501626e-06
16529,,3.210837722737502e-06
16530,,3.2108252317500337e-06
16531,,3.2108164805720385e-06
16532,,3.21080931305571e-06
16533,,3.2107669548795984e-06
16534,,3.2107537240257236e-06
16535,,3.210744659718004e-06
16536,,3.2107373597706777e-06
16537,,3.2106963371720377e-06
16538,,3.210682281950608e-06
16539,,3.2106728687409546e-06
16540,,3.2106654212256194e-06
16541,,3.2106258862549924e-06
16542,,3.210610912618152e-06
16543,,3.210601110659768e-06
16544,,3.210593498686471e-06
16545,,3.210555620846835e-06
16546,,3.2105396238913856e-06
16547,,3.210529388785597e-06
16548,,3.2105215935726827e-06
16549,,3.2104855615774177e-06
16550,,3.210468424578105e-06
16551,,3.2104577068705763e-06
16552,,3.210449707460324e-06
16553,,3.210442859163628e-06
16554,,3.21039732447391e-06
16555,,3.21038606903285e-06
16556,,3.2103778420987705e-06
16557,,3.210370897629355e-06
16558,,3.210326334440562e-06
16559,,3.2103144799156097e-06
16560,,3.2103059994493898e-06
16561,,3.210298947791785e-06
16562,,3.21025546668825e-06
16563,,3.210242944636199e-06
16564,,3.210234181678999e-06
16565,,3.210227010573278e-06
16566,,3.2101847346976977e-06
16567,,3.210171468952968e-06
16568,,3.210162391243835e-06
16569,,3.210155087014007e-06
16570,,3.210114153612075e-06
16571,,3.210100059239913e-06
16572,,3.2100906308066444e-06
16573,,3.2100831782404563e-06
16574,,3.2100437401641508e-06
16575,,3.210028722620025e-06
16576,,3.210018903422587e-06
16577,,3.2100112855493686e-06
16578,,3.2099735131642436e-06
16579,,3.2099574670051594e-06
16580,,3.209947212413115e-06
16581,,3.2099394103421933e-06
16582,,3.209903493355142e-06
16583,,3.209886301257224e-06
16584,,3.2098755615508485e-06
16585,,3.2098675542178207e-06
16586,,3.2098607039705873e-06
16587,,3.2098152351938266e-06
16588,,3.209803954981184e-06
16589,,3.2097957189407187e-06
16590,,3.209788772011132e-06
16591,,3.2097442797669377e-06
16592,,3.209732397350391e-06
16593,,3.2097239064645803e-06
16594,,3.2097168517849715e-06
16595,,3.209673447232549e-06
16596,,3.2096608938288424e-06
16597,,3.2096521189873034e-06
16598,,3.209644944234513e-06
16599,,3.209602751141178e-06
16600,,3.2095894501948906e-06
16601,,3.2095803589476065e-06
16602,,3.2095730503861585e-06
16603,,3.209532206729532e-06
16604,,3.2095180728426604e-06
16605,,3.2095086290593205e-06
16606,,3.2095011713847173e-06
16607,,3.2094618308008647e-06
16608,,3.2094467689496433e-06
16609,,3.209436932367428e-06
16610,,3.209429308529817e-06
16611,,3.209391642268043e-06
16612,,3.2093755464666797e-06
16613,,3.209365272226803e-06
16614,,3.209357463225393e-06
16615,,3.2093216619924757e-06
16616,,3.2093044142889666e-06
16617,,3.2092936524138944e-06
16618,,3.2092856370895655e-06
16619,,3.2092787848497037e-06
16620,,3.2092333823057064e-06
16621,,3.2092220771073954e-06
16622,,3.2092138318738403e-06
16623,,3.2092068824580147e-06
16624,,3.209162461511246e-06
16625,,3.2091505509740164e-06
16626,,3.2091420495743115e-06
16627,,3.2091349918454743e-06
16628,,3.209091664228659e-06
16629,,3.2090790792133756e-06
16630,,3.2090702923711505e-06
16631,,3.209063113939583e-06
16632,,3.209021004078988e-06
16633,,3.209007667628804e-06
16634,,3.2089985627425868e-06
16635,,3.208991249801947e-06
16636,,3.2089504963732384e-06
16637,,3.208936322654787e-06
16638,,3.2089268633908104e-06
16639,,3.2089194005601e-06
16640,,3.208880158012137e-06
16641,,3.2088650515014107e-06
16642,,3.2088551973949506e-06
16643,,3.2088475675281424e-06
16644,,3.208810007997056e-06
16645,,3.2087938621595557e-06
16646,,3.2087835681127826e-06
16647,,3.2087757521238144e-06
16648,,3.2087400673119153e-06
16649,,3.208722763579003e-06
16650,,3.20871197935853e-06
16651,,3.208703955963282e-06
16652,,3.208697101714192e-06
16653,,3.2086517656908775e-06
16654,,3.20864043531138e-06
16655,,3.208632180819362e-06
16656,,3.208625228875272e-06
16657,,3.2085808795426303e-06
16658,,3.208568940681141e-06
16659,,3.2085604286801286e-06
16660,,3.2085533678543865e-06
16661,,3.2085101175371498e-06
16662,,3.208497500687228e-06
16663,,3.2084887017516183e-06
16664,,3.208481519604893e-06
16665,,3.2084394933616298e-06
16666,,3.208426121157001e-06
16667,,3.208417002518361e-06
16668,,3.208409685156959e-06
16669,,3.2083690224032734e-06
16670,,3.208354808566809e-06
16671,,3.2083453337091485e-06
16672,,3.2083378656680374e-06
16673,,3.2082987216481303e-06
16674,,3.208283570166474e-06
16675,,3.208273698396789e-06
16676,,3.2082660624562642e-06
16677,,3.208228610215301e-06
16678,,3.208212413976161e-06
16679,,3.208202099981307e-06
16680,,3.2081942769426173e-06
16681,,3.2081587091650775e-06
16682,,3.2081413490002577e-06
16683,,3.208130542271188e-06
16684,,3.208122510748503e-06
16685,,3.2081156544526193e-06
16686,,3.2080703852275807e-06
16687,,3.20805902949783e-06
16688,,3.208050765661101e-06
16689,,3.208043811163773e-06
16690,,3.2079995337586962e-06
16691,,3.2079875663699137e-06
16692,,3.2079790436759237e-06
16693,,3.2079719797389737e-06
16694,,3.2079288070550595e-06
16695,,3.2079161581410756e-06
16696,,3.2079073470251746e-06
16697,,3.207900161115266e-06
16698,,3.2078582188807932e-06
16699,,3.207844810668894e-06
16700,,3.2078356781797316e-06
16701,,3.207828356354395e-06
16702,,3.207787784710085e-06
16703,,3.207773530473662e-06
16704,,3.2077640399081473e-06
16705,,3.2077565666185096e-06
16706,,3.207717521605961e-06
16707,,3.207702324823593e-06
16708,,3.207692435282425e-06
16709,,3.207684793208458e-06
16710,,3.2076474487906275e-06
16711,,3.207631201810122e-06
16712,,3.207620867720789e-06
16713,,3.207613037573096e-06
16714,,3.207577587439177e-06
16715,,3.207560170460506e-06
16716,,3.2075493410681188e-06
16717,,3.2075413013454637e-06
16718,,3.2075344429784844e-06
16719,,3.2074892408154676e-06
16720,,3.2074778595522346e-06
16721,,3.2074695863034044e-06
16722,,3.207462629222926e-06
16723,,3.2074184240461996e-06
16724,,3.2074064279330886e-06
16725,,3.2073978944778716e-06
16726,,3.2073908273784178e-06
16727,,3.2073477326724066e-06
16728,,3.2073350514726346e-06
16729,,3.207326228083347e-06
16730,,3.2073190383847728e-06
16731,,3.207277180538803e-06
16732,,3.207263736071842e-06
16733,,3.207254589636128e-06
16734,,3.207247263301237e-06
16735,,3.207206783173725e-06
16736,,3.2071924882766607e-06
16737,,3.20718298188341e-06
16738,,3.2071755032967565e-06
16739,,3.207136557763605e-06
16740,,3.2071213153987332e-06
16741,,3.207111407948788e-06
16742,,3.207103759687502e-06
16743,,3.2070665236147765e-06
16744,,3.207050225564437e-06
16745,,3.207039871243309e-06
16746,,3.2070320339287073e-06
16747,,3.2069967020084526e-06
16748,,3.2069792278446495e-06
16749,,3.2069683756381725e-06
16750,,3.2069603276509606e-06
16751,,3.2069534671907004e-06
16752,,3.2069083323532495e-06
16753,,3.206896925394834e-06
16754,,3.2068886426602866e-06
16755,,3.2068816829623688e-06
16756,,3.206837550302806e-06
16757,,3.20682552527548e-06
16758,,3.2068169809736984e-06
16759,,3.206809910686332e-06
16760,,3.206766894290097e-06
16761,,3.2067541805897854e-06
16762,,3.206745344845084e-06
16763,,3.206738151306086e-06
16764,,3.206696378203926e-06
16765,,3.206682897267357e-06
16766,,3.2066737367794373e-06
16767,,3.206666405893581e-06
16768,,3.2066260177026077e-06
16769,,3.2066116818766713e-06
16770,,3.206602159548437e-06
16771,,3.206594675615181e-06
16772,,3.2065558300192556e-06
16773,,3.206540541772185e-06
16774,,3.206530616288885e-06
16775,,3.206522961803423e-06
16776,,3.2064858345684715e-06
16777,,3.2064694851275944e-06
16778,,3.2064591104449907e-06
16779,,3.2064512659086815e-06
16780,,3.2064160527678562e-06
16781,,3.2063985210638273e-06
16782,,3.2063876458916444e-06
16783,,3.2063795895743183e-06
16784,,3.2063727269881663e-06
16785,,3.2063276597385337e-06
16786,,3.2063162269099284e-06
16787,,3.206307934618906e-06
16788,,3.206300972274155e-06
16789,,3.2062569124292713e-06
16790,,3.20624485830044e-06
16791,,3.2062363030770766e-06
16792,,3.2062292295599984e-06
16793,,3.206186291793485e-06
16794,,3.2061735453937403e-06
16795,,3.206164697197069e-06
16796,,3.206157499787095e-06
16797,,3.2061158118067895e-06
16798,,3.20610229414609e-06
16799,,3.206093119507397e-06
16800,,3.2060857840351084e-06
16801,,23.772187032551237
16802,,119199.00996477283
16803,,23.61109515895523
16804,,866.9652351020738
16805,,23.384744471083373
16806,,4.643213614407514
16807,,193.90441324280226
16808,,4.595017353066395
16809,,3.0659406275902557
16810,,2.6445826561520644
16811,,2.191049282290922
16812,,10.423179234097036
16813,,2.150029586669516
16814,,1.8739919443239854
16815,,1.5669267010009171
16816,,1.5619025671412408
16817,,1.5617980528023019
16818,,1.561795868413394
16819,,1.5617958227543804
16820,,1.5617958217999928
16821,,1.561795821780032
16822,,1.5617958217796246
16823,,1.5617958217796193
16824,,1.561795821779619
16825,,1.561795821779619
16826,,5.219333356349103
16827,,1.4805995018316667
16828,,1.1824020718277093
16829,,1.0708349077281079
16830,,0.8013188280610047
16831,,0.7989866047859204
16832,,0.7989317377315839
16833,,0.7989304229460062
16834,,0.7989303914258034
16835,,0.7989303906701385
16836,,0.7989303906520203
16837,,0.7989303906515818
16838,,0.7989303906515715
16839,,0.7989303906515713
16840,,0.7989303906515713
16841,,0.6969167623511843
16842,,0.6292017892557339
16843,,0.5715256141888407
16844,,0.5704601851959353
16845,,0.5704331939614119
16846,,0.57043250510139
16847,,0.5704324875172523
16848,,0.5704324870683921
16849,,0.5704324870569372
16850,,0.5704324870566465
16851,,0.5704324870566319
16852,,0.5704324870566319
16853,,0.5169476611072885
16854,,0.515386963984899
16855,,0.5153324432171448
16856,,0.5153305270650841
16857,,0.5153304597069402
16858,,0.5153304573390912
16859,,0.5153304572558566
16860,,0.5153304572529285
16861,,0.515330457252826
16862,,0.515330457252822
16863,,0.5153304572528219
16864,,0.5153304572528219
16865,,0.45765441253946865
16866,,0.4554430094867886
16867,,0.45534909988358585
16868,,0.45534509492263814
16869,,0.45534492409220656
16870,,0.4553449168054264
16871,,0.45534491649461384
16872,,0.4553449164813548
16873,,0.455344916480788
16874,,0.4553449164807624
16875,,0.45534491648076225
16876,,0.2476565417794714
16877,,0.2317419211544424
16878,,0.22876646234229434
16879,,0.22815826105057185
16880,,0.22803217866777936
16881,,0.22800596910339707
16882,,0.22800051766121116
16883,,0.22799938365846878
16884,,0.22799914775875207
16885,,0.2279990986857136
16886,,0.22799908847728567
16887,,0.22799908635367264
16888,,0.22799908591190785
16889,,0.22799908582001066
16890,,0.22799908580089387
16891,,0.1979621804818128
16892,,0.1581242263832178
16893,,0.15723708014822035
16894,,0.15720350245974887
16895,,0.15720220903475085
16896,,0.15720215917794256
16897,,0.1572021572560945
16898,,0.15720215718201203
16899,,0.15720215717915625
16900,,0.15720215717904623
16901,,0.1572021571790427
16902,,0.1572021571790426
16903,,0.15720215717904307
16904,,1576.4019326375158
16905,,0.15349300466264348
16906,,14.72963218037294
16907,,0.1497770249945622
16908,,0.1893485564925636
16909,,0.13974735160472707
16910,,0.13316378775317805
16911,,0.13080321987156862
16912,,4.416668402003995
16913,,0.1294368773423294
16914,,0.1524584857922732
16915,,0.12786294641803464
16916,,0.13623696151578496
16917,,0.12577979633737585
16918,,0.1225735647537576
16919,,0.12186287812502247
16920,,0.1131140705955705
16921,,0.0967790886859036
16922,,0.09166597468237372
16923,,0.0914296819397946
16924,,0.09141628068719185
16925,,0.09141551223279902
16926,,0.09141546814037599
16927,,0.09141546561034715
16928,,0.09141546546517475
16929,,0.09141546545684374
16930,,0.09141546545636521
16931,,0.09141546545633865
16932,,0.09141546545633639
16933,,0.09141546545633632
16934,,0.09141546545633632
16935,,1.8827345784928022
16936,,0.0877540986464141
16937,,0.07410555267957913
16938,,0.06711215568810364
16939,,0.0663877791374028
16940,,0.06628137866789106
16941,,0.06626500377120724
16942,,0.06626246579398413
16943,,0.06626207199706512
16944,,0.06626201088447982
16945,,0.06626200140028604
16946,,0.06626199992840623
16947,,0.06626199969998338
16948,,0.06626199966453294
16949,,0.06626199965903175
16950,,0.0662619996581766
16951,,0.06626199965804516
16952,,0.06626199965802458
16953,,0.06626199965802197
16954,,0.06626199965801961
16955,,0.0662619996580196
16956,,0.055331663052146846
16957,,0.04238566540040083
16958,,9.615364666816225
16959,,0.04085388795509687
16960,,0.050892172879346345
16961,,0.0386750756492328
16962,,0.037374558315470215
16963,,0.03554645057484354
16964,,0.031676420164425824
16965,,0.02871150668604966
16966,,0.023830051176051952
16967,,0.019683721021307537
16968,,0.0165674167650674
16969,,0.015612851470835102
16970,,0.01418468012930826
16971,,0.013582479755418425
16972,,0.012542078607921859
16973,,0.011217233952067278
16974,,0.011016655305983806
16975,,0.00989925766904308
16976,,0.009631601228989163
16977,,0.00949939694379941
16978,,0.009352665800430236
16979,,0.009092092803470125
16980,,0.008571107437948111
16981,,0.0078013878494942145
16982,,0.0072003334621987955
16983,,0.00688409210198278
16984,,0.006730088929514806
16985,,0.006613728518213381
16986,,0.006390969033228353
16987,,0.005881502127869931
16988,,0.005163274059932259
16989,,0.004389235681947248
16990,,0.004013913128671363
16991,,0.0038775527878582043
16992,,0.0037639908633571263
16993,,0.0036128024854945586
16994,,0.003381567266518219
16995,,0.003080202192270212
16996,,0.0026777296826127252
16997,,0.0022611591649255133
16998,,0.002029070716501045
16999,,0.001758264689951499
17000,,0.0014982014022344552
17001,,0.0009901253159314706
17002,,0.0005884767528922166
17003,,0.0003329510996576249
17004,,0.0002813776423771482
17005,,0.0002711022663677555
17006,,0.00026790567353051264
17007,,0.00026422072306923254
17008,,0.00026140442543550065
17009,,0.0002587638210409659
17010,,0.0002560683696661336
17011,,0.00025187226130195104
17012,,0.00024400054641921212
17013,,0.00023338904391749166
17014,,0.0002171817437966092
17015,,0.00021432145629729634
17016,,0.00019750387729056858
17017,,0.00018937070446216767
17018,,0.0001798270441101188
17019,,0.0001650537815200469
17020,,0.00014480722838608988
17021,,0.00012900762796460828
17022,,0.00011959231117313479
17023,,0.00011564894662550852
17024,,0.00011507998296708071
17025,,0.00011482758046570299
17026,,0.00011440894128768103
17027,,0.0001137985427588995
17028,,0.00011302035298799578
17029,,0.00011185112841135415
17030,,0.00010953238825555724
17031,,0.00010602139588593079
17032,,0.00010128939077829763
17033,,9.521314745049803e-05
17034,,8.881689462706539e-05
17035,,8.340120128340838e-05
17036,,8.143348421990052e-05
17037,,8.101145803955427e-05
17038,,8.086046304034182e-05
17039,,8.067869024503369e-05
17040,,8.018375509370928e-05
17041,,7.910833686774692e-05
17042,,7.675697775568015e-05
17043,,7.200847313728173e-05
17044,,6.36441603727626e-05
17045,,5.236197785871e-05
17046,,0.00020407635498525858
17047,,5.166769868734975e-05
17048,,4.291452053421088e-05
17049,,3.9265825770851686e-05
17050,,3.8498062202384665e-05
17051,,3.839421513288811e-05
17052,,3.836569767757282e-05
17053,,3.831323019825648e-05
17054,,3.816997662623451e-05
17055,,3.7815455936845695e-05
17056,,3.704294751132184e-05
17057,,3.533992519043417e-05
17058,,3.1931788681915935e-05
17059,,2.6169857434287593e-05
17060,,1.9112417708664535e-05
17061,,1.3975955281449883e-05
17062,,1.1937315785944527e-05
17063,,1.1548933248443394e-05
17064,,1.150704278736942e-05
17065,,1.1502306195462342e-05
17066,,1.1500026171736241e-05
17067,,1.149690869492595e-05
17068,,1.148029321354823e-05
17069,,1.1407384820745051e-05
17070,,1.1283014650895658e-05
17071,,1.1034611893873382e-05
17072,,1.0645840885567493e-05
17073,,1.0190414398050514e-05
17074,,9.88867677293271e-06
17075,,9.783618123234922e-06
17076,,9.761107363883289e-06
17077,,9.758122026565446e-06
17078,,9.757608583184886e-06
17079,,9.756929655513837e-06
17080,,9.754876085205444e-06
17081,,9.750983458795437e-06
17082,,9.742659124044364e-06
17083,,9.723931532620287e-06
17084,,9.680967146622937e-06
17085,,9.583597904322203e-06
17086,,9.370797701951037e-06
17087,,8.941696284298044e-06
17088,,8.217144776465972e-06
17089,,7.350853261181518e-06
17090,,6.71137272592431e-06
17091,,6.394625184266303e-06
17092,,6.339563383200853e-06
17093,,6.334425656011509e-06
17094,,6.33407008307159e-06
17095,,6.333996709032427e-06
17096,,6.3339461602122235e-06
17097,,6.333557684731737e-06
17098,,6.331829168049331e-06
17099,,6.326606137637284e-06
17100,,6.315265440043921e-06
17101,,6.289460315215162e-06
17102,,6.2321603996068545e-06
17103,,6.1083224122620585e-06
17104,,5.855022615709247e-06
17105,,5.3879478324297485e-06
17106,,4.670462192632881e-06
17107,,4.008936937803331e-06
17108,,3.633334101940118e-06
17109,,3.3726048715093197e-06
17110,,3.3486992767793814e-06
17111,,3.3449672924804706e-06
17112,,3.3439341655938887e-06
17113,,3.343641261012404e-06
17114,,3.343591884971222e-06
17115,,3.3435869603246954e-06
17116,,3.343585462140073e-06
17117,,3.3435844641275132e-06
17118,,3.343579966320763e-06
17119,,3.3435767800240897e-06
17120,,3.34357536600868e-06
17121,,3.3435743659307957e-06
17122,,3.343569654486619e-06
17123,,3.3435667022022797e-06
17124,,3.3435652806971605e-06
17125,,3.3435642696779545e-06
17126,,3.343559632423303e-06
17127,,3.3435566606679185e-06
17128,,3.343555202339423e-06
17129,,3.3435541751474104e-06
17130,,3.343549737821988e-06
17131,,3.3435466445761735e-06
17132,,3.3435451301995875e-06
17133,,3.343544082332891e-06
17134,,3.343543176364611e-06
17135,,3.343536651375527e-06
17136,,3.343535064289604e-06
17137,,3.3435339913471454e-06
17138,,3.34353307706488e-06
17139,,3.343526680920513e-06
17140,,3.343525004941907e-06
17141,,3.343523902361619e-06
17142,,3.3435229784088386e-06
17143,,3.343516734293288e-06
17144,,3.3435149527336193e-06
17145,,3.3435138155864908e-06
17146,,3.3435128804564444e-06
17147,,3.343506813444903e-06
17148,,3.3435049084384533e-06
17149,,3.3435037313004933e-06
17150,,3.343502783315601e-06
17151,,3.3434969210563192e-06
17152,,3.3434948730062327e-06
17153,,3.3434936498190156e-06
17154,,3.3434926870802277e-06
17155,,3.3434870605129063e-06
17156,,3.343484847590332e-06
17157,,3.343483571529237e-06
17158,,3.3434825918775027e-06
17159,,3.343477235868299e-06
17160,,3.3434748335275765e-06
17161,,3.3434734968593753e-06
17162,,3.3434724978472184e-06
17163,,3.3434674519442266e-06
17164,,3.343464832390865e-06
17165,,3.343463426311801e-06
17166,,3.343462405153544e-06
17167,,3.3434577143066983e-06
17168,,3.3434548459738544e-06
17169,,3.3434533604740836e-06
17170,,3.343452313978491e-06
17171,,3.3434514069842688e-06
17172,,3.343444876354708e-06
17173,,3.343443300005953e-06
17174,,3.343442224533503e-06
17175,,3.343441308299892e-06
17176,,3.3434349259192133e-06
17177,,3.3434332456680746e-06
17178,,3.3434321370613324e-06
17179,,3.343431210262646e-06
17180,,3.3434249973806375e-06
17181,,3.3434231983293625e-06
17182,,3.3434220518434924e-06
17183,,3.3434211129750293e-06
17184,,3.343415093867219e-06
17185,,3.3434131589889213e-06
17186,,3.343411969193683e-06
17187,,3.3434110165180227e-06
17188,,3.3434052189515866e-06
17189,,3.3434031287749415e-06
17190,,3.3434018894759673e-06
17191,,3.3434009210269703e-06
17192,,3.3433953767090714e-06
17193,,3.3433931090046938e-06
17194,,3.343391813113902e-06
17195,,3.343390826618174e-06
17196,,3.3433855718158015e-06
17197,,3.34338310115817e-06
17198,,3.3433817405659555e-06
17199,,3.343380733448224e-06
17200,,3.3433758096045772e-06
17201,,3.3433731069373335e-06
17202,,3.3433716723818875e-06
17203,,3.3433706416885698e-06
17204,,3.343366096169082e-06
17205,,3.3433631282856103e-06
17206,,3.343361609188945e-06
17207,,3.3433605515459942e-06
17208,,3.3433596409019962e-06
17209,,3.343353167430254e-06
17210,,3.343351551685656e-06
17211,,3.3433504632391886e-06
17212,,3.343349542778557e-06
17213,,3.34334322692255e-06
17214,,3.3433415006889317e-06
17215,,3.34334037701919e-06
17216,,3.343339445335469e-06
17217,,3.3433333096506546e-06
17218,,3.3433314571245387e-06
17219,,3.3433302931897776e-06
17220,,3.343329348673222e-06
17221,,3.3433234189499363e-06
17222,,3.3433214220549676e-06
17223,,3.3433202120955736e-06
17224,,3.3433192529107724e-06
17225,,3.343313558610794e-06
17226,,3.3433113966750413e-06
17227,,3.3433101341104725e-06
17228,,3.3433091581529888e-06
17229,,3.3433037329858674e-06
17230,,3.3433013823863795e-06
17231,,3.3433000596822225e-06
17232,,3.3432990645549707e-06
17233,,3.3432939470189943e-06
17234,,3.343291380761014e-06
17235,,3.3432899893156136e-06
17236,,3.3432889722725985e-06
17237,,3.3432842064036954e-06
17238,,3.3432813936128076e-06
17239,,3.3432799235763745e-06
17240,,3.3432788814844755e-06
17241,,3.3432779757980754e-06
17242,,3.343271423007748e-06
17243,,3.343269863132255e-06
17244,,3.343268792410561e-06
17245,,3.3432678775944038e-06
17246,,3.343261471310099e-06
17247,,3.3432598087434236e-06
17248,,3.343258705281495e-06
17249,,3.3432577800353657e-06
17250,,3.3432515412167148e-06
17251,,3.3432497612598998e-06
17252,,3.343248620379489e-06
17253,,3.3432476832027885e-06
17254,,3.3432416358285502e-06
17255,,3.3432397216745e-06
17256,,3.3432385380151338e-06
17257,,3.343237587201856e-06
17258,,3.3432317586494657e-06
17259,,3.3432296910992204e-06
17260,,3.3432284585470835e-06
17261,,3.3432274921417127e-06
17262,,3.343221913745782e-06
17263,,3.34321967083735e-06
17264,,3.343218382377513e-06
17265,,3.3432173981635814e-06
17266,,3.343212105707222e-06
17267,,3.34320966234738e-06
17268,,3.3432083099876726e-06
17269,,3.3432073054081337e-06
17270,,3.34320233982189e-06
17271,,3.3431996673137844e-06
17272,,3.3431982419143737e-06
17273,,3.3431972140405253e-06
17274,,3.343192622104959e-06
17275,,3.3431896876559165e-06
17276,,3.343188178762367e-06
17277,,3.3431871242709264e-06
17278,,3.343186214641016e-06
17279,,3.3431797255788467e-06
17280,,3.343178121233425e-06
17281,,3.343177036315188e-06
17282,,3.3431761169881556e-06
17283,,3.3431697835871656e-06
17284,,3.3431680701228495e-06
17285,,3.3431669504314216e-06
17286,,3.3431660200096354e-06
17287,,3.3431598645506575e-06
17288,,3.3431580263544554e-06
17289,,3.343156866904127e-06
17290,,3.3431559238145525e-06
17291,,3.343149971749955e-06
17292,,3.3431479909727797e-06
17293,,3.3431467860685867e-06
17294,,3.343145828496368e-06
17295,,3.3431401089359846e-06
17296,,3.34313796516857e-06
17297,,3.34313670831055e-06
17298,,3.3431357341768944e-06
17299,,3.3431302803974066e-06
17300,,3.3431279503184456e-06
17301,,3.343126634065393e-06
17302,,3.34312564099851e-06
17303,,3.343120491033919e-06
17304,,3.343117947968048e-06
17305,,3.343116563826724e-06
17306,,3.3431155491209993e-06
17307,,3.3431107464464944e-06
17308,,3.3431079599193378e-06
17309,,3.3431064981681452e-06
17310,,3.343105458719502e-06
17311,,3.343104553895438e-06
17312,,3.3430979882153066e-06
17313,,3.3430964377359928e-06
17314,,3.343095370010011e-06
17315,,3.3430944561707597e-06
17316,,3.343088035168845e-06
17317,,3.343086383281484e-06
17318,,3.3430852832206596e-06
17319,,3.343084359080654e-06
17320,,3.3430781034650055e-06
17321,,3.3430763356470413e-06
17322,,3.3430751986308738e-06
17323,,3.3430742627134286e-06
17324,,3.343068196156547e-06
17325,,3.343066295808044e-06
17326,,3.343065116550069e-06
17327,,3.3430641671605703e-06
17328,,3.3430583167194607e-06
17329,,3.343056264876818e-06
17330,,3.3430550373282554e-06
17331,,3.343054072546131e-06
17332,,3.3430484691337875e-06
17333,,3.343046244119362e-06
17334,,3.3430449613684123e-06
17335,,3.3430439790004256e-06
17336,,3.343038657979167e-06
17337,,3.3430362349987577e-06
17338,,3.343034889144078e-06
17339,,3.3430338866530805e-06
17340,,3.3430288884339995e-06
17341,,3.3430262391670167e-06
17342,,3.343024821174884e-06
17343,,3.34302379569105e-06
17344,,3.343019166469431e-06
17345,,3.3430162585169822e-06
17346,,3.343014758062478e-06
17347,,3.3430137062914627e-06
17348,,3.343012797557289e-06
17349,,3.343006295223367e-06
17350,,3.3430047005066923e-06
17351,,3.343003618690229e-06
17352,,3.3430027003775993e-06
17353,,3.3429963517786787e-06
17354,,3.3429946493016343e-06
17355,,3.3429935331312577e-06
17356,,3.3429926038713224e-06
17357,,3.3429864309883906e-06
17358,,3.342984605339641e-06
17359,,3.342983449906671e-06
17360,,3.342982508123791e-06
17361,,3.3429765361141987e-06
17362,,3.3429745696587223e-06
17363,,3.3429733693384776e-06
17364,,3.342972413257889e-06
17365,,3.3429666708621373e-06
17366,,3.342964543440244e-06
17367,,3.3429632918103703e-06
17368,,3.34296231937225e-06
17369,,3.3429568394492902e-06
17370,,3.3429545280326673e-06
17371,,3.3429532177512755e-06
17372,,3.3429522266180496e-06
17373,,3.342947046731773e-06
17374,,3.3429445249794174e-06
17375,,3.3429431476524954e-06
17376,,3.3429421351458593e-06
17377,,3.3429372982426442e-06
17378,,3.3429345360440975e-06
17379,,3.3429330820722453e-06
17380,,3.342932045129904e-06
17381,,3.342927600280293e-06
17382,,3.3429245632479258e-06
17383,,3.3429230216604e-06
17384,,3.3429219567925817e-06
17385,,3.342921043890143e-06
17386,,3.342914608885231e-06
17387,,3.34291296713993e-06
17388,,3.342911870344905e-06
17389,,3.342910947273906e-06
17390,,3.3429046756017376e-06
17391,,3.342902919364042e-06
17392,,3.3429017860760946e-06
17393,,3.3429008513698e-06
17394,,3.342894766401889e-06
17395,,3.3428928792880047e-06
17396,,3.3428917042788684e-06
17397,,3.342890756273331e-06
17398,,3.3428848847278186e-06
17399,,3.3428828480061755e-06
17400,,3.342881625307516e-06
17401,,3.342880662101843e-06
17402,,3.3428750345230823e-06
17403,,3.3428728267747464e-06
17404,,3.3428715495606594e-06
17405,,3.3428705689824347e-06
17406,,3.3428652202739e-06
17407,,3.342862817030395e-06
17408,,3.3428614774937704e-06
17409,,3.3428604770521026e-06
17410,,3.3428554471357443e-06
17411,,3.342852820413669e-06
17412,,3.342851409639231e-06
17413,,3.3428503864791598e-06
17414,,3.34284572097999e-06
17415,,3.342842838788836e-06
17416,,3.342841346582202e-06
17417,,3.3428402974726426e-06
17418,,3.3428393896077153e-06
17419,,3.3428328743082336e-06
17420,,3.3428312890147167e-06
17421,,3.3428302102263248e-06
17422,,3.3428292929077584e-06
17423,,3.3428229294206802e-06
17424,,3.3428212377087597e-06
17425,,3.3428201250004744e-06
17426,,3.3428191968705277e-06
17427,,3.342813006922535e-06
17428,,3.342811193557716e-06
17429,,3.3428100420773085e-06
17430,,3.3428091015862525e-06
17431,,3.342803110011045e-06
17432,,3.342801157593837e-06
17433,,3.3427999617758984e-06
17434,,3.3427990071666528e-06
17435,,3.342793242349727e-06
17436,,3.3427911309665372e-06
17437,,3.342789884488803e-06
17438,,3.3427889137165597e-06
17439,,3.3427834081107736e-06
17440,,3.3427811150211676e-06
17441,,3.342779810611585e-06
17442,,3.3427788213812327e-06
17443,,3.34277361208643e-06
17444,,3.342771111276802e-06
17445,,3.3427697406577727e-06
17446,,3.34276873031451e-06
17447,,3.3427638597295866e-06
17448,,3.342761121474343e-06
17449,,3.342759675163639e-06
17450,,3.342758640690704e-06
17451,,3.342754157295531e-06
17452,,3.342751147610157e-06
17453,,3.3427496147686163e-06
17454,,3.3427485527189655e-06
17455,,3.34274764074904e-06
17456,,3.342741191952052e-06
17457,,3.3427395602023068e-06
17458,,3.342738466621712e-06
17459,,3.342737544615197e-06
17460,,3.3427312571052337e-06
17461,,3.3427295122895113e-06
17462,,3.3427283826741735e-06
17463,,3.3427274491664108e-06
17464,,3.3427213460455428e-06
17465,,3.342719471987949e-06
17466,,3.3427183011656474e-06
17467,,3.3427173545286323e-06
17468,,3.3427114621772235e-06
17469,,3.342709440363613e-06
17470,,3.3427082224470387e-06
17471,,3.342707260796719e-06
17472,,3.342701609374283e-06
17473,,3.3426994186693784e-06
17474,,3.342698146917668e-06
17475,,3.342697168104131e-06
17476,,3.342691792095106e-06
17477,,3.342689408323526e-06
17478,,3.342688075021421e-06
17479,,3.342687076592123e-06
17480,,3.34268201540647e-06
17481,,3.3426794109339837e-06
17482,,3.3426780072801415e-06
17483,,3.3426769864274598e-06
17484,,3.3426722851184914e-06
17485,,3.342669428356944e-06
17486,,3.3426679442850435e-06
17487,,3.3426668977932903e-06
17488,,3.3426659907996633e-06
17489,,3.3426594627150117e-06
17490,,3.342657886705954e-06
17491,,3.3426568109088427e-06
17492,,3.3426558945769113e-06
17493,,3.342649516409983e-06
17494,,3.3426478353134534e-06
17495,,3.3426467260195303e-06
17496,,3.3426457990053014e-06
17497,,3.3426395922177387e-06
17498,,3.34263779099258e-06
17499,,3.3426366433987255e-06
17500,,3.3426357041790445e-06
17501,,3.3426296933020524e-06
17502,,3.3426277547416265e-06
17503,,3.34262656338458e-06
17504,,3.342625610207412e-06
17505,,3.3426198232687216e-06
17506,,3.342617727726676e-06
17507,,3.342616486320236e-06
17508,,3.342615517200373e-06
17509,,3.3426099862467386e-06
17510,,3.3426077112531346e-06
17511,,3.342606412643238e-06
17512,,3.342605425296109e-06
17513,,3.3426001869618762e-06
17514,,3.3425977068343168e-06
17515,,3.342596342834624e-06
17516,,3.3425953346336855e-06
17517,,3.342590430805194e-06
17518,,3.3425877161800444e-06
17519,,3.3425862774323676e-06
17520,,3.3425852454068063e-06
17521,,3.3425807239416483e-06
17522,,3.3425777412660438e-06
17523,,3.3425762170666806e-06
17524,,3.3425751578057265e-06
17525,,3.342574246752647e-06
17526,,3.34256778433754e-06
17527,,3.342566162460239e-06
17528,,3.3425650720596852e-06
17529,,3.3425641510792336e-06
17530,,3.342557847961288e-06
17531,,3.3425561144186586e-06
17532,,3.3425549884291088e-06
17533,,3.342554056106235e-06
17534,,3.3425479350721605e-06
17535,,3.342546073892835e-06
17536,,3.342544907212943e-06
17537,,3.3425439619243055e-06
17538,,3.3425380490329323e-06
17539,,3.3425360419461455e-06
17540,,3.3425348287527233e-06
17541,,3.3425338686423875e-06
17542,,3.3425281936825098e-06
17543,,3.34252601979759e-06
17544,,3.342524753436476e-06
17545,,3.342523776378668e-06
17546,,3.342518373411985e-06
17547,,3.342516008862355e-06
17548,,3.342514681715855e-06
17549,,3.342513685283424e-06
17550,,3.342508593221481e-06
17551,,3.342506010717925e-06
17552,,3.3425046141009157e-06
17553,,3.3425035955149475e-06
17554,,3.3424988588626993e-06
17555,,3.3424960272061092e-06
17556,,3.342494551167792e-06
17557,,3.3424935072715465e-06
17558,,3.342492601128455e-06
17559,,3.3424860604148636e-06
17560,,3.3424844935805663e-06
17561,,3.3424834207455713e-06
17562,,3.3424825053843566e-06
17563,,3.3424761127249064e-06
17564,,3.3424744421093642e-06
17565,,3.3424733361892454e-06
17566,,3.3424724102836513e-06
17567,,3.342466186877449e-06
17568,,3.342464397620946e-06
17569,,3.3424632538832065e-06
17570,,3.3424623159230744e-06
17571,,3.342456285982692e-06
17572,,3.3424543611076173e-06
17573,,3.3424531741377724e-06
17574,,3.34245222239352e-06
17575,,3.342446413615587e-06
17576,,3.3424443337112893e-06
17577,,3.3424430973137972e-06
17578,,3.3424421298264765e-06
17579,,3.3424365738463307e-06
17580,,3.3424343167232225e-06
17581,,3.342433023845729e-06
17582,,3.342432038347873e-06
17583,,3.342426771346354e-06
17584,,3.3424243116412698e-06
17585,,3.3424229541795346e-06
17586,,3.342421948097314e-06
17587,,3.342417011438845e-06
17588,,3.3424143201603766e-06
17589,,3.3424128888792597e-06
17590,,3.3424118592616056e-06
17591,,3.342407300219995e-06
17592,,3.3424043442151955e-06
17593,,3.3424028285471626e-06
17594,,3.3424017720324605e-06
17595,,3.3424008618879574e-06
17596,,3.3423943860299885e-06
17597,,3.3423927738954522e-06
17598,,3.3423916866369163e-06
17599,,3.3423907666980777e-06
17600,,3.3423844481487605e-06
17601,,3.3423827257496863e-06
17602,,3.342381603337412e-06
17603,,3.34238067218892e-06
17604,,3.3423745334577635e-06
17605,,3.342372685009129e-06
17606,,3.3423715224123015e-06
17607,,3.3423705784551512e-06
17608,,3.3423646452936646e-06
17609,,3.3423626527405067e-06
17610,,3.342361444217322e-06
17611,,3.342360485616145e-06
17612,,3.3423547874274496e-06
17613,,3.3423526301626963e-06
17614,,3.3423513691249273e-06
17615,,3.3423503937967424e-06
17616,,3.3423449642069227e-06
17617,,3.3423426186429712e-06
17618,,3.3423412975793654e-06
17619,,3.3423403031194943e-06
17620,,3.3423351805713562e-06
17621,,3.3423326197680116e-06
17622,,3.3423312300909092e-06
17623,,3.342330213751949e-06
17624,,3.3423254421927787e-06
17625,,3.342322635333168e-06
17626,,3.3423211672266546e-06
17627,,3.3423201258924185e-06
17628,,3.3423192205968597e-06
17629,,3.3423126674114e-06
17630,,3.3423111096488676e-06
17631,,3.342310039730001e-06
17632,,3.3423091253241626e-06
17633,,3.3423027183651814e-06
17634,,3.342301058101262e-06
17635,,3.3422999555129014e-06
17636,,3.3422990306993704e-06
17637,,3.3422927908785515e-06
17638,,3.3422910134503624e-06
17639,,3.342289873517892e-06
17640,,3.34228893679996e-06
17641,,3.342282888037548e-06
17642,,3.3422809766843783e-06
17643,,3.342279794054238e-06
17644,,3.3422788437225002e-06
17645,,3.342273013376823e-06
17646,,3.34227094891562e-06
17647,,3.3422697174810227e-06
17648,,3.342268751598181e-06
17649,,3.3422631708999354e-06
17650,,3.3422609314374383e-06
17651,,3.3422596442084877e-06
17652,,3.3422586605393437e-06
17653,,3.3422533652336603e-06
17654,,3.342250925702301e-06
17655,,3.3422495747043867e-06
17656,,3.3422485707094745e-06
17657,,3.342243601635826e-06
17658,,3.3422409334016864e-06
17659,,3.342239509499687e-06
17660,,3.3422384822695094e-06
17661,,3.3422338861136916e-06
17662,,3.3422309564450553e-06
17663,,3.3422294492111517e-06
17664,,3.3422283954142306e-06
17665,,3.342227486169568e-06
17666,,3.342220997037417e-06
17667,,3.3422193945294534e-06
17668,,3.3422183103695152e-06
17669,,3.342217391441566e-06
17670,,3.3422110576672143e-06
17671,,3.342209346266293e-06
17672,,3.3422082273925644e-06
17673,,3.3422072974002557e-06
17674,,3.3422011412141936e-06
17675,,3.3421993053264396e-06
17676,,3.3421981467732663e-06
17677,,3.3421972041321147e-06
17678,,3.3421912509510183e-06
17679,,3.342189272754716e-06
17680,,3.342188068839184e-06
17681,,3.3421871117432544e-06
17682,,3.3421813906149294e-06
17683,,3.3421792497504707e-06
17684,,3.3421779939713592e-06
17685,,3.3421770203439594e-06
17686,,3.3421715644806287e-06
17687,,3.342169237666398e-06
17688,,3.342167922613561e-06
17689,,3.342166930094215e-06
17690,,3.3421617774525707e-06
17691,,3.3421592380637038e-06
17692,,3.3421578552532002e-06
17693,,3.342156841135612e-06
17694,,3.3421520351111414e-06
17695,,3.3421492527369882e-06
17696,,3.3421477924672203e-06
17697,,3.3421467536555665e-06
17698,,3.342145849198294e-06
17699,,3.342139283708633e-06
17700,,3.342137734892686e-06
17701,,3.3421366678613693e-06
17702,,3.3421357544079176e-06
17703,,3.342129333324525e-06
17704,,3.3421276832841756e-06
17705,,3.34212658398455e-06
17706,,3.3421256602518543e-06
17707,,3.342119404226754e-06
17708,,3.342117638493938e-06
17709,,3.342116502303571e-06
17710,,3.3421155668142694e-06
17711,,3.342109499479006e-06
17712,,12.546553921912585
17713,,86827.19214715202
17714,,12.433568720046607
17715,,693.1160384160725
17716,,12.290571881406297
17717,,3.0423896873672973
17718,,8.492728892312206
17719,,3.0291202750456367
17720,,2.8920299328376693
17721,,3.1492411946132126
17722,,2.860589294886331
17723,,2.5780301826710827
17724,,2.45888811543997
17725,,2.457534785388453
17726,,2.4575173382315305
17727,,2.4575171129468822
17728,,2.457517110037844
17729,,2.457517110000297
17730,,2.4575171099997917
17731,,2.457517109999788
17732,,2.457517109999788
17733,,2.340647391257729
17734,,2.3390660063241158
17735,,2.3390431249449724
17736,,2.3390427935535794
17737,,2.3390427887539866
17738,,2.3390427886844654
17739,,2.339042788683447
17740,,2.3390427886834355
17741,,2.3390427886834355
17742,,2.2225733377989316
17743,,2.220832746414664
17744,,2.220805151747552
17745,,2.2208047138684788
17746,,2.2208047069200094
17747,,2.2208047068097443
17748,,2.220804706807992
17749,,2.220804706807965
17750,,2.2208047068079644
17751,,2.2208047068079644
17752,,2.106636591297461
17753,,2.1047871170930463
17754,,2.104755367169716
17755,,2.104754821583624
17756,,2.104754812208199
17757,,2.1047548120470982
17758,,2.1047548120443222
17759,,2.10475481204427
17760,,2.10475481204427
17761,,1.9941593806384064
17762,,1.9922394978515579
17763,,1.9922041412892244
17764,,1.9922034894646912
17765,,1.9922034774475816
17766,,1.9922034772260355
17767,,1.9922034772219546
17768,,1.9922034772218764
17769,,1.9922034772218746
17770,,1.9922034772218746
17771,,1.886202812126695
17772,,1.8842313554424828
17773,,1.884192352528283
17774,,1.8841915799739921
17775,,1.8841915646711678
17776,,1.8841915643680578
17777,,1.8841915643620506
17778,,1.8841915643619276
17779,,1.8841915643619187
17780,,1.8841915643619187
17781,,1.7826418613157613
17782,,1.7806385628583874
17783,,1.780596255377176
17784,,1.7805953606273075
17785,,1.7805953417039113
17786,,1.7805953413036926
17787,,1.7805953412952271
17788,,1.7805953412950535
17789,,1.7805953412950497
17790,,1.7805953412950497
17791,,243.03312036928858
17792,,1.7132655665916465
17793,,1.570877207445149
17794,,0.9655586525888161
17795,,37.73268927142372
17796,,0.9569642679179458
17797,,0.9990973682039394
17798,,0.9139731945960015
17799,,0.8196544994543417
17800,,0.7671842591338366
17801,,0.7659551695417218
17802,,0.7659169648224994
17803,,0.7659157675303495
17804,,0.765915729998995
17805,,0.7659157288224943
17806,,0.765915728785608
17807,,0.7659157287844564
17808,,0.7659157287844203
17809,,0.7659157287844188
17810,,0.7659157287844188
17811,,2.8807174824440422
17812,,0.7383546194559768
17813,,0.6375999045878232
17814,,3.5897931218691266
17815,,0.6228451696354622
17816,,0.5751544105143566
17817,,0.5344329011457952
17818,,0.5323297069297553
17819,,0.5322129468269736
17820,,0.532206439259846
17821,,0.532206076484298
17822,,0.5322060562605053
17823,,0.5322060551330758
17824,,0.5322060550702308
17825,,0.5322060550667257
17826,,0.5322060550665305
17827,,0.5322060550665165
17828,,0.5322060550665156
17829,,0.5322060550665156
17830,,0.49389987384451783
17831,,0.4917759648291205
17832,,0.4916491251514564
17833,,0.4916415172689421
17834,,0.49164106082687564
17835,,0.4916410334417737
17836,,0.49164103179875285
17837,,0.4916410317001765
17838,,0.49164103169426604
17839,,0.49164103169390644
17840,,0.49164103169388684
17841,,0.49164103169388634
17842,,0.49164103169388634
17843,,22.86638038565313
17844,,0.42106426274265724
17845,,0.16657179009210119
17846,,0.15548956607773393
17847,,0.11285986327933285
17848,,3.4803400946374756
17849,,0.10928437971740644
17850,,0.10093356951558956
17851,,0.0865613190564696
17852,,0.07407911851698447
17853,,0.06534300641768069
17854,,0.05954075555614959
17855,,0.05765050828940394
17856,,0.05479804107038848
17857,,0.051720191962236595
17858,,0.04764869917497727
17859,,0.04239624385010182
17860,,0.0381332133408229
17861,,0.03548512747990752
17862,,0.03472526504208765
17863,,0.03413901382095347
17864,,0.03324614327838541
17865,,0.03204682895802383
17866,,0.029629426943263787
17867,,0.026050263772441466
17868,,0.02103572925380859
17869,,0.019677211920914348
17870,,0.01757678152830004
17871,,0.016842129237057687
17872,,0.01631598959103146
17873,,0.015417116998125167
17874,,0.01386954149027081
17875,,0.011509105240179937
17876,,0.00875823626769189
17877,,0.007075012153458261
17878,,0.006620737686840666
17879,,0.006508897266120094
17880,,0.006450072081200892
17881,,0.006353499193274708
17882,,0.006160116577188499
17883,,0.005828344891372475
17884,,0.005343134335385481
17885,,0.005929261042531961
17886,,0.0051905563044630345
17887,,0.005029994296324964
17888,,0.00496301272267126
17889,,0.004936231836605435
17890,,0.004912587737278304
17891,,0.0048711254033191615
17892,,0.00480536381570334
17893,,0.004710454287469774
17894,,0.00449932528485186
17895,,0.004015359617562457
17896,,0.0034484251562222927
17897,,0.0026053316368246163
17898,,0.0022064419248758542
17899,,0.002072669085497892
17900,,0.0020327048999613366
17901,,0.002010284800033537
17902,,0.0019963036505433202
17903,,0.0019862567899529295
17904,,0.0019760669320097075
17905,,0.001954149653815715
17906,,0.0019156495939604311
17907,,0.0018847820469814077
17908,,0.0018497864330138036
17909,,0.00179753390419116
17910,,0.0016926010217017872
17911,,0.0014886188911501033
17912,,0.0013052880273558575
17913,,0.0012018919621768478
17914,,0.00114490241773795
17915,,0.001114848335561695
17916,,0.0010612439578935784
17917,,0.0009765414879588521
17918,,0.0009258857417846089
17919,,0.0009036076406577765
17920,,0.000893928952732974
17921,,0.0008865734025615181
17922,,0.0008754191523184504
17923,,0.0008655061331068651
17924,,0.0008591196399056267
17925,,0.0008469041928267242
17926,,0.0008260525248421659
17927,,0.0007855556889687749
17928,,0.0007044886458611163
17929,,0.0005792099587276216
17930,,0.00044716461050606454
17931,,0.0003739393462040907
17932,,0.0003516728211330641
17933,,0.00034753667426509104
17934,,0.0003459258359691926
17935,,0.0003415444214427079
17936,,0.0003312212246704496
17937,,0.0003129017061386943
17938,,0.0002939427708669509
17939,,0.0002764241562622349
17940,,0.0002641383918203435
17941,,0.0002615981773667915
17942,,0.00026085454125258277
17943,,0.0002596390690464388
17944,,0.000257030528698067
17945,,0.0002509754650800641
17946,,0.0002374604868093041
17947,,0.000209057379106234
17948,,0.00015901936349633437
17949,,9.420152783968682e-05
17950,,4.35950384535704e-05
17951,,2.0544336638512752e-05
17952,,1.592033610052286e-05
17953,,1.5465522997605833e-05
17954,,1.543387418109127e-05
17955,,1.5429501263636773e-05
17956,,1.5423356748372686e-05
17957,,1.5387437334739014e-05
17958,,1.5251792094226681e-05
17959,,1.5024020121662654e-05
17960,,1.4593671259955978e-05
17961,,1.4066938369525141e-05
17962,,1.3625305128341274e-05
17963,,1.3360509819899383e-05
17964,,1.3229990935367696e-05
17965,,1.3222848598971908e-05
17966,,1.3222090360001482e-05
17967,,1.322122934843933e-05
17968,,1.3219063491783472e-05
17969,,1.321396694185542e-05
17970,,1.3202234952891442e-05
17971,,1.317510936092656e-05
17972,,1.3113213870116427e-05
17973,,1.297519907480497e-05
17974,,1.2683595497167272e-05
17975,,1.2135183691600466e-05
17976,,1.1318680720545735e-05
17977,,1.0505798576863594e-05
17978,,1.0064867757255567e-05
17979,,9.95180103007666e-06
17980,,9.918677340417934e-06
17981,,9.911379233327274e-06
17982,,9.910865104789175e-06
17983,,9.910557402439541e-06
17984,,9.91031537406241e-06
17985,,9.908316595080993e-06
17986,,9.892049192039562e-06
17987,,9.85466117075081e-06
17988,,9.769578891370308e-06
17989,,9.576381698083816e-06
17990,,9.152915791490955e-06
17991,,8.291433940827242e-06
17992,,6.7969662567923535e-06
17993,,4.874187723498431e-06
17994,,1.1911950274197959e-05
17995,,4.731001768922249e-06
17996,,3.3108467172518827e-06
17997,,2.6774862814910494e-06
17998,,2.559145129836556e-06
17999,,2.54589067972673e-06
18000,,2.5448750875046118e-06
18001,,2.5448126261772493e-06
18002,,2.5448071234305476e-06
18003,,2.5448043485593427e-06
18004,,2.5447886145784297e-06
18005,,2.5447788816209142e-06
18006,,2.544775778068241e-06
18007,,2.5447731326425483e-06
18008,,2.5447516176594616e-06
18009,,2.5447473088503093e-06
18010,,2.544744542115871e-06
18011,,2.544729724443719e-06
18012,,2.5447193760777326e-06
18013,,2.5447160068907934e-06
18014,,2.544713326596161e-06
18015,,2.5446956457377603e-06
18016,,2.544687874231208e-06
18017,,2.5446847685390223e-06
18018,,2.5446821178519633e-06
18019,,2.5446638214990065e-06
18020,,2.544656587309036e-06
18021,,2.5446535533785716e-06
18022,,2.5446509120470715e-06
18023,,2.544632800765838e-06
18024,,2.5446253875986677e-06
18025,,2.5446223482643843e-06
18026,,2.544619707710176e-06
18027,,2.5446021659427268e-06
18028,,2.5445942297451754e-06
18029,,2.544591148060185e-06
18030,,2.5445885042687e-06
18031,,2.5445717670886847e-06
18032,,2.5445630963447205e-06
18033,,2.54455995075107e-06
18034,,2.544557301467972e-06
18035,,2.5445415547621998e-06
18036,,2.544531981254589e-06
18037,,2.5445287555721163e-06
18038,,2.5445260992376434e-06
18039,,2.544511522046216e-06
18040,,2.5445008831250016e-06
18041,,2.5444975623316737e-06
18042,,2.5444948975363353e-06
18043,,2.5444816818656404e-06
18044,,2.544469802819198e-06
18045,,2.5444663710570083e-06
18046,,2.5444636963639815e-06
18047,,2.544452057798791e-06
18048,,2.5444387423202173e-06
18049,,2.5444351819290687e-06
18050,,2.544432495746422e-06
18051,,2.5444298879106488e-06
18052,,2.544407704346899e-06
18053,,2.544403995174952e-06
18054,,2.5444012956926526e-06
18055,,2.5443986866907624e-06
18056,,2.544376692209133e-06
18057,,2.544372811084808e-06
18058,,2.544370096230163e-06
18059,,2.5443674858841858e-06
18060,,2.5443457097979063e-06
18061,,2.5443416300177927e-06
18062,,2.544338897387432e-06
18063,,2.5443362854790684e-06
18064,,2.5443147616410684e-06
18065,,2.5443104523778344e-06
18066,,2.5443076992080847e-06
18067,,2.5443050854906613e-06
18068,,2.544283852986895e-06
18069,,2.5442792786237965e-06
18070,,2.5442765017317354e-06
18071,,2.5442738859118826e-06
18072,,2.544252989902305e-06
18073,,2.544248109307782e-06
18074,,2.544245305003115e-06
18075,,2.544242686756737e-06
18076,,2.5442221793905587e-06
18077,,2.544216945064594e-06
18078,,2.5442141090841967e-06
18079,,2.5442114880257658e-06
18080,,2.5441914295498365e-06
18081,,2.544185786601778e-06
18082,,2.5441829140374285e-06
18083,,2.5441802897368523e-06
18084,,2.5441607497181293e-06
18085,,2.5441546347638756e-06
18086,,2.544151719934903e-06
18087,,2.5441490918684025e-06
18088,,2.544130150708492e-06
18089,,2.544123490527154e-06
18090,,2.5441205268654056e-06
18091,,2.5441178944608234e-06
18092,,2.5440996449991265e-06
18093,,2.5440923549996754e-06
18094,,2.5440893349347703e-06
18095,,2.544086697495269e-06
18096,,2.5440692469917963e-06
18097,,2.5440612294800413e-06
18098,,2.544058144245596e-06
18099,,2.544055501006679e-06
18100,,2.544038973345233e-06
18101,,2.5440301154539205e-06
18102,,2.5440269549422003e-06
18103,,2.544024304987147e-06
18104,,2.5440088432833e-06
18105,,2.5439990146576094e-06
18106,,2.543995767178372e-06
18107,,2.543993109458949e-06
18108,,2.5439788790321778e-06
18109,,2.5439679290660607e-06
18110,,2.543964581133397e-06
18111,,2.5439619144361036e-06
18112,,2.543949106233923e-06
18113,,2.543936860988145e-06
18114,,2.5439333970076765e-06
18115,,2.543930719950133e-06
18116,,2.5439281134018584e-06
18117,,2.5439058130710188e-06
18118,,2.5437975090985504e-06
18119,,2.5435991801716424e-06
18120,,2.5418517820433346e-06
18121,,2.5280964874056687e-06
18122,,2.4954621286462035e-06
18123,,2.400362882846247e-06
18124,,2.2145131923288548e-06
18125,,1.8504990527929038e-06
18126,,1.2652287272101073e-06
18127,,6.000544464801883e-07
18128,,1.6685963923688863e-07
18129,,2.661163235816838e-08
18130,,3.488743565826965e-09
18131,,9.495696650328677e-10
18132,,7.032304703942695e-10
18133,,6.803520951831124e-10
18134,,6.784946536322717e-10
18135,,6.782236275202445e-10
18136,,6.781702223734339e-10
18137,,6.781585770511968e-10
18138,,6.781559209018847e-10
18139,,6.781552946773858e-10
18140,,6.781551424194251e-10
